f0,f1,f2,f3,f4,f5,f6,f7,outcome
0.0,0.0,0.0,0.0,0.0,0.0,1.0,2.0,-0.34375
0.0,0.0,0.0,0.0,0.0,0.0,0.0,0.0,-0.34375
0.0,0.0,0.0,0.0,0.0,1.0,2.0,2.0,-0.34375
0.0,0.0,0.0,0.0,0.0,0.0,2.0,0.0,-0.34375
0.0,0.0,0.0,0.0,0.0,0.0,3.0,2.0,-0.34375
0.0,0.0,0.0,-1.0,0.0,-2.0,-1.0,2.0,-0.34375
0.0,0.0,1.0,-1.0,0.0,0.0,-1.0,4.0,-0.34375
0.0,0.0,1.0,-1.0,0.0,0.0,-2.0,0.0,-0.34375
0.0,1.0,1.0,1.0,0.0,2.0,2.0,0.0,-0.34375
0.0,1.0,1.0,1.0,0.0,1.0,0.0,-2.0,-0.34375
0.0,1.0,2.0,1.0,0.0,3.0,0.0,2.0,-0.34375
0.0,1.0,2.0,1.0,-1.0,3.0,-2.0,-2.0,-0.34375
0.0,1.0,2.0,1.0,-1.0,3.0,-1.0,0.0,-0.34375
-1.0,1.0,0.0,1.0,-1.0,1.0,-1.0,-2.0,-0.34375
-1.0,2.0,0.0,1.0,1.0,1.0,1.0,-2.0,-0.34375
-2.0,2.0,-2.0,1.0,1.0,-1.0,1.0,-2.0,-0.34375
-2.0,2.0,-2.0,1.0,2.0,-1.0,5.0,2.0,-0.34375
-2.0,2.0,-2.0,1.0,2.0,-2.0,1.0,2.0,-0.34375
-2.0,2.0,-2.0,2.0,2.0,0.0,3.0,2.0,-0.34375
0.0,0.0,0.0,0.0,0.0,0.0,1.0,2.0,0.109375
0.0,0.0,0.0,0.0,0.0,-1.0,1.0,0.0,0.109375
0.0,0.0,0.0,1.0,0.0,1.0,1.0,0.0,0.109375
0.0,0.0,0.0,1.0,0.0,1.0,0.0,-2.0,0.109375
0.0,0.0,0.0,1.0,0.0,2.0,2.0,0.0,0.109375
0.0,0.0,-1.0,1.0,0.0,0.0,2.0,0.0,0.109375
0.0,0.0,-1.0,1.0,0.0,0.0,3.0,2.0,0.109375
0.0,-1.0,-1.0,-1.0,0.0,0.0,3.0,2.0,0.109375
1.0,-1.0,1.0,-1.0,0.0,2.0,3.0,4.0,0.109375
1.0,-2.0,-1.0,-1.0,0.0,2.0,3.0,4.0,0.109375
1.0,-2.0,-1.0,-1.0,0.0,-1.0,3.0,0.0,0.109375
1.0,-2.0,2.0,-1.0,0.0,3.0,3.0,4.0,0.109375
1.0,-2.0,2.0,-2.0,0.0,-1.0,-1.0,4.0,0.109375
1.0,-2.0,2.0,0.0,1.0,-1.0,-1.0,4.0,0.109375
0.0,-2.0,0.0,0.0,1.0,-3.0,-1.0,0.0,0.109375
0.0,-1.0,0.0,2.0,1.0,1.0,3.0,0.0,0.109375
0.0,-1.0,0.0,2.0,0.0,1.0,1.0,0.0,0.109375
0.0,-1.0,0.0,3.0,0.0,3.0,1.0,0.0,0.109375
0.0,-2.0,0.0,3.0,-2.0,1.0,1.0,0.0,0.109375
0.0,0.0,0.0,0.0,0.0,0.0,1.0,2.0,0.28125
0.0,0.0,0.0,0.0,0.0,-1.0,1.0,0.0,0.28125
0.0,0.0,0.0,1.0,0.0,1.0,1.0,0.0,0.28125
0.0,0.0,0.0,1.0,0.0,1.0,0.0,-2.0,0.28125
0.0,0.0,0.0,1.0,0.0,2.0,2.0,0.0,0.28125
0.0,0.0,-1.0,1.0,0.0,0.0,2.0,0.0,0.28125
0.0,0.0,-1.0,1.0,0.0,0.0,3.0,2.0,0.28125
0.0,-1.0,-1.0,-1.0,0.0,0.0,3.0,2.0,0.28125
1.0,-1.0,1.0,-1.0,0.0,2.0,3.0,4.0,0.28125
1.0,-2.0,-1.0,-1.0,0.0,2.0,3.0,4.0,0.28125
1.0,-2.0,-1.0,-1.0,0.0,-1.0,3.0,0.0,0.28125
1.0,-2.0,2.0,-1.0,0.0,3.0,3.0,4.0,0.28125
1.0,-2.0,2.0,-2.0,0.0,-1.0,-1.0,4.0,0.28125
1.0,-2.0,2.0,0.0,1.0,-1.0,-1.0,4.0,0.28125
0.0,-2.0,0.0,0.0,1.0,-3.0,-1.0,0.0,0.28125
0.0,-1.0,0.0,2.0,1.0,1.0,3.0,0.0,0.28125
0.0,-1.0,0.0,2.0,0.0,1.0,1.0,0.0,0.28125
0.0,-1.0,0.0,3.0,0.0,3.0,1.0,0.0,0.28125
0.0,-2.0,0.0,3.0,-2.0,1.0,1.0,0.0,0.28125
0.0,0.0,0.0,0.0,0.0,0.0,1.0,2.0,0.890625
0.0,0.0,0.0,0.0,0.0,-1.0,1.0,0.0,0.890625
0.0,0.0,0.0,1.0,0.0,1.0,1.0,0.0,0.890625
0.0,0.0,-1.0,1.0,0.0,-1.0,1.0,0.0,0.890625
0.0,0.0,-1.0,1.0,0.0,-1.0,2.0,2.0,0.890625
0.0,0.0,-1.0,1.0,0.0,-1.0,-1.0,0.0,0.890625
1.0,0.0,1.0,1.0,0.0,1.0,-1.0,0.0,0.890625
1.0,0.0,1.0,1.0,-1.0,1.0,-3.0,-2.0,0.890625
1.0,0.0,1.0,1.0,-1.0,2.0,1.0,0.0,0.890625
1.0,0.0,1.0,1.0,-1.0,2.0,0.0,-2.0,0.890625
1.0,0.0,1.0,1.0,-1.0,2.0,3.0,2.0,0.890625
1.0,0.0,1.0,1.0,-2.0,2.0,1.0,0.0,0.890625
1.0,1.0,1.0,1.0,0.0,2.0,1.0,0.0,0.890625
1.0,1.0,1.0,1.0,0.0,2.0,0.0,-4.0,0.890625
1.0,2.0,1.0,1.0,2.0,2.0,4.0,0.0,0.890625
1.0,2.0,1.0,0.0,2.0,2.0,2.0,0.0,0.890625
1.0,2.0,1.0,0.0,2.0,2.0,3.0,4.0,0.890625
1.0,1.0,1.0,-2.0,2.0,-2.0,-1.0,4.0,0.890625
1.0,4.0,1.0,0.0,2.0,-2.0,-1.0,4.0,0.890625
0.0,0.0,0.0,0.0,0.0,0.0,1.0,2.0,0.03125
0.0,0.0,0.0,0.0,0.0,-1.0,1.0,0.0,0.03125
0.0,0.0,0.0,1.0,0.0,1.0,1.0,0.0,0.03125
0.0,0.0,0.0,1.0,0.0,1.0,0.0,-2.0,0.03125
0.0,0.0,0.0,1.0,0.0,2.0,2.0,0.0,0.03125
0.0,0.0,-1.0,1.0,0.0,0.0,2.0,0.0,0.03125
0.0,0.0,-1.0,1.0,0.0,0.0,3.0,2.0,0.03125
0.0,-1.0,-1.0,-1.0,0.0,0.0,3.0,2.0,0.03125
1.0,-1.0,1.0,-1.0,0.0,2.0,3.0,4.0,0.03125
1.0,-2.0,-1.0,-1.0,0.0,2.0,3.0,4.0,0.03125
1.0,-2.0,-1.0,-1.0,0.0,-1.0,3.0,0.0,0.03125
1.0,-2.0,2.0,-1.0,0.0,3.0,3.0,4.0,0.03125
1.0,-3.0,0.0,-1.0,0.0,3.0,3.0,4.0,0.03125
1.0,2.0,0.0,-1.0,0.0,3.0,3.0,4.0,0.03125
0.0,2.0,-2.0,-1.0,0.0,-1.0,3.0,0.0,0.03125
0.0,2.0,0.0,1.0,1.0,-1.0,3.0,0.0,0.03125
0.0,1.0,0.0,1.0,-1.0,-1.0,3.0,0.0,0.03125
0.0,1.0,0.0,1.0,-1.0,-1.0,4.0,2.0,0.03125
0.0,1.0,0.0,1.0,-2.0,-1.0,2.0,2.0,0.03125
0.0,0.0,0.0,0.0,0.0,0.0,1.0,2.0,0.4375
0.0,0.0,0.0,0.0,0.0,-1.0,1.0,0.0,0.4375
0.0,0.0,0.0,1.0,0.0,1.0,1.0,0.0,0.4375
0.0,0.0,0.0,1.0,0.0,1.0,0.0,-2.0,0.4375
0.0,0.0,0.0,1.0,0.0,2.0,2.0,0.0,0.4375
0.0,0.0,-1.0,1.0,0.0,0.0,2.0,0.0,0.4375
0.0,0.0,-1.0,1.0,0.0,0.0,3.0,2.0,0.4375
0.0,-1.0,-1.0,-1.0,0.0,0.0,3.0,2.0,0.4375
1.0,-1.0,1.0,-1.0,0.0,2.0,3.0,4.0,0.4375
1.0,-2.0,-1.0,-1.0,0.0,2.0,3.0,4.0,0.4375
1.0,-2.0,-1.0,-2.0,0.0,-2.0,-1.0,4.0,0.4375
1.0,-2.0,-1.0,-1.0,0.0,-2.0,1.0,4.0,0.4375
1.0,-2.0,-1.0,-1.0,0.0,-2.0,0.0,2.0,0.4375
1.0,-1.0,-1.0,1.0,0.0,0.0,2.0,2.0,0.4375
1.0,-1.0,-1.0,1.0,-1.0,0.0,0.0,-2.0,0.4375
1.0,0.0,1.0,1.0,-1.0,0.0,0.0,-2.0,0.4375
1.0,0.0,1.0,1.0,-2.0,0.0,-2.0,-4.0,0.4375
1.0,3.0,1.0,3.0,-2.0,0.0,-2.0,-4.0,0.4375
1.0,3.0,0.0,3.0,-2.0,-2.0,-2.0,-4.0,0.4375
0.0,0.0,0.0,0.0,0.0,0.0,1.0,2.0,-0.265625
0.0,0.0,0.0,0.0,0.0,-1.0,1.0,0.0,-0.265625
0.0,0.0,0.0,1.0,0.0,1.0,1.0,0.0,-0.265625
0.0,0.0,0.0,1.0,0.0,1.0,0.0,-2.0,-0.265625
0.0,0.0,0.0,1.0,0.0,2.0,2.0,0.0,-0.265625
0.0,0.0,-1.0,1.0,0.0,0.0,2.0,0.0,-0.265625
0.0,0.0,-1.0,1.0,0.0,0.0,3.0,2.0,-0.265625
0.0,-1.0,-1.0,-1.0,0.0,0.0,3.0,2.0,-0.265625
1.0,-1.0,1.0,-1.0,0.0,2.0,3.0,4.0,-0.265625
1.0,-2.0,-1.0,-1.0,0.0,2.0,3.0,4.0,-0.265625
1.0,-2.0,-1.0,-1.0,0.0,-1.0,3.0,0.0,-0.265625
1.0,-2.0,2.0,-1.0,0.0,3.0,3.0,4.0,-0.265625
1.0,-2.0,2.0,-2.0,0.0,-1.0,-1.0,4.0,-0.265625
1.0,-2.0,2.0,0.0,1.0,-1.0,-1.0,4.0,-0.265625
0.0,-2.0,0.0,0.0,1.0,-3.0,-1.0,0.0,-0.265625
0.0,-1.0,0.0,2.0,1.0,1.0,3.0,0.0,-0.265625
0.0,-1.0,0.0,2.0,0.0,1.0,1.0,-2.0,-0.265625
0.0,-1.0,0.0,3.0,0.0,3.0,1.0,-2.0,-0.265625
0.0,-1.0,0.0,3.0,-1.0,1.0,1.0,-2.0,-0.265625
0.0,0.0,0.0,0.0,0.0,0.0,1.0,2.0,0.90625
0.0,0.0,0.0,0.0,0.0,-1.0,1.0,0.0,0.90625
0.0,0.0,0.0,1.0,0.0,1.0,1.0,0.0,0.90625
0.0,0.0,0.0,1.0,0.0,1.0,0.0,-2.0,0.90625
0.0,0.0,0.0,1.0,0.0,2.0,2.0,0.0,0.90625
0.0,0.0,-1.0,1.0,0.0,0.0,2.0,0.0,0.90625
0.0,0.0,-1.0,1.0,0.0,0.0,3.0,2.0,0.90625
0.0,-1.0,-1.0,-1.0,0.0,0.0,3.0,2.0,0.90625
0.0,-1.0,-1.0,-1.0,0.0,0.0,4.0,4.0,0.90625
0.0,-1.0,-1.0,-1.0,0.0,0.0,1.0,2.0,0.90625
0.0,-1.0,-1.0,-1.0,0.0,0.0,2.0,4.0,0.90625
0.0,-1.0,-1.0,-1.0,0.0,-1.0,2.0,0.0,0.90625
0.0,-1.0,-1.0,-1.0,1.0,-1.0,4.0,2.0,0.90625
0.0,-1.0,-1.0,-1.0,0.0,-1.0,2.0,2.0,0.90625
1.0,-1.0,1.0,-1.0,0.0,1.0,2.0,2.0,0.90625
1.0,-1.0,1.0,-1.0,-3.0,1.0,0.0,0.0,0.90625
1.0,0.0,1.0,1.0,-3.0,1.0,0.0,0.0,0.90625
1.0,0.0,1.0,1.0,-4.0,-1.0,-6.0,-2.0,0.90625
1.0,3.0,1.0,1.0,-2.0,-1.0,-4.0,-2.0,0.90625
0.0,0.0,0.0,0.0,0.0,0.0,1.0,2.0,0.53125
0.0,0.0,0.0,0.0,0.0,-1.0,1.0,0.0,0.53125
0.0,0.0,0.0,1.0,0.0,1.0,1.0,0.0,0.53125
0.0,0.0,0.0,1.0,0.0,1.0,0.0,-2.0,0.53125
0.0,0.0,0.0,1.0,0.0,2.0,2.0,0.0,0.53125
0.0,0.0,-1.0,1.0,0.0,0.0,2.0,0.0,0.53125
0.0,0.0,-1.0,1.0,0.0,0.0,3.0,2.0,0.53125
0.0,-1.0,-1.0,-1.0,0.0,0.0,3.0,2.0,0.53125
1.0,-1.0,1.0,-1.0,0.0,2.0,3.0,4.0,0.53125
1.0,-2.0,-1.0,-1.0,0.0,2.0,3.0,4.0,0.53125
1.0,-2.0,-1.0,-1.0,0.0,-1.0,3.0,0.0,0.53125
1.0,-2.0,2.0,-1.0,0.0,3.0,3.0,4.0,0.53125
1.0,-2.0,2.0,-2.0,0.0,-1.0,-1.0,4.0,0.53125
1.0,-2.0,2.0,-1.0,0.0,-1.0,1.0,4.0,0.53125
0.0,-2.0,0.0,-1.0,0.0,-3.0,1.0,0.0,0.53125
0.0,-1.0,0.0,1.0,0.0,-1.0,3.0,0.0,0.53125
0.0,-1.0,0.0,1.0,-1.0,-1.0,1.0,-2.0,0.53125
0.0,-1.0,0.0,1.0,-1.0,1.0,2.0,-2.0,0.53125
0.0,-1.0,0.0,1.0,-1.0,1.0,-1.0,-4.0,0.53125
0.0,0.0,0.0,0.0,0.0,0.0,1.0,2.0,-0.0625
0.0,0.0,0.0,0.0,0.0,-1.0,1.0,0.0,-0.0625
0.0,0.0,0.0,1.0,0.0,1.0,1.0,0.0,-0.0625
0.0,0.0,0.0,1.0,0.0,1.0,0.0,-2.0,-0.0625
0.0,0.0,0.0,1.0,0.0,2.0,2.0,0.0,-0.0625
0.0,0.0,-1.0,1.0,0.0,0.0,2.0,0.0,-0.0625
0.0,0.0,-1.0,1.0,0.0,0.0,3.0,2.0,-0.0625
0.0,-1.0,-1.0,-1.0,0.0,0.0,3.0,2.0,-0.0625
1.0,-1.0,1.0,-1.0,0.0,2.0,3.0,4.0,-0.0625
1.0,-2.0,-1.0,-1.0,0.0,2.0,3.0,4.0,-0.0625
1.0,-2.0,-1.0,-1.0,0.0,-1.0,3.0,0.0,-0.0625
1.0,-2.0,2.0,-1.0,0.0,3.0,3.0,4.0,-0.0625
1.0,-2.0,2.0,-2.0,0.0,-1.0,-1.0,4.0,-0.0625
1.0,-2.0,2.0,0.0,1.0,-1.0,-1.0,4.0,-0.0625
0.0,-2.0,0.0,0.0,1.0,-3.0,-1.0,0.0,-0.0625
0.0,-1.0,0.0,2.0,1.0,1.0,3.0,0.0,-0.0625
0.0,-1.0,0.0,2.0,0.0,1.0,1.0,0.0,-0.0625
0.0,-1.0,0.0,3.0,0.0,1.0,3.0,0.0,-0.0625
0.0,-1.0,0.0,3.0,0.0,1.0,2.0,-2.0,-0.0625
0.0,0.0,0.0,0.0,0.0,0.0,1.0,2.0,0.375
0.0,0.0,0.0,0.0,0.0,-1.0,1.0,0.0,0.375
0.0,0.0,0.0,1.0,0.0,1.0,1.0,0.0,0.375
0.0,0.0,0.0,1.0,0.0,1.0,0.0,-2.0,0.375
0.0,0.0,0.0,1.0,0.0,2.0,2.0,0.0,0.375
0.0,0.0,-1.0,1.0,0.0,0.0,2.0,0.0,0.375
0.0,0.0,-1.0,1.0,0.0,0.0,3.0,2.0,0.375
0.0,-1.0,-1.0,-1.0,0.0,0.0,3.0,2.0,0.375
1.0,-1.0,1.0,-1.0,0.0,2.0,3.0,4.0,0.375
1.0,-2.0,-1.0,-1.0,0.0,2.0,3.0,4.0,0.375
1.0,-2.0,-1.0,-1.0,0.0,-1.0,3.0,0.0,0.375
1.0,-2.0,2.0,-1.0,0.0,3.0,3.0,4.0,0.375
1.0,-2.0,2.0,-2.0,0.0,-1.0,-1.0,4.0,0.375
1.0,-2.0,2.0,-2.0,1.0,-1.0,1.0,4.0,0.375
0.0,-2.0,0.0,-2.0,1.0,-3.0,1.0,0.0,0.375
0.0,-2.0,0.0,0.0,2.0,-1.0,1.0,0.0,0.375
0.0,-3.0,0.0,0.0,0.0,-1.0,-1.0,0.0,0.375
0.0,-2.0,0.0,2.0,0.0,1.0,3.0,0.0,0.375
0.0,-3.0,0.0,2.0,-2.0,-1.0,3.0,0.0,0.375
0.0,0.0,0.0,0.0,0.0,0.0,1.0,2.0,-0.0625
0.0,0.0,0.0,0.0,0.0,-1.0,1.0,0.0,-0.0625
0.0,0.0,0.0,1.0,0.0,1.0,1.0,0.0,-0.0625
0.0,0.0,0.0,1.0,0.0,1.0,0.0,-2.0,-0.0625
0.0,0.0,0.0,1.0,0.0,2.0,2.0,0.0,-0.0625
0.0,0.0,-1.0,1.0,0.0,0.0,2.0,0.0,-0.0625
0.0,0.0,-1.0,1.0,0.0,0.0,3.0,2.0,-0.0625
0.0,-1.0,-1.0,-1.0,0.0,0.0,3.0,2.0,-0.0625
1.0,-1.0,1.0,-1.0,0.0,2.0,3.0,4.0,-0.0625
1.0,-2.0,-1.0,-1.0,0.0,2.0,3.0,4.0,-0.0625
1.0,-2.0,-1.0,-1.0,0.0,-1.0,3.0,0.0,-0.0625
1.0,-2.0,2.0,-1.0,0.0,3.0,3.0,4.0,-0.0625
1.0,-2.0,2.0,-2.0,0.0,-1.0,-1.0,4.0,-0.0625
1.0,-2.0,2.0,0.0,1.0,-1.0,-1.0,4.0,-0.0625
0.0,-2.0,0.0,0.0,1.0,-3.0,-1.0,0.0,-0.0625
0.0,-1.0,0.0,2.0,1.0,1.0,3.0,0.0,-0.0625
0.0,-1.0,0.0,2.0,0.0,1.0,1.0,0.0,-0.0625
0.0,-1.0,0.0,3.0,0.0,3.0,1.0,0.0,-0.0625
0.0,-2.0,0.0,3.0,-2.0,1.0,1.0,0.0,-0.0625
0.0,0.0,0.0,0.0,0.0,0.0,1.0,2.0,0.03125
0.0,0.0,0.0,0.0,0.0,-1.0,1.0,0.0,0.03125
0.0,0.0,0.0,1.0,0.0,1.0,1.0,0.0,0.03125
0.0,0.0,0.0,1.0,0.0,1.0,0.0,-2.0,0.03125
0.0,0.0,0.0,1.0,0.0,2.0,2.0,0.0,0.03125
0.0,0.0,-1.0,1.0,0.0,0.0,2.0,0.0,0.03125
0.0,0.0,-1.0,1.0,0.0,0.0,3.0,2.0,0.03125
0.0,0.0,-1.0,1.0,0.0,-1.0,3.0,0.0,0.03125
0.0,0.0,-1.0,2.0,0.0,1.0,3.0,0.0,0.03125
0.0,-1.0,-1.0,0.0,0.0,1.0,3.0,0.0,0.03125
1.0,-1.0,1.0,0.0,0.0,3.0,3.0,4.0,0.03125
1.0,-2.0,-1.0,0.0,0.0,3.0,3.0,4.0,0.03125
1.0,-2.0,-1.0,-1.0,0.0,-1.0,-1.0,4.0,0.03125
1.0,-2.0,-1.0,0.0,0.0,-1.0,1.0,4.0,0.03125
1.0,-2.0,-1.0,0.0,0.0,-1.0,0.0,2.0,0.03125
1.0,-1.0,1.0,0.0,0.0,-1.0,0.0,2.0,0.03125
1.0,-1.0,1.0,0.0,-1.0,-1.0,-2.0,-2.0,0.03125
1.0,0.0,1.0,2.0,-1.0,1.0,0.0,-2.0,0.03125
1.0,0.0,1.0,1.0,-1.0,1.0,-2.0,-2.0,0.03125
0.0,0.0,0.0,0.0,0.0,0.0,1.0,2.0,-0.0625
0.0,0.0,0.0,0.0,0.0,-1.0,1.0,0.0,-0.0625
0.0,0.0,0.0,1.0,0.0,1.0,1.0,0.0,-0.0625
0.0,0.0,0.0,1.0,0.0,1.0,0.0,-2.0,-0.0625
0.0,0.0,0.0,1.0,0.0,2.0,2.0,0.0,-0.0625
0.0,0.0,-1.0,1.0,0.0,0.0,2.0,0.0,-0.0625
0.0,0.0,-1.0,1.0,0.0,0.0,3.0,2.0,-0.0625
0.0,-1.0,-1.0,-1.0,0.0,0.0,3.0,2.0,-0.0625
1.0,-1.0,1.0,-1.0,0.0,2.0,3.0,4.0,-0.0625
1.0,-2.0,-1.0,-1.0,0.0,2.0,3.0,4.0,-0.0625
1.0,1.0,-1.0,-1.0,0.0,2.0,3.0,4.0,-0.0625
1.0,1.0,-1.0,-1.0,0.0,-1.0,3.0,0.0,-0.0625
1.0,1.0,2.0,-1.0,0.0,3.0,3.0,4.0,-0.0625
1.0,1.0,2.0,-2.0,0.0,-1.0,-1.0,4.0,-0.0625
1.0,1.0,2.0,0.0,1.0,-1.0,-1.0,4.0,-0.0625
1.0,0.0,2.0,0.0,-1.0,-1.0,-1.0,4.0,-0.0625
1.0,1.0,2.0,2.0,-1.0,3.0,3.0,4.0,-0.0625
1.0,1.0,2.0,2.0,-2.0,1.0,3.0,4.0,-0.0625
1.0,1.0,2.0,2.0,1.0,1.0,3.0,4.0,-0.0625
0.0,0.0,0.0,0.0,0.0,0.0,1.0,2.0,0.21875
0.0,0.0,0.0,0.0,0.0,-1.0,1.0,0.0,0.21875
0.0,0.0,0.0,1.0,0.0,1.0,1.0,0.0,0.21875
0.0,0.0,0.0,1.0,0.0,1.0,0.0,-2.0,0.21875
0.0,0.0,0.0,1.0,0.0,2.0,2.0,0.0,0.21875
0.0,0.0,-1.0,1.0,0.0,0.0,2.0,0.0,0.21875
0.0,0.0,-1.0,1.0,0.0,0.0,3.0,2.0,0.21875
0.0,-1.0,-1.0,-1.0,0.0,0.0,3.0,2.0,0.21875
0.0,-1.0,-1.0,-1.0,0.0,0.0,4.0,4.0,0.21875
0.0,-1.0,-1.0,-1.0,0.0,-1.0,4.0,0.0,0.21875
0.0,-1.0,-1.0,-1.0,0.0,-1.0,5.0,2.0,0.21875
0.0,-1.0,-1.0,-2.0,0.0,-3.0,1.0,2.0,0.21875
1.0,-1.0,1.0,-2.0,0.0,-1.0,1.0,4.0,0.21875
1.0,-1.0,1.0,-2.0,0.0,-1.0,-2.0,0.0,0.21875
1.0,0.0,1.0,0.0,0.0,1.0,2.0,0.0,0.21875
1.0,-1.0,-1.0,0.0,0.0,1.0,2.0,0.0,0.21875
1.0,-1.0,-1.0,0.0,1.0,1.0,6.0,4.0,0.21875
1.0,-1.0,-1.0,0.0,1.0,0.0,2.0,4.0,0.21875
1.0,-1.0,-1.0,1.0,1.0,2.0,4.0,4.0,0.21875
0.0,0.0,0.0,0.0,0.0,0.0,1.0,2.0,-0.375
0.0,0.0,0.0,0.0,0.0,-1.0,1.0,0.0,-0.375
0.0,0.0,0.0,1.0,0.0,1.0,1.0,0.0,-0.375
0.0,0.0,0.0,1.0,-1.0,1.0,-1.0,0.0,-0.375
0.0,1.0,0.0,1.0,1.0,1.0,1.0,2.0,-0.375
0.0,1.0,0.0,1.0,1.0,1.0,0.0,0.0,-0.375
0.0,1.0,0.0,1.0,1.0,1.0,3.0,2.0,-0.375
0.0,1.0,0.0,0.0,1.0,1.0,1.0,2.0,-0.375
0.0,1.0,0.0,0.0,2.0,1.0,3.0,2.0,-0.375
0.0,1.0,-1.0,0.0,2.0,-1.0,3.0,0.0,-0.375
0.0,1.0,-1.0,0.0,2.0,-1.0,4.0,2.0,-0.375
0.0,1.0,-1.0,0.0,2.0,-1.0,1.0,-2.0,-0.375
0.0,1.0,-1.0,0.0,3.0,-1.0,3.0,-2.0,-0.375
0.0,0.0,-1.0,0.0,1.0,-1.0,1.0,-4.0,-0.375
0.0,0.0,0.0,2.0,3.0,-1.0,1.0,-4.0,-0.375
0.0,-1.0,0.0,2.0,1.0,-1.0,-1.0,-4.0,-0.375
0.0,-1.0,0.0,2.0,2.0,-1.0,1.0,0.0,-0.375
0.0,-1.0,0.0,1.0,2.0,-1.0,-1.0,0.0,-0.375
1.0,-1.0,2.0,1.0,2.0,1.0,-1.0,2.0,-0.375
0.0,0.0,0.0,0.0,0.0,0.0,1.0,2.0,-0.0625
0.0,0.0,0.0,0.0,0.0,-1.0,1.0,0.0,-0.0625
0.0,0.0,0.0,1.0,0.0,1.0,1.0,0.0,-0.0625
0.0,0.0,0.0,1.0,0.0,1.0,0.0,-2.0,-0.0625
0.0,0.0,0.0,1.0,0.0,2.0,2.0,0.0,-0.0625
0.0,0.0,0.0,1.0,-1.0,2.0,0.0,-2.0,-0.0625
0.0,0.0,0.0,1.0,-1.0,3.0,0.0,2.0,-0.0625
0.0,-1.0,0.0,-1.0,-1.0,1.0,-2.0,2.0,-0.0625
0.0,0.0,0.0,-1.0,1.0,1.0,0.0,4.0,-0.0625
0.0,0.0,0.0,-1.0,1.0,1.0,-1.0,0.0,-0.0625
0.0,0.0,0.0,-1.0,1.0,1.0,2.0,2.0,-0.0625
0.0,0.0,0.0,-1.0,1.0,1.0,-1.0,2.0,-0.0625
0.0,0.0,0.0,-1.0,2.0,1.0,3.0,4.0,-0.0625
0.0,0.0,-1.0,-1.0,2.0,-1.0,3.0,0.0,-0.0625
0.0,0.0,-1.0,-1.0,2.0,-1.0,4.0,2.0,-0.0625
0.0,0.0,-1.0,-1.0,2.0,-1.0,3.0,-2.0,-0.0625
0.0,0.0,-1.0,-1.0,3.0,-1.0,5.0,2.0,-0.0625
0.0,-1.0,-1.0,-1.0,1.0,-1.0,3.0,0.0,-0.0625
0.0,-1.0,-1.0,0.0,1.0,1.0,3.0,0.0,-0.0625
0.0,0.0,0.0,0.0,0.0,0.0,1.0,2.0,0.5625
0.0,0.0,0.0,0.0,0.0,-1.0,1.0,0.0,0.5625
0.0,0.0,0.0,1.0,0.0,1.0,1.0,0.0,0.5625
0.0,0.0,0.0,1.0,0.0,1.0,0.0,-2.0,0.5625
0.0,0.0,0.0,1.0,0.0,2.0,2.0,0.0,0.5625
0.0,0.0,-1.0,1.0,0.0,0.0,2.0,0.0,0.5625
0.0,0.0,-1.0,1.0,0.0,0.0,3.0,2.0,0.5625
0.0,-1.0,-1.0,-1.0,0.0,0.0,3.0,2.0,0.5625
1.0,-1.0,1.0,-1.0,0.0,2.0,3.0,4.0,0.5625
1.0,-2.0,-1.0,-1.0,0.0,2.0,3.0,4.0,0.5625
1.0,-2.0,-1.0,-1.0,0.0,-1.0,3.0,0.0,0.5625
1.0,-2.0,2.0,-1.0,0.0,3.0,3.0,4.0,0.5625
1.0,-2.0,2.0,-2.0,0.0,-1.0,-1.0,4.0,0.5625
1.0,-2.0,2.0,0.0,1.0,-1.0,-1.0,4.0,0.5625
0.0,-2.0,0.0,0.0,1.0,-3.0,-1.0,0.0,0.5625
0.0,-1.0,0.0,2.0,1.0,1.0,3.0,0.0,0.5625
0.0,-1.0,0.0,2.0,0.0,1.0,1.0,0.0,0.5625
0.0,-1.0,0.0,3.0,0.0,3.0,1.0,0.0,0.5625
0.0,-2.0,0.0,3.0,-2.0,1.0,1.0,0.0,0.5625
0.0,0.0,0.0,0.0,0.0,0.0,1.0,2.0,0.53125
0.0,0.0,0.0,0.0,0.0,0.0,0.0,0.0,0.53125
0.0,0.0,0.0,0.0,0.0,1.0,2.0,2.0,0.53125
0.0,0.0,0.0,0.0,0.0,0.0,2.0,0.0,0.53125
0.0,0.0,0.0,1.0,0.0,2.0,2.0,0.0,0.53125
0.0,0.0,-1.0,1.0,0.0,0.0,2.0,0.0,0.53125
0.0,0.0,-1.0,1.0,0.0,0.0,3.0,2.0,0.53125
0.0,-1.0,-1.0,-1.0,0.0,0.0,3.0,2.0,0.53125
1.0,-1.0,1.0,-1.0,0.0,2.0,3.0,4.0,0.53125
1.0,-2.0,-1.0,-1.0,0.0,2.0,3.0,4.0,0.53125
1.0,-2.0,-1.0,-1.0,0.0,-1.0,3.0,0.0,0.53125
1.0,-2.0,2.0,-1.0,0.0,3.0,3.0,4.0,0.53125
1.0,-2.0,2.0,-2.0,0.0,-1.0,-1.0,4.0,0.53125
1.0,-2.0,2.0,0.0,1.0,-1.0,-1.0,4.0,0.53125
0.0,-2.0,0.0,0.0,1.0,-3.0,-1.0,0.0,0.53125
0.0,-1.0,0.0,2.0,1.0,1.0,3.0,0.0,0.53125
0.0,-1.0,0.0,2.0,0.0,1.0,1.0,0.0,0.53125
0.0,-1.0,0.0,3.0,0.0,3.0,1.0,0.0,0.53125
0.0,-1.0,0.0,3.0,0.0,3.0,0.0,-2.0,0.53125
0.0,0.0,0.0,0.0,0.0,0.0,1.0,2.0,0.78125
0.0,0.0,0.0,0.0,0.0,0.0,0.0,0.0,0.78125
0.0,0.0,0.0,0.0,0.0,0.0,1.0,2.0,0.78125
0.0,0.0,0.0,0.0,0.0,-1.0,1.0,0.0,0.78125
0.0,0.0,0.0,0.0,1.0,-1.0,3.0,2.0,0.78125
0.0,0.0,0.0,0.0,1.0,-2.0,3.0,0.0,0.78125
0.0,0.0,0.0,0.0,1.0,-2.0,4.0,2.0,0.78125
0.0,-1.0,0.0,0.0,-1.0,-2.0,4.0,2.0,0.78125
0.0,-1.0,0.0,1.0,-1.0,0.0,4.0,2.0,0.78125
0.0,-1.0,0.0,0.0,-1.0,0.0,2.0,2.0,0.78125
0.0,-1.0,0.0,0.0,0.0,0.0,4.0,2.0,0.78125
0.0,-1.0,0.0,0.0,-1.0,-2.0,4.0,2.0,0.78125
0.0,0.0,0.0,2.0,-1.0,-2.0,4.0,2.0,0.78125
0.0,-1.0,0.0,2.0,-3.0,-2.0,0.0,-2.0,0.78125
0.0,-1.0,0.0,2.0,-3.0,-2.0,3.0,0.0,0.78125
0.0,-2.0,0.0,0.0,-3.0,-2.0,1.0,0.0,0.78125
0.0,-2.0,0.0,0.0,0.0,-2.0,1.0,0.0,0.78125
0.0,-2.0,0.0,-1.0,0.0,-2.0,-1.0,0.0,0.78125
0.0,-1.0,0.0,-1.0,2.0,-2.0,1.0,4.0,0.78125
0.0,0.0,0.0,0.0,0.0,0.0,1.0,2.0,-0.71875
0.0,0.0,0.0,0.0,0.0,-1.0,1.0,0.0,-0.71875
0.0,0.0,0.0,1.0,0.0,1.0,1.0,0.0,-0.71875
0.0,0.0,0.0,1.0,0.0,1.0,0.0,-2.0,-0.71875
0.0,0.0,0.0,1.0,0.0,2.0,2.0,0.0,-0.71875
0.0,0.0,0.0,1.0,-1.0,2.0,0.0,0.0,-0.71875
0.0,1.0,0.0,1.0,1.0,2.0,2.0,2.0,-0.71875
0.0,1.0,0.0,1.0,0.0,2.0,0.0,0.0,-0.71875
0.0,1.0,0.0,2.0,2.0,2.0,2.0,0.0,-0.71875
0.0,1.0,0.0,1.0,2.0,2.0,0.0,0.0,-0.71875
0.0,2.0,0.0,3.0,2.0,2.0,0.0,0.0,-0.71875
0.0,1.0,0.0,1.0,2.0,0.0,0.0,0.0,-0.71875
0.0,1.0,0.0,1.0,2.0,0.0,3.0,4.0,-0.71875
0.0,1.0,0.0,1.0,2.0,-1.0,3.0,0.0,-0.71875
0.0,2.0,0.0,3.0,2.0,-1.0,3.0,0.0,-0.71875
0.0,-1.0,0.0,3.0,2.0,-1.0,3.0,0.0,-0.71875
0.0,-1.0,0.0,3.0,2.0,-1.0,4.0,2.0,-0.71875
0.0,-1.0,0.0,3.0,2.0,-1.0,1.0,0.0,-0.71875
0.0,-1.0,0.0,3.0,3.0,-1.0,5.0,4.0,-0.71875
0.0,0.0,0.0,0.0,0.0,0.0,1.0,2.0,0.09375
0.0,0.0,0.0,0.0,0.0,-1.0,1.0,0.0,0.09375
0.0,0.0,0.0,1.0,0.0,1.0,1.0,0.0,0.09375
0.0,0.0,0.0,1.0,0.0,1.0,0.0,-2.0,0.09375
0.0,0.0,0.0,1.0,0.0,2.0,2.0,0.0,0.09375
0.0,0.0,-1.0,1.0,0.0,0.0,2.0,0.0,0.09375
0.0,0.0,-1.0,1.0,0.0,0.0,3.0,2.0,0.09375
0.0,0.0,-1.0,0.0,0.0,0.0,1.0,2.0,0.09375
1.0,0.0,1.0,0.0,0.0,2.0,1.0,4.0,0.09375
1.0,-1.0,1.0,-2.0,0.0,0.0,-1.0,4.0,0.09375
1.0,0.0,1.0,0.0,0.0,0.0,1.0,4.0,0.09375
1.0,0.0,1.0,-1.0,0.0,0.0,-1.0,2.0,0.09375
1.0,0.0,1.0,-1.0,1.0,0.0,1.0,2.0,0.09375
1.0,0.0,1.0,-1.0,1.0,0.0,0.0,-2.0,0.09375
1.0,0.0,1.0,-1.0,1.0,1.0,0.0,2.0,0.09375
1.0,0.0,1.0,-1.0,1.0,1.0,-1.0,-2.0,0.09375
1.0,1.0,1.0,1.0,1.0,1.0,-1.0,-2.0,0.09375
1.0,0.0,1.0,1.0,-1.0,1.0,-3.0,-2.0,0.09375
1.0,0.0,1.0,3.0,0.0,1.0,-3.0,-2.0,0.09375
0.0,0.0,0.0,0.0,0.0,0.0,1.0,2.0,0.75
0.0,0.0,0.0,0.0,0.0,-1.0,1.0,0.0,0.75
0.0,0.0,0.0,0.0,0.0,-1.0,2.0,2.0,0.75
0.0,0.0,0.0,0.0,0.0,-1.0,-1.0,2.0,0.75
0.0,0.0,0.0,0.0,1.0,-1.0,1.0,2.0,0.75
0.0,-1.0,0.0,0.0,-1.0,-1.0,1.0,2.0,0.75
0.0,-1.0,0.0,0.0,-1.0,-1.0,2.0,4.0,0.75
0.0,-1.0,0.0,0.0,-1.0,-1.0,-1.0,4.0,0.75
0.0,-1.0,0.0,1.0,-1.0,-1.0,1.0,4.0,0.75
0.0,-2.0,0.0,-1.0,-1.0,-1.0,1.0,4.0,0.75
0.0,-2.0,0.0,0.0,-1.0,1.0,3.0,4.0,0.75
0.0,-2.0,0.0,0.0,-1.0,1.0,0.0,0.0,0.75
0.0,-2.0,0.0,0.0,-1.0,2.0,2.0,0.0,0.75
0.0,-2.0,-1.0,0.0,-1.0,0.0,2.0,-2.0,0.75
0.0,-2.0,-1.0,0.0,-1.0,0.0,3.0,0.0,0.75
0.0,-2.0,-1.0,-1.0,-1.0,0.0,-1.0,-2.0,0.75
0.0,-1.0,-1.0,1.0,-1.0,0.0,-1.0,-2.0,0.75
0.0,-1.0,-1.0,1.0,-1.0,-1.0,-3.0,-2.0,0.75
0.0,2.0,-1.0,1.0,-1.0,-1.0,-3.0,-2.0,0.75
0.0,0.0,0.0,0.0,0.0,0.0,1.0,2.0,0.734375
0.0,0.0,0.0,0.0,0.0,-1.0,1.0,0.0,0.734375
0.0,0.0,0.0,1.0,0.0,1.0,1.0,0.0,0.734375
0.0,0.0,-1.0,1.0,0.0,-1.0,1.0,0.0,0.734375
0.0,0.0,-1.0,1.0,0.0,-1.0,2.0,2.0,0.734375
0.0,0.0,-1.0,1.0,0.0,-1.0,-1.0,0.0,0.734375
1.0,0.0,1.0,1.0,0.0,1.0,-1.0,0.0,0.734375
1.0,0.0,1.0,1.0,-1.0,1.0,-3.0,-2.0,0.734375
1.0,0.0,1.0,1.0,-1.0,2.0,1.0,0.0,0.734375
1.0,0.0,1.0,1.0,-2.0,2.0,-3.0,-2.0,0.734375
1.0,0.0,1.0,1.0,-2.0,3.0,-3.0,2.0,0.734375
1.0,0.0,1.0,1.0,-2.0,3.0,-4.0,-2.0,0.734375
1.0,1.0,1.0,1.0,0.0,3.0,-2.0,0.0,0.734375
1.0,0.0,1.0,-1.0,0.0,3.0,-2.0,0.0,0.734375
1.0,1.0,1.0,-1.0,2.0,3.0,0.0,2.0,0.734375
1.0,1.0,1.0,-1.0,-1.0,3.0,-2.0,2.0,0.734375
1.0,2.0,1.0,-1.0,1.0,3.0,-2.0,2.0,0.734375
1.0,2.0,0.0,-1.0,1.0,1.0,-2.0,0.0,0.734375
1.0,5.0,0.0,1.0,1.0,1.0,-2.0,0.0,0.734375
0.0,0.0,0.0,0.0,0.0,0.0,1.0,2.0,0.125
0.0,0.0,0.0,0.0,0.0,-1.0,1.0,0.0,0.125
0.0,0.0,0.0,1.0,0.0,1.0,1.0,0.0,0.125
0.0,0.0,0.0,1.0,0.0,1.0,0.0,-2.0,0.125
0.0,0.0,0.0,1.0,0.0,2.0,2.0,0.0,0.125
0.0,0.0,-1.0,1.0,0.0,0.0,2.0,0.0,0.125
0.0,0.0,-1.0,1.0,0.0,0.0,3.0,2.0,0.125
0.0,-1.0,-1.0,-1.0,0.0,0.0,3.0,2.0,0.125
1.0,-1.0,1.0,-1.0,0.0,2.0,3.0,4.0,0.125
1.0,-2.0,-1.0,-1.0,0.0,2.0,3.0,4.0,0.125
1.0,-2.0,-1.0,-1.0,0.0,-1.0,3.0,0.0,0.125
1.0,-2.0,2.0,-1.0,0.0,3.0,3.0,4.0,0.125
1.0,-2.0,2.0,-2.0,0.0,-1.0,-1.0,4.0,0.125
1.0,-2.0,2.0,-2.0,1.0,-1.0,1.0,4.0,0.125
1.0,-2.0,2.0,-2.0,1.0,-1.0,0.0,0.0,0.125
1.0,-2.0,2.0,-2.0,1.0,-1.0,3.0,2.0,0.125
1.0,-3.0,2.0,-2.0,-1.0,-1.0,3.0,2.0,0.125
1.0,-2.0,2.0,0.0,-1.0,-1.0,3.0,2.0,0.125
0.0,-2.0,0.0,0.0,-1.0,-3.0,3.0,-2.0,0.125
0.0,0.0,0.0,0.0,0.0,0.0,1.0,2.0,-0.03125
0.0,0.0,0.0,0.0,0.0,-1.0,1.0,0.0,-0.03125
0.0,0.0,0.0,1.0,0.0,1.0,1.0,0.0,-0.03125
0.0,0.0,0.0,1.0,0.0,1.0,0.0,-2.0,-0.03125
0.0,0.0,0.0,1.0,0.0,2.0,2.0,0.0,-0.03125
0.0,0.0,-1.0,1.0,0.0,0.0,2.0,0.0,-0.03125
0.0,0.0,-1.0,1.0,0.0,0.0,3.0,2.0,-0.03125
0.0,-1.0,-1.0,-1.0,0.0,0.0,3.0,2.0,-0.03125
1.0,-1.0,1.0,-1.0,0.0,2.0,3.0,4.0,-0.03125
1.0,-2.0,-1.0,-1.0,0.0,2.0,3.0,4.0,-0.03125
1.0,-2.0,-1.0,-1.0,0.0,-1.0,3.0,0.0,-0.03125
1.0,-2.0,2.0,-1.0,0.0,3.0,3.0,4.0,-0.03125
1.0,-2.0,2.0,-2.0,0.0,-1.0,-1.0,4.0,-0.03125
1.0,-2.0,2.0,0.0,1.0,-1.0,-1.0,4.0,-0.03125
0.0,-2.0,0.0,0.0,1.0,-3.0,-1.0,0.0,-0.03125
0.0,-2.0,0.0,0.0,1.0,-3.0,0.0,2.0,-0.03125
0.0,-3.0,0.0,0.0,-1.0,-3.0,0.0,2.0,-0.03125
0.0,-2.0,0.0,2.0,-1.0,1.0,4.0,2.0,-0.03125
0.0,-2.0,0.0,2.0,-2.0,-1.0,2.0,2.0,-0.03125
0.0,0.0,0.0,0.0,0.0,0.0,1.0,2.0,0.078125
0.0,0.0,0.0,0.0,0.0,-1.0,1.0,0.0,0.078125
0.0,0.0,0.0,1.0,0.0,1.0,1.0,0.0,0.078125
0.0,0.0,0.0,1.0,0.0,1.0,0.0,-2.0,0.078125
0.0,0.0,0.0,1.0,0.0,2.0,2.0,0.0,0.078125
0.0,0.0,-1.0,1.0,0.0,0.0,2.0,0.0,0.078125
0.0,0.0,-1.0,1.0,0.0,0.0,3.0,2.0,0.078125
0.0,0.0,-1.0,1.0,0.0,0.0,2.0,0.0,0.078125
1.0,0.0,1.0,1.0,0.0,2.0,2.0,2.0,0.078125
1.0,0.0,1.0,1.0,0.0,2.0,1.0,0.0,0.078125
1.0,0.0,1.0,1.0,1.0,2.0,3.0,0.0,0.078125
1.0,0.0,1.0,1.0,0.0,2.0,1.0,-2.0,0.078125
1.0,1.0,1.0,1.0,2.0,2.0,1.0,-2.0,0.078125
1.0,0.0,1.0,1.0,0.0,2.0,-1.0,-2.0,0.078125
1.0,0.0,1.0,1.0,0.0,2.0,2.0,2.0,0.078125
1.0,0.0,1.0,1.0,0.0,1.0,-2.0,2.0,0.078125
1.0,1.0,1.0,1.0,2.0,1.0,-2.0,2.0,0.078125
1.0,-2.0,1.0,1.0,2.0,1.0,-2.0,2.0,0.078125
1.0,-2.0,1.0,1.0,3.0,1.0,4.0,4.0,0.078125
0.0,0.0,0.0,0.0,0.0,0.0,1.0,2.0,-0.1875
0.0,0.0,0.0,0.0,0.0,0.0,0.0,0.0,-0.1875
0.0,0.0,0.0,0.0,0.0,0.0,1.0,2.0,-0.1875
0.0,0.0,0.0,0.0,0.0,-1.0,1.0,0.0,-0.1875
0.0,0.0,0.0,0.0,1.0,-1.0,3.0,2.0,-0.1875
0.0,0.0,0.0,0.0,1.0,-2.0,3.0,0.0,-0.1875
0.0,0.0,0.0,0.0,1.0,-2.0,4.0,2.0,-0.1875
0.0,-1.0,0.0,0.0,-1.0,-2.0,4.0,2.0,-0.1875
0.0,-1.0,0.0,1.0,-1.0,0.0,4.0,2.0,-0.1875
0.0,-1.0,0.0,0.0,-1.0,0.0,2.0,2.0,-0.1875
0.0,-1.0,0.0,0.0,0.0,0.0,4.0,2.0,-0.1875
0.0,-1.0,0.0,0.0,-1.0,-2.0,4.0,2.0,-0.1875
0.0,0.0,0.0,2.0,-1.0,-2.0,4.0,2.0,-0.1875
0.0,-1.0,0.0,2.0,-3.0,-2.0,0.0,-2.0,-0.1875
0.0,-1.0,0.0,2.0,-3.0,-2.0,3.0,0.0,-0.1875
0.0,-2.0,0.0,0.0,-3.0,-2.0,1.0,0.0,-0.1875
0.0,-2.0,0.0,0.0,0.0,-2.0,1.0,0.0,-0.1875
0.0,-2.0,0.0,-1.0,0.0,-2.0,-1.0,0.0,-0.1875
0.0,-1.0,0.0,-1.0,2.0,-2.0,1.0,4.0,-0.1875
0.0,0.0,0.0,0.0,0.0,0.0,1.0,2.0,0.15625
0.0,0.0,0.0,0.0,0.0,0.0,0.0,0.0,0.15625
0.0,0.0,0.0,0.0,0.0,1.0,2.0,2.0,0.15625
0.0,0.0,0.0,0.0,0.0,1.0,1.0,0.0,0.15625
0.0,0.0,0.0,0.0,0.0,1.0,2.0,2.0,0.15625
0.0,0.0,0.0,0.0,0.0,1.0,1.0,0.0,0.15625
0.0,0.0,0.0,0.0,0.0,1.0,2.0,2.0,0.15625
0.0,0.0,0.0,-1.0,0.0,1.0,0.0,2.0,0.15625
0.0,0.0,0.0,-1.0,1.0,1.0,2.0,2.0,0.15625
0.0,0.0,0.0,-1.0,1.0,0.0,2.0,0.0,0.15625
0.0,0.0,0.0,-1.0,1.0,1.0,4.0,0.0,0.15625
0.0,0.0,0.0,-2.0,1.0,-1.0,0.0,0.0,0.15625
0.0,0.0,0.0,-1.0,1.0,-1.0,2.0,0.0,0.15625
0.0,0.0,0.0,-1.0,1.0,-1.0,1.0,-2.0,0.15625
0.0,1.0,0.0,1.0,1.0,1.0,3.0,-2.0,0.15625
0.0,1.0,0.0,1.0,1.0,0.0,1.0,-2.0,0.15625
0.0,2.0,0.0,3.0,1.0,0.0,1.0,-2.0,0.15625
0.0,2.0,0.0,2.0,1.0,-2.0,-1.0,-2.0,0.15625
0.0,2.0,0.0,2.0,1.0,0.0,4.0,2.0,0.15625
0.0,0.0,0.0,0.0,0.0,0.0,1.0,2.0,0.15625
0.0,0.0,0.0,0.0,0.0,-1.0,1.0,0.0,0.15625
0.0,0.0,0.0,1.0,0.0,1.0,1.0,0.0,0.15625
0.0,0.0,0.0,1.0,0.0,1.0,0.0,-2.0,0.15625
0.0,0.0,0.0,1.0,0.0,2.0,2.0,0.0,0.15625
0.0,0.0,-1.0,1.0,0.0,0.0,2.0,0.0,0.15625
0.0,0.0,-1.0,1.0,0.0,0.0,3.0,2.0,0.15625
0.0,0.0,-1.0,1.0,0.0,-1.0,3.0,0.0,0.15625
0.0,0.0,-1.0,2.0,0.0,1.0,3.0,0.0,0.15625
0.0,-1.0,-1.0,0.0,0.0,1.0,3.0,0.0,0.15625
1.0,-1.0,1.0,0.0,0.0,3.0,3.0,4.0,0.15625
1.0,-2.0,-1.0,0.0,0.0,3.0,3.0,4.0,0.15625
1.0,-2.0,-1.0,-1.0,0.0,-1.0,-1.0,4.0,0.15625
1.0,-2.0,-1.0,0.0,0.0,-1.0,1.0,4.0,0.15625
1.0,-2.0,-1.0,0.0,0.0,-1.0,0.0,2.0,0.15625
1.0,-1.0,1.0,0.0,0.0,-1.0,0.0,2.0,0.15625
1.0,-1.0,1.0,0.0,-1.0,-1.0,-2.0,-2.0,0.15625
1.0,0.0,1.0,2.0,-1.0,1.0,0.0,-2.0,0.15625
1.0,-1.0,1.0,0.0,-1.0,-1.0,0.0,-2.0,0.15625
0.0,0.0,0.0,0.0,0.0,0.0,1.0,2.0,0.4375
0.0,0.0,0.0,0.0,0.0,-1.0,1.0,0.0,0.4375
0.0,0.0,0.0,1.0,0.0,1.0,1.0,0.0,0.4375
0.0,0.0,0.0,1.0,0.0,1.0,0.0,-2.0,0.4375
0.0,0.0,0.0,1.0,0.0,2.0,2.0,0.0,0.4375
0.0,0.0,-1.0,1.0,0.0,0.0,2.0,0.0,0.4375
0.0,0.0,-1.0,1.0,0.0,0.0,3.0,2.0,0.4375
0.0,-1.0,-1.0,-1.0,0.0,0.0,3.0,2.0,0.4375
1.0,-1.0,1.0,-1.0,0.0,2.0,3.0,4.0,0.4375
1.0,-2.0,-1.0,-1.0,0.0,2.0,3.0,4.0,0.4375
1.0,-2.0,-1.0,-2.0,0.0,-2.0,-1.0,4.0,0.4375
1.0,-2.0,-1.0,-1.0,0.0,-2.0,1.0,4.0,0.4375
1.0,-2.0,-1.0,-3.0,-1.0,-2.0,1.0,4.0,0.4375
1.0,-1.0,-1.0,-1.0,-1.0,-2.0,1.0,4.0,0.4375
1.0,-2.0,-1.0,-3.0,-1.0,-2.0,1.0,4.0,0.4375
1.0,3.0,-1.0,-3.0,-1.0,-2.0,1.0,4.0,0.4375
1.0,3.0,-1.0,-3.0,-2.0,-2.0,-1.0,0.0,0.4375
1.0,4.0,-1.0,1.0,-2.0,-2.0,-1.0,0.0,0.4375
1.0,4.0,-1.0,-1.0,-3.0,-2.0,-1.0,0.0,0.4375
0.0,0.0,0.0,0.0,0.0,0.0,1.0,2.0,0.40625
0.0,0.0,0.0,0.0,0.0,-1.0,1.0,0.0,0.40625
0.0,0.0,0.0,1.0,0.0,1.0,1.0,0.0,0.40625
0.0,0.0,0.0,1.0,0.0,1.0,0.0,-2.0,0.40625
0.0,0.0,0.0,1.0,0.0,2.0,2.0,0.0,0.40625
0.0,0.0,-1.0,1.0,0.0,0.0,2.0,0.0,0.40625
0.0,0.0,-1.0,1.0,0.0,0.0,3.0,2.0,0.40625
0.0,-1.0,-1.0,-1.0,0.0,0.0,3.0,2.0,0.40625
1.0,-1.0,1.0,-1.0,0.0,2.0,3.0,4.0,0.40625
1.0,-2.0,-1.0,-1.0,0.0,2.0,3.0,4.0,0.40625
1.0,-2.0,-1.0,-1.0,0.0,-1.0,3.0,0.0,0.40625
1.0,-2.0,-1.0,-1.0,0.0,-1.0,4.0,2.0,0.40625
1.0,-2.0,-1.0,-1.0,0.0,-1.0,1.0,0.0,0.40625
1.0,-2.0,-1.0,-1.0,1.0,-1.0,3.0,0.0,0.40625
1.0,-2.0,-1.0,-1.0,0.0,-1.0,1.0,-2.0,0.40625
1.0,-1.0,-1.0,1.0,0.0,-1.0,1.0,-2.0,0.40625
1.0,-1.0,-2.0,1.0,0.0,-3.0,1.0,-2.0,0.40625
1.0,0.0,0.0,1.0,0.0,-3.0,1.0,-2.0,0.40625
1.0,0.0,0.0,1.0,-1.0,-3.0,-1.0,-2.0,0.40625
0.0,0.0,0.0,0.0,0.0,0.0,1.0,2.0,0.28125
0.0,0.0,0.0,0.0,0.0,-1.0,1.0,0.0,0.28125
0.0,0.0,0.0,1.0,0.0,1.0,1.0,0.0,0.28125
0.0,0.0,0.0,1.0,0.0,1.0,0.0,-2.0,0.28125
0.0,0.0,0.0,1.0,0.0,2.0,2.0,0.0,0.28125
0.0,0.0,-1.0,1.0,0.0,0.0,2.0,0.0,0.28125
0.0,0.0,-1.0,1.0,0.0,0.0,3.0,2.0,0.28125
0.0,-1.0,-1.0,-1.0,0.0,0.0,3.0,2.0,0.28125
1.0,-1.0,1.0,-1.0,0.0,2.0,3.0,4.0,0.28125
1.0,-2.0,-1.0,-1.0,0.0,2.0,3.0,4.0,0.28125
1.0,-2.0,-1.0,-1.0,0.0,-1.0,3.0,0.0,0.28125
1.0,-2.0,2.0,-1.0,0.0,3.0,3.0,4.0,0.28125
1.0,-2.0,2.0,-2.0,0.0,-1.0,-1.0,4.0,0.28125
1.0,-2.0,2.0,0.0,1.0,-1.0,-1.0,4.0,0.28125
0.0,-2.0,0.0,0.0,1.0,-3.0,-1.0,0.0,0.28125
0.0,-1.0,0.0,2.0,1.0,1.0,3.0,0.0,0.28125
0.0,-1.0,0.0,2.0,0.0,1.0,1.0,0.0,0.28125
0.0,-1.0,0.0,3.0,0.0,3.0,1.0,0.0,0.28125
0.0,-2.0,0.0,3.0,-2.0,1.0,1.0,0.0,0.28125
0.0,0.0,0.0,0.0,0.0,0.0,1.0,2.0,-0.15625
0.0,0.0,0.0,0.0,0.0,-1.0,1.0,0.0,-0.15625
0.0,0.0,0.0,1.0,0.0,1.0,1.0,0.0,-0.15625
0.0,0.0,0.0,1.0,0.0,1.0,0.0,-2.0,-0.15625
0.0,0.0,0.0,1.0,0.0,2.0,2.0,0.0,-0.15625
0.0,0.0,-1.0,1.0,0.0,0.0,2.0,0.0,-0.15625
0.0,0.0,-1.0,1.0,0.0,0.0,3.0,2.0,-0.15625
0.0,-1.0,-1.0,-1.0,0.0,0.0,3.0,2.0,-0.15625
1.0,-1.0,1.0,-1.0,0.0,2.0,3.0,4.0,-0.15625
1.0,-2.0,-1.0,-1.0,0.0,2.0,3.0,4.0,-0.15625
1.0,-2.0,-1.0,-1.0,0.0,-1.0,3.0,0.0,-0.15625
1.0,-2.0,2.0,-1.0,0.0,3.0,3.0,4.0,-0.15625
1.0,-2.0,2.0,-2.0,0.0,-1.0,-1.0,4.0,-0.15625
1.0,-2.0,2.0,0.0,1.0,-1.0,-1.0,4.0,-0.15625
0.0,-2.0,0.0,0.0,1.0,-3.0,-1.0,0.0,-0.15625
0.0,-1.0,0.0,2.0,1.0,1.0,3.0,0.0,-0.15625
0.0,-1.0,0.0,2.0,0.0,1.0,1.0,0.0,-0.15625
0.0,-1.0,0.0,3.0,0.0,3.0,1.0,0.0,-0.15625
0.0,-2.0,0.0,3.0,-2.0,1.0,1.0,0.0,-0.15625
0.0,0.0,0.0,0.0,0.0,0.0,1.0,2.0,0.46875
0.0,0.0,0.0,0.0,0.0,-1.0,1.0,0.0,0.46875
0.0,0.0,0.0,1.0,0.0,1.0,1.0,0.0,0.46875
0.0,0.0,0.0,1.0,0.0,1.0,0.0,-2.0,0.46875
0.0,0.0,0.0,1.0,0.0,2.0,2.0,0.0,0.46875
0.0,0.0,0.0,0.0,0.0,2.0,0.0,0.0,0.46875
0.0,0.0,0.0,0.0,0.0,3.0,0.0,4.0,0.46875
0.0,-1.0,0.0,-2.0,0.0,1.0,-2.0,4.0,0.46875
0.0,0.0,0.0,0.0,0.0,1.0,0.0,4.0,0.46875
0.0,0.0,0.0,-1.0,0.0,-1.0,-2.0,4.0,0.46875
0.0,0.0,0.0,0.0,0.0,-1.0,0.0,4.0,0.46875
0.0,0.0,0.0,0.0,0.0,-2.0,0.0,0.0,0.46875
0.0,1.0,0.0,2.0,0.0,0.0,2.0,0.0,0.46875
0.0,0.0,0.0,0.0,0.0,0.0,0.0,0.0,0.46875
0.0,0.0,0.0,0.0,0.0,0.0,1.0,2.0,0.46875
0.0,0.0,0.0,0.0,0.0,0.0,-2.0,0.0,0.46875
0.0,0.0,0.0,1.0,0.0,0.0,0.0,0.0,0.46875
0.0,0.0,0.0,0.0,0.0,-2.0,-2.0,0.0,0.46875
0.0,1.0,0.0,2.0,0.0,-2.0,-2.0,0.0,0.46875
0.0,0.0,0.0,0.0,0.0,0.0,1.0,2.0,-0.375
0.0,0.0,0.0,0.0,0.0,0.0,0.0,0.0,-0.375
0.0,0.0,0.0,0.0,0.0,0.0,1.0,2.0,-0.375
0.0,0.0,0.0,0.0,0.0,-1.0,1.0,0.0,-0.375
0.0,0.0,0.0,0.0,1.0,-1.0,3.0,2.0,-0.375
0.0,0.0,0.0,0.0,1.0,-2.0,3.0,0.0,-0.375
0.0,0.0,0.0,0.0,1.0,-2.0,4.0,2.0,-0.375
0.0,-1.0,0.0,0.0,-1.0,-2.0,4.0,2.0,-0.375
0.0,-1.0,0.0,1.0,-1.0,0.0,4.0,2.0,-0.375
0.0,-1.0,0.0,0.0,-1.0,0.0,2.0,2.0,-0.375
0.0,0.0,0.0,0.0,1.0,0.0,2.0,2.0,-0.375
0.0,-3.0,0.0,0.0,1.0,0.0,2.0,2.0,-0.375
0.0,-3.0,0.0,0.0,1.0,0.0,3.0,4.0,-0.375
0.0,-3.0,0.0,-2.0,1.0,-3.0,-1.0,4.0,-0.375
0.0,-2.0,0.0,0.0,1.0,-3.0,1.0,4.0,-0.375
0.0,-2.0,0.0,0.0,1.0,-4.0,-3.0,0.0,-0.375
0.0,-2.0,0.0,0.0,1.0,-2.0,-2.0,2.0,-0.375
0.0,-2.0,-1.0,0.0,1.0,-4.0,-2.0,0.0,-0.375
0.0,-2.0,-1.0,0.0,1.0,-4.0,-1.0,2.0,-0.375
0.0,0.0,0.0,0.0,0.0,0.0,1.0,2.0,0.03125
0.0,0.0,0.0,0.0,0.0,-1.0,1.0,0.0,0.03125
0.0,0.0,0.0,1.0,0.0,1.0,1.0,0.0,0.03125
0.0,0.0,0.0,1.0,0.0,1.0,0.0,-2.0,0.03125
0.0,0.0,0.0,1.0,0.0,2.0,2.0,0.0,0.03125
0.0,0.0,-1.0,1.0,0.0,0.0,2.0,0.0,0.03125
0.0,0.0,-1.0,1.0,0.0,0.0,3.0,2.0,0.03125
0.0,-1.0,-1.0,-1.0,0.0,0.0,3.0,2.0,0.03125
0.0,-1.0,-1.0,-1.0,0.0,0.0,4.0,4.0,0.03125
0.0,-1.0,-1.0,-1.0,0.0,-1.0,4.0,0.0,0.03125
0.0,-1.0,-1.0,-1.0,0.0,-1.0,5.0,2.0,0.03125
0.0,-1.0,-1.0,-1.0,0.0,-1.0,2.0,0.0,0.03125
0.0,-1.0,-1.0,0.0,0.0,1.0,6.0,0.0,0.03125
0.0,-1.0,-1.0,0.0,-1.0,1.0,4.0,0.0,0.03125
1.0,-1.0,1.0,0.0,-1.0,3.0,4.0,2.0,0.03125
1.0,-2.0,1.0,-2.0,-1.0,1.0,2.0,2.0,0.03125
1.0,-1.0,1.0,-2.0,1.0,1.0,4.0,2.0,0.03125
1.0,-1.0,1.0,-3.0,1.0,-3.0,0.0,2.0,0.03125
1.0,-1.0,2.0,-1.0,1.0,-1.0,0.0,4.0,0.03125
0.0,0.0,0.0,0.0,0.0,0.0,1.0,2.0,0.34375
0.0,0.0,0.0,0.0,0.0,-1.0,1.0,0.0,0.34375
0.0,0.0,0.0,0.0,0.0,-1.0,2.0,2.0,0.34375
0.0,0.0,0.0,0.0,0.0,-1.0,-1.0,2.0,0.34375
0.0,0.0,0.0,0.0,1.0,-1.0,1.0,2.0,0.34375
0.0,-1.0,0.0,0.0,-1.0,-1.0,1.0,2.0,0.34375
0.0,-1.0,0.0,0.0,-1.0,-1.0,2.0,4.0,0.34375
0.0,-1.0,0.0,0.0,-1.0,-1.0,-1.0,4.0,0.34375
0.0,-1.0,0.0,0.0,0.0,-1.0,1.0,4.0,0.34375
0.0,-1.0,0.0,0.0,0.0,-1.0,-2.0,-2.0,0.34375
0.0,-1.0,0.0,0.0,0.0,0.0,-2.0,0.0,0.34375
0.0,-1.0,-1.0,0.0,0.0,-2.0,-2.0,-4.0,0.34375
0.0,-1.0,-1.0,1.0,0.0,0.0,2.0,-2.0,0.34375
0.0,-2.0,-1.0,1.0,-2.0,0.0,0.0,-2.0,0.34375
1.0,-2.0,1.0,1.0,-2.0,2.0,0.0,2.0,0.34375
1.0,-3.0,1.0,-1.0,-2.0,0.0,-2.0,2.0,0.34375
1.0,-2.0,1.0,-1.0,0.0,0.0,0.0,2.0,0.34375
1.0,-5.0,1.0,-1.0,0.0,0.0,0.0,2.0,0.34375
1.0,-5.0,1.0,0.0,0.0,0.0,2.0,4.0,0.34375
0.0,0.0,0.0,0.0,0.0,0.0,1.0,2.0,0.09375
0.0,0.0,0.0,0.0,0.0,-1.0,1.0,0.0,0.09375
0.0,0.0,0.0,1.0,0.0,1.0,1.0,0.0,0.09375
0.0,0.0,0.0,1.0,0.0,1.0,0.0,-2.0,0.09375
0.0,0.0,0.0,1.0,0.0,2.0,2.0,0.0,0.09375
0.0,0.0,-1.0,1.0,0.0,0.0,2.0,0.0,0.09375
0.0,0.0,-1.0,1.0,0.0,0.0,3.0,2.0,0.09375
0.0,-1.0,-1.0,-1.0,0.0,0.0,3.0,2.0,0.09375
1.0,-1.0,1.0,-1.0,0.0,2.0,3.0,4.0,0.09375
1.0,-2.0,-1.0,-1.0,0.0,2.0,3.0,4.0,0.09375
1.0,-2.0,-1.0,-1.0,0.0,-1.0,3.0,0.0,0.09375
1.0,-2.0,2.0,-1.0,0.0,3.0,3.0,4.0,0.09375
1.0,-2.0,2.0,-2.0,0.0,-1.0,-1.0,4.0,0.09375
1.0,-2.0,2.0,0.0,1.0,-1.0,-1.0,4.0,0.09375
0.0,-2.0,0.0,0.0,1.0,-3.0,-1.0,0.0,0.09375
0.0,-1.0,0.0,2.0,1.0,1.0,3.0,0.0,0.09375
0.0,-1.0,0.0,2.0,0.0,1.0,1.0,0.0,0.09375
0.0,-1.0,0.0,3.0,0.0,3.0,1.0,0.0,0.09375
0.0,-2.0,0.0,3.0,-2.0,1.0,1.0,0.0,0.09375
0.0,0.0,0.0,0.0,0.0,0.0,1.0,2.0,-0.21875
0.0,0.0,0.0,0.0,0.0,-1.0,1.0,0.0,-0.21875
0.0,0.0,0.0,1.0,0.0,1.0,1.0,0.0,-0.21875
0.0,0.0,0.0,1.0,0.0,1.0,0.0,-2.0,-0.21875
0.0,0.0,0.0,1.0,0.0,2.0,2.0,0.0,-0.21875
0.0,0.0,-1.0,1.0,0.0,0.0,2.0,0.0,-0.21875
0.0,0.0,-1.0,1.0,0.0,0.0,3.0,2.0,-0.21875
0.0,-1.0,-1.0,-1.0,0.0,0.0,3.0,2.0,-0.21875
1.0,-1.0,1.0,-1.0,0.0,2.0,3.0,4.0,-0.21875
1.0,-2.0,-1.0,-1.0,0.0,2.0,3.0,4.0,-0.21875
1.0,-2.0,-1.0,-1.0,0.0,-1.0,3.0,0.0,-0.21875
1.0,-2.0,2.0,-1.0,0.0,3.0,3.0,4.0,-0.21875
1.0,-2.0,2.0,-2.0,0.0,-1.0,-1.0,4.0,-0.21875
1.0,-2.0,2.0,0.0,1.0,-1.0,-1.0,4.0,-0.21875
1.0,-2.0,2.0,0.0,-1.0,-1.0,-2.0,2.0,-0.21875
1.0,-1.0,2.0,2.0,-1.0,3.0,2.0,2.0,-0.21875
1.0,-1.0,2.0,2.0,-2.0,1.0,0.0,2.0,-0.21875
1.0,-1.0,2.0,2.0,-2.0,1.0,1.0,4.0,-0.21875
1.0,-1.0,2.0,2.0,-2.0,1.0,-4.0,0.0,-0.21875
0.0,0.0,0.0,0.0,0.0,0.0,1.0,2.0,0.125
0.0,0.0,0.0,0.0,0.0,-1.0,1.0,0.0,0.125
0.0,0.0,0.0,1.0,0.0,1.0,1.0,0.0,0.125
0.0,0.0,0.0,1.0,0.0,1.0,0.0,-2.0,0.125
0.0,0.0,0.0,1.0,0.0,2.0,2.0,0.0,0.125
0.0,0.0,-1.0,1.0,0.0,0.0,2.0,0.0,0.125
0.0,0.0,-1.0,1.0,0.0,0.0,3.0,2.0,0.125
0.0,-1.0,-1.0,-1.0,0.0,0.0,3.0,2.0,0.125
0.0,-1.0,-1.0,-1.0,0.0,0.0,4.0,4.0,0.125
0.0,-1.0,-1.0,-1.0,0.0,0.0,1.0,2.0,0.125
0.0,-1.0,-1.0,-1.0,1.0,0.0,3.0,2.0,0.125
0.0,-1.0,-1.0,-1.0,0.0,0.0,1.0,0.0,0.125
1.0,-1.0,1.0,-1.0,0.0,2.0,1.0,0.0,0.125
1.0,-1.0,1.0,-1.0,-1.0,2.0,-3.0,-2.0,0.125
1.0,0.0,1.0,1.0,-1.0,2.0,-1.0,0.0,0.125
1.0,-1.0,1.0,1.0,-3.0,2.0,-3.0,0.0,0.125
1.0,0.0,1.0,1.0,-1.0,2.0,-1.0,2.0,0.125
1.0,0.0,1.0,1.0,-2.0,0.0,-3.0,2.0,0.125
1.0,3.0,1.0,1.0,-2.0,0.0,-3.0,2.0,0.125
0.0,0.0,0.0,0.0,0.0,0.0,1.0,2.0,0.625
0.0,0.0,0.0,0.0,0.0,-1.0,1.0,0.0,0.625
0.0,0.0,0.0,1.0,0.0,1.0,1.0,0.0,0.625
0.0,0.0,0.0,1.0,0.0,1.0,0.0,-2.0,0.625
0.0,0.0,0.0,1.0,0.0,2.0,2.0,0.0,0.625
0.0,0.0,-1.0,1.0,0.0,0.0,2.0,0.0,0.625
0.0,0.0,-1.0,1.0,0.0,0.0,3.0,2.0,0.625
0.0,-1.0,-1.0,-1.0,0.0,0.0,3.0,2.0,0.625
1.0,-1.0,1.0,-1.0,0.0,2.0,3.0,4.0,0.625
1.0,-2.0,-1.0,-1.0,0.0,2.0,3.0,4.0,0.625
1.0,-2.0,-1.0,-1.0,0.0,-1.0,3.0,0.0,0.625
1.0,-2.0,2.0,-1.0,0.0,3.0,3.0,4.0,0.625
1.0,-2.0,2.0,-2.0,0.0,-1.0,-1.0,4.0,0.625
1.0,-2.0,2.0,0.0,1.0,-1.0,-1.0,4.0,0.625
0.0,-2.0,0.0,0.0,1.0,-3.0,-1.0,0.0,0.625
0.0,-1.0,0.0,2.0,1.0,1.0,3.0,0.0,0.625
0.0,-1.0,0.0,2.0,0.0,1.0,1.0,0.0,0.625
0.0,-1.0,0.0,3.0,0.0,3.0,1.0,0.0,0.625
0.0,-2.0,0.0,3.0,-2.0,1.0,1.0,0.0,0.625
0.0,0.0,0.0,0.0,0.0,0.0,1.0,2.0,0.0625
0.0,0.0,0.0,0.0,0.0,-1.0,1.0,0.0,0.0625
0.0,0.0,0.0,1.0,0.0,1.0,1.0,0.0,0.0625
0.0,0.0,0.0,1.0,0.0,1.0,0.0,-2.0,0.0625
0.0,0.0,0.0,1.0,0.0,2.0,2.0,0.0,0.0625
0.0,0.0,-1.0,1.0,0.0,0.0,2.0,0.0,0.0625
0.0,0.0,-1.0,1.0,0.0,0.0,3.0,2.0,0.0625
0.0,-1.0,-1.0,-1.0,0.0,0.0,3.0,2.0,0.0625
1.0,-1.0,1.0,-1.0,0.0,2.0,3.0,4.0,0.0625
1.0,-2.0,-1.0,-1.0,0.0,2.0,3.0,4.0,0.0625
1.0,-2.0,-1.0,-1.0,0.0,-1.0,3.0,0.0,0.0625
1.0,-2.0,-1.0,-1.0,0.0,-1.0,4.0,2.0,0.0625
1.0,-2.0,-1.0,-1.0,0.0,-1.0,1.0,0.0,0.0625
1.0,-2.0,-1.0,0.0,0.0,1.0,3.0,2.0,0.0625
1.0,-2.0,-1.0,0.0,0.0,1.0,2.0,-2.0,0.0625
1.0,-2.0,-1.0,0.0,0.0,1.0,3.0,2.0,0.0625
1.0,-3.0,-1.0,-2.0,0.0,-1.0,1.0,2.0,0.0625
1.0,-2.0,-1.0,0.0,0.0,-1.0,1.0,2.0,0.0625
1.0,-2.0,-1.0,-2.0,-1.0,-1.0,-1.0,-2.0,0.0625
0.0,0.0,0.0,0.0,0.0,0.0,1.0,2.0,0.4375
0.0,0.0,0.0,0.0,0.0,-1.0,1.0,0.0,0.4375
0.0,0.0,0.0,1.0,0.0,1.0,1.0,0.0,0.4375
0.0,0.0,0.0,1.0,0.0,1.0,0.0,-2.0,0.4375
0.0,0.0,0.0,1.0,0.0,2.0,2.0,0.0,0.4375
0.0,0.0,-1.0,1.0,0.0,0.0,2.0,0.0,0.4375
0.0,0.0,-1.0,1.0,0.0,0.0,3.0,2.0,0.4375
0.0,-1.0,-1.0,-1.0,0.0,0.0,3.0,2.0,0.4375
1.0,-1.0,1.0,-1.0,0.0,2.0,3.0,4.0,0.4375
1.0,-2.0,-1.0,-1.0,0.0,2.0,3.0,4.0,0.4375
1.0,-2.0,-1.0,-2.0,0.0,-2.0,-1.0,4.0,0.4375
1.0,-2.0,-1.0,-1.0,0.0,-2.0,1.0,4.0,0.4375
1.0,-2.0,-1.0,-1.0,0.0,-2.0,0.0,2.0,0.4375
1.0,-1.0,1.0,-1.0,0.0,-2.0,0.0,2.0,0.4375
1.0,-1.0,1.0,-1.0,-1.0,-2.0,-2.0,-2.0,0.4375
1.0,2.0,1.0,1.0,-1.0,-2.0,-2.0,-2.0,0.4375
1.0,2.0,1.0,1.0,-2.0,-2.0,-4.0,-2.0,0.4375
1.0,2.0,1.0,1.0,-2.0,0.0,-3.0,0.0,0.4375
1.0,2.0,1.0,1.0,-3.0,-2.0,-3.0,0.0,0.4375
0.0,0.0,0.0,0.0,0.0,0.0,1.0,2.0,-0.53125
0.0,0.0,0.0,0.0,0.0,-1.0,1.0,0.0,-0.53125
0.0,0.0,0.0,0.0,0.0,-1.0,2.0,2.0,-0.53125
0.0,0.0,0.0,0.0,0.0,-1.0,-1.0,2.0,-0.53125
0.0,0.0,0.0,0.0,1.0,-1.0,1.0,2.0,-0.53125
0.0,-1.0,0.0,0.0,-1.0,-1.0,1.0,2.0,-0.53125
0.0,-1.0,0.0,0.0,-1.0,-1.0,2.0,4.0,-0.53125
0.0,-1.0,0.0,0.0,-1.0,-1.0,-1.0,4.0,-0.53125
0.0,-1.0,0.0,1.0,-1.0,-1.0,1.0,4.0,-0.53125
0.0,-2.0,0.0,-1.0,-1.0,-1.0,1.0,4.0,-0.53125
0.0,-2.0,0.0,0.0,-1.0,1.0,3.0,4.0,-0.53125
0.0,-2.0,0.0,0.0,-1.0,1.0,0.0,0.0,-0.53125
0.0,-2.0,0.0,0.0,-1.0,2.0,2.0,0.0,-0.53125
0.0,-3.0,0.0,-2.0,-1.0,2.0,0.0,-2.0,-0.53125
0.0,-3.0,0.0,-2.0,0.0,2.0,2.0,-2.0,-0.53125
0.0,-3.0,0.0,-3.0,0.0,2.0,0.0,-2.0,-0.53125
0.0,-3.0,0.0,-3.0,0.0,3.0,0.0,0.0,-0.53125
0.0,-4.0,0.0,-3.0,-2.0,3.0,0.0,0.0,-0.53125
0.0,-3.0,0.0,-3.0,0.0,3.0,0.0,0.0,-0.53125
0.0,0.0,0.0,0.0,0.0,0.0,1.0,2.0,-0.46875
0.0,0.0,0.0,0.0,0.0,-1.0,1.0,0.0,-0.46875
0.0,0.0,0.0,1.0,0.0,1.0,1.0,0.0,-0.46875
0.0,0.0,0.0,1.0,0.0,1.0,0.0,-2.0,-0.46875
0.0,0.0,0.0,1.0,0.0,2.0,2.0,0.0,-0.46875
0.0,0.0,0.0,1.0,0.0,2.0,1.0,-2.0,-0.46875
0.0,0.0,0.0,1.0,0.0,2.0,4.0,2.0,-0.46875
0.0,0.0,0.0,0.0,0.0,2.0,2.0,2.0,-0.46875
0.0,1.0,0.0,2.0,0.0,2.0,2.0,2.0,-0.46875
0.0,0.0,0.0,0.0,0.0,0.0,0.0,2.0,-0.46875
0.0,0.0,0.0,0.0,1.0,0.0,4.0,4.0,-0.46875
0.0,0.0,0.0,0.0,1.0,-1.0,4.0,0.0,-0.46875
0.0,0.0,0.0,0.0,1.0,-1.0,5.0,2.0,-0.46875
0.0,0.0,0.0,-1.0,1.0,-3.0,-1.0,2.0,-0.46875
0.0,1.0,0.0,1.0,1.0,-3.0,-1.0,2.0,-0.46875
-1.0,-1.0,0.0,1.0,1.0,-3.0,-1.0,2.0,-0.46875
-1.0,0.0,0.0,3.0,1.0,1.0,3.0,2.0,-0.46875
-1.0,0.0,-1.0,3.0,1.0,-1.0,3.0,0.0,-0.46875
-1.0,0.0,-1.0,3.0,1.0,-1.0,6.0,2.0,-0.46875
0.0,0.0,0.0,0.0,0.0,0.0,1.0,2.0,0.65625
0.0,0.0,0.0,0.0,0.0,-1.0,1.0,0.0,0.65625
0.0,0.0,0.0,1.0,0.0,1.0,1.0,0.0,0.65625
0.0,0.0,0.0,1.0,0.0,1.0,0.0,-2.0,0.65625
0.0,0.0,0.0,1.0,0.0,2.0,2.0,0.0,0.65625
0.0,0.0,-1.0,1.0,0.0,0.0,2.0,0.0,0.65625
0.0,0.0,-1.0,1.0,0.0,0.0,3.0,2.0,0.65625
0.0,-1.0,-1.0,-1.0,0.0,0.0,3.0,2.0,0.65625
0.0,-1.0,-1.0,-1.0,0.0,0.0,4.0,4.0,0.65625
0.0,-1.0,-1.0,-1.0,0.0,0.0,1.0,2.0,0.65625
1.0,-1.0,1.0,-1.0,0.0,2.0,1.0,2.0,0.65625
1.0,-1.0,1.0,-1.0,-1.0,2.0,-1.0,2.0,0.65625
1.0,-1.0,1.0,-1.0,-1.0,2.0,2.0,4.0,0.65625
1.0,-2.0,-1.0,-1.0,-1.0,2.0,2.0,4.0,0.65625
1.0,-1.0,-1.0,1.0,-1.0,2.0,2.0,4.0,0.65625
1.0,-1.0,-1.0,1.0,-1.0,-1.0,2.0,0.0,0.65625
1.0,0.0,1.0,1.0,-1.0,-1.0,2.0,0.0,0.65625
1.0,0.0,1.0,1.0,-2.0,-1.0,0.0,-2.0,0.65625
1.0,3.0,1.0,1.0,-2.0,-1.0,0.0,-2.0,0.65625
0.0,0.0,0.0,0.0,0.0,0.0,1.0,2.0,0.4375
0.0,0.0,0.0,0.0,0.0,-1.0,1.0,0.0,0.4375
0.0,0.0,0.0,1.0,0.0,1.0,1.0,0.0,0.4375
0.0,0.0,0.0,1.0,0.0,1.0,0.0,-2.0,0.4375
0.0,0.0,0.0,1.0,0.0,2.0,2.0,0.0,0.4375
0.0,0.0,-1.0,1.0,0.0,0.0,2.0,0.0,0.4375
0.0,0.0,-1.0,1.0,0.0,0.0,3.0,2.0,0.4375
0.0,-1.0,-1.0,-1.0,0.0,0.0,3.0,2.0,0.4375
0.0,-1.0,-1.0,-1.0,0.0,1.0,3.0,4.0,0.4375
0.0,-1.0,-1.0,-2.0,0.0,-1.0,-1.0,4.0,0.4375
1.0,-1.0,1.0,-2.0,0.0,1.0,-1.0,4.0,0.4375
1.0,-1.0,1.0,-2.0,0.0,1.0,-2.0,0.0,0.4375
1.0,0.0,1.0,0.0,0.0,3.0,2.0,0.0,0.4375
1.0,0.0,1.0,-1.0,0.0,1.0,2.0,0.0,0.4375
1.0,0.0,1.0,-1.0,1.0,1.0,4.0,4.0,0.4375
1.0,-1.0,1.0,-1.0,-1.0,1.0,4.0,4.0,0.4375
1.0,0.0,1.0,1.0,-1.0,3.0,4.0,4.0,0.4375
1.0,-1.0,-1.0,1.0,-1.0,3.0,4.0,4.0,0.4375
1.0,0.0,-1.0,1.0,1.0,3.0,4.0,4.0,0.4375
0.0,0.0,0.0,0.0,0.0,0.0,1.0,2.0,0.375
0.0,0.0,0.0,0.0,0.0,-1.0,1.0,0.0,0.375
0.0,0.0,0.0,1.0,0.0,1.0,1.0,0.0,0.375
0.0,0.0,0.0,1.0,0.0,1.0,0.0,-2.0,0.375
0.0,0.0,0.0,1.0,0.0,2.0,2.0,0.0,0.375
0.0,0.0,-1.0,1.0,0.0,0.0,2.0,0.0,0.375
0.0,0.0,-1.0,1.0,0.0,0.0,3.0,2.0,0.375
0.0,-1.0,-1.0,-1.0,0.0,0.0,3.0,2.0,0.375
1.0,-1.0,1.0,-1.0,0.0,2.0,3.0,4.0,0.375
1.0,-2.0,-1.0,-1.0,0.0,2.0,3.0,4.0,0.375
1.0,-2.0,-1.0,-1.0,0.0,-1.0,3.0,0.0,0.375
1.0,-2.0,2.0,-1.0,0.0,3.0,3.0,4.0,0.375
1.0,-2.0,2.0,-2.0,0.0,-1.0,-1.0,4.0,0.375
1.0,-2.0,2.0,0.0,1.0,-1.0,-1.0,4.0,0.375
0.0,-2.0,0.0,0.0,1.0,-3.0,-1.0,0.0,0.375
0.0,-1.0,0.0,2.0,1.0,1.0,3.0,0.0,0.375
0.0,-1.0,0.0,2.0,0.0,1.0,1.0,0.0,0.375
0.0,-1.0,0.0,3.0,0.0,1.0,3.0,0.0,0.375
0.0,-2.0,0.0,3.0,-2.0,-1.0,3.0,0.0,0.375
0.0,0.0,0.0,0.0,0.0,0.0,1.0,2.0,-0.625
0.0,0.0,0.0,0.0,0.0,-1.0,1.0,0.0,-0.625
0.0,0.0,0.0,0.0,0.0,-1.0,2.0,2.0,-0.625
0.0,0.0,0.0,0.0,0.0,-1.0,-1.0,2.0,-0.625
0.0,0.0,0.0,0.0,0.0,-1.0,0.0,4.0,-0.625
0.0,0.0,0.0,0.0,0.0,-1.0,-3.0,2.0,-0.625
0.0,0.0,0.0,0.0,1.0,-1.0,-1.0,2.0,-0.625
0.0,-1.0,0.0,0.0,-1.0,-1.0,-1.0,2.0,-0.625
0.0,-1.0,1.0,0.0,-1.0,1.0,-1.0,4.0,-0.625
0.0,-1.0,1.0,0.0,-1.0,1.0,-4.0,-2.0,-0.625
0.0,-1.0,1.0,0.0,0.0,1.0,-2.0,2.0,-0.625
0.0,-2.0,1.0,0.0,-2.0,1.0,-2.0,2.0,-0.625
0.0,-2.0,1.0,0.0,-2.0,2.0,2.0,4.0,-0.625
0.0,-2.0,1.0,0.0,-3.0,2.0,-2.0,0.0,-0.625
0.0,-2.0,1.0,0.0,-3.0,3.0,-2.0,2.0,-0.625
0.0,-2.0,1.0,-1.0,-3.0,1.0,-2.0,2.0,-0.625
0.0,-1.0,1.0,-1.0,-1.0,1.0,0.0,2.0,-0.625
-1.0,-1.0,-1.0,-1.0,-1.0,-1.0,0.0,-2.0,-0.625
-1.0,-1.0,-1.0,-1.0,-1.0,0.0,0.0,0.0,-0.625
0.0,0.0,0.0,0.0,0.0,0.0,1.0,2.0,-0.03125
0.0,0.0,0.0,0.0,0.0,-1.0,1.0,0.0,-0.03125
0.0,0.0,0.0,1.0,0.0,1.0,1.0,0.0,-0.03125
0.0,0.0,0.0,1.0,0.0,1.0,0.0,-2.0,-0.03125
0.0,0.0,0.0,1.0,0.0,2.0,2.0,0.0,-0.03125
0.0,0.0,-1.0,1.0,0.0,0.0,2.0,0.0,-0.03125
0.0,1.0,1.0,1.0,0.0,0.0,2.0,0.0,-0.03125
-1.0,1.0,-1.0,1.0,0.0,0.0,2.0,0.0,-0.03125
-1.0,1.0,-1.0,1.0,0.0,0.0,3.0,2.0,-0.03125
-1.0,-2.0,-1.0,1.0,0.0,0.0,3.0,2.0,-0.03125
-1.0,-2.0,-1.0,1.0,0.0,1.0,3.0,4.0,-0.03125
-1.0,-2.0,-1.0,0.0,0.0,-1.0,-1.0,4.0,-0.03125
-1.0,-1.0,-1.0,2.0,0.0,3.0,3.0,4.0,-0.03125
-1.0,-1.0,-2.0,2.0,0.0,-1.0,3.0,0.0,-0.03125
-1.0,-1.0,-2.0,2.0,0.0,-1.0,4.0,2.0,-0.03125
-1.0,-1.0,-2.0,2.0,0.0,-2.0,0.0,2.0,-0.03125
0.0,-1.0,0.0,2.0,0.0,0.0,0.0,4.0,-0.03125
0.0,-2.0,0.0,0.0,0.0,0.0,0.0,4.0,-0.03125
0.0,-2.0,0.0,0.0,1.0,0.0,4.0,4.0,-0.03125
0.0,0.0,0.0,0.0,0.0,0.0,1.0,2.0,0.625
0.0,0.0,0.0,0.0,0.0,-1.0,1.0,0.0,0.625
0.0,0.0,0.0,1.0,0.0,1.0,1.0,0.0,0.625
0.0,0.0,0.0,1.0,0.0,1.0,0.0,-2.0,0.625
0.0,0.0,0.0,1.0,0.0,2.0,2.0,0.0,0.625
0.0,0.0,-1.0,1.0,0.0,0.0,2.0,0.0,0.625
0.0,0.0,-1.0,1.0,0.0,0.0,3.0,2.0,0.625
0.0,-1.0,-1.0,-1.0,0.0,0.0,3.0,2.0,0.625
1.0,-1.0,1.0,-1.0,0.0,2.0,3.0,4.0,0.625
1.0,-2.0,-1.0,-1.0,0.0,2.0,3.0,4.0,0.625
1.0,-2.0,-1.0,-1.0,0.0,-1.0,3.0,0.0,0.625
1.0,-2.0,2.0,-1.0,0.0,3.0,3.0,4.0,0.625
1.0,-2.0,2.0,-2.0,0.0,-1.0,-1.0,4.0,0.625
1.0,-2.0,2.0,0.0,1.0,-1.0,-1.0,4.0,0.625
0.0,-2.0,0.0,0.0,1.0,-3.0,-1.0,0.0,0.625
0.0,-1.0,0.0,2.0,1.0,1.0,3.0,0.0,0.625
0.0,-1.0,0.0,2.0,0.0,1.0,1.0,0.0,0.625
0.0,-1.0,0.0,3.0,0.0,3.0,1.0,0.0,0.625
0.0,-2.0,0.0,3.0,-2.0,1.0,1.0,0.0,0.625
0.0,0.0,0.0,0.0,0.0,0.0,1.0,2.0,0.15625
0.0,0.0,0.0,0.0,0.0,-1.0,1.0,0.0,0.15625
0.0,0.0,0.0,1.0,0.0,1.0,1.0,0.0,0.15625
0.0,0.0,0.0,1.0,0.0,1.0,0.0,-2.0,0.15625
0.0,0.0,0.0,1.0,0.0,2.0,0.0,2.0,0.15625
0.0,-1.0,0.0,-1.0,0.0,0.0,-2.0,2.0,0.15625
0.0,-1.0,0.0,-1.0,0.0,1.0,-2.0,4.0,0.15625
0.0,-1.0,0.0,-1.0,0.0,1.0,-3.0,0.0,0.15625
0.0,-1.0,0.0,-1.0,0.0,2.0,-3.0,2.0,0.15625
0.0,-1.0,0.0,-1.0,0.0,2.0,-4.0,-2.0,0.15625
0.0,-1.0,0.0,0.0,0.0,2.0,-2.0,-2.0,0.15625
0.0,-1.0,0.0,0.0,0.0,2.0,-3.0,-4.0,0.15625
0.0,-1.0,0.0,0.0,1.0,2.0,-1.0,0.0,0.15625
0.0,-2.0,0.0,-2.0,1.0,2.0,-3.0,0.0,0.15625
0.0,-1.0,0.0,0.0,1.0,2.0,-3.0,0.0,0.15625
0.0,-4.0,0.0,0.0,1.0,2.0,-3.0,0.0,0.15625
0.0,-4.0,0.0,0.0,1.0,2.0,4.0,4.0,0.15625
0.0,-4.0,0.0,0.0,1.0,2.0,3.0,2.0,0.15625
0.0,-4.0,0.0,0.0,1.0,2.0,6.0,4.0,0.15625
0.0,0.0,0.0,0.0,0.0,0.0,1.0,2.0,0.625
0.0,0.0,0.0,0.0,0.0,-1.0,1.0,0.0,0.625
0.0,0.0,0.0,1.0,0.0,1.0,1.0,0.0,0.625
0.0,0.0,0.0,1.0,0.0,1.0,0.0,-2.0,0.625
0.0,0.0,0.0,1.0,0.0,2.0,2.0,0.0,0.625
0.0,0.0,-1.0,1.0,0.0,0.0,2.0,0.0,0.625
0.0,0.0,-1.0,1.0,0.0,0.0,3.0,2.0,0.625
0.0,-1.0,-1.0,-1.0,0.0,0.0,3.0,2.0,0.625
1.0,-1.0,1.0,-1.0,0.0,2.0,3.0,2.0,0.625
1.0,-1.0,1.0,-1.0,0.0,2.0,0.0,0.0,0.625
1.0,-1.0,1.0,-1.0,0.0,2.0,3.0,0.0,0.625
1.0,-2.0,-1.0,-1.0,0.0,2.0,3.0,0.0,0.625
1.0,-1.0,-1.0,1.0,0.0,2.0,3.0,0.0,0.625
1.0,-1.0,-1.0,-2.0,0.0,-2.0,-1.0,0.0,0.625
1.0,2.0,-1.0,-2.0,0.0,-2.0,-1.0,0.0,0.625
1.0,2.0,-1.0,-2.0,0.0,-3.0,-5.0,0.0,0.625
1.0,3.0,-1.0,2.0,0.0,1.0,-1.0,0.0,0.625
1.0,3.0,-1.0,0.0,-1.0,1.0,-1.0,0.0,0.625
1.0,4.0,-1.0,0.0,1.0,1.0,-1.0,0.0,0.625
0.0,0.0,0.0,0.0,0.0,0.0,1.0,2.0,0.3125
0.0,0.0,0.0,0.0,0.0,-1.0,1.0,0.0,0.3125
0.0,0.0,0.0,1.0,0.0,1.0,1.0,0.0,0.3125
0.0,0.0,0.0,1.0,0.0,1.0,0.0,-2.0,0.3125
0.0,0.0,0.0,1.0,0.0,2.0,2.0,0.0,0.3125
0.0,0.0,-1.0,1.0,0.0,0.0,2.0,0.0,0.3125
0.0,0.0,-1.0,1.0,0.0,0.0,3.0,2.0,0.3125
0.0,-1.0,-1.0,-1.0,0.0,0.0,3.0,2.0,0.3125
1.0,-1.0,1.0,-1.0,0.0,2.0,3.0,4.0,0.3125
1.0,-2.0,-1.0,-1.0,0.0,2.0,3.0,4.0,0.3125
1.0,-2.0,-1.0,-1.0,0.0,-1.0,3.0,0.0,0.3125
1.0,-2.0,2.0,-1.0,0.0,3.0,3.0,4.0,0.3125
1.0,-2.0,2.0,-2.0,0.0,-1.0,-1.0,4.0,0.3125
1.0,-2.0,2.0,0.0,1.0,-1.0,-1.0,4.0,0.3125
0.0,-2.0,0.0,0.0,1.0,-3.0,-1.0,0.0,0.3125
0.0,-1.0,0.0,2.0,1.0,1.0,3.0,0.0,0.3125
0.0,-1.0,0.0,2.0,0.0,1.0,1.0,0.0,0.3125
0.0,-1.0,0.0,3.0,0.0,3.0,1.0,0.0,0.3125
0.0,-2.0,0.0,3.0,-2.0,1.0,1.0,0.0,0.3125
0.0,0.0,0.0,0.0,0.0,0.0,1.0,2.0,0.375
0.0,0.0,0.0,0.0,0.0,-1.0,1.0,0.0,0.375
0.0,0.0,0.0,1.0,0.0,1.0,1.0,0.0,0.375
0.0,0.0,0.0,1.0,0.0,1.0,0.0,-2.0,0.375
0.0,0.0,0.0,1.0,0.0,2.0,2.0,0.0,0.375
0.0,0.0,-1.0,1.0,0.0,0.0,2.0,0.0,0.375
0.0,0.0,-1.0,1.0,0.0,0.0,3.0,2.0,0.375
0.0,-1.0,-1.0,-1.0,0.0,0.0,3.0,2.0,0.375
1.0,-1.0,1.0,-1.0,0.0,2.0,3.0,4.0,0.375
1.0,-2.0,-1.0,-1.0,0.0,2.0,3.0,4.0,0.375
1.0,-2.0,-1.0,-1.0,0.0,-1.0,3.0,0.0,0.375
1.0,-2.0,2.0,-1.0,0.0,3.0,3.0,4.0,0.375
1.0,-2.0,2.0,-2.0,0.0,-1.0,-1.0,4.0,0.375
1.0,-2.0,2.0,0.0,1.0,-1.0,-1.0,4.0,0.375
0.0,-2.0,0.0,0.0,1.0,-3.0,-1.0,0.0,0.375
0.0,-1.0,0.0,2.0,1.0,1.0,3.0,0.0,0.375
0.0,-1.0,0.0,2.0,0.0,1.0,1.0,0.0,0.375
0.0,-1.0,0.0,3.0,0.0,3.0,1.0,0.0,0.375
0.0,-2.0,0.0,3.0,-2.0,1.0,1.0,0.0,0.375
0.0,0.0,0.0,0.0,0.0,0.0,1.0,2.0,0.46875
0.0,0.0,0.0,0.0,0.0,-1.0,1.0,0.0,0.46875
0.0,0.0,0.0,1.0,0.0,1.0,1.0,0.0,0.46875
0.0,0.0,-1.0,1.0,0.0,-1.0,1.0,0.0,0.46875
0.0,0.0,-1.0,1.0,0.0,-1.0,2.0,2.0,0.46875
0.0,0.0,-1.0,1.0,0.0,-1.0,-1.0,0.0,0.46875
1.0,0.0,1.0,1.0,0.0,1.0,-1.0,0.0,0.46875
1.0,0.0,1.0,1.0,-1.0,1.0,-3.0,-2.0,0.46875
1.0,0.0,1.0,1.0,-1.0,1.0,-2.0,0.0,0.46875
1.0,0.0,1.0,1.0,-1.0,1.0,-3.0,-4.0,0.46875
1.0,0.0,1.0,1.0,-1.0,2.0,1.0,-4.0,0.46875
1.0,0.0,1.0,1.0,-2.0,2.0,-3.0,-4.0,0.46875
1.0,0.0,1.0,1.0,-1.0,2.0,-1.0,-4.0,0.46875
1.0,0.0,1.0,1.0,-2.0,2.0,-3.0,-4.0,0.46875
1.0,0.0,1.0,1.0,-2.0,2.0,0.0,0.0,0.46875
1.0,-1.0,1.0,1.0,-4.0,2.0,0.0,0.0,0.46875
1.0,0.0,1.0,1.0,-2.0,2.0,2.0,2.0,0.46875
1.0,-1.0,1.0,-1.0,-2.0,0.0,2.0,2.0,0.46875
1.0,0.0,1.0,-1.0,0.0,0.0,2.0,2.0,0.46875
0.0,0.0,0.0,0.0,0.0,0.0,1.0,2.0,-0.0625
0.0,0.0,0.0,0.0,0.0,-1.0,1.0,0.0,-0.0625
0.0,0.0,0.0,1.0,0.0,1.0,1.0,0.0,-0.0625
0.0,0.0,0.0,1.0,0.0,1.0,0.0,-2.0,-0.0625
0.0,0.0,0.0,1.0,0.0,2.0,2.0,0.0,-0.0625
0.0,0.0,-1.0,1.0,0.0,0.0,2.0,0.0,-0.0625
0.0,0.0,-1.0,1.0,0.0,0.0,3.0,2.0,-0.0625
0.0,-1.0,-1.0,-1.0,0.0,0.0,3.0,2.0,-0.0625
1.0,-1.0,1.0,-1.0,0.0,2.0,3.0,4.0,-0.0625
1.0,-2.0,-1.0,-1.0,0.0,2.0,3.0,4.0,-0.0625
1.0,-2.0,-1.0,-1.0,0.0,-1.0,3.0,0.0,-0.0625
1.0,-2.0,2.0,-1.0,0.0,3.0,3.0,4.0,-0.0625
1.0,-2.0,2.0,-2.0,0.0,-1.0,-1.0,4.0,-0.0625
1.0,-2.0,2.0,0.0,1.0,-1.0,-1.0,4.0,-0.0625
0.0,-2.0,0.0,0.0,1.0,-3.0,-1.0,0.0,-0.0625
0.0,-1.0,0.0,2.0,1.0,1.0,3.0,0.0,-0.0625
0.0,-1.0,0.0,2.0,0.0,1.0,1.0,0.0,-0.0625
0.0,-1.0,0.0,3.0,0.0,3.0,1.0,0.0,-0.0625
0.0,-2.0,0.0,3.0,-2.0,1.0,1.0,0.0,-0.0625
0.0,0.0,0.0,0.0,0.0,0.0,1.0,2.0,0.0625
0.0,0.0,0.0,0.0,0.0,-1.0,1.0,0.0,0.0625
0.0,0.0,0.0,1.0,0.0,1.0,1.0,0.0,0.0625
0.0,0.0,0.0,1.0,0.0,1.0,0.0,-2.0,0.0625
0.0,0.0,0.0,1.0,0.0,2.0,2.0,0.0,0.0625
0.0,0.0,-1.0,1.0,0.0,0.0,2.0,0.0,0.0625
0.0,0.0,-1.0,1.0,0.0,0.0,3.0,2.0,0.0625
0.0,-1.0,-1.0,-1.0,0.0,0.0,3.0,2.0,0.0625
1.0,-1.0,1.0,-1.0,0.0,2.0,3.0,4.0,0.0625
1.0,-2.0,-1.0,-1.0,0.0,2.0,3.0,4.0,0.0625
1.0,-2.0,-1.0,-1.0,0.0,-1.0,3.0,0.0,0.0625
1.0,-2.0,2.0,-1.0,0.0,3.0,3.0,4.0,0.0625
1.0,-2.0,2.0,-2.0,0.0,-1.0,-1.0,4.0,0.0625
1.0,-2.0,2.0,0.0,1.0,-1.0,-1.0,4.0,0.0625
0.0,-2.0,0.0,0.0,1.0,-3.0,-1.0,0.0,0.0625
0.0,-1.0,0.0,2.0,1.0,1.0,3.0,0.0,0.0625
0.0,-1.0,0.0,2.0,-1.0,1.0,2.0,-2.0,0.0625
0.0,0.0,0.0,2.0,1.0,1.0,2.0,-2.0,0.0625
0.0,0.0,0.0,2.0,0.0,1.0,0.0,-2.0,0.0625
0.0,0.0,0.0,0.0,0.0,0.0,1.0,2.0,-0.15625
0.0,0.0,0.0,0.0,0.0,-1.0,1.0,0.0,-0.15625
0.0,0.0,0.0,1.0,0.0,1.0,1.0,0.0,-0.15625
0.0,0.0,0.0,1.0,0.0,1.0,0.0,-2.0,-0.15625
0.0,0.0,0.0,1.0,0.0,2.0,2.0,0.0,-0.15625
0.0,0.0,0.0,1.0,-1.0,2.0,0.0,0.0,-0.15625
0.0,1.0,0.0,1.0,1.0,2.0,2.0,2.0,-0.15625
0.0,1.0,0.0,1.0,0.0,2.0,0.0,0.0,-0.15625
0.0,1.0,0.0,2.0,2.0,2.0,2.0,0.0,-0.15625
0.0,1.0,0.0,1.0,2.0,2.0,0.0,0.0,-0.15625
0.0,2.0,0.0,3.0,2.0,2.0,0.0,0.0,-0.15625
0.0,1.0,0.0,1.0,2.0,0.0,0.0,0.0,-0.15625
0.0,1.0,0.0,1.0,2.0,0.0,3.0,4.0,-0.15625
0.0,1.0,0.0,1.0,2.0,-1.0,3.0,0.0,-0.15625
0.0,1.0,0.0,1.0,2.0,1.0,4.0,2.0,-0.15625
0.0,1.0,0.0,1.0,2.0,1.0,1.0,0.0,-0.15625
0.0,1.0,1.0,1.0,2.0,3.0,1.0,2.0,-0.15625
0.0,1.0,1.0,1.0,1.0,3.0,-1.0,0.0,-0.15625
0.0,2.0,1.0,1.0,3.0,3.0,-1.0,0.0,-0.15625
0.0,0.0,0.0,0.0,0.0,0.0,1.0,2.0,0.375
0.0,0.0,0.0,0.0,0.0,-1.0,1.0,0.0,0.375
0.0,0.0,0.0,1.0,0.0,1.0,1.0,0.0,0.375
0.0,0.0,0.0,1.0,0.0,1.0,0.0,-2.0,0.375
0.0,0.0,0.0,1.0,0.0,2.0,2.0,0.0,0.375
0.0,0.0,-1.0,1.0,0.0,0.0,2.0,0.0,0.375
0.0,0.0,-1.0,1.0,0.0,0.0,3.0,2.0,0.375
0.0,-1.0,-1.0,-1.0,0.0,0.0,3.0,2.0,0.375
1.0,-1.0,1.0,-1.0,0.0,2.0,3.0,4.0,0.375
1.0,-2.0,-1.0,-1.0,0.0,2.0,3.0,4.0,0.375
1.0,-2.0,-1.0,-1.0,0.0,-1.0,3.0,0.0,0.375
1.0,-2.0,2.0,-1.0,0.0,3.0,3.0,4.0,0.375
1.0,-2.0,2.0,-2.0,0.0,-1.0,-1.0,4.0,0.375
1.0,-2.0,2.0,0.0,1.0,-1.0,-1.0,4.0,0.375
0.0,-2.0,0.0,0.0,1.0,-3.0,-1.0,0.0,0.375
0.0,-1.0,0.0,2.0,1.0,1.0,3.0,0.0,0.375
0.0,-1.0,0.0,2.0,0.0,1.0,1.0,0.0,0.375
0.0,-1.0,0.0,3.0,0.0,3.0,1.0,0.0,0.375
0.0,-2.0,0.0,3.0,-2.0,1.0,1.0,0.0,0.375
0.0,0.0,0.0,0.0,0.0,0.0,1.0,2.0,0.4375
0.0,0.0,0.0,0.0,0.0,-1.0,1.0,0.0,0.4375
0.0,0.0,0.0,1.0,0.0,1.0,1.0,0.0,0.4375
0.0,0.0,0.0,1.0,0.0,1.0,0.0,-2.0,0.4375
0.0,0.0,0.0,1.0,0.0,2.0,2.0,0.0,0.4375
0.0,0.0,-1.0,1.0,0.0,0.0,2.0,0.0,0.4375
0.0,0.0,-1.0,1.0,0.0,0.0,3.0,2.0,0.4375
0.0,-1.0,-1.0,-1.0,0.0,0.0,3.0,2.0,0.4375
1.0,-1.0,1.0,-1.0,0.0,2.0,3.0,4.0,0.4375
1.0,-2.0,-1.0,-1.0,0.0,2.0,3.0,4.0,0.4375
1.0,-2.0,-1.0,-1.0,0.0,-1.0,3.0,0.0,0.4375
1.0,-2.0,2.0,-1.0,0.0,3.0,3.0,4.0,0.4375
1.0,-2.0,2.0,-2.0,0.0,-1.0,-1.0,4.0,0.4375
1.0,-2.0,2.0,0.0,1.0,-1.0,-1.0,4.0,0.4375
0.0,-2.0,0.0,0.0,1.0,-3.0,-1.0,0.0,0.4375
0.0,-1.0,0.0,2.0,1.0,1.0,3.0,0.0,0.4375
0.0,-1.0,0.0,2.0,0.0,1.0,1.0,0.0,0.4375
0.0,-1.0,0.0,3.0,0.0,3.0,1.0,0.0,0.4375
0.0,-2.0,0.0,3.0,-2.0,1.0,1.0,0.0,0.4375
0.0,0.0,0.0,0.0,0.0,0.0,1.0,2.0,-0.1875
0.0,0.0,0.0,0.0,0.0,-1.0,1.0,0.0,-0.1875
0.0,0.0,0.0,1.0,0.0,1.0,1.0,0.0,-0.1875
0.0,0.0,0.0,1.0,0.0,1.0,0.0,-2.0,-0.1875
0.0,0.0,0.0,1.0,0.0,1.0,1.0,2.0,-0.1875
0.0,-1.0,0.0,-1.0,0.0,-1.0,-1.0,2.0,-0.1875
0.0,-1.0,0.0,-1.0,1.0,-1.0,1.0,4.0,-0.1875
0.0,-2.0,0.0,-1.0,-1.0,-1.0,1.0,4.0,-0.1875
0.0,-2.0,0.0,-1.0,0.0,-1.0,3.0,4.0,-0.1875
0.0,-2.0,0.0,-1.0,0.0,-1.0,0.0,0.0,-0.1875
0.0,-2.0,0.0,-1.0,0.0,0.0,0.0,2.0,-0.1875
0.0,-3.0,0.0,-1.0,-2.0,0.0,0.0,2.0,-0.1875
0.0,-3.0,0.0,-1.0,-2.0,0.0,3.0,2.0,-0.1875
0.0,-3.0,0.0,-2.0,-2.0,0.0,1.0,0.0,-0.1875
0.0,-3.0,0.0,-2.0,-1.0,0.0,3.0,0.0,-0.1875
0.0,-3.0,-1.0,-2.0,-1.0,-2.0,3.0,-2.0,-0.1875
0.0,-2.0,-1.0,-2.0,1.0,-2.0,5.0,2.0,-0.1875
0.0,-5.0,-1.0,-2.0,-1.0,-2.0,5.0,2.0,-0.1875
1.0,-5.0,1.0,-2.0,-1.0,0.0,5.0,2.0,-0.1875
0.0,0.0,0.0,0.0,0.0,0.0,1.0,2.0,0.03125
0.0,0.0,0.0,0.0,0.0,-1.0,1.0,0.0,0.03125
0.0,0.0,0.0,1.0,0.0,1.0,1.0,0.0,0.03125
0.0,0.0,0.0,1.0,0.0,1.0,0.0,-2.0,0.03125
0.0,0.0,0.0,1.0,0.0,2.0,2.0,0.0,0.03125
0.0,0.0,-1.0,1.0,0.0,0.0,2.0,0.0,0.03125
0.0,0.0,-1.0,1.0,0.0,0.0,3.0,2.0,0.03125
0.0,-1.0,-1.0,-1.0,0.0,0.0,3.0,2.0,0.03125
1.0,-1.0,1.0,-1.0,0.0,2.0,3.0,4.0,0.03125
1.0,-2.0,-1.0,-1.0,0.0,2.0,3.0,4.0,0.03125
1.0,-2.0,-1.0,-1.0,0.0,-1.0,3.0,0.0,0.03125
1.0,-2.0,2.0,-1.0,0.0,3.0,3.0,4.0,0.03125
1.0,-2.0,2.0,-2.0,0.0,-1.0,-1.0,4.0,0.03125
1.0,-2.0,2.0,0.0,1.0,-1.0,-1.0,4.0,0.03125
0.0,-2.0,0.0,0.0,1.0,-3.0,-1.0,0.0,0.03125
0.0,-2.0,1.0,0.0,1.0,-1.0,-1.0,0.0,0.03125
0.0,-3.0,1.0,0.0,-1.0,-1.0,-1.0,0.0,0.03125
0.0,-3.0,1.0,0.0,0.0,-1.0,1.0,2.0,0.03125
0.0,-3.0,1.0,0.0,0.0,-1.0,0.0,-2.0,0.03125
0.0,0.0,0.0,0.0,0.0,0.0,1.0,2.0,-0.375
0.0,0.0,0.0,0.0,0.0,0.0,0.0,0.0,-0.375
0.0,0.0,0.0,0.0,0.0,1.0,2.0,2.0,-0.375
0.0,0.0,0.0,0.0,0.0,0.0,2.0,0.0,-0.375
0.0,0.0,0.0,0.0,0.0,0.0,3.0,2.0,-0.375
0.0,0.0,0.0,-1.0,0.0,-2.0,-1.0,2.0,-0.375
0.0,0.0,1.0,-1.0,0.0,0.0,-1.0,4.0,-0.375
0.0,0.0,1.0,-1.0,0.0,0.0,-2.0,0.0,-0.375
0.0,1.0,1.0,1.0,0.0,2.0,2.0,0.0,-0.375
0.0,1.0,1.0,1.0,0.0,1.0,0.0,-2.0,-0.375
0.0,1.0,2.0,1.0,0.0,3.0,0.0,2.0,-0.375
0.0,1.0,2.0,1.0,-1.0,3.0,-2.0,-2.0,-0.375
0.0,1.0,2.0,1.0,-1.0,3.0,-1.0,0.0,-0.375
-1.0,1.0,0.0,1.0,-1.0,1.0,-1.0,-2.0,-0.375
-1.0,2.0,0.0,1.0,1.0,1.0,1.0,-2.0,-0.375
-2.0,2.0,-2.0,1.0,1.0,-1.0,1.0,-2.0,-0.375
-2.0,2.0,-2.0,1.0,2.0,-1.0,5.0,2.0,-0.375
-2.0,2.0,-2.0,1.0,2.0,-2.0,1.0,2.0,-0.375
-2.0,2.0,-2.0,2.0,2.0,0.0,3.0,2.0,-0.375
0.0,0.0,0.0,0.0,0.0,0.0,1.0,2.0,0.0625
0.0,0.0,0.0,0.0,0.0,-1.0,1.0,0.0,0.0625
0.0,0.0,0.0,1.0,0.0,1.0,1.0,0.0,0.0625
0.0,0.0,0.0,1.0,0.0,1.0,0.0,-2.0,0.0625
0.0,0.0,0.0,1.0,0.0,2.0,2.0,0.0,0.0625
0.0,0.0,-1.0,1.0,0.0,0.0,2.0,0.0,0.0625
0.0,0.0,-1.0,1.0,0.0,0.0,3.0,2.0,0.0625
0.0,-1.0,-1.0,-1.0,0.0,0.0,3.0,2.0,0.0625
0.0,-1.0,-1.0,-1.0,0.0,0.0,4.0,4.0,0.0625
0.0,-1.0,-1.0,-1.0,0.0,-1.0,4.0,0.0,0.0625
0.0,-1.0,-1.0,-1.0,0.0,-1.0,5.0,2.0,0.0625
0.0,-1.0,-1.0,-1.0,0.0,-1.0,2.0,0.0,0.0625
0.0,-1.0,-1.0,0.0,0.0,1.0,6.0,0.0,0.0625
0.0,-1.0,-1.0,0.0,-1.0,1.0,4.0,0.0,0.0625
1.0,-1.0,1.0,0.0,-1.0,3.0,4.0,2.0,0.0625
1.0,-2.0,1.0,-2.0,-1.0,1.0,2.0,2.0,0.0625
1.0,-1.0,1.0,-2.0,1.0,1.0,4.0,2.0,0.0625
1.0,-1.0,1.0,-3.0,1.0,-3.0,0.0,2.0,0.0625
1.0,-1.0,2.0,-1.0,1.0,-1.0,0.0,4.0,0.0625
0.0,0.0,0.0,0.0,0.0,0.0,1.0,2.0,-0.4375
0.0,0.0,0.0,0.0,0.0,-1.0,1.0,0.0,-0.4375
0.0,0.0,0.0,1.0,0.0,1.0,1.0,0.0,-0.4375
0.0,0.0,0.0,1.0,0.0,1.0,0.0,-2.0,-0.4375
0.0,0.0,0.0,1.0,0.0,1.0,1.0,2.0,-0.4375
0.0,-1.0,0.0,-1.0,0.0,-1.0,-1.0,2.0,-0.4375
0.0,-1.0,0.0,-1.0,1.0,-1.0,1.0,4.0,-0.4375
0.0,-2.0,0.0,-1.0,-1.0,-1.0,1.0,4.0,-0.4375
0.0,-2.0,0.0,-1.0,0.0,-1.0,3.0,4.0,-0.4375
0.0,-2.0,0.0,-1.0,0.0,-1.0,0.0,0.0,-0.4375
0.0,-2.0,0.0,-1.0,0.0,0.0,0.0,2.0,-0.4375
0.0,-3.0,0.0,-1.0,-2.0,0.0,0.0,2.0,-0.4375
0.0,-3.0,1.0,-1.0,-2.0,2.0,0.0,4.0,-0.4375
0.0,-3.0,1.0,-1.0,-2.0,2.0,-3.0,2.0,-0.4375
0.0,-3.0,1.0,-1.0,-2.0,2.0,0.0,4.0,-0.4375
0.0,-3.0,1.0,-1.0,-3.0,2.0,-2.0,0.0,-0.4375
0.0,-3.0,1.0,-1.0,-3.0,3.0,4.0,0.0,-0.4375
-1.0,-3.0,-1.0,-1.0,-3.0,1.0,4.0,0.0,-0.4375
-1.0,-2.0,-1.0,-1.0,-1.0,1.0,6.0,4.0,-0.4375
0.0,0.0,0.0,0.0,0.0,0.0,1.0,2.0,0.59375
0.0,0.0,0.0,0.0,0.0,-1.0,1.0,0.0,0.59375
0.0,0.0,0.0,1.0,0.0,1.0,1.0,0.0,0.59375
0.0,0.0,0.0,1.0,0.0,1.0,0.0,-2.0,0.59375
0.0,0.0,0.0,1.0,0.0,2.0,2.0,0.0,0.59375
0.0,0.0,-1.0,1.0,0.0,0.0,2.0,0.0,0.59375
0.0,0.0,-1.0,1.0,0.0,0.0,3.0,2.0,0.59375
0.0,-1.0,-1.0,-1.0,0.0,0.0,3.0,2.0,0.59375
1.0,-1.0,1.0,-1.0,0.0,2.0,3.0,4.0,0.59375
1.0,-1.0,1.0,-2.0,0.0,-2.0,-1.0,4.0,0.59375
1.0,-1.0,1.0,0.0,1.0,-2.0,-1.0,4.0,0.59375
1.0,-2.0,-1.0,0.0,1.0,-2.0,-1.0,4.0,0.59375
1.0,-1.0,1.0,0.0,1.0,-2.0,-1.0,4.0,0.59375
1.0,-1.0,1.0,0.0,1.0,-2.0,-2.0,0.0,0.59375
1.0,0.0,1.0,2.0,1.0,2.0,2.0,0.0,0.59375
1.0,0.0,1.0,2.0,1.0,2.0,1.0,-4.0,0.59375
1.0,3.0,1.0,2.0,1.0,2.0,1.0,-4.0,0.59375
1.0,3.0,1.0,2.0,0.0,2.0,-3.0,-4.0,0.59375
1.0,3.0,1.0,3.0,0.0,2.0,-1.0,-2.0,0.59375
0.0,0.0,0.0,0.0,0.0,0.0,1.0,2.0,0.3125
0.0,0.0,0.0,0.0,0.0,-1.0,1.0,0.0,0.3125
0.0,0.0,0.0,1.0,0.0,1.0,1.0,0.0,0.3125
0.0,0.0,0.0,1.0,0.0,1.0,0.0,-2.0,0.3125
0.0,0.0,0.0,1.0,0.0,2.0,2.0,0.0,0.3125
0.0,0.0,-1.0,1.0,0.0,0.0,2.0,0.0,0.3125
0.0,0.0,-1.0,1.0,0.0,0.0,3.0,2.0,0.3125
0.0,-1.0,-1.0,-1.0,0.0,0.0,3.0,2.0,0.3125
1.0,-1.0,1.0,-1.0,0.0,2.0,3.0,4.0,0.3125
1.0,-2.0,-1.0,-1.0,0.0,2.0,3.0,4.0,0.3125
1.0,-2.0,-1.0,-1.0,0.0,-1.0,3.0,0.0,0.3125
1.0,-2.0,2.0,-1.0,0.0,3.0,3.0,4.0,0.3125
1.0,-2.0,2.0,-2.0,0.0,-1.0,-1.0,4.0,0.3125
1.0,-2.0,2.0,0.0,1.0,-1.0,-1.0,4.0,0.3125
0.0,-2.0,0.0,0.0,1.0,-3.0,-1.0,0.0,0.3125
0.0,-1.0,0.0,2.0,1.0,1.0,3.0,0.0,0.3125
0.0,-1.0,0.0,2.0,0.0,1.0,1.0,0.0,0.3125
0.0,-1.0,0.0,3.0,0.0,3.0,1.0,0.0,0.3125
0.0,-2.0,0.0,3.0,-2.0,1.0,1.0,0.0,0.3125
0.0,0.0,0.0,0.0,0.0,0.0,1.0,2.0,-0.0625
0.0,0.0,0.0,0.0,0.0,-1.0,1.0,0.0,-0.0625
0.0,0.0,0.0,1.0,0.0,1.0,1.0,0.0,-0.0625
0.0,0.0,0.0,1.0,0.0,1.0,0.0,-2.0,-0.0625
0.0,0.0,0.0,1.0,0.0,2.0,2.0,0.0,-0.0625
0.0,0.0,0.0,1.0,0.0,2.0,1.0,-2.0,-0.0625
0.0,0.0,0.0,2.0,0.0,2.0,3.0,0.0,-0.0625
0.0,0.0,0.0,2.0,-1.0,2.0,1.0,-2.0,-0.0625
0.0,0.0,0.0,2.0,-1.0,3.0,1.0,0.0,-0.0625
0.0,-1.0,0.0,0.0,-1.0,1.0,-1.0,0.0,-0.0625
0.0,-1.0,0.0,0.0,-1.0,1.0,0.0,2.0,-0.0625
0.0,-1.0,0.0,0.0,-1.0,1.0,-1.0,-2.0,-0.0625
0.0,-1.0,0.0,0.0,-1.0,2.0,-1.0,2.0,-0.0625
0.0,-2.0,0.0,-2.0,-1.0,2.0,-3.0,0.0,-0.0625
0.0,-1.0,0.0,-2.0,1.0,2.0,-1.0,0.0,-0.0625
0.0,-1.0,0.0,-2.0,1.0,0.0,-2.0,-2.0,-0.0625
0.0,-1.0,1.0,-2.0,1.0,2.0,-2.0,0.0,-0.0625
0.0,-1.0,1.0,-2.0,0.0,2.0,-4.0,-2.0,-0.0625
0.0,-1.0,1.0,-2.0,0.0,2.0,-1.0,2.0,-0.0625
0.0,0.0,0.0,0.0,0.0,0.0,1.0,2.0,0.65625
0.0,0.0,0.0,0.0,0.0,-1.0,1.0,0.0,0.65625
0.0,0.0,0.0,1.0,0.0,1.0,1.0,0.0,0.65625
0.0,0.0,0.0,1.0,0.0,1.0,0.0,-2.0,0.65625
0.0,0.0,0.0,1.0,0.0,2.0,2.0,0.0,0.65625
0.0,0.0,0.0,1.0,0.0,2.0,1.0,-2.0,0.65625
0.0,0.0,0.0,1.0,1.0,2.0,3.0,2.0,0.65625
0.0,0.0,0.0,0.0,1.0,2.0,1.0,2.0,0.65625
0.0,0.0,0.0,0.0,1.0,2.0,2.0,4.0,0.65625
0.0,-1.0,0.0,0.0,-1.0,2.0,2.0,4.0,0.65625
0.0,0.0,0.0,2.0,-1.0,2.0,4.0,4.0,0.65625
0.0,0.0,-1.0,0.0,-1.0,2.0,4.0,4.0,0.65625
0.0,0.0,1.0,1.0,-1.0,2.0,4.0,4.0,0.65625
0.0,-1.0,-1.0,1.0,-1.0,2.0,4.0,4.0,0.65625
0.0,-1.0,-1.0,-1.0,-2.0,2.0,4.0,4.0,0.65625
0.0,-1.0,1.0,1.0,1.0,2.0,4.0,4.0,0.65625
0.0,-2.0,1.0,-1.0,1.0,2.0,4.0,4.0,0.65625
0.0,-2.0,1.0,1.0,4.0,2.0,4.0,4.0,0.65625
0.0,-2.0,1.0,1.0,2.0,2.0,3.0,4.0,0.65625
0.0,0.0,0.0,0.0,0.0,0.0,1.0,2.0,0.15625
0.0,0.0,0.0,0.0,0.0,0.0,0.0,0.0,0.15625
0.0,0.0,0.0,0.0,0.0,0.0,1.0,2.0,0.15625
0.0,0.0,0.0,0.0,0.0,-1.0,1.0,0.0,0.15625
0.0,0.0,0.0,0.0,1.0,-1.0,3.0,2.0,0.15625
0.0,0.0,0.0,0.0,1.0,-2.0,3.0,0.0,0.15625
0.0,0.0,0.0,0.0,1.0,-2.0,4.0,2.0,0.15625
0.0,-1.0,0.0,0.0,-1.0,-2.0,2.0,2.0,0.15625
0.0,-1.0,0.0,1.0,-1.0,0.0,2.0,2.0,0.15625
0.0,-1.0,0.0,0.0,-1.0,0.0,0.0,2.0,0.15625
0.0,-1.0,0.0,0.0,0.0,0.0,2.0,2.0,0.15625
0.0,-1.0,0.0,0.0,0.0,0.0,1.0,0.0,0.15625
0.0,-1.0,0.0,0.0,1.0,0.0,3.0,0.0,0.15625
0.0,-2.0,0.0,0.0,-1.0,0.0,1.0,0.0,0.15625
0.0,-2.0,0.0,0.0,0.0,0.0,3.0,0.0,0.15625
0.0,-2.0,0.0,0.0,-1.0,0.0,1.0,-2.0,0.15625
0.0,-2.0,0.0,0.0,-1.0,0.0,2.0,2.0,0.15625
0.0,-2.0,0.0,-1.0,-1.0,0.0,-2.0,0.0,0.15625
0.0,-1.0,0.0,-1.0,1.0,0.0,0.0,0.0,0.15625
0.0,0.0,0.0,0.0,0.0,0.0,1.0,2.0,-0.25
0.0,0.0,0.0,0.0,0.0,-1.0,1.0,0.0,-0.25
0.0,0.0,0.0,0.0,0.0,-1.0,2.0,2.0,-0.25
0.0,0.0,0.0,0.0,0.0,-1.0,1.0,0.0,-0.25
0.0,0.0,0.0,1.0,0.0,1.0,1.0,0.0,-0.25
0.0,0.0,0.0,1.0,0.0,0.0,1.0,-2.0,-0.25
0.0,0.0,0.0,2.0,0.0,2.0,1.0,-2.0,-0.25
0.0,0.0,0.0,2.0,0.0,2.0,0.0,-4.0,-0.25
0.0,0.0,0.0,2.0,0.0,3.0,2.0,-4.0,-0.25
0.0,0.0,0.0,1.0,0.0,3.0,0.0,-4.0,-0.25
0.0,1.0,0.0,3.0,0.0,3.0,0.0,-4.0,-0.25
0.0,0.0,0.0,1.0,0.0,1.0,-2.0,-4.0,-0.25
0.0,0.0,0.0,1.0,0.0,1.0,1.0,2.0,-0.25
0.0,0.0,0.0,1.0,0.0,1.0,0.0,0.0,-0.25
0.0,0.0,0.0,1.0,1.0,1.0,2.0,2.0,-0.25
0.0,0.0,0.0,0.0,1.0,-1.0,-2.0,2.0,-0.25
0.0,0.0,0.0,1.0,1.0,-1.0,0.0,2.0,-0.25
0.0,-1.0,0.0,1.0,-1.0,-1.0,0.0,2.0,-0.25
0.0,0.0,0.0,3.0,1.0,1.0,2.0,2.0,-0.25
0.0,0.0,0.0,0.0,0.0,0.0,1.0,2.0,0.21875
0.0,0.0,0.0,0.0,0.0,-1.0,1.0,0.0,0.21875
0.0,0.0,0.0,1.0,0.0,1.0,1.0,0.0,0.21875
0.0,0.0,0.0,1.0,0.0,1.0,0.0,-2.0,0.21875
0.0,0.0,0.0,1.0,0.0,2.0,2.0,0.0,0.21875
0.0,0.0,0.0,0.0,0.0,2.0,0.0,0.0,0.21875
0.0,0.0,0.0,0.0,0.0,3.0,0.0,4.0,0.21875
0.0,-1.0,0.0,-2.0,0.0,1.0,-2.0,4.0,0.21875
0.0,0.0,0.0,0.0,0.0,1.0,0.0,4.0,0.21875
0.0,0.0,0.0,-1.0,0.0,-1.0,-2.0,4.0,0.21875
0.0,0.0,0.0,0.0,0.0,-1.0,0.0,4.0,0.21875
0.0,0.0,0.0,0.0,0.0,-2.0,0.0,0.0,0.21875
0.0,1.0,0.0,2.0,0.0,0.0,2.0,0.0,0.21875
0.0,0.0,0.0,0.0,0.0,0.0,0.0,0.0,0.21875
0.0,0.0,0.0,0.0,0.0,0.0,1.0,2.0,0.21875
0.0,0.0,0.0,0.0,0.0,0.0,-2.0,0.0,0.21875
0.0,0.0,0.0,1.0,0.0,0.0,0.0,0.0,0.21875
0.0,0.0,0.0,0.0,0.0,-2.0,-2.0,0.0,0.21875
0.0,1.0,0.0,2.0,0.0,-2.0,-2.0,0.0,0.21875
0.0,0.0,0.0,0.0,0.0,0.0,1.0,2.0,0.125
0.0,0.0,0.0,0.0,0.0,-1.0,1.0,0.0,0.125
0.0,0.0,0.0,1.0,0.0,1.0,1.0,0.0,0.125
0.0,0.0,-1.0,1.0,0.0,-1.0,1.0,0.0,0.125
0.0,0.0,-1.0,1.0,0.0,-1.0,2.0,2.0,0.125
0.0,0.0,-1.0,1.0,0.0,-1.0,-1.0,0.0,0.125
1.0,0.0,1.0,1.0,0.0,1.0,-1.0,0.0,0.125
1.0,0.0,1.0,1.0,-1.0,1.0,-3.0,-2.0,0.125
1.0,1.0,1.0,1.0,1.0,1.0,-3.0,-2.0,0.125
1.0,0.0,1.0,-1.0,1.0,-1.0,-3.0,-2.0,0.125
1.0,0.0,1.0,-1.0,2.0,1.0,-1.0,0.0,0.125
1.0,0.0,1.0,-1.0,2.0,0.0,-1.0,-2.0,0.125
1.0,0.0,1.0,-1.0,2.0,1.0,-1.0,0.0,0.125
1.0,0.0,1.0,-1.0,2.0,1.0,-2.0,-2.0,0.125
1.0,0.0,1.0,-1.0,2.0,2.0,0.0,-2.0,0.125
1.0,0.0,1.0,-1.0,-1.0,2.0,0.0,-2.0,0.125
1.0,1.0,1.0,-1.0,1.0,2.0,2.0,-2.0,0.125
1.0,1.0,1.0,-1.0,0.0,2.0,-4.0,-2.0,0.125
1.0,4.0,1.0,-1.0,0.0,2.0,-4.0,-2.0,0.125
0.0,0.0,0.0,0.0,0.0,0.0,1.0,2.0,0.09375
0.0,0.0,0.0,0.0,0.0,-1.0,1.0,0.0,0.09375
0.0,0.0,0.0,0.0,0.0,-1.0,2.0,2.0,0.09375
0.0,0.0,0.0,0.0,0.0,-1.0,-1.0,2.0,0.09375
0.0,0.0,0.0,0.0,1.0,-1.0,1.0,2.0,0.09375
0.0,-1.0,0.0,0.0,-1.0,-1.0,1.0,2.0,0.09375
0.0,-1.0,0.0,0.0,0.0,-1.0,3.0,4.0,0.09375
0.0,-1.0,0.0,0.0,0.0,-2.0,-1.0,4.0,0.09375
0.0,-1.0,0.0,0.0,0.0,-2.0,2.0,4.0,0.09375
0.0,-1.0,0.0,0.0,-1.0,-2.0,-2.0,0.0,0.09375
0.0,-1.0,0.0,1.0,1.0,0.0,0.0,0.0,0.09375
0.0,-1.0,0.0,1.0,1.0,0.0,-1.0,-4.0,0.09375
0.0,0.0,0.0,1.0,3.0,0.0,1.0,0.0,0.09375
0.0,0.0,0.0,-1.0,3.0,-2.0,-2.0,-4.0,0.09375
0.0,0.0,0.0,0.0,3.0,0.0,2.0,-2.0,0.09375
0.0,0.0,0.0,0.0,2.0,0.0,0.0,-2.0,0.09375
0.0,0.0,0.0,0.0,3.0,2.0,2.0,2.0,0.09375
0.0,-1.0,0.0,-2.0,3.0,2.0,0.0,0.0,0.09375
0.0,0.0,0.0,-2.0,5.0,2.0,4.0,0.0,0.09375
0.0,0.0,0.0,0.0,0.0,0.0,1.0,2.0,-0.03125
0.0,0.0,0.0,0.0,0.0,-1.0,1.0,0.0,-0.03125
0.0,0.0,0.0,1.0,0.0,1.0,1.0,0.0,-0.03125
0.0,0.0,0.0,1.0,0.0,1.0,0.0,-2.0,-0.03125
0.0,0.0,0.0,1.0,0.0,2.0,2.0,0.0,-0.03125
0.0,0.0,-1.0,1.0,0.0,0.0,2.0,0.0,-0.03125
0.0,0.0,-1.0,1.0,0.0,0.0,3.0,2.0,-0.03125
0.0,-1.0,-1.0,-1.0,0.0,0.0,3.0,2.0,-0.03125
1.0,-1.0,1.0,-1.0,0.0,2.0,3.0,4.0,-0.03125
1.0,-2.0,-1.0,-1.0,0.0,2.0,3.0,4.0,-0.03125
1.0,-2.0,-1.0,-1.0,0.0,-1.0,3.0,0.0,-0.03125
1.0,-2.0,2.0,-1.0,0.0,3.0,3.0,4.0,-0.03125
1.0,-2.0,2.0,-2.0,0.0,-1.0,-1.0,4.0,-0.03125
1.0,-2.0,2.0,0.0,1.0,-1.0,-1.0,4.0,-0.03125
0.0,-2.0,0.0,0.0,1.0,-3.0,-1.0,0.0,-0.03125
0.0,-1.0,0.0,2.0,1.0,1.0,3.0,0.0,-0.03125
0.0,-1.0,0.0,2.0,0.0,1.0,1.0,0.0,-0.03125
0.0,-1.0,0.0,3.0,0.0,3.0,1.0,0.0,-0.03125
0.0,-2.0,0.0,3.0,-2.0,1.0,1.0,0.0,-0.03125
0.0,0.0,0.0,0.0,0.0,0.0,1.0,2.0,0.5
0.0,0.0,0.0,0.0,0.0,-1.0,1.0,0.0,0.5
0.0,0.0,0.0,1.0,0.0,1.0,1.0,0.0,0.5
0.0,0.0,0.0,1.0,0.0,1.0,0.0,-2.0,0.5
0.0,0.0,0.0,1.0,0.0,2.0,2.0,0.0,0.5
0.0,0.0,-1.0,1.0,0.0,0.0,2.0,0.0,0.5
0.0,0.0,-1.0,1.0,0.0,0.0,3.0,2.0,0.5
0.0,-1.0,-1.0,-1.0,0.0,0.0,3.0,2.0,0.5
1.0,-1.0,1.0,-1.0,0.0,2.0,3.0,4.0,0.5
1.0,-2.0,-1.0,-1.0,0.0,2.0,3.0,4.0,0.5
1.0,-2.0,-1.0,-1.0,0.0,-1.0,3.0,0.0,0.5
1.0,-2.0,2.0,-1.0,0.0,3.0,3.0,4.0,0.5
1.0,-2.0,2.0,-2.0,0.0,-1.0,-1.0,4.0,0.5
1.0,-2.0,2.0,0.0,1.0,-1.0,-1.0,4.0,0.5
0.0,-2.0,0.0,0.0,1.0,-3.0,-1.0,0.0,0.5
0.0,-1.0,0.0,2.0,1.0,1.0,3.0,0.0,0.5
0.0,-1.0,0.0,2.0,0.0,1.0,1.0,0.0,0.5
0.0,-1.0,0.0,3.0,0.0,3.0,1.0,0.0,0.5
0.0,-1.0,0.0,2.0,0.0,3.0,-1.0,0.0,0.5
0.0,0.0,0.0,0.0,0.0,0.0,1.0,2.0,0.28125
0.0,0.0,0.0,0.0,0.0,-1.0,1.0,0.0,0.28125
0.0,0.0,0.0,1.0,0.0,1.0,1.0,0.0,0.28125
0.0,0.0,0.0,1.0,0.0,1.0,0.0,-2.0,0.28125
0.0,0.0,0.0,1.0,0.0,2.0,2.0,0.0,0.28125
0.0,0.0,-1.0,1.0,0.0,0.0,2.0,0.0,0.28125
0.0,0.0,-1.0,1.0,0.0,0.0,3.0,2.0,0.28125
0.0,-1.0,-1.0,-1.0,0.0,0.0,3.0,2.0,0.28125
1.0,-1.0,1.0,-1.0,0.0,2.0,3.0,4.0,0.28125
1.0,-2.0,-1.0,-1.0,0.0,2.0,3.0,4.0,0.28125
1.0,-2.0,-1.0,-1.0,0.0,-1.0,3.0,0.0,0.28125
1.0,-2.0,2.0,-1.0,0.0,3.0,3.0,4.0,0.28125
1.0,-2.0,2.0,-2.0,0.0,-1.0,-1.0,4.0,0.28125
1.0,-2.0,2.0,0.0,1.0,-1.0,-1.0,4.0,0.28125
0.0,-2.0,0.0,0.0,1.0,-3.0,-1.0,0.0,0.28125
0.0,-1.0,0.0,2.0,1.0,1.0,3.0,0.0,0.28125
0.0,-1.0,0.0,2.0,0.0,1.0,1.0,0.0,0.28125
0.0,-1.0,0.0,3.0,0.0,3.0,1.0,0.0,0.28125
0.0,-2.0,0.0,3.0,-2.0,1.0,1.0,0.0,0.28125
0.0,0.0,0.0,0.0,0.0,0.0,1.0,2.0,0.28125
0.0,0.0,0.0,0.0,0.0,-1.0,1.0,0.0,0.28125
0.0,0.0,0.0,1.0,0.0,1.0,1.0,0.0,0.28125
0.0,0.0,0.0,1.0,0.0,1.0,0.0,-2.0,0.28125
0.0,0.0,0.0,1.0,0.0,2.0,2.0,0.0,0.28125
0.0,0.0,-1.0,1.0,0.0,0.0,2.0,0.0,0.28125
0.0,0.0,-1.0,1.0,0.0,0.0,3.0,2.0,0.28125
0.0,-1.0,-1.0,-1.0,0.0,0.0,3.0,2.0,0.28125
1.0,-1.0,1.0,-1.0,0.0,2.0,3.0,4.0,0.28125
1.0,-2.0,-1.0,-1.0,0.0,2.0,3.0,4.0,0.28125
1.0,-2.0,-1.0,-1.0,0.0,-1.0,3.0,0.0,0.28125
1.0,-2.0,2.0,-1.0,0.0,3.0,3.0,4.0,0.28125
1.0,-2.0,2.0,-2.0,0.0,-1.0,-1.0,4.0,0.28125
1.0,-2.0,2.0,-1.0,0.0,-1.0,1.0,4.0,0.28125
1.0,-3.0,2.0,-3.0,0.0,-1.0,1.0,4.0,0.28125
1.0,-2.0,2.0,-1.0,0.0,1.0,1.0,4.0,0.28125
0.0,-2.0,0.0,-1.0,0.0,-1.0,1.0,0.0,0.28125
0.0,-2.0,0.0,0.0,0.0,-1.0,3.0,0.0,0.28125
0.0,-2.0,0.0,0.0,0.0,-3.0,0.0,-2.0,0.28125
0.0,0.0,0.0,0.0,0.0,0.0,1.0,2.0,-0.09375
0.0,0.0,0.0,0.0,0.0,-1.0,1.0,0.0,-0.09375
0.0,0.0,0.0,1.0,0.0,1.0,1.0,0.0,-0.09375
0.0,0.0,0.0,1.0,0.0,1.0,0.0,-2.0,-0.09375
0.0,0.0,0.0,1.0,0.0,2.0,2.0,0.0,-0.09375
0.0,0.0,-1.0,1.0,0.0,0.0,2.0,0.0,-0.09375
0.0,0.0,-1.0,1.0,0.0,0.0,3.0,2.0,-0.09375
0.0,-1.0,-1.0,-1.0,0.0,0.0,3.0,2.0,-0.09375
1.0,-1.0,1.0,-1.0,0.0,2.0,3.0,4.0,-0.09375
1.0,-2.0,-1.0,-1.0,0.0,2.0,3.0,4.0,-0.09375
1.0,-2.0,-1.0,-1.0,0.0,-1.0,3.0,0.0,-0.09375
1.0,-2.0,2.0,-1.0,0.0,3.0,3.0,4.0,-0.09375
1.0,-2.0,2.0,-2.0,0.0,-1.0,-1.0,4.0,-0.09375
1.0,-2.0,2.0,0.0,1.0,-1.0,-1.0,4.0,-0.09375
0.0,-2.0,0.0,0.0,1.0,-3.0,-1.0,0.0,-0.09375
0.0,-1.0,0.0,2.0,1.0,1.0,3.0,0.0,-0.09375
0.0,-1.0,0.0,2.0,0.0,1.0,1.0,0.0,-0.09375
0.0,-1.0,0.0,3.0,0.0,3.0,1.0,0.0,-0.09375
0.0,-1.0,0.0,2.0,0.0,3.0,-1.0,-2.0,-0.09375
0.0,0.0,0.0,0.0,0.0,0.0,1.0,2.0,0.125
0.0,0.0,0.0,0.0,0.0,-1.0,1.0,0.0,0.125
0.0,0.0,0.0,1.0,0.0,1.0,1.0,0.0,0.125
0.0,0.0,0.0,1.0,0.0,1.0,0.0,-2.0,0.125
0.0,0.0,0.0,1.0,0.0,2.0,2.0,0.0,0.125
0.0,0.0,-1.0,1.0,0.0,0.0,2.0,0.0,0.125
0.0,0.0,-1.0,1.0,0.0,0.0,3.0,2.0,0.125
0.0,-1.0,-1.0,-1.0,0.0,0.0,3.0,2.0,0.125
1.0,-1.0,1.0,-1.0,0.0,2.0,3.0,4.0,0.125
1.0,-2.0,-1.0,-1.0,0.0,2.0,3.0,4.0,0.125
1.0,-2.0,-1.0,-1.0,0.0,-1.0,3.0,0.0,0.125
1.0,-2.0,2.0,-1.0,0.0,3.0,3.0,4.0,0.125
1.0,-2.0,2.0,-2.0,0.0,-1.0,-1.0,4.0,0.125
1.0,-2.0,2.0,0.0,1.0,-1.0,-1.0,4.0,0.125
0.0,-2.0,0.0,0.0,1.0,-3.0,-1.0,0.0,0.125
0.0,-1.0,0.0,2.0,1.0,1.0,3.0,0.0,0.125
0.0,-1.0,0.0,2.0,0.0,1.0,1.0,0.0,0.125
0.0,-1.0,0.0,3.0,0.0,3.0,1.0,0.0,0.125
0.0,-2.0,0.0,3.0,-2.0,1.0,1.0,0.0,0.125
0.0,0.0,0.0,0.0,0.0,0.0,1.0,2.0,0.71875
0.0,0.0,0.0,0.0,0.0,-1.0,1.0,0.0,0.71875
0.0,0.0,0.0,1.0,0.0,1.0,1.0,0.0,0.71875
0.0,0.0,0.0,1.0,0.0,1.0,0.0,-2.0,0.71875
0.0,0.0,0.0,1.0,0.0,2.0,2.0,0.0,0.71875
0.0,0.0,-1.0,1.0,0.0,0.0,2.0,0.0,0.71875
0.0,0.0,-1.0,1.0,0.0,0.0,3.0,2.0,0.71875
0.0,-1.0,-1.0,-1.0,0.0,0.0,3.0,2.0,0.71875
0.0,-1.0,-1.0,-1.0,0.0,1.0,3.0,4.0,0.71875
0.0,-1.0,-2.0,-1.0,0.0,-1.0,3.0,0.0,0.71875
0.0,-1.0,-2.0,-1.0,0.0,-1.0,4.0,2.0,0.71875
0.0,-1.0,-2.0,-1.0,0.0,-1.0,1.0,0.0,0.71875
1.0,-1.0,0.0,-1.0,0.0,1.0,1.0,0.0,0.71875
1.0,-1.0,0.0,-2.0,0.0,1.0,-1.0,0.0,0.71875
2.0,-1.0,2.0,-2.0,0.0,3.0,-1.0,2.0,0.71875
2.0,-2.0,0.0,-2.0,0.0,3.0,-1.0,2.0,0.71875
2.0,-2.0,0.0,-2.0,1.0,3.0,3.0,2.0,0.71875
2.0,-2.0,0.0,-3.0,1.0,3.0,1.0,2.0,0.71875
2.0,-2.0,0.0,-3.0,2.0,3.0,3.0,2.0,0.71875
0.0,0.0,0.0,0.0,0.0,0.0,1.0,2.0,0.0
0.0,0.0,0.0,0.0,0.0,-1.0,1.0,0.0,0.0
0.0,0.0,0.0,1.0,0.0,1.0,1.0,0.0,0.0
0.0,0.0,0.0,1.0,0.0,1.0,0.0,-2.0,0.0
0.0,0.0,0.0,1.0,0.0,2.0,2.0,0.0,0.0
0.0,0.0,-1.0,1.0,0.0,0.0,2.0,0.0,0.0
0.0,0.0,-1.0,1.0,0.0,0.0,3.0,2.0,0.0
0.0,-1.0,-1.0,-1.0,0.0,0.0,3.0,2.0,0.0
1.0,-1.0,1.0,-1.0,0.0,2.0,3.0,4.0,0.0
1.0,-2.0,-1.0,-1.0,0.0,2.0,3.0,4.0,0.0
1.0,-2.0,-1.0,-1.0,0.0,-1.0,3.0,0.0,0.0
1.0,-2.0,2.0,-1.0,0.0,3.0,3.0,4.0,0.0
1.0,-2.0,2.0,-2.0,0.0,-1.0,-1.0,4.0,0.0
1.0,-2.0,2.0,0.0,1.0,-1.0,-1.0,4.0,0.0
0.0,-2.0,0.0,0.0,1.0,-3.0,-1.0,0.0,0.0
0.0,-2.0,1.0,0.0,1.0,-1.0,-1.0,0.0,0.0
0.0,-3.0,1.0,0.0,-1.0,-1.0,-1.0,0.0,0.0
0.0,-3.0,1.0,0.0,-1.0,-1.0,0.0,2.0,0.0
0.0,-3.0,1.0,0.0,-1.0,-1.0,-3.0,0.0,0.0
0.0,0.0,0.0,0.0,0.0,0.0,1.0,2.0,0.28125
0.0,0.0,0.0,0.0,0.0,-1.0,1.0,0.0,0.28125
0.0,0.0,0.0,1.0,0.0,1.0,1.0,0.0,0.28125
0.0,0.0,0.0,1.0,0.0,1.0,0.0,-2.0,0.28125
0.0,0.0,0.0,1.0,0.0,2.0,2.0,0.0,0.28125
0.0,0.0,-1.0,1.0,0.0,0.0,2.0,0.0,0.28125
0.0,0.0,-1.0,1.0,0.0,0.0,3.0,2.0,0.28125
0.0,0.0,-1.0,1.0,0.0,-1.0,3.0,0.0,0.28125
0.0,0.0,-1.0,2.0,0.0,1.0,3.0,0.0,0.28125
0.0,-1.0,-1.0,0.0,0.0,1.0,3.0,0.0,0.28125
1.0,-1.0,1.0,0.0,0.0,3.0,3.0,4.0,0.28125
1.0,-2.0,-1.0,0.0,0.0,3.0,3.0,4.0,0.28125
1.0,-2.0,-1.0,-1.0,0.0,-1.0,-1.0,4.0,0.28125
1.0,-2.0,-1.0,0.0,0.0,-1.0,1.0,4.0,0.28125
1.0,-2.0,-1.0,0.0,0.0,-1.0,0.0,2.0,0.28125
1.0,-1.0,1.0,0.0,0.0,-1.0,0.0,2.0,0.28125
1.0,-1.0,1.0,0.0,-1.0,-1.0,-2.0,-2.0,0.28125
1.0,0.0,1.0,2.0,-1.0,1.0,0.0,-2.0,0.28125
1.0,-1.0,1.0,0.0,-1.0,-1.0,0.0,-2.0,0.28125
0.0,0.0,0.0,0.0,0.0,0.0,1.0,2.0,-0.71875
0.0,0.0,0.0,0.0,0.0,0.0,0.0,0.0,-0.71875
0.0,0.0,0.0,0.0,0.0,0.0,1.0,2.0,-0.71875
0.0,0.0,0.0,0.0,0.0,-1.0,1.0,0.0,-0.71875
0.0,0.0,0.0,0.0,1.0,-1.0,3.0,2.0,-0.71875
0.0,0.0,0.0,0.0,1.0,-2.0,3.0,0.0,-0.71875
0.0,0.0,0.0,0.0,1.0,-2.0,4.0,2.0,-0.71875
0.0,-1.0,0.0,0.0,-1.0,-2.0,2.0,2.0,-0.71875
0.0,-1.0,0.0,1.0,-1.0,0.0,2.0,2.0,-0.71875
0.0,-1.0,0.0,0.0,-1.0,0.0,0.0,0.0,-0.71875
0.0,-1.0,0.0,0.0,0.0,0.0,2.0,0.0,-0.71875
0.0,-2.0,0.0,-2.0,0.0,0.0,2.0,0.0,-0.71875
0.0,-1.0,0.0,0.0,0.0,0.0,2.0,0.0,-0.71875
0.0,-1.0,0.0,0.0,0.0,-3.0,-2.0,0.0,-0.71875
0.0,-1.0,0.0,0.0,0.0,-1.0,-1.0,0.0,-0.71875
0.0,-1.0,0.0,0.0,-1.0,-1.0,-3.0,-2.0,-0.71875
0.0,0.0,0.0,2.0,-1.0,-1.0,-1.0,-2.0,-0.71875
0.0,-1.0,0.0,2.0,-3.0,-3.0,-1.0,-2.0,-0.71875
0.0,-1.0,0.0,2.0,-1.0,-3.0,2.0,4.0,-0.71875
0.0,0.0,0.0,0.0,0.0,0.0,1.0,2.0,-0.09375
0.0,0.0,0.0,0.0,0.0,-1.0,1.0,0.0,-0.09375
0.0,0.0,0.0,1.0,0.0,1.0,1.0,0.0,-0.09375
0.0,0.0,0.0,1.0,0.0,1.0,0.0,-2.0,-0.09375
0.0,0.0,0.0,1.0,0.0,2.0,2.0,0.0,-0.09375
0.0,0.0,-1.0,1.0,0.0,0.0,2.0,0.0,-0.09375
0.0,0.0,-1.0,1.0,0.0,0.0,3.0,2.0,-0.09375
0.0,-1.0,-1.0,-1.0,0.0,0.0,3.0,2.0,-0.09375
1.0,-1.0,1.0,-1.0,0.0,2.0,3.0,4.0,-0.09375
1.0,-2.0,-1.0,-1.0,0.0,2.0,3.0,4.0,-0.09375
1.0,-2.0,-1.0,-1.0,0.0,-1.0,3.0,0.0,-0.09375
1.0,-2.0,2.0,-1.0,0.0,3.0,3.0,4.0,-0.09375
1.0,-2.0,2.0,-2.0,0.0,-1.0,-1.0,4.0,-0.09375
1.0,-2.0,2.0,0.0,1.0,-1.0,-1.0,4.0,-0.09375
0.0,-2.0,0.0,0.0,1.0,-3.0,-1.0,0.0,-0.09375
0.0,-1.0,0.0,2.0,1.0,1.0,3.0,0.0,-0.09375
0.0,-1.0,0.0,2.0,0.0,1.0,1.0,0.0,-0.09375
0.0,-1.0,0.0,3.0,0.0,3.0,1.0,0.0,-0.09375
0.0,-2.0,0.0,3.0,-2.0,1.0,1.0,0.0,-0.09375
0.0,0.0,0.0,0.0,0.0,0.0,1.0,2.0,0.46875
0.0,0.0,0.0,0.0,0.0,-1.0,1.0,0.0,0.46875
0.0,0.0,0.0,1.0,0.0,1.0,1.0,0.0,0.46875
0.0,0.0,0.0,1.0,0.0,1.0,0.0,-2.0,0.46875
0.0,0.0,0.0,1.0,0.0,2.0,2.0,0.0,0.46875
0.0,0.0,-1.0,1.0,0.0,0.0,2.0,0.0,0.46875
0.0,0.0,-1.0,1.0,0.0,0.0,3.0,2.0,0.46875
0.0,-1.0,-1.0,-1.0,0.0,0.0,3.0,2.0,0.46875
1.0,-1.0,1.0,-1.0,0.0,2.0,3.0,4.0,0.46875
1.0,-2.0,-1.0,-1.0,0.0,2.0,3.0,4.0,0.46875
1.0,-2.0,-1.0,-1.0,0.0,-1.0,3.0,0.0,0.46875
1.0,-2.0,2.0,-1.0,0.0,3.0,3.0,4.0,0.46875
1.0,-2.0,2.0,-2.0,0.0,-1.0,-1.0,4.0,0.46875
1.0,-2.0,2.0,0.0,1.0,-1.0,-1.0,4.0,0.46875
0.0,-2.0,0.0,0.0,1.0,-3.0,-1.0,0.0,0.46875
0.0,-1.0,0.0,2.0,1.0,1.0,3.0,0.0,0.46875
0.0,-1.0,0.0,2.0,0.0,1.0,1.0,0.0,0.46875
0.0,-1.0,0.0,3.0,0.0,3.0,1.0,0.0,0.46875
0.0,-2.0,0.0,3.0,-2.0,1.0,1.0,0.0,0.46875
0.0,0.0,0.0,0.0,0.0,0.0,1.0,2.0,-0.34375
0.0,0.0,0.0,0.0,0.0,-1.0,1.0,0.0,-0.34375
0.0,0.0,0.0,1.0,0.0,1.0,1.0,0.0,-0.34375
0.0,0.0,0.0,1.0,0.0,1.0,0.0,-2.0,-0.34375
0.0,0.0,0.0,1.0,0.0,2.0,2.0,0.0,-0.34375
0.0,0.0,-1.0,1.0,0.0,0.0,2.0,0.0,-0.34375
0.0,0.0,-1.0,1.0,0.0,0.0,3.0,2.0,-0.34375
0.0,-1.0,-1.0,-1.0,0.0,0.0,3.0,2.0,-0.34375
1.0,-1.0,1.0,-1.0,0.0,2.0,3.0,4.0,-0.34375
1.0,-2.0,-1.0,-1.0,0.0,2.0,3.0,4.0,-0.34375
1.0,-2.0,-1.0,-1.0,0.0,-1.0,3.0,0.0,-0.34375
1.0,-2.0,2.0,-1.0,0.0,3.0,3.0,4.0,-0.34375
1.0,-2.0,2.0,-2.0,0.0,-1.0,-1.0,4.0,-0.34375
1.0,-2.0,2.0,0.0,1.0,-1.0,-1.0,4.0,-0.34375
0.0,-2.0,0.0,0.0,1.0,-3.0,-1.0,0.0,-0.34375
0.0,-1.0,0.0,2.0,1.0,1.0,3.0,0.0,-0.34375
0.0,-1.0,0.0,2.0,0.0,1.0,1.0,0.0,-0.34375
0.0,-1.0,0.0,3.0,0.0,3.0,1.0,0.0,-0.34375
0.0,-2.0,0.0,3.0,-2.0,1.0,1.0,0.0,-0.34375
0.0,0.0,0.0,0.0,0.0,0.0,1.0,2.0,0.890625
0.0,0.0,0.0,0.0,0.0,-1.0,1.0,0.0,0.890625
0.0,0.0,0.0,1.0,0.0,1.0,1.0,0.0,0.890625
0.0,0.0,0.0,1.0,0.0,1.0,0.0,-2.0,0.890625
0.0,0.0,0.0,1.0,0.0,2.0,2.0,0.0,0.890625
0.0,0.0,-1.0,1.0,0.0,0.0,2.0,0.0,0.890625
0.0,0.0,-1.0,1.0,0.0,0.0,3.0,2.0,0.890625
0.0,-1.0,-1.0,-1.0,0.0,0.0,3.0,2.0,0.890625
1.0,-1.0,1.0,-1.0,0.0,2.0,3.0,4.0,0.890625
1.0,-2.0,-1.0,-1.0,0.0,2.0,3.0,4.0,0.890625
1.0,-2.0,-1.0,-2.0,0.0,-2.0,-1.0,4.0,0.890625
1.0,-2.0,-1.0,-1.0,0.0,-2.0,1.0,4.0,0.890625
1.0,-2.0,-1.0,-3.0,-1.0,-2.0,1.0,4.0,0.890625
1.0,-1.0,-1.0,-1.0,-1.0,-2.0,1.0,4.0,0.890625
1.0,-2.0,-1.0,-3.0,-1.0,-2.0,1.0,4.0,0.890625
1.0,3.0,-1.0,-3.0,-1.0,-2.0,1.0,4.0,0.890625
1.0,3.0,-1.0,-3.0,-2.0,-2.0,-1.0,0.0,0.890625
1.0,4.0,-1.0,1.0,-2.0,-2.0,-1.0,0.0,0.890625
1.0,4.0,-1.0,1.0,-2.0,-2.0,-2.0,-4.0,0.890625
0.0,0.0,0.0,0.0,0.0,0.0,1.0,2.0,0.625
0.0,0.0,0.0,0.0,0.0,-1.0,1.0,0.0,0.625
0.0,0.0,0.0,1.0,0.0,1.0,1.0,0.0,0.625
0.0,0.0,0.0,1.0,0.0,1.0,0.0,-2.0,0.625
0.0,0.0,0.0,1.0,0.0,2.0,2.0,0.0,0.625
0.0,0.0,-1.0,1.0,0.0,0.0,2.0,0.0,0.625
0.0,0.0,-1.0,1.0,0.0,0.0,3.0,2.0,0.625
0.0,-1.0,-1.0,-1.0,0.0,0.0,3.0,2.0,0.625
1.0,-1.0,1.0,-1.0,0.0,2.0,3.0,4.0,0.625
1.0,-2.0,-1.0,-1.0,0.0,2.0,3.0,4.0,0.625
1.0,-2.0,-1.0,-1.0,0.0,-1.0,3.0,0.0,0.625
1.0,-2.0,2.0,-1.0,0.0,3.0,3.0,4.0,0.625
1.0,-2.0,2.0,-2.0,0.0,-1.0,-1.0,4.0,0.625
1.0,-2.0,2.0,0.0,1.0,-1.0,-1.0,4.0,0.625
0.0,-2.0,0.0,0.0,1.0,-3.0,-1.0,0.0,0.625
0.0,-1.0,0.0,2.0,1.0,1.0,3.0,0.0,0.625
0.0,-1.0,0.0,2.0,0.0,1.0,1.0,0.0,0.625
0.0,-1.0,0.0,3.0,0.0,3.0,1.0,0.0,0.625
0.0,-2.0,0.0,3.0,-2.0,1.0,1.0,0.0,0.625
0.0,0.0,0.0,0.0,0.0,0.0,1.0,2.0,-0.09375
0.0,0.0,0.0,0.0,0.0,-1.0,1.0,0.0,-0.09375
0.0,0.0,0.0,1.0,0.0,1.0,1.0,0.0,-0.09375
0.0,0.0,0.0,1.0,0.0,1.0,0.0,-2.0,-0.09375
0.0,0.0,0.0,1.0,0.0,2.0,2.0,0.0,-0.09375
0.0,0.0,-1.0,1.0,0.0,0.0,2.0,0.0,-0.09375
0.0,0.0,-1.0,1.0,0.0,0.0,3.0,2.0,-0.09375
0.0,-1.0,-1.0,-1.0,0.0,0.0,3.0,2.0,-0.09375
1.0,-1.0,1.0,-1.0,0.0,2.0,3.0,4.0,-0.09375
1.0,-2.0,-1.0,-1.0,0.0,2.0,3.0,4.0,-0.09375
1.0,-2.0,-1.0,-1.0,0.0,-1.0,3.0,0.0,-0.09375
1.0,-2.0,2.0,-1.0,0.0,3.0,3.0,4.0,-0.09375
1.0,-2.0,2.0,-2.0,0.0,-1.0,-1.0,4.0,-0.09375
1.0,-2.0,2.0,0.0,1.0,-1.0,-1.0,4.0,-0.09375
0.0,-2.0,0.0,0.0,1.0,-3.0,-1.0,0.0,-0.09375
0.0,-1.0,0.0,2.0,1.0,1.0,3.0,0.0,-0.09375
0.0,-1.0,0.0,2.0,0.0,1.0,1.0,0.0,-0.09375
0.0,0.0,0.0,2.0,2.0,1.0,3.0,2.0,-0.09375
0.0,-3.0,0.0,2.0,2.0,1.0,3.0,2.0,-0.09375
0.0,0.0,0.0,0.0,0.0,0.0,1.0,2.0,-0.09375
0.0,0.0,0.0,0.0,0.0,-1.0,1.0,0.0,-0.09375
0.0,0.0,0.0,1.0,0.0,1.0,1.0,0.0,-0.09375
0.0,0.0,0.0,1.0,0.0,1.0,0.0,-2.0,-0.09375
0.0,0.0,0.0,1.0,0.0,2.0,2.0,0.0,-0.09375
0.0,0.0,-1.0,1.0,0.0,0.0,2.0,0.0,-0.09375
0.0,0.0,-1.0,1.0,0.0,0.0,3.0,2.0,-0.09375
0.0,-1.0,-1.0,-1.0,0.0,0.0,3.0,2.0,-0.09375
1.0,-1.0,1.0,-1.0,0.0,2.0,3.0,4.0,-0.09375
1.0,-2.0,-1.0,-1.0,0.0,2.0,3.0,4.0,-0.09375
1.0,-2.0,-1.0,-1.0,0.0,-1.0,3.0,0.0,-0.09375
1.0,-2.0,2.0,-1.0,0.0,3.0,3.0,4.0,-0.09375
1.0,-2.0,2.0,-2.0,0.0,-1.0,-1.0,4.0,-0.09375
1.0,-2.0,2.0,0.0,1.0,-1.0,-1.0,4.0,-0.09375
0.0,-2.0,0.0,0.0,1.0,-3.0,-1.0,0.0,-0.09375
0.0,-1.0,0.0,2.0,1.0,1.0,3.0,0.0,-0.09375
0.0,-1.0,0.0,2.0,0.0,1.0,1.0,0.0,-0.09375
0.0,-1.0,0.0,3.0,0.0,3.0,1.0,0.0,-0.09375
0.0,-2.0,0.0,3.0,-2.0,1.0,1.0,0.0,-0.09375
0.0,0.0,0.0,0.0,0.0,0.0,1.0,2.0,-0.15625
0.0,0.0,0.0,0.0,0.0,-1.0,1.0,0.0,-0.15625
0.0,0.0,0.0,1.0,0.0,1.0,1.0,0.0,-0.15625
0.0,0.0,0.0,1.0,0.0,1.0,0.0,-2.0,-0.15625
0.0,0.0,0.0,1.0,0.0,2.0,2.0,0.0,-0.15625
0.0,0.0,-1.0,1.0,0.0,0.0,2.0,0.0,-0.15625
0.0,0.0,-1.0,1.0,0.0,0.0,3.0,2.0,-0.15625
0.0,-1.0,-1.0,-1.0,0.0,0.0,3.0,2.0,-0.15625
1.0,-1.0,1.0,-1.0,0.0,2.0,3.0,4.0,-0.15625
1.0,-2.0,-1.0,-1.0,0.0,2.0,3.0,4.0,-0.15625
1.0,-2.0,-1.0,-1.0,0.0,-1.0,3.0,0.0,-0.15625
1.0,-2.0,2.0,-1.0,0.0,3.0,3.0,4.0,-0.15625
1.0,-2.0,2.0,-2.0,0.0,-1.0,-1.0,4.0,-0.15625
1.0,-2.0,2.0,0.0,1.0,-1.0,-1.0,4.0,-0.15625
0.0,-2.0,0.0,0.0,1.0,-3.0,-1.0,0.0,-0.15625
0.0,-1.0,0.0,2.0,1.0,1.0,3.0,0.0,-0.15625
0.0,-1.0,0.0,2.0,0.0,1.0,1.0,0.0,-0.15625
0.0,-1.0,0.0,3.0,0.0,3.0,1.0,0.0,-0.15625
0.0,-1.0,0.0,3.0,0.0,3.0,-2.0,-2.0,-0.15625
0.0,0.0,0.0,0.0,0.0,0.0,1.0,2.0,0.796875
0.0,0.0,0.0,0.0,0.0,-1.0,1.0,0.0,0.796875
0.0,0.0,0.0,1.0,0.0,1.0,1.0,0.0,0.796875
0.0,0.0,0.0,1.0,-1.0,1.0,-1.0,0.0,0.796875
0.0,1.0,0.0,1.0,1.0,1.0,1.0,2.0,0.796875
0.0,1.0,0.0,1.0,1.0,1.0,0.0,0.0,0.796875
0.0,1.0,0.0,1.0,1.0,1.0,3.0,2.0,0.796875
0.0,1.0,0.0,0.0,1.0,1.0,1.0,2.0,0.796875
0.0,1.0,0.0,0.0,2.0,1.0,3.0,2.0,0.796875
0.0,1.0,-1.0,0.0,2.0,-1.0,3.0,0.0,0.796875
0.0,1.0,-1.0,0.0,2.0,-1.0,4.0,2.0,0.796875
0.0,1.0,-1.0,0.0,2.0,-1.0,1.0,0.0,0.796875
0.0,1.0,-1.0,0.0,2.0,-1.0,4.0,4.0,0.796875
0.0,1.0,-1.0,0.0,2.0,-1.0,1.0,2.0,0.796875
1.0,1.0,1.0,0.0,2.0,1.0,1.0,2.0,0.796875
1.0,1.0,1.0,-1.0,2.0,1.0,-1.0,0.0,0.796875
1.0,1.0,1.0,-1.0,2.0,2.0,3.0,0.0,0.796875
1.0,0.0,1.0,-3.0,2.0,0.0,1.0,0.0,0.796875
1.0,1.0,1.0,-1.0,2.0,0.0,1.0,0.0,0.796875
0.0,0.0,0.0,0.0,0.0,0.0,1.0,2.0,0.0
0.0,0.0,0.0,0.0,0.0,-1.0,1.0,0.0,0.0
0.0,0.0,0.0,1.0,0.0,1.0,1.0,0.0,0.0
0.0,0.0,0.0,1.0,0.0,1.0,0.0,-2.0,0.0
0.0,0.0,0.0,1.0,0.0,2.0,2.0,0.0,0.0
0.0,0.0,-1.0,1.0,0.0,0.0,2.0,0.0,0.0
0.0,0.0,-1.0,1.0,0.0,0.0,3.0,2.0,0.0
0.0,0.0,-1.0,-1.0,-1.0,0.0,3.0,2.0,0.0
0.0,1.0,-1.0,1.0,-1.0,2.0,3.0,2.0,0.0
0.0,1.0,-1.0,1.0,-1.0,2.0,2.0,0.0,0.0
0.0,2.0,-1.0,1.0,1.0,2.0,2.0,0.0,0.0
0.0,2.0,-1.0,-1.0,-2.0,2.0,2.0,0.0,0.0
1.0,2.0,1.0,-1.0,-2.0,2.0,2.0,0.0,0.0
1.0,2.0,1.0,-1.0,-2.0,2.0,1.0,-4.0,0.0
1.0,2.0,1.0,2.0,2.0,2.0,1.0,-4.0,0.0
1.0,2.0,1.0,2.0,1.0,2.0,-3.0,-4.0,0.0
1.0,2.0,1.0,2.0,1.0,2.0,-2.0,0.0,0.0
1.0,2.0,1.0,1.0,1.0,0.0,-2.0,0.0,0.0
1.0,3.0,1.0,3.0,1.0,2.0,2.0,0.0,0.0
0.0,0.0,0.0,0.0,0.0,0.0,1.0,2.0,0.28125
0.0,0.0,0.0,0.0,0.0,-1.0,1.0,0.0,0.28125
0.0,0.0,0.0,1.0,0.0,1.0,1.0,0.0,0.28125
0.0,0.0,0.0,1.0,0.0,1.0,0.0,-2.0,0.28125
0.0,0.0,0.0,1.0,0.0,2.0,2.0,0.0,0.28125
0.0,0.0,-1.0,1.0,0.0,0.0,2.0,0.0,0.28125
0.0,0.0,-1.0,1.0,0.0,0.0,3.0,2.0,0.28125
0.0,0.0,-1.0,0.0,0.0,-2.0,-1.0,2.0,0.28125
1.0,0.0,1.0,0.0,0.0,0.0,-1.0,4.0,0.28125
1.0,0.0,1.0,0.0,0.0,-1.0,-1.0,0.0,0.28125
1.0,1.0,1.0,2.0,0.0,1.0,3.0,0.0,0.28125
1.0,1.0,0.0,2.0,0.0,-1.0,3.0,0.0,0.28125
1.0,1.0,0.0,2.0,0.0,-1.0,4.0,2.0,0.28125
1.0,0.0,0.0,0.0,0.0,-3.0,0.0,2.0,0.28125
1.0,1.0,0.0,2.0,0.0,-3.0,0.0,2.0,0.28125
1.0,1.0,0.0,2.0,0.0,-3.0,-1.0,-2.0,0.28125
1.0,1.0,0.0,3.0,0.0,-1.0,1.0,-2.0,0.28125
1.0,1.0,-1.0,3.0,0.0,-3.0,1.0,-2.0,0.28125
1.0,2.0,1.0,3.0,0.0,-3.0,1.0,-2.0,0.28125
0.0,0.0,0.0,0.0,0.0,0.0,1.0,2.0,0.25
0.0,0.0,0.0,0.0,0.0,-1.0,1.0,0.0,0.25
0.0,0.0,0.0,1.0,0.0,1.0,1.0,0.0,0.25
0.0,0.0,0.0,1.0,0.0,1.0,0.0,-2.0,0.25
0.0,0.0,0.0,1.0,0.0,2.0,2.0,0.0,0.25
0.0,0.0,-1.0,1.0,0.0,0.0,2.0,0.0,0.25
0.0,0.0,-1.0,1.0,0.0,0.0,3.0,2.0,0.25
0.0,-1.0,-1.0,-1.0,0.0,0.0,3.0,2.0,0.25
1.0,-1.0,1.0,-1.0,0.0,2.0,3.0,4.0,0.25
1.0,-2.0,-1.0,-1.0,0.0,2.0,3.0,4.0,0.25
1.0,-2.0,-1.0,-1.0,0.0,-1.0,3.0,0.0,0.25
1.0,-2.0,2.0,-1.0,0.0,3.0,3.0,4.0,0.25
1.0,-2.0,2.0,-2.0,0.0,-1.0,-1.0,4.0,0.25
1.0,-2.0,2.0,0.0,1.0,-1.0,-1.0,4.0,0.25
0.0,-2.0,0.0,0.0,1.0,-3.0,-1.0,0.0,0.25
0.0,-1.0,0.0,2.0,1.0,1.0,3.0,0.0,0.25
0.0,-1.0,0.0,2.0,0.0,1.0,1.0,0.0,0.25
0.0,-1.0,0.0,3.0,0.0,3.0,1.0,0.0,0.25
0.0,-2.0,0.0,3.0,-2.0,1.0,1.0,0.0,0.25
0.0,0.0,0.0,0.0,0.0,0.0,1.0,2.0,0.15625
0.0,0.0,0.0,0.0,0.0,-1.0,1.0,0.0,0.15625
0.0,0.0,0.0,1.0,0.0,1.0,1.0,0.0,0.15625
0.0,0.0,0.0,1.0,0.0,1.0,0.0,-2.0,0.15625
0.0,0.0,0.0,1.0,0.0,2.0,2.0,0.0,0.15625
0.0,0.0,0.0,1.0,0.0,2.0,1.0,-2.0,0.15625
0.0,0.0,0.0,1.0,0.0,2.0,4.0,2.0,0.15625
0.0,0.0,0.0,0.0,0.0,2.0,2.0,2.0,0.15625
0.0,1.0,0.0,2.0,0.0,2.0,2.0,2.0,0.15625
0.0,0.0,0.0,0.0,0.0,0.0,0.0,2.0,0.15625
0.0,0.0,0.0,0.0,1.0,0.0,4.0,4.0,0.15625
0.0,0.0,0.0,0.0,1.0,-1.0,4.0,0.0,0.15625
0.0,0.0,0.0,0.0,1.0,-1.0,5.0,2.0,0.15625
0.0,0.0,0.0,-1.0,1.0,-3.0,-1.0,2.0,0.15625
0.0,1.0,0.0,1.0,1.0,-3.0,-1.0,2.0,0.15625
-1.0,-1.0,0.0,1.0,1.0,-3.0,-1.0,2.0,0.15625
-1.0,0.0,0.0,3.0,1.0,1.0,3.0,2.0,0.15625
-1.0,0.0,-1.0,3.0,1.0,-1.0,3.0,0.0,0.15625
-1.0,0.0,-1.0,3.0,1.0,-1.0,6.0,2.0,0.15625
0.0,0.0,0.0,0.0,0.0,0.0,1.0,2.0,0.375
0.0,0.0,0.0,0.0,0.0,-1.0,1.0,0.0,0.375
0.0,0.0,0.0,1.0,0.0,1.0,1.0,0.0,0.375
0.0,0.0,0.0,1.0,0.0,1.0,0.0,-2.0,0.375
0.0,0.0,0.0,1.0,0.0,2.0,2.0,0.0,0.375
0.0,0.0,-1.0,1.0,0.0,0.0,2.0,0.0,0.375
0.0,0.0,-1.0,1.0,0.0,0.0,3.0,2.0,0.375
0.0,-1.0,-1.0,-1.0,0.0,0.0,3.0,2.0,0.375
1.0,-1.0,1.0,-1.0,0.0,2.0,3.0,4.0,0.375
1.0,-2.0,-1.0,-1.0,0.0,2.0,3.0,4.0,0.375
1.0,-2.0,-1.0,-1.0,0.0,-1.0,3.0,0.0,0.375
1.0,-2.0,2.0,-1.0,0.0,3.0,3.0,4.0,0.375
1.0,-2.0,2.0,-2.0,0.0,-1.0,-1.0,4.0,0.375
1.0,-2.0,2.0,0.0,1.0,-1.0,-1.0,4.0,0.375
0.0,-2.0,0.0,0.0,1.0,-3.0,-1.0,0.0,0.375
0.0,-1.0,0.0,2.0,1.0,1.0,3.0,0.0,0.375
0.0,-1.0,0.0,2.0,0.0,1.0,1.0,0.0,0.375
0.0,-1.0,0.0,3.0,0.0,3.0,1.0,0.0,0.375
0.0,-2.0,0.0,3.0,-2.0,1.0,1.0,0.0,0.375
0.0,0.0,0.0,0.0,0.0,0.0,1.0,2.0,0.5625
0.0,0.0,0.0,0.0,0.0,-1.0,1.0,0.0,0.5625
0.0,0.0,0.0,1.0,0.0,1.0,1.0,0.0,0.5625
0.0,0.0,0.0,1.0,0.0,1.0,0.0,-2.0,0.5625
0.0,0.0,0.0,1.0,0.0,2.0,0.0,2.0,0.5625
0.0,0.0,0.0,1.0,0.0,2.0,-1.0,0.0,0.5625
0.0,0.0,0.0,1.0,1.0,2.0,1.0,2.0,0.5625
0.0,0.0,0.0,1.0,0.0,2.0,-1.0,-2.0,0.5625
0.0,0.0,0.0,1.0,0.0,2.0,0.0,0.0,0.5625
0.0,-1.0,0.0,-1.0,0.0,0.0,0.0,0.0,0.5625
0.0,0.0,0.0,-1.0,2.0,0.0,2.0,0.0,0.5625
0.0,0.0,0.0,-1.0,2.0,0.0,-1.0,-2.0,0.5625
0.0,0.0,0.0,0.0,2.0,2.0,-1.0,-2.0,0.5625
0.0,-1.0,0.0,-2.0,2.0,2.0,-1.0,-2.0,0.5625
0.0,-1.0,0.0,-1.0,2.0,2.0,1.0,0.0,0.5625
0.0,-2.0,0.0,-1.0,0.0,2.0,-1.0,0.0,0.5625
0.0,-2.0,0.0,-1.0,1.0,2.0,3.0,0.0,0.5625
0.0,-2.0,0.0,-1.0,1.0,2.0,2.0,-2.0,0.5625
0.0,-1.0,0.0,3.0,1.0,2.0,2.0,-2.0,0.5625
0.0,0.0,0.0,0.0,0.0,0.0,1.0,2.0,0.40625
0.0,0.0,0.0,0.0,0.0,-1.0,1.0,0.0,0.40625
0.0,0.0,0.0,1.0,0.0,1.0,1.0,0.0,0.40625
0.0,0.0,0.0,1.0,0.0,1.0,0.0,-2.0,0.40625
0.0,0.0,0.0,1.0,0.0,2.0,2.0,0.0,0.40625
0.0,0.0,0.0,1.0,0.0,2.0,1.0,-2.0,0.40625
0.0,0.0,0.0,1.0,0.0,2.0,2.0,0.0,0.40625
0.0,0.0,0.0,0.0,0.0,2.0,0.0,0.0,0.40625
0.0,1.0,0.0,2.0,0.0,2.0,0.0,0.0,0.40625
0.0,0.0,0.0,0.0,0.0,0.0,-2.0,0.0,0.40625
0.0,0.0,0.0,0.0,0.0,0.0,1.0,4.0,0.40625
0.0,0.0,0.0,0.0,-1.0,0.0,-1.0,4.0,0.40625
0.0,0.0,0.0,1.0,-1.0,0.0,1.0,4.0,0.40625
0.0,0.0,0.0,1.0,-1.0,-1.0,1.0,0.0,0.40625
0.0,0.0,0.0,2.0,-1.0,-1.0,3.0,0.0,0.40625
0.0,-1.0,0.0,0.0,-1.0,-1.0,1.0,0.0,0.40625
0.0,-1.0,0.0,1.0,-1.0,-1.0,3.0,2.0,0.40625
0.0,-1.0,0.0,0.0,-1.0,-3.0,-1.0,2.0,0.40625
0.0,0.0,0.0,2.0,-1.0,-3.0,-1.0,2.0,0.40625
0.0,0.0,0.0,0.0,0.0,0.0,1.0,2.0,-0.0625
0.0,0.0,0.0,0.0,0.0,-1.0,1.0,0.0,-0.0625
0.0,0.0,0.0,1.0,0.0,1.0,1.0,0.0,-0.0625
0.0,0.0,0.0,1.0,0.0,1.0,0.0,-2.0,-0.0625
0.0,0.0,0.0,1.0,0.0,2.0,2.0,0.0,-0.0625
0.0,0.0,-1.0,1.0,0.0,0.0,2.0,0.0,-0.0625
0.0,0.0,-1.0,1.0,0.0,0.0,3.0,2.0,-0.0625
0.0,-1.0,-1.0,-1.0,0.0,0.0,3.0,2.0,-0.0625
1.0,-1.0,1.0,-1.0,0.0,2.0,3.0,4.0,-0.0625
1.0,-2.0,-1.0,-1.0,0.0,2.0,3.0,4.0,-0.0625
1.0,-2.0,-1.0,-1.0,0.0,-1.0,3.0,0.0,-0.0625
1.0,-2.0,2.0,-1.0,0.0,3.0,3.0,4.0,-0.0625
1.0,-2.0,2.0,-2.0,0.0,-1.0,-1.0,4.0,-0.0625
1.0,-2.0,2.0,0.0,1.0,-1.0,-1.0,4.0,-0.0625
0.0,-2.0,0.0,0.0,1.0,-3.0,-1.0,0.0,-0.0625
0.0,-1.0,0.0,2.0,1.0,1.0,3.0,0.0,-0.0625
0.0,-1.0,0.0,2.0,0.0,1.0,1.0,0.0,-0.0625
0.0,-1.0,0.0,3.0,0.0,3.0,1.0,0.0,-0.0625
0.0,-2.0,0.0,3.0,-2.0,1.0,1.0,0.0,-0.0625
0.0,0.0,0.0,0.0,0.0,0.0,1.0,2.0,-0.09375
0.0,0.0,0.0,0.0,0.0,-1.0,1.0,0.0,-0.09375
0.0,0.0,0.0,1.0,0.0,1.0,1.0,0.0,-0.09375
0.0,0.0,0.0,1.0,0.0,1.0,0.0,-2.0,-0.09375
0.0,0.0,0.0,1.0,0.0,2.0,2.0,0.0,-0.09375
0.0,0.0,-1.0,1.0,0.0,0.0,2.0,0.0,-0.09375
0.0,0.0,-1.0,1.0,0.0,0.0,3.0,2.0,-0.09375
0.0,-1.0,-1.0,-1.0,0.0,0.0,3.0,2.0,-0.09375
1.0,-1.0,1.0,-1.0,0.0,2.0,3.0,4.0,-0.09375
1.0,-2.0,-1.0,-1.0,0.0,2.0,3.0,4.0,-0.09375
1.0,-2.0,-1.0,-1.0,0.0,-1.0,3.0,0.0,-0.09375
1.0,-2.0,2.0,-1.0,0.0,3.0,3.0,4.0,-0.09375
1.0,-2.0,2.0,-2.0,0.0,-1.0,-1.0,4.0,-0.09375
1.0,-2.0,2.0,0.0,1.0,-1.0,-1.0,4.0,-0.09375
0.0,-2.0,0.0,0.0,1.0,-3.0,-1.0,0.0,-0.09375
0.0,-1.0,0.0,2.0,1.0,1.0,3.0,0.0,-0.09375
0.0,-1.0,0.0,2.0,0.0,1.0,1.0,0.0,-0.09375
0.0,-1.0,0.0,3.0,0.0,3.0,1.0,0.0,-0.09375
0.0,-2.0,0.0,3.0,-2.0,1.0,1.0,0.0,-0.09375
0.0,0.0,0.0,0.0,0.0,0.0,1.0,2.0,-0.0625
0.0,0.0,0.0,0.0,0.0,-1.0,1.0,0.0,-0.0625
0.0,0.0,0.0,1.0,0.0,1.0,1.0,0.0,-0.0625
0.0,0.0,0.0,1.0,0.0,1.0,0.0,-2.0,-0.0625
0.0,0.0,0.0,1.0,0.0,2.0,2.0,0.0,-0.0625
0.0,0.0,-1.0,1.0,0.0,0.0,2.0,0.0,-0.0625
0.0,0.0,-1.0,1.0,0.0,0.0,3.0,2.0,-0.0625
0.0,-1.0,-1.0,-1.0,0.0,0.0,3.0,2.0,-0.0625
1.0,-1.0,1.0,-1.0,0.0,2.0,3.0,4.0,-0.0625
1.0,-2.0,-1.0,-1.0,0.0,2.0,3.0,4.0,-0.0625
1.0,-2.0,-1.0,-1.0,0.0,-1.0,3.0,0.0,-0.0625
1.0,-2.0,2.0,-1.0,0.0,3.0,3.0,4.0,-0.0625
1.0,-2.0,2.0,-2.0,0.0,-1.0,-1.0,4.0,-0.0625
1.0,-2.0,2.0,0.0,1.0,-1.0,-1.0,4.0,-0.0625
0.0,-2.0,0.0,0.0,1.0,-3.0,-1.0,0.0,-0.0625
0.0,-1.0,0.0,2.0,1.0,1.0,3.0,0.0,-0.0625
0.0,-1.0,0.0,2.0,0.0,1.0,1.0,0.0,-0.0625
0.0,-1.0,0.0,3.0,0.0,3.0,1.0,0.0,-0.0625
0.0,-2.0,0.0,3.0,-2.0,1.0,1.0,0.0,-0.0625
0.0,0.0,0.0,0.0,0.0,0.0,1.0,2.0,-0.3125
0.0,0.0,0.0,0.0,0.0,-1.0,1.0,0.0,-0.3125
0.0,0.0,0.0,1.0,0.0,1.0,1.0,0.0,-0.3125
0.0,0.0,0.0,1.0,0.0,1.0,0.0,-2.0,-0.3125
0.0,0.0,0.0,1.0,0.0,2.0,2.0,0.0,-0.3125
0.0,0.0,-1.0,1.0,0.0,0.0,2.0,0.0,-0.3125
0.0,0.0,-1.0,1.0,0.0,0.0,3.0,2.0,-0.3125
0.0,-1.0,-1.0,-1.0,0.0,0.0,3.0,2.0,-0.3125
0.0,-1.0,-1.0,-1.0,0.0,1.0,3.0,4.0,-0.3125
0.0,-1.0,-2.0,-1.0,0.0,-1.0,3.0,0.0,-0.3125
0.0,-1.0,-2.0,-1.0,0.0,-1.0,4.0,2.0,-0.3125
0.0,-1.0,-2.0,-1.0,0.0,-1.0,1.0,0.0,-0.3125
1.0,-1.0,0.0,-1.0,0.0,1.0,1.0,0.0,-0.3125
1.0,-1.0,0.0,-2.0,0.0,1.0,-1.0,0.0,-0.3125
2.0,-1.0,2.0,-2.0,0.0,3.0,-1.0,2.0,-0.3125
2.0,-2.0,0.0,-2.0,0.0,3.0,-1.0,2.0,-0.3125
2.0,-2.0,0.0,-2.0,1.0,3.0,1.0,2.0,-0.3125
2.0,-2.0,0.0,-3.0,1.0,1.0,1.0,2.0,-0.3125
2.0,-1.0,2.0,-1.0,1.0,1.0,1.0,2.0,-0.3125
0.0,0.0,0.0,0.0,0.0,0.0,1.0,2.0,-0.5625
0.0,0.0,0.0,0.0,0.0,-1.0,1.0,0.0,-0.5625
0.0,0.0,0.0,1.0,0.0,1.0,1.0,0.0,-0.5625
0.0,0.0,0.0,1.0,0.0,1.0,0.0,-2.0,-0.5625
0.0,0.0,0.0,1.0,0.0,2.0,0.0,2.0,-0.5625
0.0,0.0,0.0,1.0,0.0,2.0,-1.0,0.0,-0.5625
0.0,0.0,0.0,1.0,0.0,3.0,1.0,0.0,-0.5625
0.0,0.0,0.0,0.0,0.0,3.0,-1.0,0.0,-0.5625
0.0,0.0,0.0,0.0,1.0,3.0,1.0,2.0,-0.5625
0.0,-1.0,0.0,-2.0,1.0,1.0,-1.0,2.0,-0.5625
0.0,0.0,0.0,0.0,1.0,1.0,1.0,4.0,-0.5625
0.0,0.0,0.0,0.0,1.0,1.0,0.0,0.0,-0.5625
0.0,0.0,0.0,0.0,1.0,2.0,0.0,2.0,-0.5625
0.0,0.0,0.0,0.0,1.0,2.0,-1.0,-2.0,-0.5625
0.0,0.0,1.0,0.0,1.0,4.0,-1.0,2.0,-0.5625
0.0,0.0,1.0,0.0,1.0,4.0,-2.0,0.0,-0.5625
0.0,0.0,1.0,0.0,2.0,4.0,0.0,0.0,-0.5625
0.0,-1.0,1.0,0.0,0.0,4.0,0.0,0.0,-0.5625
0.0,-1.0,1.0,2.0,1.0,4.0,2.0,4.0,-0.5625
0.0,0.0,0.0,0.0,0.0,0.0,1.0,2.0,-0.125
0.0,0.0,0.0,0.0,0.0,-1.0,1.0,0.0,-0.125
0.0,0.0,0.0,1.0,0.0,1.0,1.0,0.0,-0.125
0.0,0.0,0.0,1.0,0.0,1.0,0.0,-2.0,-0.125
0.0,0.0,0.0,1.0,0.0,2.0,2.0,0.0,-0.125
0.0,0.0,-1.0,1.0,0.0,0.0,2.0,0.0,-0.125
0.0,0.0,-1.0,1.0,0.0,0.0,3.0,2.0,-0.125
0.0,-1.0,-1.0,-1.0,0.0,0.0,3.0,2.0,-0.125
1.0,-1.0,1.0,-1.0,0.0,2.0,3.0,4.0,-0.125
1.0,-2.0,-1.0,-1.0,0.0,2.0,3.0,4.0,-0.125
1.0,-2.0,-1.0,-1.0,0.0,-1.0,3.0,0.0,-0.125
1.0,-2.0,2.0,-1.0,0.0,3.0,3.0,4.0,-0.125
1.0,-2.0,2.0,-2.0,0.0,-1.0,-1.0,4.0,-0.125
1.0,-2.0,2.0,0.0,1.0,-1.0,-1.0,4.0,-0.125
0.0,-2.0,0.0,0.0,1.0,-3.0,-1.0,0.0,-0.125
0.0,-1.0,0.0,2.0,1.0,1.0,3.0,0.0,-0.125
0.0,-1.0,0.0,2.0,0.0,1.0,1.0,0.0,-0.125
0.0,-1.0,0.0,2.0,0.0,1.0,2.0,2.0,-0.125
0.0,-1.0,0.0,1.0,0.0,1.0,0.0,0.0,-0.125
0.0,0.0,0.0,0.0,0.0,0.0,1.0,2.0,0.3125
0.0,0.0,0.0,0.0,0.0,-1.0,1.0,0.0,0.3125
0.0,0.0,0.0,1.0,0.0,1.0,1.0,0.0,0.3125
0.0,0.0,0.0,1.0,0.0,1.0,0.0,-2.0,0.3125
0.0,0.0,0.0,1.0,0.0,2.0,2.0,0.0,0.3125
0.0,0.0,-1.0,1.0,0.0,0.0,2.0,0.0,0.3125
0.0,0.0,-1.0,1.0,0.0,0.0,3.0,2.0,0.3125
0.0,-1.0,-1.0,-1.0,0.0,0.0,3.0,2.0,0.3125
1.0,-1.0,1.0,-1.0,0.0,2.0,3.0,4.0,0.3125
1.0,-2.0,-1.0,-1.0,0.0,2.0,3.0,4.0,0.3125
1.0,-2.0,-1.0,-1.0,0.0,-1.0,3.0,0.0,0.3125
1.0,-2.0,2.0,-1.0,0.0,3.0,3.0,4.0,0.3125
1.0,-2.0,2.0,-2.0,0.0,-1.0,-1.0,4.0,0.3125
1.0,-2.0,2.0,-2.0,1.0,-1.0,1.0,4.0,0.3125
0.0,-2.0,0.0,-2.0,1.0,-3.0,1.0,0.0,0.3125
0.0,-2.0,0.0,0.0,2.0,-1.0,1.0,0.0,0.3125
0.0,-3.0,0.0,0.0,0.0,-1.0,-1.0,0.0,0.3125
0.0,-3.0,0.0,0.0,1.0,-1.0,1.0,0.0,0.3125
0.0,-4.0,0.0,0.0,-1.0,-3.0,1.0,0.0,0.3125
0.0,0.0,0.0,0.0,0.0,0.0,1.0,2.0,0.375
0.0,0.0,0.0,0.0,0.0,-1.0,1.0,0.0,0.375
0.0,0.0,0.0,1.0,0.0,1.0,1.0,0.0,0.375
0.0,0.0,0.0,1.0,0.0,1.0,0.0,-2.0,0.375
0.0,0.0,0.0,1.0,0.0,2.0,2.0,0.0,0.375
0.0,0.0,-1.0,1.0,0.0,0.0,2.0,0.0,0.375
0.0,0.0,-1.0,1.0,0.0,0.0,3.0,2.0,0.375
0.0,-1.0,-1.0,-1.0,0.0,0.0,3.0,2.0,0.375
1.0,-1.0,1.0,-1.0,0.0,2.0,3.0,4.0,0.375
1.0,-2.0,-1.0,-1.0,0.0,2.0,3.0,4.0,0.375
1.0,-2.0,-1.0,-1.0,0.0,-1.0,3.0,0.0,0.375
1.0,-2.0,2.0,-1.0,0.0,3.0,3.0,4.0,0.375
1.0,-2.0,2.0,-2.0,0.0,-1.0,-1.0,4.0,0.375
1.0,-2.0,2.0,0.0,1.0,-1.0,-1.0,4.0,0.375
0.0,-2.0,0.0,0.0,1.0,-3.0,-1.0,0.0,0.375
0.0,-1.0,0.0,2.0,1.0,1.0,3.0,0.0,0.375
0.0,-1.0,0.0,2.0,0.0,1.0,1.0,0.0,0.375
0.0,-1.0,0.0,3.0,0.0,3.0,1.0,0.0,0.375
0.0,-2.0,0.0,3.0,-2.0,1.0,1.0,0.0,0.375
0.0,0.0,0.0,0.0,0.0,0.0,1.0,2.0,-0.46875
0.0,0.0,0.0,0.0,0.0,-1.0,1.0,0.0,-0.46875
0.0,0.0,0.0,1.0,0.0,1.0,1.0,0.0,-0.46875
0.0,0.0,0.0,1.0,0.0,1.0,0.0,-2.0,-0.46875
0.0,0.0,0.0,1.0,0.0,2.0,2.0,0.0,-0.46875
0.0,0.0,0.0,1.0,-1.0,2.0,0.0,-2.0,-0.46875
0.0,0.0,0.0,1.0,-1.0,3.0,0.0,2.0,-0.46875
0.0,-1.0,0.0,-1.0,-1.0,1.0,-2.0,2.0,-0.46875
0.0,0.0,0.0,-1.0,1.0,1.0,0.0,4.0,-0.46875
0.0,0.0,0.0,-1.0,1.0,1.0,-1.0,0.0,-0.46875
0.0,0.0,0.0,-1.0,1.0,1.0,2.0,2.0,-0.46875
0.0,0.0,0.0,-1.0,1.0,1.0,-1.0,2.0,-0.46875
0.0,0.0,0.0,-1.0,2.0,1.0,3.0,4.0,-0.46875
0.0,0.0,-1.0,-1.0,2.0,-1.0,3.0,0.0,-0.46875
0.0,0.0,-1.0,-1.0,2.0,-1.0,4.0,2.0,-0.46875
0.0,0.0,-1.0,-1.0,2.0,-1.0,3.0,-2.0,-0.46875
0.0,0.0,-1.0,-1.0,3.0,-1.0,5.0,2.0,-0.46875
0.0,-1.0,-1.0,-1.0,1.0,-1.0,3.0,0.0,-0.46875
1.0,-1.0,1.0,-1.0,1.0,1.0,3.0,2.0,-0.46875
0.0,0.0,0.0,0.0,0.0,0.0,1.0,2.0,0.34375
0.0,0.0,0.0,0.0,0.0,-1.0,1.0,0.0,0.34375
0.0,0.0,0.0,1.0,0.0,1.0,1.0,0.0,0.34375
0.0,0.0,0.0,1.0,0.0,1.0,0.0,-2.0,0.34375
0.0,0.0,0.0,1.0,0.0,2.0,2.0,0.0,0.34375
0.0,0.0,-1.0,1.0,0.0,0.0,2.0,0.0,0.34375
0.0,0.0,-1.0,1.0,0.0,0.0,3.0,2.0,0.34375
0.0,-1.0,-1.0,-1.0,0.0,0.0,3.0,2.0,0.34375
1.0,-1.0,1.0,-1.0,0.0,2.0,3.0,4.0,0.34375
1.0,-2.0,-1.0,-1.0,0.0,2.0,3.0,4.0,0.34375
1.0,-2.0,-1.0,-1.0,0.0,-1.0,3.0,0.0,0.34375
1.0,-2.0,2.0,-1.0,0.0,3.0,3.0,4.0,0.34375
1.0,-3.0,0.0,-1.0,0.0,3.0,3.0,4.0,0.34375
1.0,2.0,0.0,-1.0,0.0,3.0,3.0,4.0,0.34375
0.0,2.0,-2.0,-1.0,0.0,-1.0,3.0,0.0,0.34375
0.0,2.0,-2.0,0.0,0.0,1.0,3.0,0.0,0.34375
0.0,2.0,-2.0,0.0,-1.0,1.0,1.0,-2.0,0.34375
0.0,2.0,0.0,2.0,0.0,1.0,1.0,-2.0,0.34375
0.0,1.0,0.0,2.0,-2.0,1.0,1.0,-2.0,0.34375
0.0,0.0,0.0,0.0,0.0,0.0,1.0,2.0,0.46875
0.0,0.0,0.0,0.0,0.0,-1.0,1.0,0.0,0.46875
0.0,0.0,0.0,1.0,0.0,1.0,1.0,0.0,0.46875
0.0,0.0,0.0,1.0,0.0,1.0,0.0,-2.0,0.46875
0.0,0.0,0.0,1.0,0.0,2.0,2.0,0.0,0.46875
0.0,0.0,-1.0,1.0,0.0,0.0,2.0,0.0,0.46875
0.0,0.0,-1.0,1.0,0.0,0.0,3.0,2.0,0.46875
0.0,-1.0,-1.0,-1.0,0.0,0.0,3.0,2.0,0.46875
1.0,-1.0,1.0,-1.0,0.0,2.0,3.0,4.0,0.46875
1.0,-2.0,-1.0,-1.0,0.0,2.0,3.0,4.0,0.46875
1.0,-2.0,-1.0,-1.0,0.0,-1.0,3.0,0.0,0.46875
1.0,-2.0,2.0,-1.0,0.0,3.0,3.0,4.0,0.46875
1.0,-3.0,0.0,-1.0,0.0,3.0,3.0,4.0,0.46875
1.0,2.0,0.0,-1.0,0.0,3.0,3.0,4.0,0.46875
0.0,2.0,-2.0,-1.0,0.0,-1.0,3.0,0.0,0.46875
0.0,2.0,0.0,1.0,1.0,-1.0,3.0,0.0,0.46875
0.0,1.0,0.0,1.0,-1.0,-1.0,3.0,0.0,0.46875
0.0,1.0,0.0,1.0,-1.0,-1.0,4.0,2.0,0.46875
0.0,1.0,0.0,1.0,-2.0,-1.0,2.0,2.0,0.46875
0.0,0.0,0.0,0.0,0.0,0.0,1.0,2.0,0.5
0.0,0.0,0.0,0.0,0.0,-1.0,1.0,0.0,0.5
0.0,0.0,0.0,1.0,0.0,1.0,1.0,0.0,0.5
0.0,0.0,0.0,1.0,0.0,1.0,0.0,-2.0,0.5
0.0,0.0,0.0,1.0,0.0,2.0,2.0,0.0,0.5
0.0,0.0,-1.0,1.0,0.0,0.0,2.0,0.0,0.5
0.0,0.0,-1.0,1.0,0.0,0.0,3.0,2.0,0.5
0.0,-1.0,-1.0,-1.0,0.0,0.0,3.0,2.0,0.5
1.0,-1.0,1.0,-1.0,0.0,2.0,3.0,4.0,0.5
1.0,-2.0,-1.0,-1.0,0.0,2.0,3.0,4.0,0.5
1.0,-2.0,-1.0,-1.0,0.0,-1.0,3.0,0.0,0.5
1.0,-2.0,2.0,-1.0,0.0,3.0,3.0,4.0,0.5
1.0,-2.0,2.0,-2.0,0.0,-1.0,-1.0,4.0,0.5
1.0,-2.0,2.0,0.0,1.0,-1.0,-1.0,4.0,0.5
0.0,-2.0,0.0,0.0,1.0,-3.0,-1.0,0.0,0.5
0.0,-1.0,0.0,2.0,1.0,1.0,3.0,0.0,0.5
0.0,-1.0,0.0,2.0,0.0,1.0,1.0,0.0,0.5
0.0,-1.0,0.0,3.0,0.0,3.0,1.0,0.0,0.5
0.0,-2.0,0.0,3.0,-2.0,1.0,1.0,0.0,0.5
0.0,0.0,0.0,0.0,0.0,0.0,1.0,2.0,0.625
0.0,0.0,0.0,0.0,0.0,-1.0,1.0,0.0,0.625
0.0,0.0,0.0,1.0,0.0,1.0,1.0,0.0,0.625
0.0,0.0,0.0,1.0,0.0,1.0,0.0,-2.0,0.625
0.0,0.0,0.0,1.0,0.0,2.0,2.0,0.0,0.625
0.0,0.0,-1.0,1.0,0.0,0.0,2.0,0.0,0.625
0.0,0.0,-1.0,1.0,0.0,0.0,3.0,2.0,0.625
0.0,-1.0,-1.0,-1.0,0.0,0.0,3.0,2.0,0.625
1.0,-1.0,1.0,-1.0,0.0,2.0,3.0,4.0,0.625
1.0,-2.0,-1.0,-1.0,0.0,2.0,3.0,4.0,0.625
1.0,-2.0,-1.0,-1.0,0.0,-1.0,3.0,0.0,0.625
1.0,-2.0,2.0,-1.0,0.0,3.0,3.0,4.0,0.625
1.0,-2.0,2.0,-2.0,0.0,-1.0,-1.0,4.0,0.625
1.0,-2.0,2.0,0.0,1.0,-1.0,-1.0,4.0,0.625
0.0,-2.0,0.0,0.0,1.0,-3.0,-1.0,0.0,0.625
0.0,-1.0,0.0,2.0,1.0,1.0,3.0,0.0,0.625
0.0,-1.0,0.0,2.0,0.0,1.0,1.0,0.0,0.625
0.0,-1.0,0.0,3.0,0.0,3.0,1.0,0.0,0.625
0.0,-2.0,0.0,3.0,-2.0,1.0,1.0,0.0,0.625
0.0,0.0,0.0,0.0,0.0,0.0,1.0,2.0,0.625
0.0,0.0,0.0,0.0,0.0,-1.0,1.0,0.0,0.625
0.0,0.0,0.0,1.0,0.0,1.0,1.0,0.0,0.625
0.0,0.0,0.0,1.0,0.0,1.0,0.0,-2.0,0.625
0.0,0.0,0.0,1.0,0.0,2.0,2.0,0.0,0.625
0.0,0.0,-1.0,1.0,0.0,0.0,2.0,0.0,0.625
0.0,0.0,-1.0,1.0,0.0,0.0,3.0,2.0,0.625
0.0,-1.0,-1.0,-1.0,0.0,0.0,3.0,2.0,0.625
1.0,-1.0,1.0,-1.0,0.0,2.0,3.0,4.0,0.625
1.0,-2.0,-1.0,-1.0,0.0,2.0,3.0,4.0,0.625
1.0,-2.0,-1.0,-1.0,0.0,-1.0,3.0,0.0,0.625
1.0,-2.0,2.0,-1.0,0.0,3.0,3.0,4.0,0.625
1.0,-2.0,2.0,-2.0,0.0,-1.0,-1.0,4.0,0.625
1.0,-2.0,2.0,0.0,1.0,-1.0,-1.0,4.0,0.625
0.0,-2.0,0.0,0.0,1.0,-3.0,-1.0,0.0,0.625
0.0,-1.0,0.0,2.0,1.0,1.0,3.0,0.0,0.625
0.0,-1.0,0.0,2.0,0.0,1.0,1.0,0.0,0.625
0.0,-1.0,0.0,3.0,0.0,3.0,1.0,0.0,0.625
0.0,-2.0,0.0,3.0,-2.0,1.0,1.0,0.0,0.625
0.0,0.0,0.0,0.0,0.0,0.0,1.0,2.0,0.90625
0.0,0.0,0.0,0.0,0.0,-1.0,1.0,0.0,0.90625
0.0,0.0,0.0,1.0,0.0,1.0,1.0,0.0,0.90625
0.0,0.0,0.0,1.0,0.0,1.0,0.0,-2.0,0.90625
0.0,0.0,0.0,1.0,0.0,2.0,2.0,0.0,0.90625
0.0,0.0,-1.0,1.0,0.0,0.0,2.0,0.0,0.90625
0.0,0.0,-1.0,1.0,0.0,0.0,3.0,2.0,0.90625
0.0,-1.0,-1.0,-1.0,0.0,0.0,3.0,2.0,0.90625
1.0,-1.0,1.0,-1.0,0.0,2.0,3.0,2.0,0.90625
1.0,-1.0,1.0,-1.0,0.0,2.0,0.0,0.0,0.90625
1.0,-1.0,1.0,-1.0,0.0,2.0,3.0,0.0,0.90625
1.0,-2.0,-1.0,-1.0,0.0,2.0,3.0,0.0,0.90625
1.0,-1.0,-1.0,1.0,0.0,2.0,3.0,0.0,0.90625
1.0,-1.0,-1.0,-2.0,0.0,-2.0,-1.0,0.0,0.90625
1.0,2.0,-1.0,-2.0,0.0,-2.0,-1.0,0.0,0.90625
1.0,2.0,-1.0,-2.0,0.0,-3.0,-5.0,0.0,0.90625
1.0,3.0,-1.0,2.0,0.0,1.0,-1.0,0.0,0.90625
1.0,3.0,-1.0,2.0,0.0,1.0,-2.0,-4.0,0.90625
1.0,4.0,1.0,2.0,0.0,1.0,-2.0,-4.0,0.90625
0.0,0.0,0.0,0.0,0.0,0.0,1.0,2.0,0.4375
0.0,0.0,0.0,0.0,0.0,-1.0,1.0,0.0,0.4375
0.0,0.0,0.0,1.0,0.0,1.0,1.0,0.0,0.4375
0.0,0.0,0.0,1.0,0.0,1.0,0.0,-2.0,0.4375
0.0,0.0,0.0,1.0,0.0,2.0,2.0,0.0,0.4375
0.0,0.0,-1.0,1.0,0.0,0.0,2.0,0.0,0.4375
0.0,0.0,-1.0,1.0,0.0,0.0,3.0,2.0,0.4375
0.0,-1.0,-1.0,-1.0,0.0,0.0,3.0,2.0,0.4375
1.0,-1.0,1.0,-1.0,0.0,2.0,3.0,4.0,0.4375
1.0,-2.0,-1.0,-1.0,0.0,2.0,3.0,4.0,0.4375
1.0,-2.0,-1.0,-2.0,0.0,-2.0,-1.0,4.0,0.4375
1.0,-2.0,-1.0,-1.0,0.0,-2.0,1.0,4.0,0.4375
1.0,-2.0,-1.0,-1.0,0.0,-2.0,0.0,2.0,0.4375
1.0,-1.0,1.0,-1.0,0.0,-2.0,0.0,2.0,0.4375
1.0,-1.0,1.0,-1.0,-1.0,-2.0,-2.0,-2.0,0.4375
1.0,2.0,1.0,1.0,-1.0,-2.0,-2.0,-2.0,0.4375
1.0,2.0,1.0,1.0,-2.0,-2.0,-4.0,-2.0,0.4375
1.0,2.0,1.0,1.0,-2.0,0.0,-3.0,0.0,0.4375
1.0,2.0,1.0,1.0,-3.0,-2.0,-3.0,0.0,0.4375
0.0,0.0,0.0,0.0,0.0,0.0,1.0,2.0,-0.375
0.0,0.0,0.0,0.0,0.0,-1.0,1.0,0.0,-0.375
0.0,0.0,0.0,1.0,0.0,1.0,1.0,0.0,-0.375
0.0,0.0,0.0,1.0,0.0,1.0,0.0,-2.0,-0.375
0.0,0.0,0.0,1.0,0.0,2.0,2.0,0.0,-0.375
0.0,0.0,-1.0,1.0,0.0,0.0,2.0,0.0,-0.375
0.0,0.0,-1.0,1.0,0.0,0.0,3.0,2.0,-0.375
0.0,-1.0,-1.0,-1.0,0.0,0.0,3.0,2.0,-0.375
1.0,-1.0,1.0,-1.0,0.0,2.0,3.0,4.0,-0.375
1.0,-2.0,-1.0,-1.0,0.0,2.0,3.0,4.0,-0.375
1.0,-2.0,-1.0,-1.0,0.0,-1.0,3.0,0.0,-0.375
1.0,-2.0,2.0,-1.0,0.0,3.0,3.0,4.0,-0.375
1.0,-2.0,2.0,-2.0,0.0,-1.0,-1.0,4.0,-0.375
1.0,-2.0,2.0,0.0,1.0,-1.0,-1.0,4.0,-0.375
0.0,-2.0,0.0,0.0,1.0,-3.0,-1.0,0.0,-0.375
0.0,-1.0,0.0,2.0,1.0,1.0,3.0,0.0,-0.375
0.0,-1.0,0.0,2.0,0.0,1.0,1.0,0.0,-0.375
0.0,-1.0,0.0,3.0,0.0,3.0,1.0,0.0,-0.375
0.0,-2.0,0.0,3.0,-2.0,1.0,1.0,0.0,-0.375
0.0,0.0,0.0,0.0,0.0,0.0,1.0,2.0,-0.1875
0.0,0.0,0.0,0.0,0.0,-1.0,1.0,0.0,-0.1875
0.0,0.0,0.0,0.0,0.0,-1.0,2.0,2.0,-0.1875
0.0,0.0,0.0,0.0,0.0,-1.0,-1.0,0.0,-0.1875
0.0,0.0,0.0,0.0,0.0,0.0,-1.0,2.0,-0.1875
0.0,0.0,0.0,0.0,-1.0,0.0,-3.0,2.0,-0.1875
0.0,0.0,0.0,0.0,-1.0,1.0,-3.0,4.0,-0.1875
0.0,0.0,0.0,0.0,-1.0,1.0,-4.0,-2.0,-0.1875
0.0,0.0,0.0,0.0,-1.0,1.0,-1.0,0.0,-0.1875
0.0,0.0,0.0,-1.0,-1.0,1.0,-3.0,0.0,-0.1875
0.0,0.0,0.0,0.0,-1.0,3.0,3.0,0.0,-0.1875
0.0,0.0,0.0,0.0,-2.0,3.0,1.0,-4.0,-0.1875
0.0,0.0,0.0,0.0,-2.0,4.0,3.0,0.0,-0.1875
0.0,0.0,0.0,0.0,-3.0,2.0,1.0,-2.0,-0.1875
0.0,1.0,0.0,0.0,-1.0,2.0,1.0,-2.0,-0.1875
0.0,0.0,0.0,-2.0,-1.0,0.0,1.0,-2.0,-0.1875
0.0,1.0,0.0,-2.0,1.0,0.0,5.0,2.0,-0.1875
0.0,1.0,0.0,-3.0,1.0,-2.0,1.0,2.0,-0.1875
0.0,2.0,0.0,-1.0,1.0,-2.0,1.0,2.0,-0.1875
0.0,0.0,0.0,0.0,0.0,0.0,1.0,2.0,0.5625
0.0,0.0,0.0,0.0,0.0,-1.0,1.0,0.0,0.5625
0.0,0.0,0.0,1.0,0.0,1.0,1.0,0.0,0.5625
0.0,0.0,0.0,1.0,0.0,1.0,0.0,-2.0,0.5625
0.0,0.0,0.0,1.0,0.0,2.0,0.0,2.0,0.5625
0.0,-1.0,0.0,-1.0,0.0,0.0,-2.0,2.0,0.5625
0.0,-1.0,0.0,-1.0,0.0,1.0,-2.0,4.0,0.5625
0.0,-1.0,0.0,-1.0,0.0,1.0,-3.0,0.0,0.5625
0.0,-1.0,0.0,-1.0,0.0,2.0,-3.0,2.0,0.5625
0.0,-1.0,0.0,-2.0,0.0,0.0,-3.0,2.0,0.5625
0.0,-1.0,0.0,-2.0,1.0,0.0,-1.0,2.0,0.5625
0.0,-1.0,0.0,-2.0,1.0,0.0,-2.0,0.0,0.5625
0.0,-1.0,0.0,-1.0,1.0,0.0,0.0,0.0,0.5625
0.0,-2.0,0.0,-3.0,1.0,0.0,0.0,0.0,0.5625
0.0,-2.0,0.0,-3.0,1.0,0.0,3.0,0.0,0.5625
0.0,-3.0,0.0,-3.0,-1.0,0.0,1.0,0.0,0.5625
0.0,-3.0,0.0,-3.0,-1.0,0.0,4.0,4.0,0.5625
0.0,-3.0,0.0,-3.0,-1.0,0.0,1.0,2.0,0.5625
0.0,-2.0,0.0,-3.0,1.0,0.0,1.0,2.0,0.5625
0.0,0.0,0.0,0.0,0.0,0.0,1.0,2.0,0.3125
0.0,0.0,0.0,0.0,0.0,-1.0,1.0,0.0,0.3125
0.0,0.0,0.0,1.0,0.0,1.0,1.0,0.0,0.3125
0.0,0.0,0.0,1.0,0.0,1.0,0.0,-2.0,0.3125
0.0,0.0,0.0,1.0,0.0,2.0,2.0,0.0,0.3125
0.0,0.0,-1.0,1.0,0.0,0.0,2.0,0.0,0.3125
0.0,0.0,-1.0,1.0,0.0,0.0,3.0,2.0,0.3125
0.0,-1.0,-1.0,-1.0,0.0,0.0,3.0,2.0,0.3125
1.0,-1.0,1.0,-1.0,0.0,2.0,3.0,4.0,0.3125
1.0,-2.0,-1.0,-1.0,0.0,2.0,3.0,4.0,0.3125
1.0,-2.0,-1.0,-1.0,0.0,-1.0,3.0,0.0,0.3125
1.0,-2.0,2.0,-1.0,0.0,3.0,3.0,4.0,0.3125
1.0,-2.0,2.0,-2.0,0.0,-1.0,-1.0,4.0,0.3125
1.0,-2.0,2.0,0.0,1.0,-1.0,-1.0,4.0,0.3125
0.0,-2.0,0.0,0.0,1.0,-3.0,-1.0,0.0,0.3125
0.0,-1.0,0.0,2.0,1.0,1.0,3.0,0.0,0.3125
0.0,-1.0,0.0,2.0,0.0,1.0,1.0,0.0,0.3125
0.0,-1.0,0.0,3.0,0.0,3.0,1.0,0.0,0.3125
0.0,-2.0,0.0,3.0,-2.0,1.0,1.0,0.0,0.3125
0.0,0.0,0.0,0.0,0.0,0.0,1.0,2.0,0.5
0.0,0.0,0.0,0.0,0.0,-1.0,1.0,0.0,0.5
0.0,0.0,0.0,1.0,0.0,1.0,1.0,0.0,0.5
0.0,0.0,0.0,1.0,0.0,1.0,0.0,-2.0,0.5
0.0,0.0,0.0,1.0,0.0,2.0,2.0,0.0,0.5
0.0,0.0,-1.0,1.0,0.0,0.0,2.0,0.0,0.5
0.0,0.0,-1.0,1.0,0.0,0.0,3.0,2.0,0.5
0.0,-1.0,-1.0,-1.0,0.0,0.0,3.0,2.0,0.5
1.0,-1.0,1.0,-1.0,0.0,2.0,3.0,4.0,0.5
1.0,-2.0,-1.0,-1.0,0.0,2.0,3.0,4.0,0.5
1.0,-2.0,-1.0,-1.0,0.0,-1.0,3.0,0.0,0.5
1.0,-2.0,2.0,-1.0,0.0,3.0,3.0,4.0,0.5
1.0,-2.0,2.0,-2.0,0.0,-1.0,-1.0,4.0,0.5
1.0,-2.0,2.0,0.0,1.0,-1.0,-1.0,4.0,0.5
0.0,-2.0,0.0,0.0,1.0,-3.0,-1.0,0.0,0.5
0.0,-1.0,0.0,2.0,1.0,1.0,3.0,0.0,0.5
0.0,-1.0,0.0,2.0,0.0,1.0,1.0,0.0,0.5
0.0,-1.0,0.0,3.0,0.0,3.0,1.0,0.0,0.5
0.0,-2.0,0.0,3.0,-2.0,1.0,1.0,0.0,0.5
0.0,0.0,0.0,0.0,0.0,0.0,1.0,2.0,0.5625
0.0,0.0,0.0,0.0,0.0,-1.0,1.0,0.0,0.5625
0.0,0.0,0.0,1.0,0.0,1.0,1.0,0.0,0.5625
0.0,0.0,0.0,1.0,0.0,1.0,0.0,-2.0,0.5625
0.0,0.0,0.0,1.0,0.0,2.0,2.0,0.0,0.5625
0.0,0.0,-1.0,1.0,0.0,0.0,2.0,0.0,0.5625
0.0,0.0,-1.0,1.0,0.0,0.0,3.0,2.0,0.5625
0.0,-1.0,-1.0,-1.0,0.0,0.0,3.0,2.0,0.5625
1.0,-1.0,1.0,-1.0,0.0,2.0,3.0,4.0,0.5625
1.0,-2.0,-1.0,-1.0,0.0,2.0,3.0,4.0,0.5625
1.0,-2.0,-1.0,-1.0,0.0,-1.0,3.0,0.0,0.5625
1.0,-2.0,2.0,-1.0,0.0,3.0,3.0,4.0,0.5625
1.0,-2.0,2.0,-2.0,0.0,-1.0,-1.0,4.0,0.5625
1.0,-2.0,2.0,0.0,1.0,-1.0,-1.0,4.0,0.5625
0.0,-2.0,0.0,0.0,1.0,-3.0,-1.0,0.0,0.5625
0.0,-1.0,0.0,2.0,1.0,1.0,3.0,0.0,0.5625
0.0,-1.0,0.0,2.0,0.0,1.0,1.0,0.0,0.5625
0.0,-1.0,0.0,3.0,0.0,3.0,1.0,0.0,0.5625
0.0,-2.0,0.0,3.0,-2.0,1.0,1.0,0.0,0.5625
0.0,0.0,0.0,0.0,0.0,0.0,1.0,2.0,0.03125
0.0,0.0,0.0,0.0,0.0,-1.0,1.0,0.0,0.03125
0.0,0.0,0.0,1.0,0.0,1.0,1.0,0.0,0.03125
0.0,0.0,0.0,1.0,0.0,1.0,0.0,-2.0,0.03125
0.0,0.0,0.0,1.0,0.0,2.0,2.0,0.0,0.03125
0.0,0.0,-1.0,1.0,0.0,0.0,2.0,0.0,0.03125
0.0,0.0,-1.0,1.0,0.0,0.0,3.0,2.0,0.03125
0.0,-1.0,-1.0,-1.0,0.0,0.0,3.0,2.0,0.03125
1.0,-1.0,1.0,-1.0,0.0,2.0,3.0,4.0,0.03125
1.0,-2.0,-1.0,-1.0,0.0,2.0,3.0,4.0,0.03125
1.0,-2.0,-1.0,-1.0,0.0,-1.0,3.0,0.0,0.03125
1.0,-2.0,2.0,-1.0,0.0,3.0,3.0,4.0,0.03125
1.0,-2.0,2.0,-2.0,0.0,-1.0,-1.0,4.0,0.03125
1.0,-2.0,2.0,0.0,1.0,-1.0,-1.0,4.0,0.03125
0.0,-2.0,0.0,0.0,1.0,-3.0,-1.0,0.0,0.03125
0.0,-1.0,0.0,2.0,1.0,1.0,3.0,0.0,0.03125
0.0,-1.0,0.0,2.0,0.0,1.0,1.0,0.0,0.03125
0.0,-1.0,0.0,3.0,0.0,3.0,1.0,0.0,0.03125
0.0,-2.0,0.0,3.0,-2.0,1.0,1.0,0.0,0.03125
0.0,0.0,0.0,0.0,0.0,0.0,1.0,2.0,0.25
0.0,0.0,0.0,0.0,0.0,-1.0,1.0,0.0,0.25
0.0,0.0,0.0,1.0,0.0,1.0,1.0,0.0,0.25
0.0,0.0,0.0,1.0,0.0,1.0,0.0,-2.0,0.25
0.0,0.0,0.0,1.0,0.0,2.0,2.0,0.0,0.25
0.0,0.0,-1.0,1.0,0.0,0.0,2.0,0.0,0.25
0.0,0.0,-1.0,1.0,0.0,0.0,3.0,2.0,0.25
0.0,-1.0,-1.0,-1.0,0.0,0.0,3.0,2.0,0.25
1.0,-1.0,1.0,-1.0,0.0,2.0,3.0,4.0,0.25
1.0,-2.0,-1.0,-1.0,0.0,2.0,3.0,4.0,0.25
1.0,-2.0,-1.0,-1.0,0.0,-1.0,3.0,0.0,0.25
1.0,-2.0,2.0,-1.0,0.0,3.0,3.0,4.0,0.25
1.0,-2.0,2.0,-2.0,0.0,-1.0,-1.0,4.0,0.25
1.0,-2.0,2.0,-2.0,1.0,-1.0,1.0,4.0,0.25
0.0,-2.0,0.0,-2.0,1.0,-3.0,1.0,0.0,0.25
0.0,-2.0,0.0,-2.0,1.0,-3.0,4.0,2.0,0.25
0.0,-2.0,0.0,-2.0,1.0,-3.0,1.0,0.0,0.25
0.0,-2.0,0.0,-2.0,1.0,-2.0,1.0,2.0,0.25
0.0,-3.0,0.0,-2.0,-1.0,-2.0,-1.0,0.0,0.25
0.0,0.0,0.0,0.0,0.0,0.0,1.0,2.0,0.75
0.0,0.0,0.0,0.0,0.0,-1.0,1.0,0.0,0.75
0.0,0.0,0.0,1.0,0.0,1.0,1.0,0.0,0.75
0.0,0.0,0.0,1.0,0.0,1.0,0.0,-2.0,0.75
0.0,0.0,0.0,1.0,0.0,1.0,1.0,2.0,0.75
0.0,-1.0,0.0,-1.0,0.0,-1.0,-1.0,2.0,0.75
0.0,-1.0,0.0,-1.0,1.0,-1.0,1.0,4.0,0.75
0.0,-2.0,0.0,-1.0,-1.0,-1.0,1.0,4.0,0.75
0.0,-2.0,0.0,-1.0,0.0,-1.0,3.0,4.0,0.75
0.0,-2.0,0.0,-1.0,0.0,-1.0,0.0,0.0,0.75
0.0,-2.0,0.0,-1.0,0.0,0.0,0.0,2.0,0.75
0.0,-3.0,0.0,-1.0,-2.0,0.0,0.0,2.0,0.75
0.0,-3.0,0.0,-1.0,-2.0,0.0,3.0,2.0,0.75
0.0,-3.0,0.0,-2.0,-2.0,0.0,1.0,0.0,0.75
0.0,-3.0,0.0,-2.0,-1.0,0.0,3.0,0.0,0.75
0.0,-3.0,-1.0,-2.0,-1.0,-2.0,3.0,-2.0,0.75
0.0,-2.0,-1.0,-2.0,1.0,-2.0,5.0,2.0,0.75
0.0,-2.0,-1.0,-2.0,0.0,-2.0,3.0,0.0,0.75
0.0,1.0,-1.0,-2.0,0.0,-2.0,3.0,0.0,0.75
0.0,0.0,0.0,0.0,0.0,0.0,1.0,2.0,-0.1875
0.0,0.0,0.0,0.0,0.0,-1.0,1.0,0.0,-0.1875
0.0,0.0,0.0,1.0,0.0,1.0,1.0,0.0,-0.1875
0.0,0.0,0.0,1.0,0.0,1.0,0.0,-2.0,-0.1875
0.0,0.0,0.0,1.0,0.0,2.0,2.0,0.0,-0.1875
0.0,0.0,-1.0,1.0,0.0,0.0,2.0,0.0,-0.1875
0.0,0.0,-1.0,1.0,0.0,0.0,3.0,2.0,-0.1875
0.0,-1.0,-1.0,-1.0,0.0,0.0,3.0,2.0,-0.1875
1.0,-1.0,1.0,-1.0,0.0,2.0,3.0,4.0,-0.1875
1.0,-2.0,-1.0,-1.0,0.0,2.0,3.0,4.0,-0.1875
1.0,-2.0,-1.0,-1.0,0.0,-1.0,3.0,0.0,-0.1875
1.0,-2.0,2.0,-1.0,0.0,3.0,3.0,4.0,-0.1875
1.0,-2.0,2.0,-2.0,0.0,-1.0,-1.0,4.0,-0.1875
1.0,-2.0,2.0,0.0,1.0,-1.0,-1.0,4.0,-0.1875
0.0,-2.0,0.0,0.0,1.0,-3.0,-1.0,0.0,-0.1875
0.0,-1.0,0.0,2.0,1.0,1.0,3.0,0.0,-0.1875
0.0,-1.0,0.0,2.0,0.0,1.0,1.0,0.0,-0.1875
0.0,-1.0,0.0,3.0,0.0,3.0,1.0,0.0,-0.1875
0.0,-2.0,0.0,3.0,-2.0,1.0,1.0,0.0,-0.1875
0.0,0.0,0.0,0.0,0.0,0.0,1.0,2.0,-0.375
0.0,0.0,0.0,0.0,0.0,-1.0,1.0,0.0,-0.375
0.0,0.0,0.0,1.0,0.0,1.0,1.0,0.0,-0.375
0.0,0.0,0.0,1.0,0.0,1.0,0.0,-2.0,-0.375
0.0,0.0,0.0,1.0,0.0,1.0,1.0,2.0,-0.375
0.0,-1.0,0.0,-1.0,0.0,-1.0,-1.0,2.0,-0.375
0.0,-1.0,0.0,-1.0,1.0,-1.0,1.0,4.0,-0.375
0.0,-2.0,0.0,-1.0,-1.0,-1.0,1.0,4.0,-0.375
0.0,-2.0,0.0,-1.0,0.0,-1.0,3.0,4.0,-0.375
0.0,-2.0,0.0,-1.0,0.0,-1.0,0.0,0.0,-0.375
0.0,-2.0,0.0,-1.0,0.0,0.0,0.0,2.0,-0.375
0.0,-3.0,0.0,-1.0,-2.0,0.0,0.0,2.0,-0.375
0.0,-3.0,0.0,-1.0,-2.0,0.0,3.0,2.0,-0.375
0.0,-3.0,0.0,-2.0,-2.0,0.0,1.0,0.0,-0.375
0.0,-3.0,0.0,-2.0,-1.0,0.0,3.0,0.0,-0.375
0.0,-3.0,-1.0,-2.0,-1.0,-2.0,3.0,-2.0,-0.375
0.0,-2.0,-1.0,-2.0,1.0,-2.0,5.0,2.0,-0.375
0.0,-2.0,-1.0,-2.0,1.0,-3.0,1.0,2.0,-0.375
0.0,-2.0,-1.0,-1.0,1.0,-3.0,3.0,4.0,-0.375
0.0,0.0,0.0,0.0,0.0,0.0,1.0,2.0,0.21875
0.0,0.0,0.0,0.0,0.0,-1.0,1.0,0.0,0.21875
0.0,0.0,0.0,1.0,0.0,1.0,1.0,0.0,0.21875
0.0,0.0,0.0,1.0,0.0,1.0,0.0,-2.0,0.21875
0.0,0.0,0.0,1.0,0.0,2.0,2.0,0.0,0.21875
0.0,0.0,-1.0,1.0,0.0,0.0,2.0,0.0,0.21875
0.0,0.0,-1.0,1.0,0.0,0.0,3.0,2.0,0.21875
0.0,-1.0,-1.0,-1.0,0.0,0.0,3.0,2.0,0.21875
1.0,-1.0,1.0,-1.0,0.0,2.0,3.0,4.0,0.21875
1.0,-1.0,1.0,-2.0,0.0,-2.0,-1.0,4.0,0.21875
1.0,-1.0,1.0,0.0,1.0,-2.0,-1.0,4.0,0.21875
1.0,-2.0,-1.0,0.0,1.0,-2.0,-1.0,4.0,0.21875
1.0,-1.0,1.0,0.0,1.0,-2.0,-1.0,4.0,0.21875
1.0,-1.0,1.0,0.0,-1.0,-2.0,-2.0,2.0,0.21875
1.0,0.0,1.0,2.0,-1.0,2.0,2.0,2.0,0.21875
1.0,0.0,1.0,1.0,-1.0,2.0,0.0,2.0,0.21875
1.0,3.0,1.0,1.0,-1.0,2.0,0.0,2.0,0.21875
1.0,3.0,1.0,1.0,-2.0,2.0,-2.0,-2.0,0.21875
1.0,3.0,1.0,1.0,-2.0,2.0,-1.0,2.0,0.21875
0.0,0.0,0.0,0.0,0.0,0.0,1.0,2.0,-0.09375
0.0,0.0,0.0,0.0,0.0,-1.0,1.0,0.0,-0.09375
0.0,0.0,0.0,1.0,0.0,1.0,1.0,0.0,-0.09375
0.0,0.0,0.0,1.0,0.0,1.0,0.0,-2.0,-0.09375
0.0,0.0,0.0,1.0,0.0,2.0,2.0,0.0,-0.09375
0.0,0.0,-1.0,1.0,0.0,0.0,2.0,0.0,-0.09375
0.0,0.0,-1.0,1.0,0.0,0.0,3.0,2.0,-0.09375
0.0,-1.0,-1.0,-1.0,0.0,0.0,3.0,2.0,-0.09375
1.0,-1.0,1.0,-1.0,0.0,2.0,3.0,4.0,-0.09375
1.0,-2.0,-1.0,-1.0,0.0,2.0,3.0,4.0,-0.09375
1.0,-2.0,-1.0,-1.0,0.0,-1.0,3.0,0.0,-0.09375
1.0,-2.0,2.0,-1.0,0.0,3.0,3.0,4.0,-0.09375
1.0,-2.0,2.0,-2.0,0.0,-1.0,-1.0,4.0,-0.09375
1.0,-2.0,2.0,0.0,1.0,-1.0,-1.0,4.0,-0.09375
1.0,-2.0,2.0,0.0,1.0,-2.0,-1.0,0.0,-0.09375
1.0,-1.0,2.0,2.0,1.0,2.0,3.0,0.0,-0.09375
1.0,-1.0,2.0,2.0,0.0,2.0,1.0,-2.0,-0.09375
1.0,0.0,2.0,2.0,2.0,2.0,1.0,-2.0,-0.09375
0.0,0.0,0.0,2.0,2.0,0.0,1.0,-4.0,-0.09375
0.0,0.0,0.0,0.0,0.0,0.0,1.0,2.0,-0.15625
0.0,0.0,0.0,0.0,0.0,-1.0,1.0,0.0,-0.15625
0.0,0.0,0.0,1.0,0.0,1.0,1.0,0.0,-0.15625
0.0,0.0,0.0,1.0,0.0,1.0,0.0,-2.0,-0.15625
0.0,0.0,0.0,1.0,0.0,2.0,2.0,0.0,-0.15625
0.0,0.0,-1.0,1.0,0.0,0.0,2.0,0.0,-0.15625
0.0,0.0,-1.0,1.0,0.0,0.0,3.0,2.0,-0.15625
0.0,-1.0,-1.0,-1.0,0.0,0.0,3.0,2.0,-0.15625
1.0,-1.0,1.0,-1.0,0.0,2.0,3.0,4.0,-0.15625
1.0,-2.0,-1.0,-1.0,0.0,2.0,3.0,4.0,-0.15625
1.0,-2.0,-1.0,-1.0,0.0,-1.0,3.0,0.0,-0.15625
1.0,-2.0,2.0,-1.0,0.0,3.0,3.0,4.0,-0.15625
1.0,-2.0,2.0,-2.0,0.0,-1.0,-1.0,4.0,-0.15625
1.0,-2.0,2.0,0.0,1.0,-1.0,-1.0,4.0,-0.15625
0.0,-2.0,0.0,0.0,1.0,-3.0,-1.0,0.0,-0.15625
0.0,-1.0,0.0,2.0,1.0,1.0,3.0,0.0,-0.15625
0.0,-1.0,0.0,2.0,0.0,1.0,1.0,0.0,-0.15625
0.0,-1.0,0.0,3.0,0.0,3.0,1.0,0.0,-0.15625
0.0,-2.0,0.0,3.0,-2.0,1.0,1.0,0.0,-0.15625
0.0,0.0,0.0,0.0,0.0,0.0,1.0,2.0,0.5625
0.0,0.0,0.0,0.0,0.0,-1.0,1.0,0.0,0.5625
0.0,0.0,0.0,1.0,0.0,1.0,1.0,0.0,0.5625
0.0,0.0,0.0,1.0,0.0,1.0,0.0,-2.0,0.5625
0.0,0.0,0.0,1.0,0.0,2.0,2.0,0.0,0.5625
0.0,0.0,-1.0,1.0,0.0,0.0,2.0,0.0,0.5625
0.0,0.0,-1.0,1.0,0.0,0.0,3.0,2.0,0.5625
0.0,-1.0,-1.0,-1.0,0.0,0.0,3.0,2.0,0.5625
0.0,-1.0,-1.0,-1.0,0.0,1.0,3.0,4.0,0.5625
0.0,-1.0,-2.0,-1.0,0.0,-1.0,3.0,0.0,0.5625
0.0,-1.0,-2.0,-1.0,0.0,-1.0,4.0,2.0,0.5625
0.0,-1.0,-2.0,-1.0,0.0,-1.0,1.0,0.0,0.5625
1.0,-1.0,0.0,-1.0,0.0,1.0,1.0,0.0,0.5625
1.0,-1.0,0.0,-2.0,0.0,1.0,-1.0,0.0,0.5625
2.0,-1.0,2.0,-2.0,0.0,3.0,-1.0,2.0,0.5625
2.0,-2.0,0.0,-2.0,0.0,3.0,-1.0,2.0,0.5625
2.0,-2.0,0.0,-2.0,1.0,3.0,1.0,2.0,0.5625
2.0,-2.0,0.0,-2.0,0.0,3.0,-1.0,-2.0,0.5625
2.0,-1.0,0.0,0.0,0.0,3.0,-1.0,-2.0,0.5625
0.0,0.0,0.0,0.0,0.0,0.0,1.0,2.0,0.9375
0.0,0.0,0.0,0.0,0.0,-1.0,1.0,0.0,0.9375
0.0,0.0,0.0,1.0,0.0,1.0,1.0,0.0,0.9375
0.0,0.0,0.0,1.0,0.0,1.0,0.0,-2.0,0.9375
0.0,0.0,0.0,1.0,0.0,2.0,2.0,0.0,0.9375
0.0,0.0,-1.0,1.0,0.0,0.0,2.0,0.0,0.9375
0.0,0.0,-1.0,1.0,0.0,0.0,3.0,2.0,0.9375
0.0,-1.0,-1.0,-1.0,0.0,0.0,3.0,2.0,0.9375
1.0,-1.0,1.0,-1.0,0.0,2.0,3.0,4.0,0.9375
1.0,-2.0,-1.0,-1.0,0.0,2.0,3.0,4.0,0.9375
1.0,-2.0,-1.0,-2.0,0.0,-2.0,-1.0,4.0,0.9375
1.0,-2.0,-1.0,-1.0,0.0,-2.0,1.0,4.0,0.9375
1.0,-2.0,-1.0,-3.0,-1.0,-2.0,1.0,4.0,0.9375
1.0,-1.0,-1.0,-1.0,-1.0,-2.0,1.0,4.0,0.9375
1.0,-1.0,-1.0,-1.0,-2.0,-2.0,-1.0,0.0,0.9375
1.0,0.0,1.0,-1.0,-2.0,-2.0,-1.0,0.0,0.9375
1.0,0.0,1.0,-1.0,-2.0,-3.0,-1.0,-2.0,0.9375
1.0,3.0,1.0,-1.0,0.0,-3.0,-1.0,-2.0,0.9375
1.0,3.0,1.0,-1.0,0.0,-3.0,-2.0,-4.0,0.9375
0.0,0.0,0.0,0.0,0.0,0.0,1.0,2.0,-0.09375
0.0,0.0,0.0,0.0,0.0,-1.0,1.0,0.0,-0.09375
0.0,0.0,0.0,1.0,0.0,1.0,1.0,0.0,-0.09375
0.0,0.0,0.0,1.0,0.0,1.0,0.0,-2.0,-0.09375
0.0,0.0,0.0,1.0,0.0,2.0,2.0,0.0,-0.09375
0.0,0.0,-1.0,1.0,0.0,0.0,2.0,0.0,-0.09375
0.0,0.0,-1.0,1.0,0.0,0.0,3.0,2.0,-0.09375
0.0,-1.0,-1.0,-1.0,0.0,0.0,3.0,2.0,-0.09375
0.0,-1.0,-1.0,-1.0,0.0,0.0,4.0,4.0,-0.09375
0.0,-1.0,-1.0,-1.0,0.0,-1.0,4.0,0.0,-0.09375
0.0,-1.0,-1.0,-1.0,0.0,-1.0,5.0,2.0,-0.09375
0.0,-1.0,-1.0,-1.0,0.0,-1.0,2.0,0.0,-0.09375
0.0,-1.0,-1.0,0.0,0.0,1.0,6.0,0.0,-0.09375
0.0,-1.0,-1.0,0.0,-1.0,1.0,4.0,0.0,-0.09375
1.0,-1.0,1.0,0.0,-1.0,3.0,4.0,2.0,-0.09375
1.0,-2.0,1.0,-2.0,-1.0,1.0,2.0,2.0,-0.09375
1.0,-1.0,1.0,-2.0,1.0,1.0,4.0,2.0,-0.09375
1.0,-1.0,1.0,-3.0,1.0,-3.0,0.0,2.0,-0.09375
1.0,-1.0,2.0,-1.0,1.0,-1.0,0.0,4.0,-0.09375
0.0,0.0,0.0,0.0,0.0,0.0,1.0,2.0,-0.375
0.0,0.0,0.0,0.0,0.0,-1.0,1.0,0.0,-0.375
0.0,0.0,0.0,1.0,0.0,1.0,1.0,0.0,-0.375
0.0,0.0,0.0,1.0,0.0,1.0,0.0,-2.0,-0.375
0.0,0.0,0.0,1.0,0.0,2.0,2.0,0.0,-0.375
0.0,0.0,0.0,0.0,0.0,2.0,0.0,0.0,-0.375
0.0,0.0,0.0,0.0,0.0,3.0,0.0,4.0,-0.375
0.0,-1.0,0.0,-2.0,0.0,1.0,-2.0,4.0,-0.375
0.0,0.0,0.0,0.0,0.0,1.0,0.0,4.0,-0.375
0.0,0.0,0.0,-1.0,0.0,-1.0,-2.0,4.0,-0.375
0.0,0.0,0.0,0.0,0.0,-1.0,0.0,4.0,-0.375
0.0,0.0,0.0,0.0,0.0,-2.0,0.0,0.0,-0.375
0.0,1.0,0.0,2.0,0.0,0.0,2.0,0.0,-0.375
0.0,0.0,0.0,0.0,0.0,0.0,0.0,0.0,-0.375
0.0,0.0,0.0,0.0,0.0,0.0,1.0,2.0,-0.375
0.0,0.0,0.0,0.0,0.0,0.0,-2.0,0.0,-0.375
0.0,0.0,0.0,1.0,0.0,0.0,0.0,0.0,-0.375
0.0,0.0,0.0,1.0,-1.0,0.0,-2.0,0.0,-0.375
0.0,1.0,0.0,1.0,1.0,0.0,-2.0,0.0,-0.375
0.0,0.0,0.0,0.0,0.0,0.0,1.0,2.0,0.3125
0.0,0.0,0.0,0.0,0.0,-1.0,1.0,0.0,0.3125
0.0,0.0,0.0,1.0,0.0,1.0,1.0,0.0,0.3125
0.0,0.0,0.0,1.0,0.0,1.0,0.0,-2.0,0.3125
0.0,0.0,0.0,1.0,0.0,2.0,2.0,0.0,0.3125
0.0,0.0,-1.0,1.0,0.0,0.0,2.0,0.0,0.3125
0.0,0.0,-1.0,1.0,0.0,0.0,3.0,2.0,0.3125
0.0,-1.0,-1.0,-1.0,0.0,0.0,3.0,2.0,0.3125
0.0,-1.0,-1.0,-1.0,0.0,0.0,4.0,4.0,0.3125
0.0,-1.0,-1.0,-1.0,0.0,0.0,1.0,2.0,0.3125
1.0,-1.0,1.0,-1.0,0.0,2.0,1.0,2.0,0.3125
1.0,-1.0,1.0,-1.0,-1.0,2.0,-1.0,2.0,0.3125
1.0,0.0,1.0,-1.0,1.0,2.0,-1.0,2.0,0.3125
1.0,-1.0,1.0,-1.0,-1.0,2.0,-1.0,2.0,0.3125
1.0,-1.0,1.0,-1.0,-1.0,2.0,0.0,4.0,0.3125
1.0,-1.0,1.0,-1.0,-1.0,2.0,-1.0,0.0,0.3125
1.0,-1.0,1.0,-1.0,-1.0,3.0,1.0,2.0,0.3125
1.0,-1.0,1.0,-2.0,-1.0,1.0,-1.0,2.0,0.3125
1.0,-1.0,1.0,-1.0,-1.0,3.0,3.0,2.0,0.3125
0.0,0.0,0.0,0.0,0.0,0.0,1.0,2.0,-0.25
0.0,0.0,0.0,0.0,0.0,-1.0,1.0,0.0,-0.25
0.0,0.0,0.0,1.0,0.0,1.0,1.0,0.0,-0.25
0.0,0.0,0.0,1.0,0.0,1.0,0.0,-2.0,-0.25
0.0,0.0,0.0,1.0,0.0,2.0,2.0,0.0,-0.25
0.0,0.0,-1.0,1.0,0.0,0.0,2.0,0.0,-0.25
0.0,0.0,-1.0,1.0,0.0,0.0,3.0,2.0,-0.25
0.0,-1.0,-1.0,-1.0,0.0,0.0,3.0,2.0,-0.25
1.0,-1.0,1.0,-1.0,0.0,2.0,3.0,4.0,-0.25
1.0,-2.0,-1.0,-1.0,0.0,2.0,3.0,4.0,-0.25
1.0,-2.0,-1.0,-1.0,0.0,-1.0,3.0,0.0,-0.25
1.0,-2.0,2.0,-1.0,0.0,3.0,3.0,4.0,-0.25
1.0,-3.0,0.0,-1.0,0.0,3.0,3.0,4.0,-0.25
1.0,2.0,0.0,-1.0,0.0,3.0,3.0,4.0,-0.25
0.0,2.0,-2.0,-1.0,0.0,-1.0,3.0,0.0,-0.25
0.0,2.0,0.0,1.0,1.0,-1.0,3.0,0.0,-0.25
0.0,1.0,0.0,1.0,-1.0,-1.0,3.0,0.0,-0.25
0.0,1.0,0.0,1.0,-1.0,-1.0,4.0,2.0,-0.25
0.0,1.0,0.0,1.0,-2.0,-1.0,2.0,2.0,-0.25
0.0,0.0,0.0,0.0,0.0,0.0,1.0,2.0,0.09375
0.0,0.0,0.0,0.0,0.0,0.0,0.0,0.0,0.09375
0.0,0.0,0.0,0.0,0.0,0.0,1.0,2.0,0.09375
0.0,0.0,0.0,0.0,0.0,-1.0,1.0,0.0,0.09375
0.0,0.0,0.0,0.0,1.0,-1.0,3.0,2.0,0.09375
0.0,0.0,0.0,0.0,1.0,-2.0,3.0,0.0,0.09375
0.0,0.0,0.0,0.0,1.0,-2.0,4.0,2.0,0.09375
0.0,-1.0,0.0,0.0,-1.0,-2.0,4.0,2.0,0.09375
0.0,-1.0,0.0,0.0,-1.0,-2.0,5.0,4.0,0.09375
0.0,-1.0,0.0,0.0,-1.0,-3.0,1.0,4.0,0.09375
0.0,-1.0,0.0,1.0,-1.0,-1.0,1.0,4.0,0.09375
0.0,-1.0,0.0,1.0,-1.0,-2.0,1.0,0.0,0.09375
0.0,-1.0,0.0,1.0,-1.0,-2.0,2.0,2.0,0.09375
0.0,-2.0,0.0,-1.0,-1.0,-4.0,-2.0,2.0,0.09375
0.0,-2.0,0.0,0.0,-1.0,-4.0,0.0,2.0,0.09375
0.0,-2.0,0.0,-1.0,-1.0,-4.0,-2.0,0.0,0.09375
0.0,-1.0,0.0,-1.0,1.0,-4.0,0.0,0.0,0.09375
0.0,-2.0,0.0,-3.0,1.0,-4.0,0.0,0.0,0.09375
0.0,-1.0,0.0,-1.0,1.0,-4.0,2.0,2.0,0.09375
0.0,0.0,0.0,0.0,0.0,0.0,1.0,2.0,-0.34375
0.0,0.0,0.0,0.0,0.0,-1.0,1.0,0.0,-0.34375
0.0,0.0,0.0,0.0,0.0,-1.0,2.0,2.0,-0.34375
0.0,0.0,0.0,0.0,0.0,-1.0,1.0,0.0,-0.34375
0.0,0.0,0.0,1.0,0.0,1.0,1.0,0.0,-0.34375
0.0,0.0,0.0,1.0,0.0,0.0,1.0,-2.0,-0.34375
0.0,0.0,0.0,2.0,0.0,2.0,1.0,-2.0,-0.34375
0.0,0.0,0.0,2.0,0.0,2.0,0.0,-4.0,-0.34375
0.0,0.0,0.0,2.0,0.0,3.0,2.0,-4.0,-0.34375
0.0,0.0,0.0,1.0,0.0,3.0,0.0,-4.0,-0.34375
0.0,1.0,0.0,3.0,0.0,3.0,0.0,-4.0,-0.34375
0.0,0.0,0.0,1.0,0.0,1.0,-2.0,-4.0,-0.34375
0.0,0.0,0.0,1.0,0.0,1.0,1.0,2.0,-0.34375
0.0,0.0,0.0,1.0,0.0,1.0,0.0,0.0,-0.34375
0.0,0.0,0.0,1.0,1.0,1.0,2.0,2.0,-0.34375
0.0,0.0,0.0,0.0,1.0,-1.0,-2.0,2.0,-0.34375
0.0,0.0,0.0,1.0,1.0,-1.0,0.0,2.0,-0.34375
0.0,-1.0,0.0,1.0,-1.0,-1.0,0.0,2.0,-0.34375
0.0,0.0,0.0,3.0,1.0,1.0,2.0,2.0,-0.34375
0.0,0.0,0.0,0.0,0.0,0.0,1.0,2.0,0.0625
0.0,0.0,0.0,0.0,0.0,-1.0,1.0,0.0,0.0625
0.0,0.0,0.0,1.0,0.0,1.0,1.0,0.0,0.0625
0.0,0.0,0.0,1.0,0.0,1.0,0.0,-2.0,0.0625
0.0,0.0,0.0,1.0,0.0,2.0,2.0,0.0,0.0625
0.0,0.0,-1.0,1.0,0.0,0.0,2.0,0.0,0.0625
0.0,0.0,-1.0,1.0,0.0,0.0,3.0,2.0,0.0625
0.0,-1.0,-1.0,-1.0,0.0,0.0,3.0,2.0,0.0625
1.0,-1.0,1.0,-1.0,0.0,2.0,3.0,4.0,0.0625
1.0,-2.0,-1.0,-1.0,0.0,2.0,3.0,4.0,0.0625
1.0,-2.0,-1.0,-1.0,0.0,-1.0,3.0,0.0,0.0625
1.0,-2.0,2.0,-1.0,0.0,3.0,3.0,4.0,0.0625
1.0,-2.0,2.0,-2.0,0.0,-1.0,-1.0,4.0,0.0625
1.0,-2.0,2.0,-1.0,0.0,-1.0,1.0,4.0,0.0625
0.0,-2.0,0.0,-1.0,0.0,-3.0,1.0,0.0,0.0625
0.0,-1.0,0.0,1.0,0.0,-1.0,3.0,0.0,0.0625
0.0,-1.0,0.0,1.0,-1.0,-1.0,1.0,-2.0,0.0625
0.0,-1.0,0.0,1.0,-1.0,1.0,2.0,-2.0,0.0625
0.0,-1.0,0.0,1.0,-1.0,1.0,-1.0,-4.0,0.0625
0.0,0.0,0.0,0.0,0.0,0.0,1.0,2.0,0.03125
0.0,0.0,0.0,0.0,0.0,-1.0,1.0,0.0,0.03125
0.0,0.0,0.0,1.0,0.0,1.0,1.0,0.0,0.03125
0.0,0.0,0.0,1.0,0.0,1.0,0.0,-2.0,0.03125
0.0,0.0,0.0,1.0,0.0,2.0,2.0,0.0,0.03125
0.0,0.0,-1.0,1.0,0.0,0.0,2.0,0.0,0.03125
0.0,0.0,-1.0,1.0,0.0,0.0,3.0,2.0,0.03125
0.0,-1.0,-1.0,-1.0,0.0,0.0,3.0,2.0,0.03125
1.0,-1.0,1.0,-1.0,0.0,2.0,3.0,4.0,0.03125
1.0,-2.0,-1.0,-1.0,0.0,2.0,3.0,4.0,0.03125
1.0,-2.0,-1.0,-1.0,0.0,-1.0,3.0,0.0,0.03125
1.0,-2.0,2.0,-1.0,0.0,3.0,3.0,4.0,0.03125
1.0,-2.0,2.0,-2.0,0.0,-1.0,-1.0,4.0,0.03125
1.0,-2.0,2.0,0.0,1.0,-1.0,-1.0,4.0,0.03125
0.0,-2.0,0.0,0.0,1.0,-3.0,-1.0,0.0,0.03125
0.0,-1.0,0.0,2.0,1.0,1.0,3.0,0.0,0.03125
0.0,-1.0,0.0,2.0,0.0,1.0,1.0,0.0,0.03125
0.0,-1.0,0.0,3.0,0.0,3.0,1.0,0.0,0.03125
0.0,-2.0,0.0,3.0,-2.0,1.0,1.0,0.0,0.03125
0.0,0.0,0.0,0.0,0.0,0.0,1.0,2.0,0.875
0.0,0.0,0.0,0.0,0.0,-1.0,1.0,0.0,0.875
0.0,0.0,0.0,1.0,0.0,1.0,1.0,0.0,0.875
0.0,0.0,0.0,1.0,0.0,1.0,0.0,-2.0,0.875
0.0,0.0,0.0,1.0,0.0,2.0,2.0,0.0,0.875
0.0,0.0,-1.0,1.0,0.0,0.0,2.0,0.0,0.875
0.0,0.0,-1.0,1.0,0.0,0.0,3.0,2.0,0.875
0.0,-1.0,-1.0,-1.0,0.0,0.0,3.0,2.0,0.875
1.0,-1.0,1.0,-1.0,0.0,2.0,3.0,4.0,0.875
1.0,-2.0,-1.0,-1.0,0.0,2.0,3.0,4.0,0.875
1.0,-2.0,-1.0,-2.0,0.0,-2.0,-1.0,4.0,0.875
1.0,-2.0,-1.0,-1.0,0.0,-2.0,1.0,4.0,0.875
1.0,-2.0,-1.0,-1.0,0.0,-2.0,0.0,2.0,0.875
1.0,-1.0,1.0,-1.0,0.0,-2.0,0.0,2.0,0.875
1.0,-1.0,1.0,-1.0,-1.0,-2.0,-2.0,-2.0,0.875
1.0,2.0,1.0,1.0,-1.0,-2.0,-2.0,-2.0,0.875
1.0,2.0,1.0,1.0,-2.0,-2.0,-4.0,-2.0,0.875
1.0,2.0,1.0,1.0,-2.0,0.0,-3.0,0.0,0.875
1.0,2.0,1.0,1.0,-3.0,-2.0,-3.0,0.0,0.875
0.0,0.0,0.0,0.0,0.0,0.0,1.0,2.0,0.625
0.0,0.0,0.0,0.0,0.0,-1.0,1.0,0.0,0.625
0.0,0.0,0.0,1.0,0.0,1.0,1.0,0.0,0.625
0.0,0.0,0.0,1.0,0.0,1.0,0.0,-2.0,0.625
0.0,0.0,0.0,1.0,0.0,2.0,2.0,0.0,0.625
0.0,0.0,-1.0,1.0,0.0,0.0,2.0,0.0,0.625
0.0,0.0,-1.0,1.0,0.0,0.0,3.0,2.0,0.625
0.0,-1.0,-1.0,-1.0,0.0,0.0,3.0,2.0,0.625
1.0,-1.0,1.0,-1.0,0.0,2.0,3.0,4.0,0.625
1.0,-2.0,-1.0,-1.0,0.0,2.0,3.0,4.0,0.625
1.0,-2.0,-1.0,-1.0,0.0,-1.0,3.0,0.0,0.625
1.0,-2.0,2.0,-1.0,0.0,3.0,3.0,4.0,0.625
1.0,-2.0,2.0,-2.0,0.0,-1.0,-1.0,4.0,0.625
1.0,-2.0,2.0,0.0,1.0,-1.0,-1.0,4.0,0.625
0.0,-2.0,0.0,0.0,1.0,-3.0,-1.0,0.0,0.625
0.0,-1.0,0.0,2.0,1.0,1.0,3.0,0.0,0.625
0.0,-1.0,0.0,2.0,0.0,1.0,1.0,0.0,0.625
0.0,-1.0,0.0,3.0,0.0,3.0,1.0,0.0,0.625
0.0,-2.0,0.0,3.0,-2.0,1.0,1.0,0.0,0.625
0.0,0.0,0.0,0.0,0.0,0.0,1.0,2.0,0.4375
0.0,0.0,0.0,0.0,0.0,-1.0,1.0,0.0,0.4375
0.0,0.0,0.0,1.0,0.0,1.0,1.0,0.0,0.4375
0.0,0.0,0.0,1.0,0.0,1.0,0.0,-2.0,0.4375
0.0,0.0,0.0,1.0,0.0,2.0,2.0,0.0,0.4375
0.0,0.0,-1.0,1.0,0.0,0.0,2.0,0.0,0.4375
0.0,0.0,-1.0,1.0,0.0,0.0,3.0,2.0,0.4375
0.0,0.0,-1.0,1.0,0.0,0.0,2.0,0.0,0.4375
1.0,0.0,1.0,1.0,0.0,2.0,2.0,2.0,0.4375
1.0,0.0,1.0,1.0,0.0,2.0,1.0,0.0,0.4375
1.0,0.0,1.0,1.0,1.0,2.0,3.0,0.0,0.4375
1.0,0.0,1.0,1.0,0.0,2.0,1.0,0.0,0.4375
1.0,0.0,1.0,2.0,0.0,2.0,3.0,2.0,0.4375
1.0,0.0,1.0,1.0,0.0,0.0,1.0,2.0,0.4375
1.0,1.0,1.0,1.0,2.0,0.0,3.0,2.0,0.4375
1.0,0.0,1.0,-1.0,2.0,-2.0,-1.0,2.0,0.4375
1.0,1.0,1.0,1.0,2.0,0.0,1.0,2.0,0.4375
1.0,0.0,1.0,1.0,0.0,0.0,-1.0,2.0,0.4375
1.0,3.0,1.0,1.0,0.0,0.0,-1.0,2.0,0.4375
0.0,0.0,0.0,0.0,0.0,0.0,1.0,2.0,0.1875
0.0,0.0,0.0,0.0,0.0,-1.0,1.0,0.0,0.1875
0.0,0.0,0.0,1.0,0.0,1.0,1.0,0.0,0.1875
0.0,0.0,0.0,1.0,0.0,1.0,0.0,-2.0,0.1875
0.0,0.0,0.0,1.0,0.0,2.0,2.0,0.0,0.1875
0.0,0.0,-1.0,1.0,0.0,0.0,2.0,0.0,0.1875
0.0,0.0,-1.0,1.0,0.0,0.0,3.0,2.0,0.1875
0.0,-1.0,-1.0,-1.0,0.0,0.0,3.0,2.0,0.1875
1.0,-1.0,1.0,-1.0,0.0,2.0,3.0,4.0,0.1875
1.0,-2.0,-1.0,-1.0,0.0,2.0,3.0,4.0,0.1875
1.0,-2.0,-1.0,-1.0,0.0,-1.0,3.0,0.0,0.1875
1.0,-2.0,2.0,-1.0,0.0,3.0,3.0,4.0,0.1875
1.0,-2.0,2.0,-2.0,0.0,-1.0,-1.0,4.0,0.1875
1.0,-2.0,2.0,0.0,1.0,-1.0,-1.0,4.0,0.1875
0.0,-2.0,0.0,0.0,1.0,-3.0,-1.0,0.0,0.1875
0.0,-1.0,0.0,2.0,1.0,1.0,3.0,0.0,0.1875
0.0,-1.0,0.0,2.0,0.0,1.0,1.0,0.0,0.1875
0.0,-1.0,0.0,3.0,0.0,3.0,1.0,0.0,0.1875
0.0,-2.0,0.0,3.0,-2.0,1.0,1.0,0.0,0.1875
0.0,0.0,0.0,0.0,0.0,0.0,1.0,2.0,-0.125
0.0,0.0,0.0,0.0,0.0,-1.0,1.0,0.0,-0.125
0.0,0.0,0.0,1.0,0.0,1.0,1.0,0.0,-0.125
0.0,0.0,0.0,1.0,0.0,1.0,0.0,-2.0,-0.125
0.0,0.0,0.0,1.0,0.0,2.0,0.0,2.0,-0.125
0.0,0.0,0.0,1.0,0.0,2.0,-1.0,0.0,-0.125
0.0,0.0,0.0,1.0,0.0,3.0,-1.0,2.0,-0.125
0.0,0.0,0.0,1.0,0.0,3.0,-2.0,0.0,-0.125
0.0,0.0,0.0,2.0,0.0,3.0,0.0,0.0,-0.125
0.0,0.0,0.0,2.0,-1.0,3.0,-4.0,-4.0,-0.125
0.0,1.0,0.0,2.0,1.0,3.0,-4.0,-4.0,-0.125
0.0,0.0,0.0,0.0,1.0,1.0,-4.0,-4.0,-0.125
0.0,0.0,0.0,0.0,2.0,1.0,0.0,0.0,-0.125
0.0,0.0,0.0,0.0,2.0,1.0,-1.0,-4.0,-0.125
0.0,0.0,1.0,0.0,2.0,3.0,-1.0,0.0,-0.125
0.0,0.0,1.0,-1.0,2.0,1.0,-3.0,-2.0,-0.125
0.0,0.0,1.0,-1.0,3.0,3.0,-3.0,-2.0,-0.125
-1.0,0.0,-1.0,-1.0,3.0,1.0,-3.0,-4.0,-0.125
-1.0,1.0,-1.0,1.0,3.0,1.0,-3.0,-4.0,-0.125
0.0,0.0,0.0,0.0,0.0,0.0,1.0,2.0,-0.1875
0.0,0.0,0.0,0.0,0.0,0.0,0.0,0.0,-0.1875
0.0,0.0,0.0,0.0,0.0,0.0,1.0,2.0,-0.1875
0.0,0.0,0.0,0.0,0.0,0.0,0.0,0.0,-0.1875
0.0,0.0,0.0,0.0,0.0,1.0,2.0,0.0,-0.1875
0.0,0.0,0.0,0.0,0.0,0.0,2.0,-2.0,-0.1875
0.0,0.0,0.0,1.0,0.0,2.0,2.0,-2.0,-0.1875
0.0,0.0,0.0,0.0,0.0,2.0,0.0,-2.0,-0.1875
0.0,1.0,0.0,2.0,0.0,2.0,0.0,-2.0,-0.1875
0.0,0.0,0.0,0.0,0.0,2.0,0.0,-2.0,-0.1875
0.0,0.0,0.0,0.0,1.0,2.0,2.0,0.0,-0.1875
0.0,-1.0,0.0,-2.0,1.0,2.0,2.0,0.0,-0.1875
0.0,-1.0,0.0,-2.0,1.0,3.0,2.0,2.0,-0.1875
0.0,-1.0,0.0,-3.0,1.0,1.0,2.0,2.0,-0.1875
0.0,-1.0,0.0,-2.0,1.0,1.0,4.0,4.0,-0.1875
0.0,-1.0,0.0,-2.0,1.0,1.0,-1.0,2.0,-0.1875
0.0,0.0,0.0,0.0,1.0,1.0,-1.0,2.0,-0.1875
0.0,-1.0,0.0,-2.0,1.0,1.0,-1.0,2.0,-0.1875
0.0,-1.0,0.0,-2.0,1.0,4.0,3.0,2.0,-0.1875
0.0,0.0,0.0,0.0,0.0,0.0,1.0,2.0,0.0625
0.0,0.0,0.0,0.0,0.0,-1.0,1.0,0.0,0.0625
0.0,0.0,0.0,1.0,0.0,1.0,1.0,0.0,0.0625
0.0,0.0,0.0,1.0,0.0,1.0,0.0,-2.0,0.0625
0.0,0.0,0.0,1.0,0.0,2.0,2.0,0.0,0.0625
0.0,0.0,-1.0,1.0,0.0,0.0,2.0,0.0,0.0625
0.0,0.0,-1.0,1.0,0.0,0.0,3.0,2.0,0.0625
0.0,-1.0,-1.0,-1.0,0.0,0.0,3.0,2.0,0.0625
1.0,-1.0,1.0,-1.0,0.0,2.0,3.0,4.0,0.0625
1.0,-2.0,-1.0,-1.0,0.0,2.0,3.0,4.0,0.0625
1.0,-2.0,-1.0,-1.0,0.0,-1.0,3.0,0.0,0.0625
1.0,-2.0,2.0,-1.0,0.0,3.0,3.0,4.0,0.0625
1.0,-2.0,2.0,-2.0,0.0,-1.0,-1.0,4.0,0.0625
1.0,-2.0,2.0,0.0,1.0,-1.0,-1.0,4.0,0.0625
0.0,-2.0,0.0,0.0,1.0,-3.0,-1.0,0.0,0.0625
0.0,-1.0,0.0,2.0,1.0,1.0,3.0,0.0,0.0625
0.0,-1.0,0.0,2.0,0.0,1.0,1.0,0.0,0.0625
0.0,-1.0,0.0,2.0,0.0,1.0,2.0,2.0,0.0625
0.0,-2.0,0.0,2.0,-2.0,-1.0,2.0,2.0,0.0625
0.0,0.0,0.0,0.0,0.0,0.0,1.0,2.0,0.09375
0.0,0.0,0.0,0.0,0.0,-1.0,1.0,0.0,0.09375
0.0,0.0,0.0,1.0,0.0,1.0,1.0,0.0,0.09375
0.0,0.0,0.0,1.0,0.0,1.0,0.0,-2.0,0.09375
0.0,0.0,0.0,1.0,0.0,2.0,2.0,0.0,0.09375
0.0,0.0,0.0,1.0,-1.0,2.0,0.0,-2.0,0.09375
0.0,0.0,0.0,1.0,-1.0,3.0,0.0,2.0,0.09375
0.0,-1.0,0.0,-1.0,-1.0,1.0,-2.0,2.0,0.09375
0.0,0.0,0.0,-1.0,1.0,1.0,0.0,4.0,0.09375
0.0,0.0,0.0,-1.0,1.0,1.0,-1.0,0.0,0.09375
0.0,0.0,0.0,-1.0,1.0,1.0,2.0,2.0,0.09375
0.0,0.0,0.0,-1.0,1.0,1.0,-1.0,2.0,0.09375
0.0,0.0,0.0,-1.0,2.0,1.0,3.0,4.0,0.09375
0.0,0.0,-1.0,-1.0,2.0,-1.0,3.0,0.0,0.09375
0.0,0.0,-1.0,-1.0,2.0,-1.0,4.0,2.0,0.09375
0.0,0.0,-1.0,-1.0,2.0,-1.0,3.0,-2.0,0.09375
0.0,0.0,-1.0,-1.0,3.0,-1.0,5.0,2.0,0.09375
0.0,-1.0,-1.0,-1.0,1.0,-1.0,3.0,0.0,0.09375
1.0,-1.0,1.0,-1.0,1.0,1.0,3.0,2.0,0.09375
0.0,0.0,0.0,0.0,0.0,0.0,1.0,2.0,0.09375
0.0,0.0,0.0,0.0,0.0,-1.0,1.0,0.0,0.09375
0.0,0.0,0.0,1.0,0.0,1.0,1.0,0.0,0.09375
0.0,0.0,0.0,1.0,0.0,1.0,0.0,-2.0,0.09375
0.0,0.0,0.0,1.0,0.0,2.0,2.0,0.0,0.09375
0.0,0.0,0.0,1.0,0.0,2.0,1.0,-2.0,0.09375
0.0,0.0,0.0,1.0,0.0,2.0,2.0,0.0,0.09375
0.0,0.0,0.0,0.0,0.0,2.0,0.0,0.0,0.09375
0.0,0.0,0.0,0.0,1.0,2.0,2.0,2.0,0.09375
0.0,-1.0,0.0,-2.0,1.0,0.0,0.0,2.0,0.09375
0.0,0.0,0.0,0.0,1.0,0.0,2.0,4.0,0.09375
0.0,0.0,0.0,0.0,1.0,0.0,1.0,2.0,0.09375
0.0,0.0,0.0,0.0,2.0,0.0,3.0,2.0,0.09375
0.0,0.0,0.0,0.0,2.0,-1.0,3.0,-2.0,0.09375
0.0,0.0,0.0,1.0,2.0,1.0,3.0,-2.0,0.09375
0.0,-1.0,0.0,1.0,0.0,1.0,1.0,-4.0,0.09375
0.0,-1.0,0.0,1.0,0.0,2.0,1.0,0.0,0.09375
0.0,-1.0,0.0,1.0,-1.0,0.0,1.0,0.0,0.09375
0.0,-1.0,1.0,1.0,-1.0,2.0,1.0,4.0,0.09375
0.0,0.0,0.0,0.0,0.0,0.0,1.0,2.0,0.65625
0.0,0.0,0.0,0.0,0.0,-1.0,1.0,0.0,0.65625
0.0,0.0,0.0,1.0,0.0,1.0,1.0,0.0,0.65625
0.0,0.0,0.0,1.0,0.0,1.0,0.0,-2.0,0.65625
0.0,0.0,0.0,1.0,0.0,2.0,2.0,0.0,0.65625
0.0,0.0,-1.0,1.0,0.0,0.0,2.0,0.0,0.65625
0.0,0.0,-1.0,1.0,0.0,0.0,3.0,2.0,0.65625
0.0,-1.0,-1.0,-1.0,0.0,0.0,3.0,2.0,0.65625
1.0,-1.0,1.0,-1.0,0.0,2.0,3.0,4.0,0.65625
1.0,-2.0,-1.0,-1.0,0.0,2.0,3.0,4.0,0.65625
1.0,-2.0,-1.0,-1.0,0.0,-1.0,3.0,0.0,0.65625
1.0,-2.0,2.0,-1.0,0.0,3.0,3.0,4.0,0.65625
1.0,-2.0,2.0,-2.0,0.0,-1.0,-1.0,4.0,0.65625
1.0,-2.0,2.0,0.0,1.0,-1.0,-1.0,4.0,0.65625
0.0,-2.0,0.0,0.0,1.0,-3.0,-1.0,0.0,0.65625
0.0,-1.0,0.0,2.0,1.0,1.0,3.0,0.0,0.65625
0.0,-1.0,0.0,2.0,0.0,1.0,1.0,0.0,0.65625
0.0,-1.0,0.0,2.0,0.0,1.0,2.0,2.0,0.65625
0.0,-1.0,0.0,2.0,0.0,1.0,-1.0,0.0,0.65625
0.0,0.0,0.0,0.0,0.0,0.0,1.0,2.0,0.40625
0.0,0.0,0.0,0.0,0.0,-1.0,1.0,0.0,0.40625
0.0,0.0,0.0,1.0,0.0,1.0,1.0,0.0,0.40625
0.0,0.0,0.0,1.0,0.0,1.0,0.0,-2.0,0.40625
0.0,0.0,0.0,1.0,0.0,2.0,2.0,0.0,0.40625
0.0,0.0,-1.0,1.0,0.0,0.0,2.0,0.0,0.40625
0.0,0.0,-1.0,1.0,0.0,0.0,3.0,2.0,0.40625
0.0,-1.0,-1.0,-1.0,0.0,0.0,3.0,2.0,0.40625
1.0,-1.0,1.0,-1.0,0.0,2.0,3.0,4.0,0.40625
1.0,-2.0,-1.0,-1.0,0.0,2.0,3.0,4.0,0.40625
1.0,-2.0,-1.0,-1.0,0.0,-1.0,3.0,0.0,0.40625
1.0,-2.0,2.0,-1.0,0.0,3.0,3.0,4.0,0.40625
1.0,-2.0,2.0,-2.0,0.0,-1.0,-1.0,4.0,0.40625
1.0,-2.0,2.0,0.0,1.0,-1.0,-1.0,4.0,0.40625
0.0,-2.0,0.0,0.0,1.0,-3.0,-1.0,0.0,0.40625
0.0,-1.0,0.0,2.0,1.0,1.0,3.0,0.0,0.40625
0.0,-1.0,0.0,2.0,0.0,1.0,1.0,0.0,0.40625
0.0,-1.0,0.0,3.0,0.0,3.0,1.0,0.0,0.40625
0.0,-2.0,0.0,3.0,-2.0,1.0,1.0,0.0,0.40625
0.0,0.0,0.0,0.0,0.0,0.0,1.0,2.0,0.59375
0.0,0.0,0.0,0.0,0.0,-1.0,1.0,0.0,0.59375
0.0,0.0,0.0,1.0,0.0,1.0,1.0,0.0,0.59375
0.0,0.0,0.0,1.0,0.0,1.0,0.0,-2.0,0.59375
0.0,0.0,0.0,1.0,0.0,2.0,2.0,0.0,0.59375
0.0,0.0,-1.0,1.0,0.0,0.0,2.0,0.0,0.59375
0.0,0.0,-1.0,1.0,0.0,0.0,3.0,2.0,0.59375
0.0,-1.0,-1.0,-1.0,0.0,0.0,3.0,2.0,0.59375
1.0,-1.0,1.0,-1.0,0.0,2.0,3.0,4.0,0.59375
1.0,-2.0,-1.0,-1.0,0.0,2.0,3.0,4.0,0.59375
1.0,-2.0,-1.0,-2.0,0.0,-2.0,-1.0,4.0,0.59375
1.0,-2.0,-1.0,-1.0,0.0,-2.0,1.0,4.0,0.59375
1.0,-2.0,-1.0,-3.0,-1.0,-2.0,1.0,4.0,0.59375
1.0,-1.0,-1.0,-1.0,-1.0,-2.0,1.0,4.0,0.59375
1.0,-2.0,-1.0,-3.0,-1.0,-2.0,1.0,4.0,0.59375
1.0,3.0,-1.0,-3.0,-1.0,-2.0,1.0,4.0,0.59375
1.0,3.0,-1.0,-3.0,-2.0,-2.0,-1.0,0.0,0.59375
1.0,4.0,-1.0,1.0,-2.0,-2.0,-1.0,0.0,0.59375
1.0,4.0,-1.0,-1.0,-3.0,-2.0,-1.0,0.0,0.59375
0.0,0.0,0.0,0.0,0.0,0.0,1.0,2.0,-0.15625
0.0,0.0,0.0,0.0,0.0,-1.0,1.0,0.0,-0.15625
0.0,0.0,0.0,1.0,0.0,1.0,1.0,0.0,-0.15625
0.0,0.0,0.0,1.0,0.0,1.0,0.0,-2.0,-0.15625
0.0,0.0,0.0,1.0,0.0,2.0,2.0,0.0,-0.15625
0.0,0.0,-1.0,1.0,0.0,0.0,2.0,0.0,-0.15625
0.0,0.0,-1.0,1.0,0.0,0.0,3.0,2.0,-0.15625
0.0,0.0,-1.0,1.0,0.0,0.0,2.0,0.0,-0.15625
1.0,0.0,1.0,1.0,0.0,2.0,2.0,2.0,-0.15625
1.0,0.0,1.0,1.0,0.0,2.0,1.0,0.0,-0.15625
1.0,0.0,1.0,1.0,1.0,2.0,3.0,0.0,-0.15625
1.0,0.0,1.0,1.0,0.0,2.0,1.0,-2.0,-0.15625
1.0,1.0,1.0,1.0,2.0,2.0,1.0,-2.0,-0.15625
1.0,0.0,1.0,1.0,0.0,2.0,-1.0,-2.0,-0.15625
1.0,0.0,1.0,1.0,0.0,2.0,2.0,2.0,-0.15625
1.0,0.0,1.0,1.0,0.0,1.0,-2.0,2.0,-0.15625
1.0,1.0,1.0,1.0,2.0,1.0,-2.0,2.0,-0.15625
1.0,-2.0,1.0,1.0,2.0,1.0,-2.0,2.0,-0.15625
1.0,-2.0,1.0,1.0,3.0,1.0,4.0,4.0,-0.15625
0.0,0.0,0.0,0.0,0.0,0.0,1.0,2.0,0.5
0.0,0.0,0.0,0.0,0.0,-1.0,1.0,0.0,0.5
0.0,0.0,0.0,1.0,0.0,1.0,1.0,0.0,0.5
0.0,0.0,0.0,1.0,0.0,1.0,0.0,-2.0,0.5
0.0,0.0,0.0,1.0,0.0,2.0,2.0,0.0,0.5
0.0,0.0,-1.0,1.0,0.0,0.0,2.0,0.0,0.5
0.0,0.0,-1.0,1.0,0.0,0.0,3.0,2.0,0.5
0.0,-1.0,-1.0,-1.0,0.0,0.0,3.0,2.0,0.5
1.0,-1.0,1.0,-1.0,0.0,2.0,3.0,4.0,0.5
1.0,-2.0,-1.0,-1.0,0.0,2.0,3.0,4.0,0.5
1.0,-2.0,-1.0,-1.0,0.0,-1.0,3.0,0.0,0.5
1.0,-2.0,2.0,-1.0,0.0,3.0,3.0,4.0,0.5
1.0,-2.0,2.0,-2.0,0.0,-1.0,-1.0,4.0,0.5
1.0,-2.0,2.0,0.0,1.0,-1.0,-1.0,4.0,0.5
1.0,-2.0,2.0,-1.0,1.0,-1.0,-3.0,2.0,0.5
1.0,-1.0,2.0,1.0,1.0,3.0,1.0,2.0,0.5
1.0,-1.0,2.0,1.0,-1.0,3.0,0.0,-2.0,0.5
1.0,0.0,2.0,3.0,-1.0,3.0,2.0,0.0,0.5
0.0,0.0,0.0,3.0,-1.0,1.0,2.0,0.0,0.5
0.0,0.0,0.0,0.0,0.0,0.0,1.0,2.0,-0.1875
0.0,0.0,0.0,0.0,0.0,-1.0,1.0,0.0,-0.1875
0.0,0.0,0.0,1.0,0.0,1.0,1.0,0.0,-0.1875
0.0,0.0,0.0,1.0,0.0,1.0,0.0,-2.0,-0.1875
0.0,0.0,0.0,1.0,0.0,2.0,2.0,0.0,-0.1875
0.0,0.0,-1.0,1.0,0.0,0.0,2.0,0.0,-0.1875
0.0,0.0,-1.0,1.0,0.0,0.0,3.0,2.0,-0.1875
0.0,-1.0,-1.0,-1.0,0.0,0.0,3.0,2.0,-0.1875
1.0,-1.0,1.0,-1.0,0.0,2.0,3.0,4.0,-0.1875
1.0,-2.0,-1.0,-1.0,0.0,2.0,3.0,4.0,-0.1875
1.0,-2.0,-1.0,-1.0,0.0,-1.0,3.0,0.0,-0.1875
1.0,-2.0,2.0,-1.0,0.0,3.0,3.0,4.0,-0.1875
1.0,-2.0,2.0,-2.0,0.0,-1.0,-1.0,4.0,-0.1875
1.0,-2.0,2.0,0.0,1.0,-1.0,-1.0,4.0,-0.1875
0.0,-2.0,0.0,0.0,1.0,-3.0,-1.0,0.0,-0.1875
0.0,-1.0,0.0,2.0,1.0,1.0,3.0,0.0,-0.1875
0.0,-1.0,0.0,2.0,0.0,1.0,1.0,0.0,-0.1875
0.0,-1.0,0.0,3.0,0.0,3.0,1.0,0.0,-0.1875
0.0,-1.0,0.0,3.0,-1.0,3.0,-1.0,0.0,-0.1875
0.0,0.0,0.0,0.0,0.0,0.0,1.0,2.0,0.53125
0.0,0.0,0.0,0.0,0.0,-1.0,1.0,0.0,0.53125
0.0,0.0,0.0,1.0,0.0,1.0,1.0,0.0,0.53125
0.0,0.0,0.0,1.0,0.0,1.0,0.0,-2.0,0.53125
0.0,0.0,0.0,1.0,0.0,2.0,2.0,0.0,0.53125
0.0,0.0,-1.0,1.0,0.0,0.0,2.0,0.0,0.53125
0.0,0.0,-1.0,1.0,0.0,0.0,3.0,2.0,0.53125
0.0,-1.0,-1.0,-1.0,0.0,0.0,3.0,2.0,0.53125
1.0,-1.0,1.0,-1.0,0.0,2.0,3.0,4.0,0.53125
1.0,-2.0,-1.0,-1.0,0.0,2.0,3.0,4.0,0.53125
1.0,-2.0,-1.0,-1.0,0.0,-1.0,3.0,0.0,0.53125
1.0,-2.0,2.0,-1.0,0.0,3.0,3.0,4.0,0.53125
1.0,-2.0,2.0,-2.0,0.0,-1.0,-1.0,4.0,0.53125
1.0,-2.0,2.0,0.0,1.0,-1.0,-1.0,4.0,0.53125
0.0,-2.0,0.0,0.0,1.0,-3.0,-1.0,0.0,0.53125
0.0,-1.0,0.0,2.0,1.0,1.0,3.0,0.0,0.53125
0.0,-1.0,0.0,2.0,0.0,1.0,1.0,0.0,0.53125
0.0,-1.0,0.0,3.0,0.0,3.0,1.0,0.0,0.53125
0.0,-2.0,0.0,3.0,-2.0,1.0,1.0,0.0,0.53125
0.0,0.0,0.0,0.0,0.0,0.0,1.0,2.0,0.3125
0.0,0.0,0.0,0.0,0.0,-1.0,1.0,0.0,0.3125
0.0,0.0,0.0,1.0,0.0,1.0,1.0,0.0,0.3125
0.0,0.0,0.0,1.0,0.0,1.0,0.0,-2.0,0.3125
0.0,0.0,0.0,1.0,0.0,2.0,2.0,0.0,0.3125
0.0,0.0,-1.0,1.0,0.0,0.0,2.0,0.0,0.3125
0.0,0.0,-1.0,1.0,0.0,0.0,3.0,2.0,0.3125
0.0,-1.0,-1.0,-1.0,0.0,0.0,3.0,2.0,0.3125
1.0,-1.0,1.0,-1.0,0.0,2.0,3.0,4.0,0.3125
1.0,-2.0,-1.0,-1.0,0.0,2.0,3.0,4.0,0.3125
1.0,-2.0,-1.0,-1.0,0.0,-1.0,3.0,0.0,0.3125
1.0,-2.0,2.0,-1.0,0.0,3.0,3.0,4.0,0.3125
1.0,-2.0,2.0,-2.0,0.0,-1.0,-1.0,4.0,0.3125
1.0,-2.0,2.0,0.0,1.0,-1.0,-1.0,4.0,0.3125
0.0,-2.0,0.0,0.0,1.0,-3.0,-1.0,0.0,0.3125
0.0,-1.0,0.0,2.0,1.0,1.0,3.0,0.0,0.3125
0.0,-1.0,0.0,2.0,0.0,1.0,1.0,0.0,0.3125
0.0,-1.0,0.0,3.0,0.0,3.0,1.0,0.0,0.3125
0.0,-2.0,0.0,3.0,-2.0,1.0,1.0,0.0,0.3125
0.0,0.0,0.0,0.0,0.0,0.0,1.0,2.0,0.03125
0.0,0.0,0.0,0.0,0.0,-1.0,1.0,0.0,0.03125
0.0,0.0,0.0,1.0,0.0,1.0,1.0,0.0,0.03125
0.0,0.0,0.0,1.0,0.0,1.0,0.0,-2.0,0.03125
0.0,0.0,0.0,1.0,0.0,2.0,2.0,0.0,0.03125
0.0,0.0,-1.0,1.0,0.0,0.0,2.0,0.0,0.03125
0.0,1.0,1.0,1.0,0.0,0.0,2.0,0.0,0.03125
-1.0,1.0,-1.0,1.0,0.0,0.0,2.0,0.0,0.03125
-1.0,1.0,-1.0,1.0,0.0,0.0,3.0,2.0,0.03125
-1.0,0.0,-1.0,-1.0,0.0,0.0,3.0,2.0,0.03125
-1.0,0.0,-1.0,-1.0,0.0,1.0,3.0,4.0,0.03125
-1.0,-3.0,-1.0,-1.0,0.0,1.0,3.0,4.0,0.03125
-1.0,-3.0,-1.0,-2.0,0.0,-1.0,-1.0,4.0,0.03125
-1.0,-3.0,-1.0,-2.0,1.0,-1.0,1.0,4.0,0.03125
-1.0,-3.0,-1.0,-2.0,1.0,-2.0,1.0,0.0,0.03125
-1.0,-3.0,-1.0,-2.0,1.0,-2.0,2.0,2.0,0.03125
-1.0,-3.0,-1.0,-2.0,1.0,-2.0,-1.0,0.0,0.03125
-1.0,-2.0,-1.0,0.0,1.0,0.0,1.0,0.0,0.03125
-1.0,-3.0,-1.0,0.0,-1.0,0.0,-1.0,-4.0,0.03125
0.0,0.0,0.0,0.0,0.0,0.0,1.0,2.0,0.46875
0.0,0.0,0.0,0.0,0.0,-1.0,1.0,0.0,0.46875
0.0,0.0,0.0,0.0,0.0,-1.0,2.0,2.0,0.46875
0.0,0.0,0.0,0.0,0.0,-1.0,-1.0,2.0,0.46875
0.0,0.0,0.0,0.0,0.0,-1.0,0.0,4.0,0.46875
0.0,0.0,0.0,0.0,0.0,-1.0,-3.0,2.0,0.46875
0.0,0.0,0.0,0.0,1.0,-1.0,-1.0,2.0,0.46875
0.0,0.0,0.0,0.0,1.0,-2.0,-1.0,0.0,0.46875
0.0,0.0,0.0,1.0,1.0,0.0,3.0,0.0,0.46875
0.0,-1.0,0.0,1.0,-1.0,0.0,1.0,-2.0,0.46875
0.0,-1.0,0.0,1.0,-1.0,1.0,3.0,0.0,0.46875
0.0,-1.0,0.0,1.0,-2.0,1.0,1.0,0.0,0.46875
0.0,0.0,0.0,1.0,0.0,1.0,1.0,0.0,0.46875
0.0,-1.0,0.0,-1.0,0.0,-1.0,1.0,0.0,0.46875
0.0,-1.0,0.0,0.0,0.0,1.0,3.0,0.0,0.46875
0.0,-1.0,0.0,0.0,0.0,1.0,0.0,-2.0,0.46875
0.0,-1.0,0.0,0.0,1.0,1.0,2.0,-2.0,0.46875
0.0,-1.0,0.0,0.0,0.0,-1.0,2.0,-2.0,0.46875
0.0,-1.0,0.0,1.0,0.0,-1.0,4.0,0.0,0.46875
0.0,0.0,0.0,0.0,0.0,0.0,1.0,2.0,0.125
0.0,0.0,0.0,0.0,0.0,-1.0,1.0,0.0,0.125
0.0,0.0,0.0,1.0,0.0,1.0,1.0,0.0,0.125
0.0,0.0,0.0,1.0,0.0,1.0,0.0,-2.0,0.125
0.0,0.0,0.0,1.0,0.0,2.0,2.0,0.0,0.125
0.0,0.0,-1.0,1.0,0.0,0.0,2.0,0.0,0.125
0.0,0.0,-1.0,1.0,0.0,0.0,3.0,2.0,0.125
0.0,0.0,-1.0,1.0,0.0,0.0,2.0,0.0,0.125
1.0,0.0,1.0,1.0,0.0,2.0,2.0,2.0,0.125
1.0,0.0,1.0,1.0,0.0,2.0,1.0,0.0,0.125
1.0,0.0,1.0,1.0,0.0,2.0,2.0,2.0,0.125
1.0,0.0,1.0,1.0,0.0,2.0,1.0,-2.0,0.125
1.0,0.0,1.0,1.0,0.0,3.0,3.0,2.0,0.125
1.0,0.0,1.0,1.0,0.0,2.0,1.0,0.0,0.125
1.0,0.0,1.0,1.0,1.0,2.0,3.0,0.0,0.125
1.0,0.0,1.0,0.0,1.0,0.0,1.0,0.0,0.125
1.0,0.0,1.0,1.0,1.0,2.0,5.0,2.0,0.125
1.0,0.0,1.0,0.0,1.0,0.0,1.0,2.0,0.125
1.0,1.0,1.0,2.0,1.0,0.0,1.0,2.0,0.125
0.0,0.0,0.0,0.0,0.0,0.0,1.0,2.0,-0.09375
0.0,0.0,0.0,0.0,0.0,-1.0,1.0,0.0,-0.09375
0.0,0.0,0.0,1.0,0.0,1.0,1.0,0.0,-0.09375
0.0,0.0,0.0,1.0,0.0,1.0,0.0,-2.0,-0.09375
0.0,0.0,0.0,1.0,0.0,2.0,2.0,0.0,-0.09375
0.0,0.0,-1.0,1.0,0.0,0.0,2.0,0.0,-0.09375
0.0,0.0,-1.0,1.0,0.0,0.0,3.0,2.0,-0.09375
0.0,-1.0,-1.0,-1.0,0.0,0.0,3.0,2.0,-0.09375
1.0,-1.0,1.0,-1.0,0.0,2.0,3.0,4.0,-0.09375
1.0,-2.0,-1.0,-1.0,0.0,2.0,3.0,4.0,-0.09375
1.0,-2.0,-1.0,-1.0,0.0,-1.0,3.0,0.0,-0.09375
1.0,-2.0,2.0,-1.0,0.0,3.0,3.0,4.0,-0.09375
1.0,-2.0,2.0,-2.0,0.0,-1.0,-1.0,4.0,-0.09375
1.0,-2.0,2.0,0.0,1.0,-1.0,-1.0,4.0,-0.09375
0.0,-2.0,0.0,0.0,1.0,-3.0,-1.0,0.0,-0.09375
0.0,-1.0,0.0,2.0,1.0,1.0,3.0,0.0,-0.09375
0.0,-1.0,0.0,2.0,0.0,1.0,1.0,0.0,-0.09375
0.0,-1.0,0.0,3.0,0.0,3.0,1.0,0.0,-0.09375
0.0,-2.0,0.0,3.0,-2.0,1.0,1.0,0.0,-0.09375
0.0,0.0,0.0,0.0,0.0,0.0,1.0,2.0,0.1875
0.0,0.0,0.0,0.0,0.0,-1.0,1.0,0.0,0.1875
0.0,0.0,0.0,1.0,0.0,1.0,1.0,0.0,0.1875
0.0,0.0,0.0,1.0,0.0,1.0,0.0,-2.0,0.1875
0.0,0.0,0.0,1.0,0.0,2.0,2.0,0.0,0.1875
0.0,0.0,-1.0,1.0,0.0,0.0,2.0,0.0,0.1875
0.0,0.0,-1.0,1.0,0.0,0.0,3.0,2.0,0.1875
0.0,-1.0,-1.0,-1.0,0.0,0.0,3.0,2.0,0.1875
1.0,-1.0,1.0,-1.0,0.0,2.0,3.0,4.0,0.1875
1.0,-2.0,-1.0,-1.0,0.0,2.0,3.0,4.0,0.1875
1.0,1.0,-1.0,-1.0,0.0,2.0,3.0,4.0,0.1875
1.0,1.0,-1.0,-1.0,0.0,-1.0,3.0,0.0,0.1875
1.0,1.0,2.0,-1.0,0.0,3.0,3.0,4.0,0.1875
1.0,1.0,2.0,-2.0,0.0,-1.0,-1.0,4.0,0.1875
1.0,1.0,2.0,0.0,1.0,-1.0,-1.0,4.0,0.1875
1.0,0.0,2.0,0.0,-1.0,-1.0,-1.0,4.0,0.1875
1.0,0.0,2.0,0.0,0.0,-1.0,1.0,4.0,0.1875
0.0,0.0,0.0,0.0,0.0,-3.0,1.0,0.0,0.1875
0.0,1.0,0.0,2.0,0.0,-1.0,3.0,0.0,0.1875
0.0,0.0,0.0,0.0,0.0,0.0,1.0,2.0,0.5625
0.0,0.0,0.0,0.0,0.0,0.0,0.0,0.0,0.5625
0.0,0.0,0.0,0.0,0.0,0.0,1.0,2.0,0.5625
0.0,0.0,0.0,0.0,0.0,-1.0,1.0,0.0,0.5625
0.0,0.0,0.0,0.0,1.0,-1.0,3.0,2.0,0.5625
0.0,0.0,0.0,0.0,0.0,-1.0,1.0,0.0,0.5625
0.0,0.0,0.0,0.0,0.0,-1.0,2.0,4.0,0.5625
0.0,0.0,0.0,0.0,-1.0,-1.0,0.0,4.0,0.5625
0.0,0.0,0.0,1.0,-1.0,-1.0,2.0,4.0,0.5625
0.0,0.0,0.0,1.0,-1.0,-2.0,2.0,0.0,0.5625
0.0,1.0,0.0,1.0,1.0,-2.0,4.0,0.0,0.5625
0.0,0.0,0.0,-1.0,1.0,-2.0,2.0,0.0,0.5625
0.0,1.0,0.0,-1.0,3.0,-2.0,4.0,0.0,0.5625
0.0,0.0,0.0,-1.0,1.0,-2.0,4.0,0.0,0.5625
0.0,0.0,0.0,-1.0,1.0,-2.0,5.0,2.0,0.5625
0.0,0.0,0.0,-1.0,1.0,-3.0,1.0,2.0,0.5625
0.0,0.0,0.0,0.0,1.0,-1.0,3.0,2.0,0.5625
0.0,-1.0,0.0,0.0,-1.0,-1.0,3.0,2.0,0.5625
0.0,-1.0,0.0,1.0,-1.0,1.0,5.0,2.0,0.5625
0.0,0.0,0.0,0.0,0.0,0.0,1.0,2.0,0.40625
0.0,0.0,0.0,0.0,0.0,-1.0,1.0,0.0,0.40625
0.0,0.0,0.0,1.0,0.0,1.0,1.0,0.0,0.40625
0.0,0.0,0.0,1.0,0.0,1.0,0.0,-2.0,0.40625
0.0,0.0,0.0,1.0,0.0,2.0,2.0,0.0,0.40625
0.0,0.0,-1.0,1.0,0.0,0.0,2.0,0.0,0.40625
0.0,0.0,-1.0,1.0,0.0,0.0,3.0,2.0,0.40625
0.0,-1.0,-1.0,-1.0,0.0,0.0,3.0,2.0,0.40625
1.0,-1.0,1.0,-1.0,0.0,2.0,3.0,4.0,0.40625
1.0,-2.0,-1.0,-1.0,0.0,2.0,3.0,4.0,0.40625
1.0,-2.0,-1.0,-1.0,0.0,-1.0,3.0,0.0,0.40625
1.0,-2.0,2.0,-1.0,0.0,3.0,3.0,4.0,0.40625
1.0,-2.0,2.0,-2.0,0.0,-1.0,-1.0,4.0,0.40625
1.0,-2.0,2.0,0.0,1.0,-1.0,-1.0,4.0,0.40625
0.0,-2.0,0.0,0.0,1.0,-3.0,-1.0,0.0,0.40625
0.0,-1.0,0.0,2.0,1.0,1.0,3.0,0.0,0.40625
0.0,-1.0,0.0,2.0,1.0,1.0,2.0,-2.0,0.40625
0.0,-1.0,0.0,2.0,2.0,1.0,4.0,2.0,0.40625
0.0,-1.0,0.0,1.0,2.0,1.0,2.0,2.0,0.40625
0.0,0.0,0.0,0.0,0.0,0.0,1.0,2.0,0.09375
0.0,0.0,0.0,0.0,0.0,-1.0,1.0,0.0,0.09375
0.0,0.0,0.0,1.0,0.0,1.0,1.0,0.0,0.09375
0.0,0.0,0.0,1.0,0.0,1.0,0.0,-2.0,0.09375
0.0,0.0,0.0,1.0,0.0,2.0,2.0,0.0,0.09375
0.0,0.0,-1.0,1.0,0.0,0.0,2.0,0.0,0.09375
0.0,0.0,-1.0,1.0,0.0,0.0,3.0,2.0,0.09375
0.0,-1.0,-1.0,-1.0,0.0,0.0,3.0,2.0,0.09375
1.0,-1.0,1.0,-1.0,0.0,2.0,3.0,4.0,0.09375
1.0,-2.0,-1.0,-1.0,0.0,2.0,3.0,4.0,0.09375
1.0,-2.0,-1.0,-1.0,0.0,-1.0,3.0,0.0,0.09375
1.0,-2.0,2.0,-1.0,0.0,3.0,3.0,4.0,0.09375
1.0,-2.0,2.0,-2.0,0.0,-1.0,-1.0,4.0,0.09375
1.0,-2.0,2.0,0.0,1.0,-1.0,-1.0,4.0,0.09375
0.0,-2.0,0.0,0.0,1.0,-3.0,-1.0,0.0,0.09375
0.0,-2.0,0.0,0.0,1.0,-3.0,0.0,2.0,0.09375
0.0,-2.0,0.0,0.0,-1.0,-3.0,-3.0,-2.0,0.09375
0.0,-1.0,0.0,2.0,-1.0,1.0,1.0,-2.0,0.09375
0.0,-1.0,0.0,2.0,-2.0,-1.0,-1.0,-2.0,0.09375
0.0,0.0,0.0,0.0,0.0,0.0,1.0,2.0,-0.640625
0.0,0.0,0.0,0.0,0.0,-1.0,1.0,0.0,-0.640625
0.0,0.0,0.0,1.0,0.0,1.0,1.0,0.0,-0.640625
0.0,0.0,0.0,1.0,0.0,1.0,0.0,-2.0,-0.640625
0.0,0.0,0.0,1.0,0.0,2.0,2.0,0.0,-0.640625
0.0,0.0,-1.0,1.0,0.0,0.0,2.0,0.0,-0.640625
0.0,0.0,-1.0,1.0,0.0,0.0,3.0,2.0,-0.640625
0.0,-1.0,-1.0,-1.0,0.0,0.0,3.0,2.0,-0.640625
1.0,-1.0,1.0,-1.0,0.0,2.0,3.0,4.0,-0.640625
1.0,-2.0,-1.0,-1.0,0.0,2.0,3.0,4.0,-0.640625
1.0,-2.0,-1.0,-1.0,0.0,-1.0,3.0,0.0,-0.640625
1.0,-2.0,2.0,-1.0,0.0,3.0,3.0,4.0,-0.640625
1.0,-2.0,2.0,-2.0,0.0,-1.0,-1.0,4.0,-0.640625
1.0,-2.0,2.0,0.0,1.0,-1.0,-1.0,4.0,-0.640625
0.0,-2.0,0.0,0.0,1.0,-3.0,-1.0,0.0,-0.640625
0.0,-1.0,0.0,2.0,1.0,1.0,3.0,0.0,-0.640625
0.0,-1.0,0.0,2.0,0.0,1.0,1.0,0.0,-0.640625
0.0,-1.0,0.0,3.0,0.0,3.0,1.0,0.0,-0.640625
0.0,-2.0,0.0,3.0,-2.0,1.0,1.0,0.0,-0.640625
0.0,0.0,0.0,0.0,0.0,0.0,1.0,2.0,-0.0625
0.0,0.0,0.0,0.0,0.0,-1.0,1.0,0.0,-0.0625
0.0,0.0,0.0,1.0,0.0,1.0,1.0,0.0,-0.0625
0.0,0.0,0.0,1.0,0.0,1.0,0.0,-2.0,-0.0625
0.0,0.0,0.0,1.0,0.0,2.0,2.0,0.0,-0.0625
0.0,0.0,-1.0,1.0,0.0,0.0,2.0,0.0,-0.0625
0.0,0.0,-1.0,1.0,0.0,0.0,3.0,2.0,-0.0625
0.0,-1.0,-1.0,-1.0,0.0,0.0,3.0,2.0,-0.0625
1.0,-1.0,1.0,-1.0,0.0,2.0,3.0,4.0,-0.0625
1.0,-2.0,-1.0,-1.0,0.0,2.0,3.0,4.0,-0.0625
1.0,-2.0,-1.0,-1.0,0.0,-1.0,3.0,0.0,-0.0625
1.0,-2.0,2.0,-1.0,0.0,3.0,3.0,4.0,-0.0625
1.0,-2.0,2.0,-2.0,0.0,-1.0,-1.0,4.0,-0.0625
1.0,-2.0,2.0,0.0,1.0,-1.0,-1.0,4.0,-0.0625
0.0,-2.0,0.0,0.0,1.0,-3.0,-1.0,0.0,-0.0625
0.0,-1.0,0.0,2.0,1.0,1.0,3.0,0.0,-0.0625
0.0,-1.0,0.0,2.0,0.0,1.0,1.0,0.0,-0.0625
0.0,-1.0,0.0,3.0,0.0,3.0,1.0,0.0,-0.0625
0.0,-2.0,0.0,3.0,-2.0,1.0,1.0,0.0,-0.0625
0.0,0.0,0.0,0.0,0.0,0.0,1.0,2.0,0.4375
0.0,0.0,0.0,0.0,0.0,-1.0,1.0,0.0,0.4375
0.0,0.0,0.0,1.0,0.0,1.0,1.0,0.0,0.4375
0.0,0.0,0.0,1.0,0.0,1.0,0.0,-2.0,0.4375
0.0,0.0,0.0,1.0,0.0,1.0,1.0,2.0,0.4375
0.0,-1.0,0.0,-1.0,0.0,-1.0,-1.0,2.0,0.4375
0.0,-1.0,1.0,-1.0,0.0,1.0,-1.0,4.0,0.4375
0.0,-1.0,1.0,-1.0,0.0,1.0,-2.0,2.0,0.4375
0.0,-1.0,1.0,-1.0,0.0,1.0,-1.0,4.0,0.4375
0.0,-1.0,1.0,-1.0,0.0,1.0,-4.0,-2.0,0.4375
0.0,-1.0,1.0,0.0,0.0,1.0,-2.0,0.0,0.4375
0.0,-1.0,1.0,0.0,-1.0,1.0,-4.0,0.0,0.4375
0.0,-1.0,1.0,0.0,-1.0,2.0,-4.0,2.0,0.4375
0.0,-1.0,1.0,0.0,-2.0,2.0,-6.0,0.0,0.4375
0.0,-1.0,1.0,0.0,1.0,2.0,-4.0,0.0,0.4375
0.0,-2.0,1.0,0.0,-1.0,2.0,-6.0,-4.0,0.4375
0.0,-2.0,1.0,0.0,-1.0,2.0,-1.0,-4.0,0.4375
0.0,-3.0,-1.0,-2.0,-1.0,2.0,-1.0,-4.0,0.4375
1.0,-3.0,1.0,-2.0,-1.0,2.0,-1.0,-4.0,0.4375
0.0,0.0,0.0,0.0,0.0,0.0,1.0,2.0,0.4375
0.0,0.0,0.0,0.0,0.0,-1.0,1.0,0.0,0.4375
0.0,0.0,0.0,1.0,0.0,1.0,1.0,0.0,0.4375
0.0,0.0,0.0,1.0,0.0,1.0,0.0,-2.0,0.4375
0.0,0.0,0.0,1.0,0.0,2.0,2.0,0.0,0.4375
0.0,0.0,-1.0,1.0,0.0,0.0,2.0,0.0,0.4375
0.0,0.0,-1.0,1.0,0.0,0.0,3.0,2.0,0.4375
0.0,-1.0,-1.0,-1.0,0.0,0.0,3.0,2.0,0.4375
1.0,-1.0,1.0,-1.0,0.0,2.0,3.0,4.0,0.4375
1.0,-2.0,-1.0,-1.0,0.0,2.0,3.0,4.0,0.4375
1.0,-2.0,-1.0,-1.0,0.0,-1.0,3.0,0.0,0.4375
1.0,-2.0,2.0,-1.0,0.0,3.0,3.0,4.0,0.4375
1.0,-2.0,2.0,-2.0,0.0,-1.0,-1.0,4.0,0.4375
1.0,-2.0,2.0,0.0,1.0,-1.0,-1.0,4.0,0.4375
1.0,-2.0,2.0,0.0,-1.0,-1.0,-2.0,2.0,0.4375
1.0,-1.0,2.0,2.0,-1.0,3.0,2.0,2.0,0.4375
1.0,-1.0,2.0,2.0,-2.0,1.0,0.0,2.0,0.4375
1.0,-1.0,2.0,2.0,-2.0,1.0,1.0,4.0,0.4375
1.0,-1.0,2.0,2.0,-2.0,1.0,-4.0,0.0,0.4375
0.0,0.0,0.0,0.0,0.0,0.0,1.0,2.0,0.28125
0.0,0.0,0.0,0.0,0.0,-1.0,1.0,0.0,0.28125
0.0,0.0,0.0,0.0,0.0,-1.0,2.0,2.0,0.28125
0.0,0.0,0.0,0.0,0.0,-1.0,-1.0,2.0,0.28125
0.0,0.0,0.0,0.0,1.0,-1.0,1.0,2.0,0.28125
0.0,0.0,0.0,-1.0,1.0,-1.0,-1.0,2.0,0.28125
0.0,0.0,0.0,-1.0,2.0,-1.0,1.0,4.0,0.28125
0.0,-1.0,0.0,-1.0,-2.0,-1.0,1.0,4.0,0.28125
0.0,0.0,0.0,1.0,-2.0,-1.0,3.0,4.0,0.28125
0.0,0.0,0.0,1.0,-2.0,-1.0,0.0,0.0,0.28125
0.0,0.0,0.0,1.0,-1.0,-1.0,2.0,0.0,0.28125
0.0,0.0,0.0,1.0,-1.0,-2.0,2.0,-2.0,0.28125
0.0,0.0,0.0,1.0,0.0,0.0,2.0,-2.0,0.28125
0.0,0.0,0.0,0.0,0.0,0.0,0.0,-2.0,0.28125
0.0,0.0,0.0,0.0,0.0,1.0,0.0,0.0,0.28125
0.0,-1.0,0.0,0.0,-2.0,1.0,0.0,0.0,0.28125
0.0,0.0,0.0,0.0,0.0,1.0,0.0,0.0,0.28125
0.0,0.0,0.0,0.0,0.0,-1.0,-3.0,0.0,0.28125
0.0,0.0,0.0,0.0,0.0,0.0,-1.0,4.0,0.28125
0.0,0.0,0.0,0.0,0.0,0.0,1.0,2.0,-0.125
0.0,0.0,0.0,0.0,0.0,-1.0,1.0,0.0,-0.125
0.0,0.0,0.0,1.0,0.0,1.0,1.0,0.0,-0.125
0.0,0.0,0.0,1.0,0.0,1.0,0.0,-2.0,-0.125
0.0,0.0,0.0,1.0,0.0,2.0,2.0,0.0,-0.125
0.0,0.0,-1.0,1.0,0.0,0.0,2.0,0.0,-0.125
0.0,0.0,-1.0,1.0,0.0,0.0,3.0,2.0,-0.125
0.0,-1.0,-1.0,-1.0,0.0,0.0,3.0,2.0,-0.125
1.0,-1.0,1.0,-1.0,0.0,2.0,3.0,4.0,-0.125
1.0,-2.0,-1.0,-1.0,0.0,2.0,3.0,4.0,-0.125
1.0,-2.0,-1.0,-1.0,0.0,-1.0,3.0,0.0,-0.125
1.0,-2.0,2.0,-1.0,0.0,3.0,3.0,4.0,-0.125
1.0,-2.0,2.0,-2.0,0.0,-1.0,-1.0,4.0,-0.125
1.0,-2.0,2.0,0.0,1.0,-1.0,-1.0,4.0,-0.125
0.0,-2.0,0.0,0.0,1.0,-3.0,-1.0,0.0,-0.125
0.0,-1.0,0.0,2.0,1.0,1.0,3.0,0.0,-0.125
0.0,-1.0,0.0,2.0,0.0,1.0,1.0,0.0,-0.125
0.0,-1.0,0.0,3.0,0.0,3.0,1.0,0.0,-0.125
0.0,-2.0,0.0,3.0,-2.0,1.0,1.0,0.0,-0.125
0.0,0.0,0.0,0.0,0.0,0.0,1.0,2.0,0.28125
0.0,0.0,0.0,0.0,0.0,-1.0,1.0,0.0,0.28125
0.0,0.0,0.0,1.0,0.0,1.0,1.0,0.0,0.28125
0.0,0.0,0.0,1.0,0.0,1.0,0.0,-2.0,0.28125
0.0,0.0,0.0,1.0,0.0,2.0,2.0,0.0,0.28125
0.0,0.0,-1.0,1.0,0.0,0.0,2.0,0.0,0.28125
0.0,0.0,-1.0,1.0,0.0,0.0,3.0,2.0,0.28125
0.0,-1.0,-1.0,-1.0,0.0,0.0,3.0,2.0,0.28125
1.0,-1.0,1.0,-1.0,0.0,2.0,3.0,4.0,0.28125
1.0,-2.0,-1.0,-1.0,0.0,2.0,3.0,4.0,0.28125
1.0,-2.0,-1.0,-1.0,0.0,-1.0,3.0,0.0,0.28125
1.0,-2.0,2.0,-1.0,0.0,3.0,3.0,4.0,0.28125
1.0,-2.0,2.0,-2.0,0.0,-1.0,-1.0,4.0,0.28125
1.0,-2.0,2.0,0.0,1.0,-1.0,-1.0,4.0,0.28125
0.0,-2.0,0.0,0.0,1.0,-3.0,-1.0,0.0,0.28125
0.0,-2.0,1.0,0.0,1.0,-1.0,-1.0,0.0,0.28125
0.0,-2.0,1.0,0.0,0.0,-1.0,-3.0,0.0,0.28125
0.0,-1.0,1.0,0.0,2.0,-1.0,-1.0,2.0,0.28125
0.0,-1.0,1.0,0.0,2.0,-1.0,-4.0,0.0,0.28125
0.0,0.0,0.0,0.0,0.0,0.0,1.0,2.0,0.34375
0.0,0.0,0.0,0.0,0.0,-1.0,1.0,0.0,0.34375
0.0,0.0,0.0,1.0,0.0,1.0,1.0,0.0,0.34375
0.0,0.0,0.0,1.0,0.0,1.0,0.0,-2.0,0.34375
0.0,0.0,0.0,1.0,0.0,2.0,2.0,0.0,0.34375
0.0,0.0,-1.0,1.0,0.0,0.0,2.0,0.0,0.34375
0.0,0.0,-1.0,1.0,0.0,0.0,3.0,2.0,0.34375
0.0,-1.0,-1.0,-1.0,0.0,0.0,3.0,2.0,0.34375
1.0,-1.0,1.0,-1.0,0.0,2.0,3.0,4.0,0.34375
1.0,-2.0,-1.0,-1.0,0.0,2.0,3.0,4.0,0.34375
1.0,-2.0,-1.0,-1.0,0.0,-1.0,3.0,0.0,0.34375
1.0,-2.0,2.0,-1.0,0.0,3.0,3.0,4.0,0.34375
1.0,-2.0,2.0,-2.0,0.0,-1.0,-1.0,4.0,0.34375
1.0,-2.0,2.0,0.0,1.0,-1.0,-1.0,4.0,0.34375
0.0,-2.0,0.0,0.0,1.0,-3.0,-1.0,0.0,0.34375
0.0,-1.0,0.0,2.0,1.0,1.0,3.0,0.0,0.34375
0.0,-1.0,0.0,2.0,0.0,1.0,1.0,0.0,0.34375
0.0,-1.0,0.0,3.0,0.0,3.0,1.0,0.0,0.34375
0.0,-2.0,0.0,3.0,-2.0,1.0,1.0,0.0,0.34375
0.0,0.0,0.0,0.0,0.0,0.0,1.0,2.0,0.21875
0.0,0.0,0.0,0.0,0.0,-1.0,1.0,0.0,0.21875
0.0,0.0,0.0,1.0,0.0,1.0,1.0,0.0,0.21875
0.0,0.0,0.0,1.0,0.0,1.0,0.0,-2.0,0.21875
0.0,0.0,0.0,1.0,0.0,2.0,2.0,0.0,0.21875
0.0,0.0,-1.0,1.0,0.0,0.0,2.0,0.0,0.21875
0.0,0.0,-1.0,1.0,0.0,0.0,3.0,2.0,0.21875
0.0,-1.0,-1.0,-1.0,0.0,0.0,3.0,2.0,0.21875
1.0,-1.0,1.0,-1.0,0.0,2.0,3.0,4.0,0.21875
1.0,-2.0,-1.0,-1.0,0.0,2.0,3.0,4.0,0.21875
1.0,1.0,-1.0,-1.0,0.0,2.0,3.0,4.0,0.21875
1.0,1.0,-1.0,-1.0,0.0,-1.0,3.0,0.0,0.21875
1.0,1.0,2.0,-1.0,0.0,3.0,3.0,4.0,0.21875
1.0,1.0,2.0,-2.0,0.0,-1.0,-1.0,4.0,0.21875
1.0,1.0,2.0,0.0,1.0,-1.0,-1.0,4.0,0.21875
1.0,0.0,2.0,0.0,-1.0,-1.0,-1.0,4.0,0.21875
1.0,1.0,2.0,2.0,-1.0,3.0,3.0,4.0,0.21875
1.0,1.0,2.0,2.0,-2.0,1.0,3.0,4.0,0.21875
1.0,1.0,2.0,2.0,1.0,1.0,3.0,4.0,0.21875
0.0,0.0,0.0,0.0,0.0,0.0,1.0,2.0,-0.15625
0.0,0.0,0.0,0.0,0.0,0.0,0.0,0.0,-0.15625
0.0,0.0,0.0,0.0,0.0,0.0,1.0,2.0,-0.15625
0.0,0.0,0.0,0.0,0.0,0.0,0.0,0.0,-0.15625
0.0,0.0,0.0,0.0,0.0,1.0,2.0,0.0,-0.15625
0.0,0.0,0.0,0.0,0.0,0.0,2.0,-2.0,-0.15625
0.0,0.0,0.0,1.0,0.0,2.0,2.0,-2.0,-0.15625
0.0,0.0,0.0,0.0,0.0,2.0,0.0,-2.0,-0.15625
0.0,0.0,0.0,0.0,0.0,3.0,0.0,0.0,-0.15625
0.0,-1.0,0.0,-2.0,0.0,1.0,0.0,0.0,-0.15625
0.0,0.0,0.0,0.0,0.0,1.0,2.0,0.0,-0.15625
0.0,-1.0,0.0,-2.0,0.0,1.0,2.0,0.0,-0.15625
0.0,-1.0,0.0,-2.0,0.0,1.0,5.0,2.0,-0.15625
0.0,-1.0,0.0,-2.0,0.0,0.0,5.0,0.0,-0.15625
0.0,-1.0,0.0,-1.0,0.0,2.0,5.0,0.0,-0.15625
0.0,-2.0,0.0,-3.0,0.0,2.0,1.0,-2.0,-0.15625
0.0,-2.0,1.0,-3.0,0.0,4.0,1.0,2.0,-0.15625
0.0,-2.0,1.0,-4.0,0.0,0.0,-3.0,2.0,-0.15625
0.0,-2.0,1.0,-3.0,0.0,0.0,-1.0,2.0,-0.15625
0.0,0.0,0.0,0.0,0.0,0.0,1.0,2.0,0.1875
0.0,0.0,0.0,0.0,0.0,-1.0,1.0,0.0,0.1875
0.0,0.0,0.0,1.0,0.0,1.0,1.0,0.0,0.1875
0.0,0.0,0.0,1.0,0.0,1.0,0.0,-2.0,0.1875
0.0,0.0,0.0,1.0,0.0,2.0,2.0,0.0,0.1875
0.0,0.0,-1.0,1.0,0.0,0.0,2.0,0.0,0.1875
0.0,0.0,-1.0,1.0,0.0,0.0,3.0,2.0,0.1875
0.0,-1.0,-1.0,-1.0,0.0,0.0,3.0,2.0,0.1875
1.0,-1.0,1.0,-1.0,0.0,2.0,3.0,4.0,0.1875
1.0,-2.0,-1.0,-1.0,0.0,2.0,3.0,4.0,0.1875
1.0,-2.0,-1.0,-1.0,0.0,-1.0,3.0,0.0,0.1875
1.0,-2.0,2.0,-1.0,0.0,3.0,3.0,4.0,0.1875
1.0,-2.0,2.0,-2.0,0.0,-1.0,-1.0,4.0,0.1875
1.0,-2.0,2.0,0.0,1.0,-1.0,-1.0,4.0,0.1875
0.0,-2.0,0.0,0.0,1.0,-3.0,-1.0,0.0,0.1875
0.0,-1.0,0.0,2.0,1.0,1.0,3.0,0.0,0.1875
0.0,-1.0,0.0,2.0,0.0,1.0,1.0,0.0,0.1875
0.0,-1.0,0.0,3.0,0.0,3.0,1.0,0.0,0.1875
0.0,-2.0,0.0,3.0,-2.0,1.0,1.0,0.0,0.1875
0.0,0.0,0.0,0.0,0.0,0.0,1.0,2.0,0.4375
0.0,0.0,0.0,0.0,0.0,-1.0,1.0,0.0,0.4375
0.0,0.0,0.0,1.0,0.0,1.0,1.0,0.0,0.4375
0.0,0.0,0.0,1.0,0.0,1.0,0.0,-2.0,0.4375
0.0,0.0,0.0,1.0,0.0,2.0,2.0,0.0,0.4375
0.0,0.0,-1.0,1.0,0.0,0.0,2.0,0.0,0.4375
0.0,0.0,-1.0,1.0,0.0,0.0,3.0,2.0,0.4375
0.0,-1.0,-1.0,-1.0,0.0,0.0,3.0,2.0,0.4375
1.0,-1.0,1.0,-1.0,0.0,2.0,3.0,4.0,0.4375
1.0,-1.0,1.0,-2.0,0.0,-2.0,-1.0,4.0,0.4375
1.0,-1.0,1.0,0.0,1.0,-2.0,-1.0,4.0,0.4375
1.0,-2.0,-1.0,0.0,1.0,-2.0,-1.0,4.0,0.4375
1.0,-1.0,1.0,0.0,1.0,-2.0,-1.0,4.0,0.4375
1.0,-1.0,1.0,0.0,-1.0,-2.0,-2.0,2.0,0.4375
1.0,0.0,1.0,2.0,-1.0,2.0,2.0,2.0,0.4375
1.0,0.0,1.0,1.0,-1.0,2.0,0.0,2.0,0.4375
1.0,3.0,1.0,1.0,-1.0,2.0,0.0,2.0,0.4375
1.0,3.0,1.0,1.0,-2.0,2.0,-2.0,-2.0,0.4375
1.0,3.0,1.0,1.0,-2.0,2.0,-1.0,2.0,0.4375
0.0,0.0,0.0,0.0,0.0,0.0,1.0,2.0,0.40625
0.0,0.0,0.0,0.0,0.0,-1.0,1.0,0.0,0.40625
0.0,0.0,0.0,1.0,0.0,1.0,1.0,0.0,0.40625
0.0,0.0,0.0,1.0,0.0,1.0,0.0,-2.0,0.40625
0.0,0.0,0.0,1.0,0.0,2.0,2.0,0.0,0.40625
0.0,0.0,-1.0,1.0,0.0,0.0,2.0,0.0,0.40625
0.0,0.0,-1.0,1.0,0.0,0.0,3.0,2.0,0.40625
0.0,-1.0,-1.0,-1.0,0.0,0.0,3.0,2.0,0.40625
1.0,-1.0,1.0,-1.0,0.0,2.0,3.0,4.0,0.40625
1.0,-2.0,-1.0,-1.0,0.0,2.0,3.0,4.0,0.40625
1.0,-2.0,-1.0,-1.0,0.0,-1.0,3.0,0.0,0.40625
1.0,-2.0,2.0,-1.0,0.0,3.0,3.0,4.0,0.40625
1.0,-2.0,2.0,-2.0,0.0,-1.0,-1.0,4.0,0.40625
1.0,-2.0,2.0,0.0,1.0,-1.0,-1.0,4.0,0.40625
0.0,-2.0,0.0,0.0,1.0,-3.0,-1.0,0.0,0.40625
0.0,-1.0,0.0,2.0,1.0,1.0,3.0,0.0,0.40625
0.0,-1.0,0.0,2.0,1.0,1.0,0.0,-2.0,0.40625
0.0,-1.0,0.0,3.0,1.0,3.0,4.0,-2.0,0.40625
0.0,-1.0,0.0,3.0,0.0,3.0,2.0,-2.0,0.40625
0.0,0.0,0.0,0.0,0.0,0.0,1.0,2.0,0.6875
0.0,0.0,0.0,0.0,0.0,-1.0,1.0,0.0,0.6875
0.0,0.0,0.0,1.0,0.0,1.0,1.0,0.0,0.6875
0.0,0.0,0.0,1.0,0.0,1.0,0.0,-2.0,0.6875
0.0,0.0,0.0,1.0,0.0,2.0,2.0,0.0,0.6875
0.0,0.0,-1.0,1.0,0.0,0.0,2.0,0.0,0.6875
0.0,0.0,-1.0,1.0,0.0,0.0,3.0,2.0,0.6875
0.0,-1.0,-1.0,-1.0,0.0,0.0,3.0,2.0,0.6875
1.0,-1.0,1.0,-1.0,0.0,2.0,3.0,4.0,0.6875
1.0,-2.0,-1.0,-1.0,0.0,2.0,3.0,4.0,0.6875
1.0,-2.0,-1.0,-1.0,0.0,-1.0,3.0,0.0,0.6875
1.0,-2.0,-1.0,0.0,0.0,1.0,3.0,0.0,0.6875
1.0,-2.0,-1.0,0.0,-1.0,1.0,1.0,-2.0,0.6875
1.0,-1.0,-1.0,0.0,1.0,1.0,1.0,-2.0,0.6875
1.0,-4.0,-1.0,0.0,-1.0,1.0,1.0,-2.0,0.6875
1.0,-3.0,-1.0,0.0,1.0,1.0,1.0,-2.0,0.6875
1.0,-6.0,-1.0,0.0,1.0,1.0,1.0,-2.0,0.6875
1.0,-6.0,-1.0,0.0,1.0,1.0,4.0,2.0,0.6875
1.0,-6.0,-1.0,0.0,1.0,1.0,3.0,0.0,0.6875
0.0,0.0,0.0,0.0,0.0,0.0,1.0,2.0,0.65625
0.0,0.0,0.0,0.0,0.0,-1.0,1.0,0.0,0.65625
0.0,0.0,0.0,1.0,0.0,1.0,1.0,0.0,0.65625
0.0,0.0,0.0,1.0,0.0,1.0,0.0,-2.0,0.65625
0.0,0.0,0.0,1.0,0.0,2.0,2.0,0.0,0.65625
0.0,0.0,-1.0,1.0,0.0,0.0,2.0,0.0,0.65625
0.0,0.0,-1.0,1.0,0.0,0.0,3.0,2.0,0.65625
0.0,-1.0,-1.0,-1.0,0.0,0.0,3.0,2.0,0.65625
1.0,-1.0,1.0,-1.0,0.0,2.0,3.0,4.0,0.65625
1.0,-2.0,-1.0,-1.0,0.0,2.0,3.0,4.0,0.65625
1.0,-2.0,-1.0,-1.0,0.0,-1.0,3.0,0.0,0.65625
1.0,-2.0,-1.0,-1.0,0.0,-1.0,4.0,2.0,0.65625
1.0,-2.0,-1.0,-1.0,0.0,-1.0,1.0,0.0,0.65625
1.0,-2.0,-1.0,0.0,0.0,1.0,3.0,2.0,0.65625
1.0,-2.0,-1.0,0.0,0.0,1.0,2.0,-2.0,0.65625
1.0,-2.0,-1.0,0.0,0.0,1.0,3.0,2.0,0.65625
1.0,-3.0,-1.0,-2.0,0.0,-1.0,1.0,2.0,0.65625
1.0,-2.0,-1.0,0.0,0.0,-1.0,1.0,2.0,0.65625
1.0,-2.0,-1.0,-2.0,-1.0,-1.0,-1.0,-2.0,0.65625
0.0,0.0,0.0,0.0,0.0,0.0,1.0,2.0,0.21875
0.0,0.0,0.0,0.0,0.0,-1.0,1.0,0.0,0.21875
0.0,0.0,0.0,1.0,0.0,1.0,1.0,0.0,0.21875
0.0,0.0,0.0,1.0,0.0,1.0,0.0,-2.0,0.21875
0.0,0.0,0.0,1.0,0.0,2.0,2.0,0.0,0.21875
0.0,0.0,-1.0,1.0,0.0,0.0,2.0,0.0,0.21875
0.0,0.0,-1.0,1.0,0.0,0.0,3.0,2.0,0.21875
0.0,-1.0,-1.0,-1.0,0.0,0.0,3.0,2.0,0.21875
0.0,-1.0,-1.0,-1.0,0.0,1.0,3.0,4.0,0.21875
0.0,-1.0,-2.0,-1.0,0.0,-1.0,3.0,0.0,0.21875
0.0,-1.0,-2.0,-1.0,0.0,-1.0,4.0,2.0,0.21875
0.0,-1.0,-2.0,-1.0,0.0,-1.0,1.0,0.0,0.21875
1.0,-1.0,0.0,-1.0,0.0,1.0,1.0,2.0,0.21875
1.0,-1.0,0.0,-1.0,-1.0,1.0,-1.0,0.0,0.21875
1.0,-1.0,0.0,-1.0,-1.0,1.0,2.0,0.0,0.21875
1.0,-1.0,0.0,-1.0,-1.0,1.0,1.0,-4.0,0.21875
1.0,-1.0,0.0,-1.0,0.0,1.0,3.0,0.0,0.21875
1.0,-1.0,0.0,-1.0,-1.0,1.0,1.0,0.0,0.21875
2.0,-1.0,2.0,-1.0,-1.0,3.0,1.0,2.0,0.21875
0.0,0.0,0.0,0.0,0.0,0.0,1.0,2.0,0.4375
0.0,0.0,0.0,0.0,0.0,-1.0,1.0,0.0,0.4375
0.0,0.0,0.0,1.0,0.0,1.0,1.0,0.0,0.4375
0.0,0.0,0.0,1.0,0.0,1.0,0.0,-2.0,0.4375
0.0,0.0,0.0,1.0,0.0,2.0,2.0,0.0,0.4375
0.0,0.0,-1.0,1.0,0.0,0.0,2.0,0.0,0.4375
0.0,0.0,-1.0,1.0,0.0,0.0,3.0,2.0,0.4375
0.0,-1.0,-1.0,-1.0,0.0,0.0,3.0,2.0,0.4375
1.0,-1.0,1.0,-1.0,0.0,2.0,3.0,4.0,0.4375
1.0,-2.0,-1.0,-1.0,0.0,2.0,3.0,4.0,0.4375
1.0,-2.0,-1.0,-1.0,0.0,-1.0,3.0,0.0,0.4375
1.0,-2.0,2.0,-1.0,0.0,3.0,3.0,4.0,0.4375
1.0,-2.0,2.0,-2.0,0.0,-1.0,-1.0,4.0,0.4375
1.0,-2.0,2.0,0.0,1.0,-1.0,-1.0,4.0,0.4375
0.0,-2.0,0.0,0.0,1.0,-3.0,-1.0,0.0,0.4375
0.0,-1.0,0.0,2.0,1.0,1.0,3.0,0.0,0.4375
0.0,-1.0,0.0,2.0,0.0,1.0,1.0,0.0,0.4375
0.0,-1.0,0.0,3.0,0.0,3.0,1.0,0.0,0.4375
0.0,-2.0,0.0,3.0,-2.0,1.0,1.0,0.0,0.4375
0.0,0.0,0.0,0.0,0.0,0.0,1.0,2.0,-0.0625
0.0,0.0,0.0,0.0,0.0,-1.0,1.0,0.0,-0.0625
0.0,0.0,0.0,1.0,0.0,1.0,1.0,0.0,-0.0625
0.0,0.0,0.0,1.0,0.0,1.0,0.0,-2.0,-0.0625
0.0,0.0,0.0,1.0,0.0,2.0,2.0,0.0,-0.0625
0.0,0.0,-1.0,1.0,0.0,0.0,2.0,0.0,-0.0625
0.0,0.0,-1.0,1.0,0.0,0.0,3.0,2.0,-0.0625
0.0,-1.0,-1.0,-1.0,0.0,0.0,3.0,2.0,-0.0625
1.0,-1.0,1.0,-1.0,0.0,2.0,3.0,4.0,-0.0625
1.0,-2.0,-1.0,-1.0,0.0,2.0,3.0,4.0,-0.0625
1.0,-2.0,-1.0,-1.0,0.0,-1.0,3.0,0.0,-0.0625
1.0,-2.0,2.0,-1.0,0.0,3.0,3.0,4.0,-0.0625
1.0,-2.0,2.0,-2.0,0.0,-1.0,-1.0,4.0,-0.0625
1.0,-2.0,2.0,0.0,1.0,-1.0,-1.0,4.0,-0.0625
1.0,-2.0,2.0,0.0,1.0,-2.0,-1.0,0.0,-0.0625
1.0,-1.0,2.0,2.0,1.0,2.0,3.0,0.0,-0.0625
1.0,-1.0,2.0,2.0,0.0,2.0,1.0,-2.0,-0.0625
1.0,0.0,2.0,2.0,2.0,2.0,1.0,-2.0,-0.0625
0.0,0.0,0.0,2.0,2.0,0.0,1.0,-4.0,-0.0625
0.0,0.0,0.0,0.0,0.0,0.0,1.0,2.0,0.0625
0.0,0.0,0.0,0.0,0.0,-1.0,1.0,0.0,0.0625
0.0,0.0,0.0,1.0,0.0,1.0,1.0,0.0,0.0625
0.0,0.0,0.0,1.0,0.0,1.0,0.0,-2.0,0.0625
0.0,0.0,0.0,1.0,0.0,2.0,2.0,0.0,0.0625
0.0,0.0,-1.0,1.0,0.0,0.0,2.0,0.0,0.0625
0.0,0.0,-1.0,1.0,0.0,0.0,3.0,2.0,0.0625
0.0,-1.0,-1.0,-1.0,0.0,0.0,3.0,2.0,0.0625
0.0,-1.0,-1.0,-1.0,0.0,0.0,4.0,4.0,0.0625
0.0,-1.0,-1.0,-1.0,0.0,-1.0,4.0,0.0,0.0625
0.0,-1.0,-1.0,-1.0,0.0,-1.0,5.0,2.0,0.0625
0.0,-1.0,-1.0,-2.0,0.0,-1.0,1.0,0.0,0.0625
0.0,0.0,-1.0,0.0,0.0,1.0,1.0,0.0,0.0625
0.0,0.0,-2.0,0.0,0.0,-1.0,1.0,-2.0,0.0625
0.0,0.0,-2.0,0.0,0.0,-1.0,2.0,4.0,0.0625
0.0,0.0,-2.0,0.0,-1.0,-1.0,-2.0,0.0,0.0625
1.0,0.0,0.0,0.0,-1.0,1.0,-2.0,0.0,0.0625
1.0,-1.0,-2.0,0.0,-1.0,1.0,-2.0,0.0,0.0625
1.0,0.0,-2.0,0.0,1.0,1.0,-2.0,0.0,0.0625
0.0,0.0,0.0,0.0,0.0,0.0,1.0,2.0,0.734375
0.0,0.0,0.0,0.0,0.0,-1.0,1.0,0.0,0.734375
0.0,0.0,0.0,1.0,0.0,1.0,1.0,0.0,0.734375
0.0,0.0,0.0,1.0,0.0,1.0,0.0,-2.0,0.734375
0.0,0.0,0.0,1.0,0.0,2.0,2.0,0.0,0.734375
0.0,0.0,-1.0,1.0,0.0,0.0,2.0,0.0,0.734375
0.0,0.0,-1.0,1.0,0.0,0.0,3.0,2.0,0.734375
0.0,0.0,-1.0,1.0,0.0,-1.0,3.0,0.0,0.734375
0.0,0.0,-1.0,2.0,0.0,1.0,3.0,0.0,0.734375
0.0,-1.0,-1.0,0.0,0.0,1.0,3.0,0.0,0.734375
1.0,-1.0,1.0,0.0,0.0,3.0,3.0,4.0,0.734375
1.0,-2.0,-1.0,0.0,0.0,3.0,3.0,4.0,0.734375
1.0,-2.0,-1.0,-1.0,0.0,-1.0,-1.0,4.0,0.734375
1.0,-2.0,-1.0,0.0,0.0,-1.0,1.0,4.0,0.734375
1.0,-2.0,-1.0,-2.0,-1.0,-1.0,1.0,4.0,0.734375
1.0,-1.0,-1.0,0.0,-1.0,-1.0,1.0,4.0,0.734375
1.0,-1.0,-1.0,0.0,-2.0,-1.0,-1.0,0.0,0.734375
1.0,0.0,1.0,0.0,-2.0,-1.0,-1.0,0.0,0.734375
1.0,0.0,1.0,0.0,-2.0,-1.0,-4.0,-4.0,0.734375
0.0,0.0,0.0,0.0,0.0,0.0,1.0,2.0,0.3125
0.0,0.0,0.0,0.0,0.0,-1.0,1.0,0.0,0.3125
0.0,0.0,0.0,1.0,0.0,1.0,1.0,0.0,0.3125
0.0,0.0,0.0,1.0,0.0,1.0,0.0,-2.0,0.3125
0.0,0.0,0.0,1.0,0.0,2.0,2.0,0.0,0.3125
0.0,0.0,-1.0,1.0,0.0,0.0,2.0,0.0,0.3125
0.0,0.0,-1.0,1.0,0.0,0.0,3.0,2.0,0.3125
0.0,-1.0,-1.0,-1.0,0.0,0.0,3.0,2.0,0.3125
1.0,-1.0,1.0,-1.0,0.0,2.0,3.0,4.0,0.3125
1.0,-2.0,-1.0,-1.0,0.0,2.0,3.0,4.0,0.3125
1.0,-2.0,-1.0,-1.0,0.0,-1.0,3.0,0.0,0.3125
1.0,-2.0,2.0,-1.0,0.0,3.0,3.0,4.0,0.3125
1.0,-2.0,2.0,-2.0,0.0,-1.0,-1.0,4.0,0.3125
1.0,-2.0,2.0,0.0,1.0,-1.0,-1.0,4.0,0.3125
0.0,-2.0,0.0,0.0,1.0,-3.0,-1.0,0.0,0.3125
0.0,-1.0,0.0,2.0,1.0,1.0,3.0,0.0,0.3125
0.0,-1.0,0.0,2.0,0.0,1.0,1.0,0.0,0.3125
0.0,-1.0,0.0,3.0,0.0,3.0,1.0,0.0,0.3125
0.0,-2.0,0.0,3.0,-2.0,1.0,1.0,0.0,0.3125
0.0,0.0,0.0,0.0,0.0,0.0,1.0,2.0,0.15625
0.0,0.0,0.0,0.0,0.0,-1.0,1.0,0.0,0.15625
0.0,0.0,0.0,1.0,0.0,1.0,1.0,0.0,0.15625
0.0,0.0,0.0,1.0,0.0,1.0,0.0,-2.0,0.15625
0.0,0.0,0.0,1.0,0.0,2.0,2.0,0.0,0.15625
0.0,0.0,-1.0,1.0,0.0,0.0,2.0,0.0,0.15625
0.0,0.0,-1.0,1.0,0.0,0.0,3.0,2.0,0.15625
0.0,-1.0,-1.0,-1.0,0.0,0.0,3.0,2.0,0.15625
0.0,-1.0,-1.0,-1.0,0.0,0.0,4.0,4.0,0.15625
0.0,-1.0,-1.0,-1.0,0.0,-1.0,4.0,0.0,0.15625
0.0,-1.0,-1.0,-1.0,0.0,-1.0,5.0,2.0,0.15625
0.0,-1.0,-1.0,-1.0,0.0,-1.0,2.0,0.0,0.15625
0.0,-1.0,-1.0,0.0,0.0,1.0,4.0,2.0,0.15625
0.0,-1.0,-2.0,0.0,0.0,-1.0,4.0,0.0,0.15625
0.0,-1.0,-2.0,1.0,0.0,1.0,4.0,0.0,0.15625
0.0,-2.0,-2.0,-1.0,0.0,-1.0,2.0,0.0,0.15625
0.0,-2.0,-2.0,-1.0,1.0,-1.0,6.0,2.0,0.15625
0.0,-2.0,-2.0,-1.0,1.0,-1.0,3.0,0.0,0.15625
1.0,-2.0,0.0,-1.0,1.0,1.0,3.0,0.0,0.15625
0.0,0.0,0.0,0.0,0.0,0.0,1.0,2.0,-0.59375
0.0,0.0,0.0,0.0,0.0,-1.0,1.0,0.0,-0.59375
0.0,0.0,0.0,1.0,0.0,1.0,1.0,0.0,-0.59375
0.0,0.0,0.0,1.0,0.0,1.0,0.0,-2.0,-0.59375
0.0,0.0,0.0,1.0,0.0,2.0,2.0,0.0,-0.59375
0.0,0.0,0.0,1.0,-1.0,2.0,0.0,0.0,-0.59375
0.0,1.0,0.0,1.0,1.0,2.0,2.0,2.0,-0.59375
0.0,1.0,0.0,1.0,0.0,2.0,0.0,0.0,-0.59375
0.0,1.0,0.0,2.0,2.0,2.0,2.0,0.0,-0.59375
0.0,1.0,0.0,1.0,2.0,2.0,0.0,0.0,-0.59375
0.0,2.0,0.0,3.0,2.0,2.0,0.0,0.0,-0.59375
0.0,1.0,0.0,1.0,2.0,0.0,0.0,0.0,-0.59375
0.0,1.0,0.0,1.0,2.0,0.0,3.0,4.0,-0.59375
0.0,1.0,0.0,1.0,2.0,-1.0,3.0,0.0,-0.59375
0.0,1.0,0.0,1.0,2.0,1.0,4.0,2.0,-0.59375
0.0,1.0,0.0,1.0,2.0,1.0,1.0,0.0,-0.59375
0.0,1.0,1.0,1.0,2.0,3.0,1.0,2.0,-0.59375
0.0,1.0,1.0,1.0,1.0,3.0,-1.0,0.0,-0.59375
0.0,2.0,1.0,1.0,3.0,3.0,-1.0,0.0,-0.59375
0.0,0.0,0.0,0.0,0.0,0.0,1.0,2.0,-0.53125
0.0,0.0,0.0,0.0,0.0,-1.0,1.0,0.0,-0.53125
0.0,0.0,0.0,1.0,0.0,1.0,1.0,0.0,-0.53125
0.0,0.0,0.0,1.0,0.0,1.0,0.0,-2.0,-0.53125
0.0,0.0,0.0,1.0,0.0,2.0,2.0,0.0,-0.53125
0.0,0.0,-1.0,1.0,0.0,0.0,2.0,0.0,-0.53125
0.0,0.0,-1.0,1.0,0.0,0.0,3.0,2.0,-0.53125
0.0,-1.0,-1.0,-1.0,0.0,0.0,3.0,2.0,-0.53125
1.0,-1.0,1.0,-1.0,0.0,2.0,3.0,4.0,-0.53125
1.0,-2.0,-1.0,-1.0,0.0,2.0,3.0,4.0,-0.53125
1.0,-2.0,-1.0,-1.0,0.0,-1.0,3.0,0.0,-0.53125
1.0,-2.0,2.0,-1.0,0.0,3.0,3.0,4.0,-0.53125
1.0,-2.0,2.0,-2.0,0.0,-1.0,-1.0,4.0,-0.53125
1.0,-2.0,2.0,0.0,1.0,-1.0,-1.0,4.0,-0.53125
0.0,-2.0,0.0,0.0,1.0,-3.0,-1.0,0.0,-0.53125
0.0,-1.0,0.0,2.0,1.0,1.0,3.0,0.0,-0.53125
0.0,-1.0,0.0,2.0,0.0,1.0,1.0,0.0,-0.53125
0.0,-1.0,0.0,3.0,0.0,3.0,1.0,0.0,-0.53125
0.0,-2.0,0.0,3.0,-2.0,1.0,1.0,0.0,-0.53125
0.0,0.0,0.0,0.0,0.0,0.0,1.0,2.0,0.25
0.0,0.0,0.0,0.0,0.0,-1.0,1.0,0.0,0.25
0.0,0.0,0.0,1.0,0.0,1.0,1.0,0.0,0.25
0.0,0.0,0.0,1.0,0.0,1.0,0.0,-2.0,0.25
0.0,0.0,0.0,1.0,0.0,2.0,2.0,0.0,0.25
0.0,0.0,-1.0,1.0,0.0,0.0,2.0,0.0,0.25
0.0,0.0,-1.0,1.0,0.0,0.0,3.0,2.0,0.25
0.0,-1.0,-1.0,-1.0,0.0,0.0,3.0,2.0,0.25
1.0,-1.0,1.0,-1.0,0.0,2.0,3.0,4.0,0.25
1.0,-2.0,-1.0,-1.0,0.0,2.0,3.0,4.0,0.25
1.0,-2.0,-1.0,-1.0,0.0,-1.0,3.0,0.0,0.25
1.0,-2.0,2.0,-1.0,0.0,3.0,3.0,4.0,0.25
1.0,-2.0,2.0,-2.0,0.0,-1.0,-1.0,4.0,0.25
1.0,-2.0,2.0,0.0,1.0,-1.0,-1.0,4.0,0.25
1.0,-2.0,2.0,-1.0,1.0,-1.0,-3.0,2.0,0.25
1.0,-1.0,2.0,1.0,1.0,3.0,1.0,2.0,0.25
1.0,-1.0,2.0,1.0,-1.0,3.0,0.0,-2.0,0.25
1.0,0.0,2.0,3.0,-1.0,3.0,2.0,0.0,0.25
0.0,0.0,0.0,3.0,-1.0,1.0,2.0,0.0,0.25
0.0,0.0,0.0,0.0,0.0,0.0,1.0,2.0,0.40625
0.0,0.0,0.0,0.0,0.0,-1.0,1.0,0.0,0.40625
0.0,0.0,0.0,1.0,0.0,1.0,1.0,0.0,0.40625
0.0,0.0,0.0,1.0,0.0,1.0,0.0,-2.0,0.40625
0.0,0.0,0.0,1.0,0.0,2.0,2.0,0.0,0.40625
0.0,0.0,-1.0,1.0,0.0,0.0,2.0,0.0,0.40625
0.0,0.0,-1.0,1.0,0.0,0.0,3.0,2.0,0.40625
0.0,-1.0,-1.0,-1.0,0.0,0.0,3.0,2.0,0.40625
1.0,-1.0,1.0,-1.0,0.0,2.0,3.0,4.0,0.40625
1.0,-2.0,-1.0,-1.0,0.0,2.0,3.0,4.0,0.40625
1.0,-2.0,-1.0,-1.0,0.0,-1.0,3.0,0.0,0.40625
1.0,-2.0,2.0,-1.0,0.0,3.0,3.0,4.0,0.40625
1.0,-2.0,2.0,-2.0,0.0,-1.0,-1.0,4.0,0.40625
1.0,-2.0,2.0,0.0,1.0,-1.0,-1.0,4.0,0.40625
0.0,-2.0,0.0,0.0,1.0,-3.0,-1.0,0.0,0.40625
0.0,-1.0,0.0,2.0,1.0,1.0,3.0,0.0,0.40625
0.0,-1.0,0.0,2.0,0.0,1.0,1.0,0.0,0.40625
0.0,-1.0,0.0,3.0,0.0,3.0,1.0,0.0,0.40625
0.0,-2.0,0.0,3.0,-2.0,1.0,1.0,0.0,0.40625
0.0,0.0,0.0,0.0,0.0,0.0,1.0,2.0,-0.1875
0.0,0.0,0.0,0.0,0.0,-1.0,1.0,0.0,-0.1875
0.0,0.0,0.0,1.0,0.0,1.0,1.0,0.0,-0.1875
0.0,0.0,0.0,1.0,0.0,1.0,0.0,-2.0,-0.1875
0.0,0.0,0.0,1.0,0.0,2.0,2.0,0.0,-0.1875
0.0,0.0,-1.0,1.0,0.0,0.0,2.0,0.0,-0.1875
0.0,0.0,-1.0,1.0,0.0,0.0,3.0,2.0,-0.1875
0.0,-1.0,-1.0,-1.0,0.0,0.0,3.0,2.0,-0.1875
1.0,-1.0,1.0,-1.0,0.0,2.0,3.0,4.0,-0.1875
1.0,-2.0,-1.0,-1.0,0.0,2.0,3.0,4.0,-0.1875
1.0,-2.0,-1.0,-2.0,0.0,-2.0,-1.0,4.0,-0.1875
1.0,-2.0,-1.0,-1.0,0.0,-2.0,1.0,4.0,-0.1875
1.0,-2.0,-1.0,-1.0,0.0,-2.0,0.0,2.0,-0.1875
1.0,-1.0,1.0,-1.0,0.0,-2.0,0.0,2.0,-0.1875
1.0,-1.0,1.0,-1.0,-1.0,-2.0,-2.0,-2.0,-0.1875
1.0,2.0,1.0,1.0,-1.0,-2.0,-2.0,-2.0,-0.1875
1.0,2.0,1.0,1.0,-2.0,-2.0,-4.0,-2.0,-0.1875
1.0,2.0,1.0,1.0,-2.0,0.0,-3.0,0.0,-0.1875
1.0,2.0,1.0,1.0,-3.0,-2.0,-3.0,0.0,-0.1875
0.0,0.0,0.0,0.0,0.0,0.0,1.0,2.0,0.265625
0.0,0.0,0.0,0.0,0.0,-1.0,1.0,0.0,0.265625
0.0,0.0,0.0,1.0,0.0,1.0,1.0,0.0,0.265625
0.0,0.0,0.0,1.0,0.0,1.0,0.0,-2.0,0.265625
0.0,0.0,0.0,1.0,0.0,2.0,2.0,0.0,0.265625
0.0,0.0,-1.0,1.0,0.0,0.0,2.0,0.0,0.265625
0.0,0.0,-1.0,1.0,0.0,0.0,3.0,2.0,0.265625
0.0,-1.0,-1.0,-1.0,0.0,0.0,3.0,2.0,0.265625
1.0,-1.0,1.0,-1.0,0.0,2.0,3.0,4.0,0.265625
1.0,-2.0,-1.0,-1.0,0.0,2.0,3.0,4.0,0.265625
1.0,-2.0,-1.0,-1.0,0.0,-1.0,3.0,0.0,0.265625
1.0,-2.0,-1.0,-1.0,0.0,-1.0,4.0,2.0,0.265625
1.0,-2.0,-1.0,-1.0,-1.0,-1.0,2.0,2.0,0.265625
1.0,-2.0,-1.0,0.0,-1.0,-1.0,4.0,2.0,0.265625
1.0,-2.0,-1.0,0.0,-1.0,-1.0,1.0,0.0,0.265625
1.0,-1.0,-1.0,2.0,-1.0,-1.0,1.0,0.0,0.265625
1.0,-1.0,-1.0,2.0,-1.0,-1.0,-4.0,-4.0,0.265625
1.0,-1.0,-1.0,2.0,-1.0,0.0,-4.0,0.0,0.265625
1.0,-1.0,-1.0,1.0,-1.0,-2.0,-4.0,0.0,0.265625
0.0,0.0,0.0,0.0,0.0,0.0,1.0,2.0,0.0625
0.0,0.0,0.0,0.0,0.0,-1.0,1.0,0.0,0.0625
0.0,0.0,0.0,1.0,0.0,1.0,1.0,0.0,0.0625
0.0,0.0,0.0,1.0,0.0,1.0,0.0,-2.0,0.0625
0.0,0.0,0.0,1.0,0.0,2.0,2.0,0.0,0.0625
0.0,0.0,0.0,0.0,0.0,2.0,0.0,0.0,0.0625
0.0,0.0,0.0,0.0,0.0,3.0,0.0,4.0,0.0625
0.0,-1.0,0.0,-2.0,0.0,1.0,-2.0,4.0,0.0625
0.0,0.0,0.0,0.0,0.0,1.0,0.0,4.0,0.0625
0.0,0.0,0.0,-1.0,0.0,-1.0,-2.0,4.0,0.0625
0.0,0.0,0.0,0.0,0.0,-1.0,0.0,4.0,0.0625
0.0,0.0,0.0,0.0,0.0,-2.0,0.0,0.0,0.0625
0.0,1.0,0.0,2.0,0.0,0.0,2.0,0.0,0.0625
0.0,0.0,0.0,0.0,0.0,0.0,0.0,0.0,0.0625
0.0,0.0,0.0,0.0,0.0,0.0,1.0,2.0,0.0625
0.0,0.0,0.0,0.0,0.0,0.0,-2.0,0.0,0.0625
0.0,0.0,0.0,1.0,0.0,2.0,2.0,0.0,0.0625
0.0,0.0,0.0,0.0,0.0,2.0,0.0,0.0,0.0625
0.0,1.0,0.0,2.0,0.0,2.0,0.0,0.0,0.0625
0.0,0.0,0.0,0.0,0.0,0.0,1.0,2.0,0.03125
0.0,0.0,0.0,0.0,0.0,-1.0,1.0,0.0,0.03125
0.0,0.0,0.0,0.0,0.0,-1.0,2.0,2.0,0.03125
0.0,0.0,0.0,0.0,0.0,-1.0,-1.0,2.0,0.03125
0.0,0.0,0.0,0.0,1.0,-1.0,1.0,2.0,0.03125
0.0,-1.0,0.0,0.0,-1.0,-1.0,1.0,2.0,0.03125
0.0,-1.0,0.0,0.0,-1.0,-1.0,2.0,4.0,0.03125
0.0,-1.0,0.0,0.0,-2.0,-1.0,0.0,4.0,0.03125
0.0,-1.0,0.0,1.0,-2.0,1.0,4.0,4.0,0.03125
0.0,-1.0,0.0,1.0,-2.0,1.0,1.0,0.0,0.03125
0.0,0.0,0.0,1.0,0.0,1.0,1.0,0.0,0.03125
0.0,0.0,0.0,1.0,0.0,1.0,0.0,-4.0,0.03125
0.0,0.0,0.0,1.0,0.0,2.0,2.0,-4.0,0.03125
0.0,0.0,0.0,1.0,-1.0,0.0,0.0,-4.0,0.03125
0.0,0.0,0.0,1.0,0.0,0.0,4.0,0.0,0.03125
0.0,-1.0,0.0,-1.0,0.0,-2.0,0.0,0.0,0.03125
0.0,-1.0,0.0,0.0,0.0,0.0,2.0,2.0,0.03125
0.0,-1.0,0.0,0.0,0.0,-1.0,2.0,-2.0,0.03125
0.0,0.0,0.0,2.0,0.0,-1.0,2.0,-2.0,0.03125
0.0,0.0,0.0,0.0,0.0,0.0,1.0,2.0,0.90625
0.0,0.0,0.0,0.0,0.0,-1.0,1.0,0.0,0.90625
0.0,0.0,0.0,1.0,0.0,1.0,1.0,0.0,0.90625
0.0,0.0,0.0,1.0,0.0,1.0,0.0,-2.0,0.90625
0.0,0.0,0.0,1.0,0.0,1.0,1.0,2.0,0.90625
0.0,0.0,0.0,1.0,0.0,0.0,-1.0,0.0,0.90625
0.0,0.0,0.0,1.0,0.0,0.0,0.0,2.0,0.90625
0.0,0.0,0.0,0.0,0.0,0.0,-2.0,0.0,0.90625
0.0,0.0,0.0,0.0,0.0,0.0,1.0,2.0,0.90625
0.0,-1.0,0.0,-2.0,0.0,0.0,1.0,2.0,0.90625
0.0,-1.0,0.0,-2.0,0.0,0.0,2.0,4.0,0.90625
0.0,-1.0,0.0,-2.0,-1.0,0.0,0.0,0.0,0.90625
0.0,-1.0,0.0,-1.0,-1.0,0.0,2.0,0.0,0.90625
0.0,-1.0,0.0,-1.0,-1.0,-3.0,-2.0,-2.0,0.90625
0.0,-1.0,0.0,-1.0,0.0,-3.0,0.0,2.0,0.90625
0.0,-2.0,0.0,-1.0,-2.0,-3.0,0.0,2.0,0.90625
0.0,-2.0,0.0,-1.0,-1.0,-3.0,4.0,2.0,0.90625
0.0,-2.0,0.0,-1.0,-2.0,-3.0,0.0,-2.0,0.90625
0.0,-1.0,0.0,-1.0,0.0,-1.0,0.0,-2.0,0.90625
0.0,0.0,0.0,0.0,0.0,0.0,1.0,2.0,0.375
0.0,0.0,0.0,0.0,0.0,-1.0,1.0,0.0,0.375
0.0,0.0,0.0,1.0,0.0,1.0,1.0,0.0,0.375
0.0,0.0,0.0,1.0,0.0,1.0,0.0,-2.0,0.375
0.0,0.0,0.0,1.0,0.0,2.0,2.0,0.0,0.375
0.0,0.0,-1.0,1.0,0.0,0.0,2.0,0.0,0.375
0.0,0.0,-1.0,1.0,0.0,0.0,3.0,2.0,0.375
0.0,-1.0,-1.0,-1.0,0.0,0.0,3.0,2.0,0.375
1.0,-1.0,1.0,-1.0,0.0,2.0,3.0,4.0,0.375
1.0,-2.0,-1.0,-1.0,0.0,2.0,3.0,4.0,0.375
1.0,-2.0,-1.0,-1.0,0.0,-1.0,3.0,0.0,0.375
1.0,-2.0,2.0,-1.0,0.0,3.0,3.0,4.0,0.375
1.0,-2.0,2.0,-2.0,0.0,-1.0,-1.0,4.0,0.375
1.0,-2.0,2.0,0.0,1.0,-1.0,-1.0,4.0,0.375
0.0,-2.0,0.0,0.0,1.0,-3.0,-1.0,0.0,0.375
0.0,-1.0,0.0,2.0,1.0,1.0,3.0,0.0,0.375
0.0,-1.0,0.0,2.0,0.0,1.0,1.0,0.0,0.375
0.0,-1.0,0.0,3.0,0.0,3.0,1.0,0.0,0.375
0.0,-2.0,0.0,3.0,-2.0,1.0,1.0,0.0,0.375
0.0,0.0,0.0,0.0,0.0,0.0,1.0,2.0,0.375
0.0,0.0,0.0,0.0,0.0,-1.0,1.0,0.0,0.375
0.0,0.0,0.0,1.0,0.0,1.0,1.0,0.0,0.375
0.0,0.0,0.0,1.0,0.0,1.0,0.0,-2.0,0.375
0.0,0.0,0.0,1.0,0.0,2.0,2.0,0.0,0.375
0.0,0.0,-1.0,1.0,0.0,0.0,2.0,0.0,0.375
0.0,0.0,-1.0,1.0,0.0,0.0,3.0,2.0,0.375
0.0,0.0,-1.0,1.0,0.0,-1.0,3.0,0.0,0.375
0.0,0.0,-1.0,2.0,0.0,1.0,3.0,0.0,0.375
0.0,-1.0,-1.0,0.0,0.0,1.0,3.0,0.0,0.375
1.0,-1.0,1.0,0.0,0.0,3.0,3.0,4.0,0.375
1.0,-2.0,-1.0,0.0,0.0,3.0,3.0,4.0,0.375
1.0,-2.0,-1.0,-1.0,0.0,-1.0,-1.0,4.0,0.375
1.0,-2.0,-1.0,0.0,0.0,-1.0,1.0,4.0,0.375
1.0,-2.0,-1.0,0.0,0.0,-1.0,0.0,2.0,0.375
1.0,-2.0,0.0,0.0,0.0,1.0,0.0,2.0,0.375
1.0,-2.0,0.0,0.0,0.0,1.0,-1.0,0.0,0.375
1.0,-1.0,2.0,0.0,0.0,1.0,-1.0,0.0,0.375
0.0,-1.0,0.0,0.0,0.0,-1.0,-1.0,-2.0,0.375
0.0,0.0,0.0,0.0,0.0,0.0,1.0,2.0,-0.4375
0.0,0.0,0.0,0.0,0.0,0.0,0.0,0.0,-0.4375
0.0,0.0,0.0,0.0,0.0,1.0,2.0,2.0,-0.4375
0.0,0.0,0.0,0.0,0.0,0.0,2.0,0.0,-0.4375
0.0,0.0,0.0,0.0,0.0,0.0,3.0,2.0,-0.4375
0.0,0.0,0.0,-1.0,0.0,-2.0,-1.0,2.0,-0.4375
0.0,0.0,1.0,-1.0,0.0,0.0,-1.0,4.0,-0.4375
0.0,0.0,1.0,-1.0,0.0,0.0,-2.0,0.0,-0.4375
0.0,1.0,1.0,1.0,0.0,2.0,2.0,0.0,-0.4375
0.0,1.0,1.0,1.0,0.0,1.0,0.0,-2.0,-0.4375
0.0,1.0,2.0,1.0,0.0,3.0,0.0,2.0,-0.4375
0.0,1.0,2.0,1.0,-1.0,3.0,-2.0,-2.0,-0.4375
0.0,1.0,2.0,1.0,-1.0,3.0,-1.0,0.0,-0.4375
-1.0,1.0,0.0,1.0,-1.0,1.0,-1.0,-2.0,-0.4375
-1.0,2.0,0.0,1.0,1.0,1.0,1.0,-2.0,-0.4375
-2.0,2.0,-2.0,1.0,1.0,-1.0,1.0,-2.0,-0.4375
-2.0,2.0,-2.0,1.0,2.0,-1.0,5.0,2.0,-0.4375
-2.0,2.0,-2.0,1.0,2.0,-1.0,4.0,0.0,-0.4375
-2.0,2.0,-2.0,1.0,3.0,-1.0,6.0,4.0,-0.4375
0.0,0.0,0.0,0.0,0.0,0.0,1.0,2.0,-0.78125
0.0,0.0,0.0,0.0,0.0,-1.0,1.0,0.0,-0.78125
0.0,0.0,0.0,0.0,0.0,-1.0,2.0,2.0,-0.78125
0.0,0.0,0.0,0.0,0.0,-1.0,-1.0,2.0,-0.78125
0.0,0.0,0.0,0.0,1.0,-1.0,1.0,2.0,-0.78125
0.0,-1.0,0.0,0.0,-1.0,-1.0,1.0,2.0,-0.78125
0.0,-1.0,0.0,0.0,-1.0,-1.0,2.0,4.0,-0.78125
0.0,-1.0,0.0,0.0,-1.0,-1.0,-1.0,4.0,-0.78125
0.0,-1.0,0.0,1.0,-1.0,-1.0,1.0,4.0,-0.78125
0.0,-2.0,0.0,-1.0,-1.0,-1.0,1.0,4.0,-0.78125
0.0,-2.0,0.0,0.0,-1.0,-1.0,3.0,4.0,-0.78125
0.0,-2.0,0.0,0.0,-1.0,-1.0,0.0,-2.0,-0.78125
0.0,-2.0,0.0,0.0,-1.0,0.0,2.0,-2.0,-0.78125
0.0,-2.0,0.0,0.0,-2.0,0.0,0.0,-2.0,-0.78125
0.0,-1.0,0.0,0.0,0.0,0.0,2.0,2.0,-0.78125
0.0,-1.0,0.0,0.0,-1.0,-2.0,0.0,2.0,-0.78125
0.0,-1.0,1.0,0.0,-1.0,0.0,0.0,2.0,-0.78125
0.0,-1.0,1.0,0.0,-1.0,-1.0,-2.0,0.0,-0.78125
0.0,0.0,1.0,0.0,3.0,1.0,-2.0,0.0,-0.78125
0.0,0.0,0.0,0.0,0.0,0.0,1.0,2.0,0.15625
0.0,0.0,0.0,0.0,0.0,-1.0,1.0,0.0,0.15625
0.0,0.0,0.0,1.0,0.0,1.0,1.0,0.0,0.15625
0.0,0.0,0.0,1.0,0.0,1.0,0.0,-2.0,0.15625
0.0,0.0,0.0,1.0,0.0,2.0,0.0,2.0,0.15625
0.0,0.0,0.0,1.0,0.0,2.0,-1.0,0.0,0.15625
0.0,0.0,0.0,1.0,0.0,3.0,1.0,0.0,0.15625
0.0,0.0,-1.0,1.0,0.0,1.0,1.0,-2.0,0.15625
0.0,0.0,-1.0,1.0,1.0,1.0,3.0,0.0,0.15625
0.0,0.0,-1.0,1.0,1.0,1.0,2.0,-2.0,0.15625
0.0,0.0,-1.0,2.0,1.0,3.0,2.0,-2.0,0.15625
0.0,-1.0,-1.0,2.0,-1.0,3.0,0.0,-2.0,0.15625
1.0,-1.0,1.0,2.0,-1.0,3.0,0.0,-2.0,0.15625
1.0,-1.0,1.0,1.0,-1.0,3.0,-2.0,-2.0,0.15625
1.0,0.0,1.0,3.0,-1.0,3.0,-2.0,-2.0,0.15625
1.0,0.0,1.0,3.0,-1.0,3.0,-3.0,-4.0,0.15625
1.0,0.0,1.0,4.0,-1.0,3.0,1.0,-2.0,0.15625
1.0,0.0,1.0,3.0,-1.0,3.0,-1.0,-2.0,0.15625
1.0,0.0,1.0,5.0,0.0,3.0,1.0,-2.0,0.15625
0.0,0.0,0.0,0.0,0.0,0.0,1.0,2.0,-0.5
0.0,0.0,0.0,0.0,0.0,-1.0,1.0,0.0,-0.5
0.0,0.0,0.0,1.0,0.0,1.0,1.0,0.0,-0.5
0.0,0.0,0.0,1.0,0.0,1.0,0.0,-2.0,-0.5
0.0,0.0,0.0,1.0,0.0,2.0,0.0,2.0,-0.5
0.0,-1.0,0.0,-1.0,0.0,0.0,-2.0,2.0,-0.5
0.0,-1.0,0.0,-1.0,0.0,1.0,-2.0,4.0,-0.5
0.0,-1.0,0.0,-1.0,0.0,1.0,-3.0,0.0,-0.5
0.0,-1.0,0.0,-1.0,0.0,2.0,-3.0,2.0,-0.5
0.0,-1.0,0.0,-2.0,0.0,0.0,-3.0,2.0,-0.5
0.0,-1.0,0.0,-2.0,1.0,0.0,-1.0,2.0,-0.5
0.0,-1.0,0.0,-2.0,1.0,0.0,-2.0,0.0,-0.5
0.0,-1.0,0.0,-1.0,1.0,0.0,0.0,0.0,-0.5
0.0,-2.0,0.0,-3.0,1.0,0.0,0.0,0.0,-0.5
0.0,-2.0,0.0,-3.0,1.0,0.0,3.0,0.0,-0.5
0.0,-3.0,0.0,-3.0,-1.0,0.0,1.0,0.0,-0.5
0.0,-3.0,0.0,-3.0,-1.0,0.0,4.0,4.0,-0.5
0.0,-3.0,0.0,-3.0,-1.0,0.0,1.0,2.0,-0.5
0.0,-2.0,0.0,-3.0,1.0,0.0,1.0,2.0,-0.5
0.0,0.0,0.0,0.0,0.0,0.0,1.0,2.0,-0.4375
0.0,0.0,0.0,0.0,0.0,-1.0,1.0,0.0,-0.4375
0.0,0.0,0.0,1.0,0.0,1.0,1.0,0.0,-0.4375
0.0,0.0,0.0,1.0,0.0,1.0,0.0,-2.0,-0.4375
0.0,0.0,0.0,1.0,0.0,2.0,2.0,0.0,-0.4375
0.0,0.0,-1.0,1.0,0.0,0.0,2.0,0.0,-0.4375
0.0,0.0,-1.0,1.0,0.0,0.0,3.0,2.0,-0.4375
0.0,-1.0,-1.0,-1.0,0.0,0.0,3.0,2.0,-0.4375
1.0,-1.0,1.0,-1.0,0.0,2.0,3.0,4.0,-0.4375
1.0,-2.0,-1.0,-1.0,0.0,2.0,3.0,4.0,-0.4375
1.0,-2.0,-1.0,-1.0,0.0,-1.0,3.0,0.0,-0.4375
1.0,-2.0,2.0,-1.0,0.0,3.0,3.0,4.0,-0.4375
1.0,-2.0,2.0,-2.0,0.0,-1.0,-1.0,4.0,-0.4375
1.0,-2.0,2.0,0.0,1.0,-1.0,-1.0,4.0,-0.4375
1.0,-3.0,2.0,0.0,-1.0,-1.0,-1.0,4.0,-0.4375
1.0,-2.0,2.0,2.0,-1.0,3.0,3.0,4.0,-0.4375
1.0,-2.0,2.0,2.0,-2.0,1.0,3.0,4.0,-0.4375
1.0,-2.0,2.0,2.0,1.0,1.0,3.0,4.0,-0.4375
1.0,-2.0,2.0,2.0,-3.0,1.0,2.0,4.0,-0.4375
0.0,0.0,0.0,0.0,0.0,0.0,1.0,2.0,0.28125
0.0,0.0,0.0,0.0,0.0,-1.0,1.0,0.0,0.28125
0.0,0.0,0.0,1.0,0.0,1.0,1.0,0.0,0.28125
0.0,0.0,0.0,1.0,0.0,1.0,0.0,-2.0,0.28125
0.0,0.0,0.0,1.0,0.0,2.0,2.0,0.0,0.28125
0.0,0.0,0.0,1.0,0.0,2.0,1.0,-2.0,0.28125
0.0,0.0,0.0,1.0,0.0,2.0,2.0,0.0,0.28125
0.0,0.0,0.0,0.0,0.0,2.0,0.0,0.0,0.28125
0.0,0.0,0.0,0.0,1.0,2.0,2.0,2.0,0.28125
0.0,-1.0,0.0,-2.0,1.0,0.0,0.0,2.0,0.28125
0.0,-1.0,0.0,-2.0,2.0,0.0,2.0,4.0,0.28125
0.0,-2.0,0.0,-2.0,0.0,0.0,2.0,4.0,0.28125
0.0,-1.0,0.0,0.0,0.0,0.0,4.0,4.0,0.28125
0.0,-1.0,0.0,-3.0,0.0,-2.0,0.0,4.0,0.28125
0.0,-1.0,1.0,-3.0,0.0,0.0,0.0,4.0,0.28125
0.0,-1.0,1.0,-3.0,-1.0,-2.0,0.0,4.0,0.28125
0.0,0.0,1.0,-3.0,1.0,-2.0,2.0,4.0,0.28125
0.0,-3.0,-1.0,-3.0,-1.0,-2.0,2.0,4.0,0.28125
1.0,-3.0,1.0,-3.0,-1.0,0.0,2.0,4.0,0.28125
0.0,0.0,0.0,0.0,0.0,0.0,1.0,2.0,0.6875
0.0,0.0,0.0,0.0,0.0,-1.0,1.0,0.0,0.6875
0.0,0.0,0.0,1.0,0.0,1.0,1.0,0.0,0.6875
0.0,0.0,0.0,1.0,0.0,1.0,0.0,-2.0,0.6875
0.0,0.0,0.0,1.0,0.0,2.0,2.0,0.0,0.6875
0.0,0.0,-1.0,1.0,0.0,0.0,2.0,0.0,0.6875
0.0,0.0,-1.0,1.0,0.0,0.0,3.0,2.0,0.6875
0.0,-1.0,-1.0,-1.0,0.0,0.0,3.0,2.0,0.6875
1.0,-1.0,1.0,-1.0,0.0,2.0,3.0,4.0,0.6875
1.0,-2.0,-1.0,-1.0,0.0,2.0,3.0,4.0,0.6875
1.0,-2.0,-1.0,-1.0,0.0,-1.0,3.0,0.0,0.6875
1.0,-2.0,2.0,-1.0,0.0,3.0,3.0,4.0,0.6875
1.0,-2.0,2.0,-2.0,0.0,-1.0,-1.0,4.0,0.6875
1.0,-2.0,2.0,0.0,1.0,-1.0,-1.0,4.0,0.6875
0.0,-2.0,0.0,0.0,1.0,-3.0,-1.0,0.0,0.6875
0.0,-1.0,0.0,2.0,1.0,1.0,3.0,0.0,0.6875
0.0,-1.0,0.0,2.0,1.0,1.0,0.0,-2.0,0.6875
0.0,-1.0,0.0,3.0,1.0,3.0,4.0,-2.0,0.6875
0.0,-1.0,0.0,3.0,0.0,3.0,2.0,-2.0,0.6875
0.0,0.0,0.0,0.0,0.0,0.0,1.0,2.0,0.015625
0.0,0.0,0.0,0.0,0.0,-1.0,1.0,0.0,0.015625
0.0,0.0,0.0,1.0,0.0,1.0,1.0,0.0,0.015625
0.0,0.0,0.0,1.0,0.0,1.0,0.0,-2.0,0.015625
0.0,0.0,0.0,1.0,0.0,2.0,0.0,2.0,0.015625
0.0,0.0,0.0,1.0,0.0,2.0,-1.0,0.0,0.015625
0.0,0.0,0.0,1.0,1.0,2.0,1.0,2.0,0.015625
0.0,0.0,0.0,1.0,0.0,2.0,-1.0,-2.0,0.015625
0.0,0.0,0.0,2.0,0.0,2.0,1.0,-2.0,0.015625
0.0,0.0,0.0,2.0,0.0,1.0,1.0,-4.0,0.015625
0.0,1.0,0.0,2.0,2.0,1.0,1.0,-4.0,0.015625
0.0,0.0,0.0,2.0,0.0,1.0,-1.0,-4.0,0.015625
0.0,0.0,0.0,2.0,1.0,1.0,1.0,0.0,0.015625
0.0,0.0,0.0,2.0,1.0,1.0,0.0,-2.0,0.015625
0.0,0.0,0.0,2.0,1.0,1.0,1.0,0.0,0.015625
0.0,-1.0,0.0,2.0,-1.0,1.0,-1.0,0.0,0.015625
0.0,-1.0,0.0,3.0,-1.0,3.0,1.0,0.0,0.015625
0.0,-1.0,-1.0,3.0,-1.0,1.0,1.0,-2.0,0.015625
0.0,-1.0,-1.0,3.0,0.0,1.0,3.0,2.0,0.015625
0.0,0.0,0.0,0.0,0.0,0.0,1.0,2.0,0.5625
0.0,0.0,0.0,0.0,0.0,-1.0,1.0,0.0,0.5625
0.0,0.0,0.0,1.0,0.0,1.0,1.0,0.0,0.5625
0.0,0.0,0.0,1.0,0.0,1.0,0.0,-2.0,0.5625
0.0,0.0,0.0,1.0,0.0,2.0,2.0,0.0,0.5625
0.0,0.0,-1.0,1.0,0.0,0.0,2.0,0.0,0.5625
0.0,0.0,-1.0,1.0,0.0,0.0,3.0,2.0,0.5625
0.0,-1.0,-1.0,-1.0,0.0,0.0,3.0,2.0,0.5625
1.0,-1.0,1.0,-1.0,0.0,2.0,3.0,4.0,0.5625
1.0,-2.0,-1.0,-1.0,0.0,2.0,3.0,4.0,0.5625
1.0,-2.0,-1.0,-2.0,0.0,-2.0,-1.0,4.0,0.5625
1.0,-2.0,-1.0,-1.0,0.0,-2.0,1.0,4.0,0.5625
1.0,-2.0,-1.0,-3.0,-1.0,-2.0,1.0,4.0,0.5625
1.0,-1.0,-1.0,-1.0,-1.0,-2.0,1.0,4.0,0.5625
1.0,-2.0,-1.0,-3.0,-1.0,-2.0,1.0,4.0,0.5625
1.0,3.0,-1.0,-3.0,-1.0,-2.0,1.0,4.0,0.5625
1.0,3.0,-1.0,-3.0,-2.0,-2.0,-1.0,0.0,0.5625
1.0,4.0,-1.0,1.0,-2.0,-2.0,-1.0,0.0,0.5625
1.0,4.0,-1.0,-1.0,-3.0,-2.0,-1.0,0.0,0.5625
0.0,0.0,0.0,0.0,0.0,0.0,1.0,2.0,0.59375
0.0,0.0,0.0,0.0,0.0,-1.0,1.0,0.0,0.59375
0.0,0.0,0.0,1.0,0.0,1.0,1.0,0.0,0.59375
0.0,0.0,0.0,1.0,0.0,1.0,0.0,-2.0,0.59375
0.0,0.0,0.0,1.0,0.0,2.0,2.0,0.0,0.59375
0.0,0.0,-1.0,1.0,0.0,0.0,2.0,0.0,0.59375
0.0,0.0,-1.0,1.0,0.0,0.0,3.0,2.0,0.59375
0.0,-1.0,-1.0,-1.0,0.0,0.0,3.0,2.0,0.59375
1.0,-1.0,1.0,-1.0,0.0,2.0,3.0,4.0,0.59375
1.0,-2.0,-1.0,-1.0,0.0,2.0,3.0,4.0,0.59375
1.0,-2.0,-1.0,-1.0,0.0,-1.0,3.0,0.0,0.59375
1.0,-2.0,2.0,-1.0,0.0,3.0,3.0,4.0,0.59375
1.0,-2.0,2.0,-2.0,0.0,-1.0,-1.0,4.0,0.59375
1.0,-2.0,2.0,0.0,1.0,-1.0,-1.0,4.0,0.59375
0.0,-2.0,0.0,0.0,1.0,-3.0,-1.0,0.0,0.59375
0.0,-1.0,0.0,2.0,1.0,1.0,3.0,0.0,0.59375
0.0,-1.0,0.0,2.0,0.0,1.0,1.0,0.0,0.59375
0.0,-1.0,0.0,2.0,0.0,1.0,2.0,2.0,0.59375
0.0,-1.0,0.0,1.0,0.0,1.0,0.0,0.0,0.59375
0.0,0.0,0.0,0.0,0.0,0.0,1.0,2.0,0.5
0.0,0.0,0.0,0.0,0.0,-1.0,1.0,0.0,0.5
0.0,0.0,0.0,1.0,0.0,1.0,1.0,0.0,0.5
0.0,0.0,0.0,1.0,0.0,1.0,0.0,-2.0,0.5
0.0,0.0,0.0,1.0,0.0,2.0,2.0,0.0,0.5
0.0,0.0,-1.0,1.0,0.0,0.0,2.0,0.0,0.5
0.0,0.0,-1.0,1.0,0.0,0.0,3.0,2.0,0.5
0.0,-1.0,-1.0,-1.0,0.0,0.0,3.0,2.0,0.5
1.0,-1.0,1.0,-1.0,0.0,2.0,3.0,4.0,0.5
1.0,-2.0,-1.0,-1.0,0.0,2.0,3.0,4.0,0.5
1.0,-2.0,-1.0,-1.0,0.0,-1.0,3.0,0.0,0.5
1.0,-2.0,2.0,-1.0,0.0,3.0,3.0,4.0,0.5
1.0,-3.0,0.0,-1.0,0.0,3.0,3.0,4.0,0.5
1.0,2.0,0.0,-1.0,0.0,3.0,3.0,4.0,0.5
1.0,2.0,0.0,-2.0,0.0,-1.0,-1.0,4.0,0.5
1.0,2.0,0.0,-1.0,0.0,-1.0,1.0,4.0,0.5
0.0,2.0,-2.0,-1.0,0.0,-3.0,1.0,0.0,0.5
0.0,3.0,0.0,-1.0,0.0,-3.0,1.0,0.0,0.5
0.0,3.0,0.0,-1.0,0.0,-3.0,-2.0,-2.0,0.5
0.0,0.0,0.0,0.0,0.0,0.0,1.0,2.0,-0.46875
0.0,0.0,0.0,0.0,0.0,-1.0,1.0,0.0,-0.46875
0.0,0.0,0.0,1.0,0.0,1.0,1.0,0.0,-0.46875
0.0,0.0,0.0,1.0,0.0,1.0,0.0,-2.0,-0.46875
0.0,0.0,0.0,1.0,0.0,1.0,1.0,2.0,-0.46875
0.0,-1.0,0.0,-1.0,0.0,-1.0,-1.0,2.0,-0.46875
0.0,-1.0,0.0,-1.0,1.0,-1.0,1.0,4.0,-0.46875
0.0,-2.0,0.0,-1.0,-1.0,-1.0,1.0,4.0,-0.46875
0.0,-2.0,0.0,-1.0,0.0,-1.0,3.0,4.0,-0.46875
0.0,-2.0,0.0,-1.0,0.0,-1.0,0.0,4.0,-0.46875
0.0,-2.0,0.0,-1.0,0.0,0.0,4.0,4.0,-0.46875
0.0,-2.0,0.0,-1.0,0.0,-1.0,4.0,0.0,-0.46875
0.0,-2.0,0.0,-1.0,0.0,-1.0,5.0,2.0,-0.46875
0.0,-2.0,0.0,-2.0,0.0,-3.0,1.0,2.0,-0.46875
0.0,-1.0,0.0,0.0,0.0,-3.0,1.0,2.0,-0.46875
0.0,-2.0,0.0,0.0,-2.0,-3.0,1.0,2.0,-0.46875
0.0,-2.0,0.0,1.0,-2.0,-3.0,3.0,2.0,-0.46875
0.0,-2.0,0.0,1.0,-2.0,-4.0,3.0,-2.0,-0.46875
0.0,-2.0,0.0,2.0,-2.0,-2.0,3.0,-2.0,-0.46875
0.0,0.0,0.0,0.0,0.0,0.0,1.0,2.0,-0.09375
0.0,0.0,0.0,0.0,0.0,-1.0,1.0,0.0,-0.09375
0.0,0.0,0.0,1.0,0.0,1.0,1.0,0.0,-0.09375
0.0,0.0,0.0,1.0,0.0,1.0,0.0,-2.0,-0.09375
0.0,0.0,0.0,1.0,0.0,2.0,2.0,0.0,-0.09375
0.0,0.0,-1.0,1.0,0.0,0.0,2.0,0.0,-0.09375
0.0,0.0,-1.0,1.0,0.0,0.0,3.0,2.0,-0.09375
0.0,-1.0,-1.0,-1.0,0.0,0.0,3.0,2.0,-0.09375
1.0,-1.0,1.0,-1.0,0.0,2.0,3.0,4.0,-0.09375
1.0,-2.0,-1.0,-1.0,0.0,2.0,3.0,4.0,-0.09375
1.0,-2.0,-1.0,-1.0,0.0,-1.0,3.0,0.0,-0.09375
1.0,-2.0,2.0,-1.0,0.0,3.0,3.0,4.0,-0.09375
1.0,-2.0,2.0,-2.0,0.0,-1.0,-1.0,4.0,-0.09375
1.0,-2.0,2.0,0.0,1.0,-1.0,-1.0,4.0,-0.09375
0.0,-2.0,0.0,0.0,1.0,-3.0,-1.0,0.0,-0.09375
0.0,-1.0,0.0,2.0,1.0,1.0,3.0,0.0,-0.09375
0.0,-1.0,0.0,2.0,0.0,1.0,1.0,0.0,-0.09375
0.0,-1.0,0.0,3.0,0.0,3.0,1.0,0.0,-0.09375
0.0,-1.0,0.0,3.0,0.0,3.0,0.0,-2.0,-0.09375
0.0,0.0,0.0,0.0,0.0,0.0,1.0,2.0,-0.3125
0.0,0.0,0.0,0.0,0.0,-1.0,1.0,0.0,-0.3125
0.0,0.0,0.0,1.0,0.0,1.0,1.0,0.0,-0.3125
0.0,0.0,0.0,1.0,0.0,1.0,0.0,-2.0,-0.3125
0.0,0.0,0.0,1.0,0.0,2.0,2.0,0.0,-0.3125
0.0,0.0,-1.0,1.0,0.0,0.0,2.0,0.0,-0.3125
0.0,0.0,-1.0,1.0,0.0,0.0,3.0,2.0,-0.3125
0.0,-1.0,-1.0,-1.0,0.0,0.0,3.0,2.0,-0.3125
1.0,-1.0,1.0,-1.0,0.0,2.0,3.0,4.0,-0.3125
1.0,-2.0,-1.0,-1.0,0.0,2.0,3.0,4.0,-0.3125
1.0,-2.0,-1.0,-1.0,0.0,-1.0,3.0,0.0,-0.3125
1.0,-2.0,2.0,-1.0,0.0,3.0,3.0,4.0,-0.3125
1.0,-2.0,2.0,-2.0,0.0,-1.0,-1.0,4.0,-0.3125
1.0,-2.0,2.0,0.0,1.0,-1.0,-1.0,4.0,-0.3125
0.0,-2.0,0.0,0.0,1.0,-3.0,-1.0,0.0,-0.3125
0.0,-1.0,0.0,2.0,1.0,1.0,3.0,0.0,-0.3125
0.0,-1.0,0.0,2.0,0.0,1.0,1.0,0.0,-0.3125
0.0,-1.0,0.0,3.0,0.0,3.0,1.0,0.0,-0.3125
0.0,-1.0,0.0,3.0,-1.0,3.0,-1.0,-2.0,-0.3125
0.0,0.0,0.0,0.0,0.0,0.0,1.0,2.0,0.65625
0.0,0.0,0.0,0.0,0.0,-1.0,1.0,0.0,0.65625
0.0,0.0,0.0,1.0,0.0,1.0,1.0,0.0,0.65625
0.0,0.0,0.0,1.0,0.0,1.0,0.0,-2.0,0.65625
0.0,0.0,0.0,1.0,0.0,2.0,2.0,0.0,0.65625
0.0,0.0,-1.0,1.0,0.0,0.0,2.0,0.0,0.65625
0.0,0.0,-1.0,1.0,0.0,0.0,3.0,2.0,0.65625
0.0,-1.0,-1.0,-1.0,0.0,0.0,3.0,2.0,0.65625
1.0,-1.0,1.0,-1.0,0.0,2.0,3.0,4.0,0.65625
1.0,-2.0,-1.0,-1.0,0.0,2.0,3.0,4.0,0.65625
1.0,-2.0,-1.0,-1.0,0.0,-1.0,3.0,0.0,0.65625
1.0,-2.0,2.0,-1.0,0.0,3.0,3.0,4.0,0.65625
1.0,-2.0,2.0,-2.0,0.0,-1.0,-1.0,4.0,0.65625
1.0,-2.0,2.0,0.0,1.0,-1.0,-1.0,4.0,0.65625
0.0,-2.0,0.0,0.0,1.0,-3.0,-1.0,0.0,0.65625
0.0,-2.0,1.0,0.0,1.0,-1.0,-1.0,0.0,0.65625
0.0,-3.0,1.0,0.0,-1.0,-1.0,-1.0,0.0,0.65625
0.0,-3.0,1.0,0.0,0.0,-1.0,1.0,2.0,0.65625
0.0,-3.0,1.0,0.0,0.0,-1.0,0.0,-2.0,0.65625
0.0,0.0,0.0,0.0,0.0,0.0,1.0,2.0,0.5625
0.0,0.0,0.0,0.0,0.0,-1.0,1.0,0.0,0.5625
0.0,0.0,0.0,1.0,0.0,1.0,1.0,0.0,0.5625
0.0,0.0,0.0,1.0,0.0,1.0,0.0,-2.0,0.5625
0.0,0.0,0.0,1.0,0.0,2.0,2.0,0.0,0.5625
0.0,0.0,-1.0,1.0,0.0,0.0,2.0,0.0,0.5625
0.0,0.0,-1.0,1.0,0.0,0.0,3.0,2.0,0.5625
0.0,-1.0,-1.0,-1.0,0.0,0.0,3.0,2.0,0.5625
1.0,-1.0,1.0,-1.0,0.0,2.0,3.0,4.0,0.5625
1.0,-2.0,-1.0,-1.0,0.0,2.0,3.0,4.0,0.5625
1.0,-2.0,-1.0,-1.0,0.0,-1.0,3.0,0.0,0.5625
1.0,-2.0,2.0,-1.0,0.0,3.0,3.0,4.0,0.5625
1.0,-2.0,2.0,-2.0,0.0,-1.0,-1.0,4.0,0.5625
1.0,-2.0,2.0,0.0,1.0,-1.0,-1.0,4.0,0.5625
0.0,-2.0,0.0,0.0,1.0,-3.0,-1.0,0.0,0.5625
0.0,-1.0,0.0,2.0,1.0,1.0,3.0,0.0,0.5625
0.0,-1.0,0.0,2.0,0.0,1.0,1.0,0.0,0.5625
0.0,-1.0,0.0,3.0,0.0,3.0,1.0,0.0,0.5625
0.0,-2.0,0.0,3.0,-2.0,1.0,1.0,0.0,0.5625
0.0,0.0,0.0,0.0,0.0,0.0,1.0,2.0,0.125
0.0,0.0,0.0,0.0,0.0,-1.0,1.0,0.0,0.125
0.0,0.0,0.0,0.0,0.0,-1.0,2.0,2.0,0.125
0.0,0.0,0.0,0.0,0.0,-1.0,-1.0,2.0,0.125
0.0,0.0,0.0,0.0,0.0,-1.0,0.0,4.0,0.125
0.0,0.0,0.0,0.0,0.0,-1.0,-3.0,2.0,0.125
0.0,0.0,0.0,0.0,1.0,-1.0,-1.0,2.0,0.125
0.0,-1.0,0.0,0.0,-1.0,-1.0,-1.0,2.0,0.125
0.0,-1.0,1.0,0.0,-1.0,1.0,-1.0,4.0,0.125
0.0,-1.0,1.0,0.0,-1.0,1.0,-4.0,-2.0,0.125
0.0,-1.0,1.0,0.0,0.0,1.0,-2.0,2.0,0.125
0.0,-2.0,1.0,0.0,-2.0,1.0,-2.0,2.0,0.125
0.0,-2.0,1.0,0.0,-2.0,2.0,2.0,4.0,0.125
0.0,-2.0,1.0,0.0,-3.0,2.0,-2.0,0.0,0.125
0.0,-2.0,1.0,0.0,-3.0,3.0,-2.0,2.0,0.125
0.0,-2.0,1.0,-1.0,-3.0,1.0,-2.0,2.0,0.125
0.0,-1.0,1.0,-1.0,-1.0,1.0,0.0,2.0,0.125
0.0,-1.0,1.0,-1.0,-1.0,1.0,-3.0,-2.0,0.125
0.0,0.0,1.0,1.0,-1.0,3.0,1.0,-2.0,0.125
0.0,0.0,0.0,0.0,0.0,0.0,1.0,2.0,0.40625
0.0,0.0,0.0,0.0,0.0,-1.0,1.0,0.0,0.40625
0.0,0.0,0.0,1.0,0.0,1.0,1.0,0.0,0.40625
0.0,0.0,0.0,1.0,0.0,1.0,0.0,-2.0,0.40625
0.0,0.0,0.0,1.0,0.0,2.0,2.0,0.0,0.40625
0.0,0.0,-1.0,1.0,0.0,0.0,2.0,0.0,0.40625
0.0,0.0,-1.0,1.0,0.0,0.0,3.0,2.0,0.40625
0.0,-1.0,-1.0,-1.0,0.0,0.0,3.0,2.0,0.40625
1.0,-1.0,1.0,-1.0,0.0,2.0,3.0,2.0,0.40625
1.0,-1.0,1.0,-1.0,0.0,2.0,0.0,0.0,0.40625
1.0,-1.0,1.0,-1.0,0.0,2.0,3.0,0.0,0.40625
1.0,-2.0,-1.0,-1.0,0.0,2.0,3.0,0.0,0.40625
1.0,-1.0,-1.0,1.0,0.0,2.0,3.0,0.0,0.40625
1.0,-1.0,-1.0,1.0,-1.0,2.0,1.0,0.0,0.40625
1.0,2.0,-1.0,1.0,-1.0,2.0,1.0,0.0,0.40625
1.0,2.0,-1.0,0.0,-1.0,2.0,-1.0,-2.0,0.40625
1.0,3.0,1.0,0.0,-1.0,2.0,-1.0,-2.0,0.40625
1.0,3.0,1.0,0.0,-1.0,0.0,-2.0,-4.0,0.40625
1.0,6.0,1.0,0.0,-1.0,0.0,-2.0,-4.0,0.40625
0.0,0.0,0.0,0.0,0.0,0.0,1.0,2.0,0.125
0.0,0.0,0.0,0.0,0.0,-1.0,1.0,0.0,0.125
0.0,0.0,0.0,1.0,0.0,1.0,1.0,0.0,0.125
0.0,0.0,0.0,1.0,0.0,1.0,0.0,-2.0,0.125
0.0,0.0,0.0,1.0,0.0,2.0,2.0,0.0,0.125
0.0,0.0,-1.0,1.0,0.0,0.0,2.0,0.0,0.125
0.0,0.0,-1.0,1.0,0.0,0.0,3.0,2.0,0.125
0.0,-1.0,-1.0,-1.0,0.0,0.0,3.0,2.0,0.125
1.0,-1.0,1.0,-1.0,0.0,2.0,3.0,4.0,0.125
1.0,-2.0,-1.0,-1.0,0.0,2.0,3.0,4.0,0.125
1.0,-2.0,-1.0,-1.0,0.0,-1.0,3.0,0.0,0.125
1.0,-2.0,2.0,-1.0,0.0,3.0,3.0,4.0,0.125
1.0,-2.0,2.0,-2.0,0.0,-1.0,-1.0,4.0,0.125
1.0,-2.0,2.0,0.0,1.0,-1.0,-1.0,4.0,0.125
0.0,-2.0,0.0,0.0,1.0,-3.0,-1.0,0.0,0.125
0.0,-1.0,0.0,2.0,1.0,1.0,3.0,0.0,0.125
0.0,-1.0,0.0,2.0,0.0,1.0,1.0,0.0,0.125
0.0,-1.0,0.0,3.0,0.0,3.0,1.0,0.0,0.125
0.0,-1.0,0.0,3.0,0.0,3.0,0.0,-2.0,0.125
0.0,0.0,0.0,0.0,0.0,0.0,1.0,2.0,0.25
0.0,0.0,0.0,0.0,0.0,-1.0,1.0,0.0,0.25
0.0,0.0,0.0,1.0,0.0,1.0,1.0,0.0,0.25
0.0,0.0,0.0,1.0,0.0,1.0,0.0,-2.0,0.25
0.0,0.0,0.0,1.0,0.0,2.0,2.0,0.0,0.25
0.0,0.0,-1.0,1.0,0.0,0.0,2.0,0.0,0.25
0.0,0.0,-1.0,1.0,0.0,0.0,3.0,2.0,0.25
0.0,-1.0,-1.0,-1.0,0.0,0.0,3.0,2.0,0.25
1.0,-1.0,1.0,-1.0,0.0,2.0,3.0,4.0,0.25
1.0,-2.0,-1.0,-1.0,0.0,2.0,3.0,4.0,0.25
1.0,-2.0,-1.0,-2.0,0.0,-2.0,-1.0,4.0,0.25
1.0,-2.0,-1.0,-1.0,0.0,-2.0,1.0,4.0,0.25
1.0,-2.0,-1.0,-1.0,0.0,-2.0,0.0,2.0,0.25
1.0,-1.0,1.0,-1.0,0.0,-2.0,0.0,2.0,0.25
1.0,-1.0,1.0,-1.0,-1.0,-2.0,-2.0,-2.0,0.25
1.0,2.0,1.0,1.0,-1.0,-2.0,-2.0,-2.0,0.25
1.0,2.0,1.0,1.0,-2.0,-2.0,-4.0,-2.0,0.25
1.0,2.0,1.0,1.0,-2.0,0.0,-3.0,0.0,0.25
1.0,2.0,1.0,1.0,-3.0,-2.0,-3.0,0.0,0.25
0.0,0.0,0.0,0.0,0.0,0.0,1.0,2.0,0.03125
0.0,0.0,0.0,0.0,0.0,-1.0,1.0,0.0,0.03125
0.0,0.0,0.0,1.0,0.0,1.0,1.0,0.0,0.03125
0.0,0.0,0.0,1.0,0.0,1.0,0.0,-2.0,0.03125
0.0,0.0,0.0,1.0,0.0,2.0,2.0,0.0,0.03125
0.0,0.0,0.0,1.0,-1.0,2.0,0.0,-2.0,0.03125
0.0,0.0,0.0,1.0,-1.0,3.0,0.0,2.0,0.03125
0.0,-1.0,0.0,-1.0,-1.0,1.0,-2.0,2.0,0.03125
0.0,0.0,0.0,-1.0,1.0,1.0,0.0,4.0,0.03125
0.0,0.0,0.0,-1.0,1.0,1.0,-1.0,0.0,0.03125
0.0,0.0,0.0,-1.0,1.0,1.0,2.0,2.0,0.03125
0.0,0.0,0.0,-1.0,1.0,1.0,-1.0,2.0,0.03125
0.0,0.0,0.0,-1.0,2.0,1.0,3.0,4.0,0.03125
0.0,0.0,-1.0,-1.0,2.0,-1.0,3.0,0.0,0.03125
0.0,0.0,-1.0,-1.0,2.0,-1.0,4.0,2.0,0.03125
0.0,0.0,-1.0,-1.0,2.0,-1.0,3.0,-2.0,0.03125
0.0,0.0,-1.0,-1.0,3.0,-1.0,5.0,2.0,0.03125
0.0,-1.0,-1.0,-1.0,1.0,-1.0,3.0,0.0,0.03125
1.0,-1.0,1.0,-1.0,1.0,1.0,3.0,2.0,0.03125
0.0,0.0,0.0,0.0,0.0,0.0,1.0,2.0,-0.4375
0.0,0.0,0.0,0.0,0.0,-1.0,1.0,0.0,-0.4375
0.0,0.0,0.0,1.0,0.0,1.0,1.0,0.0,-0.4375
0.0,0.0,0.0,1.0,0.0,1.0,0.0,-2.0,-0.4375
0.0,0.0,0.0,1.0,0.0,2.0,2.0,0.0,-0.4375
0.0,0.0,-1.0,1.0,0.0,0.0,2.0,0.0,-0.4375
0.0,0.0,-1.0,1.0,0.0,0.0,3.0,2.0,-0.4375
0.0,-1.0,-1.0,-1.0,0.0,0.0,3.0,2.0,-0.4375
1.0,-1.0,1.0,-1.0,0.0,2.0,3.0,4.0,-0.4375
1.0,-2.0,-1.0,-1.0,0.0,2.0,3.0,4.0,-0.4375
1.0,1.0,-1.0,-1.0,0.0,2.0,3.0,4.0,-0.4375
1.0,1.0,-1.0,-1.0,0.0,-1.0,3.0,0.0,-0.4375
1.0,1.0,2.0,-1.0,0.0,3.0,3.0,4.0,-0.4375
1.0,1.0,2.0,-2.0,0.0,-1.0,-1.0,4.0,-0.4375
1.0,1.0,2.0,0.0,1.0,-1.0,-1.0,4.0,-0.4375
1.0,0.0,2.0,0.0,-1.0,-1.0,-1.0,4.0,-0.4375
1.0,1.0,2.0,2.0,-1.0,3.0,3.0,4.0,-0.4375
1.0,1.0,2.0,2.0,-2.0,1.0,3.0,4.0,-0.4375
1.0,1.0,2.0,2.0,1.0,1.0,3.0,4.0,-0.4375
0.0,0.0,0.0,0.0,0.0,0.0,1.0,2.0,-0.59375
0.0,0.0,0.0,0.0,0.0,0.0,0.0,0.0,-0.59375
0.0,0.0,0.0,0.0,0.0,1.0,2.0,2.0,-0.59375
0.0,0.0,0.0,0.0,0.0,0.0,2.0,0.0,-0.59375
0.0,0.0,0.0,0.0,0.0,0.0,3.0,2.0,-0.59375
0.0,0.0,0.0,-1.0,0.0,-2.0,-1.0,2.0,-0.59375
0.0,0.0,1.0,-1.0,0.0,0.0,-1.0,4.0,-0.59375
0.0,0.0,1.0,-1.0,0.0,0.0,-2.0,0.0,-0.59375
0.0,1.0,1.0,1.0,0.0,2.0,2.0,0.0,-0.59375
0.0,1.0,1.0,1.0,0.0,1.0,0.0,-2.0,-0.59375
0.0,1.0,2.0,1.0,0.0,3.0,0.0,2.0,-0.59375
0.0,1.0,2.0,1.0,-1.0,3.0,-2.0,-2.0,-0.59375
0.0,1.0,2.0,1.0,-1.0,3.0,-1.0,0.0,-0.59375
-1.0,1.0,0.0,1.0,-1.0,1.0,-1.0,0.0,-0.59375
-1.0,2.0,0.0,1.0,1.0,1.0,1.0,0.0,-0.59375
-2.0,2.0,-2.0,1.0,1.0,-1.0,1.0,-2.0,-0.59375
-2.0,2.0,-2.0,1.0,2.0,-1.0,5.0,2.0,-0.59375
-2.0,2.0,-2.0,1.0,2.0,-2.0,1.0,2.0,-0.59375
-2.0,2.0,-2.0,2.0,2.0,0.0,3.0,2.0,-0.59375
0.0,0.0,0.0,0.0,0.0,0.0,1.0,2.0,-0.15625
0.0,0.0,0.0,0.0,0.0,-1.0,1.0,0.0,-0.15625
0.0,0.0,0.0,1.0,0.0,1.0,1.0,0.0,-0.15625
0.0,0.0,0.0,1.0,0.0,1.0,0.0,-2.0,-0.15625
0.0,0.0,0.0,1.0,0.0,2.0,2.0,0.0,-0.15625
0.0,0.0,-1.0,1.0,0.0,0.0,2.0,0.0,-0.15625
0.0,0.0,-1.0,1.0,0.0,0.0,3.0,2.0,-0.15625
0.0,-1.0,-1.0,-1.0,0.0,0.0,3.0,2.0,-0.15625
1.0,-1.0,1.0,-1.0,0.0,2.0,3.0,4.0,-0.15625
1.0,-2.0,-1.0,-1.0,0.0,2.0,3.0,4.0,-0.15625
1.0,-2.0,-1.0,-1.0,0.0,-1.0,3.0,0.0,-0.15625
1.0,-2.0,2.0,-1.0,0.0,3.0,3.0,4.0,-0.15625
1.0,-2.0,2.0,-2.0,0.0,-1.0,-1.0,4.0,-0.15625
1.0,-2.0,2.0,0.0,1.0,-1.0,-1.0,4.0,-0.15625
0.0,-2.0,0.0,0.0,1.0,-3.0,-1.0,0.0,-0.15625
0.0,-1.0,0.0,2.0,1.0,1.0,3.0,0.0,-0.15625
0.0,-1.0,0.0,2.0,0.0,1.0,1.0,0.0,-0.15625
0.0,-1.0,0.0,3.0,0.0,3.0,1.0,0.0,-0.15625
0.0,-1.0,0.0,2.0,0.0,3.0,-1.0,0.0,-0.15625
0.0,0.0,0.0,0.0,0.0,0.0,1.0,2.0,0.03125
0.0,0.0,0.0,0.0,0.0,-1.0,1.0,0.0,0.03125
0.0,0.0,0.0,1.0,0.0,1.0,1.0,0.0,0.03125
0.0,0.0,0.0,1.0,0.0,1.0,0.0,-2.0,0.03125
0.0,0.0,0.0,1.0,0.0,2.0,2.0,0.0,0.03125
0.0,0.0,-1.0,1.0,0.0,0.0,2.0,0.0,0.03125
0.0,0.0,-1.0,1.0,0.0,0.0,3.0,2.0,0.03125
0.0,-1.0,-1.0,-1.0,0.0,0.0,3.0,2.0,0.03125
1.0,-1.0,1.0,-1.0,0.0,2.0,3.0,4.0,0.03125
1.0,-2.0,-1.0,-1.0,0.0,2.0,3.0,4.0,0.03125
1.0,-2.0,-1.0,-1.0,0.0,-1.0,3.0,0.0,0.03125
1.0,-2.0,-1.0,-1.0,0.0,-1.0,4.0,2.0,0.03125
1.0,-2.0,-1.0,-1.0,0.0,-1.0,1.0,0.0,0.03125
1.0,-2.0,-1.0,-1.0,1.0,-1.0,3.0,0.0,0.03125
1.0,-2.0,-1.0,-1.0,0.0,-1.0,1.0,-2.0,0.03125
1.0,-1.0,-1.0,1.0,0.0,-1.0,1.0,-2.0,0.03125
1.0,-1.0,-2.0,1.0,0.0,-3.0,1.0,-2.0,0.03125
1.0,0.0,0.0,1.0,0.0,-3.0,1.0,-2.0,0.03125
1.0,0.0,0.0,1.0,-1.0,-3.0,-1.0,-2.0,0.03125
0.0,0.0,0.0,0.0,0.0,0.0,1.0,2.0,-0.375
0.0,0.0,0.0,0.0,0.0,-1.0,1.0,0.0,-0.375
0.0,0.0,0.0,1.0,0.0,1.0,1.0,0.0,-0.375
0.0,0.0,0.0,1.0,0.0,1.0,0.0,-2.0,-0.375
0.0,0.0,0.0,1.0,0.0,2.0,2.0,0.0,-0.375
0.0,0.0,-1.0,1.0,0.0,0.0,2.0,0.0,-0.375
0.0,0.0,-1.0,1.0,0.0,0.0,3.0,2.0,-0.375
0.0,-1.0,-1.0,-1.0,0.0,0.0,3.0,2.0,-0.375
1.0,-1.0,1.0,-1.0,0.0,2.0,3.0,4.0,-0.375
1.0,-2.0,-1.0,-1.0,0.0,2.0,3.0,4.0,-0.375
1.0,-2.0,-1.0,-1.0,0.0,-1.0,3.0,0.0,-0.375
1.0,-2.0,2.0,-1.0,0.0,3.0,3.0,4.0,-0.375
1.0,-2.0,2.0,-2.0,0.0,-1.0,-1.0,4.0,-0.375
1.0,-2.0,2.0,0.0,1.0,-1.0,-1.0,4.0,-0.375
0.0,-2.0,0.0,0.0,1.0,-3.0,-1.0,0.0,-0.375
0.0,-2.0,0.0,0.0,1.0,-3.0,0.0,2.0,-0.375
0.0,-3.0,0.0,0.0,-1.0,-3.0,0.0,2.0,-0.375
0.0,-2.0,0.0,2.0,-1.0,1.0,4.0,2.0,-0.375
0.0,-2.0,0.0,2.0,-2.0,-1.0,2.0,2.0,-0.375
0.0,0.0,0.0,0.0,0.0,0.0,1.0,2.0,0.125
0.0,0.0,0.0,0.0,0.0,-1.0,1.0,0.0,0.125
0.0,0.0,0.0,1.0,0.0,1.0,1.0,0.0,0.125
0.0,0.0,0.0,1.0,0.0,1.0,0.0,-2.0,0.125
0.0,0.0,0.0,1.0,0.0,2.0,2.0,0.0,0.125
0.0,0.0,-1.0,1.0,0.0,0.0,2.0,0.0,0.125
0.0,0.0,-1.0,1.0,0.0,0.0,3.0,2.0,0.125
0.0,-1.0,-1.0,-1.0,0.0,0.0,3.0,2.0,0.125
1.0,-1.0,1.0,-1.0,0.0,2.0,3.0,4.0,0.125
1.0,-2.0,-1.0,-1.0,0.0,2.0,3.0,4.0,0.125
1.0,-2.0,-1.0,-1.0,0.0,-1.0,3.0,0.0,0.125
1.0,-2.0,2.0,-1.0,0.0,3.0,3.0,4.0,0.125
1.0,-3.0,0.0,-1.0,0.0,3.0,3.0,4.0,0.125
1.0,2.0,0.0,-1.0,0.0,3.0,3.0,4.0,0.125
0.0,2.0,-2.0,-1.0,0.0,-1.0,3.0,0.0,0.125
0.0,2.0,0.0,1.0,1.0,-1.0,3.0,0.0,0.125
0.0,1.0,0.0,1.0,-1.0,-1.0,3.0,0.0,0.125
0.0,1.0,0.0,1.0,-1.0,-1.0,4.0,2.0,0.125
0.0,1.0,0.0,1.0,-2.0,-1.0,2.0,2.0,0.125
0.0,0.0,0.0,0.0,0.0,0.0,1.0,2.0,-0.1875
0.0,0.0,0.0,0.0,0.0,-1.0,1.0,0.0,-0.1875
0.0,0.0,0.0,1.0,0.0,1.0,1.0,0.0,-0.1875
0.0,0.0,0.0,1.0,0.0,1.0,0.0,-2.0,-0.1875
0.0,0.0,0.0,1.0,0.0,2.0,2.0,0.0,-0.1875
0.0,0.0,-1.0,1.0,0.0,0.0,2.0,0.0,-0.1875
0.0,0.0,-1.0,1.0,0.0,0.0,3.0,2.0,-0.1875
0.0,-1.0,-1.0,-1.0,0.0,0.0,3.0,2.0,-0.1875
1.0,-1.0,1.0,-1.0,0.0,2.0,3.0,4.0,-0.1875
1.0,-2.0,-1.0,-1.0,0.0,2.0,3.0,4.0,-0.1875
1.0,-2.0,-1.0,-1.0,0.0,-1.0,3.0,0.0,-0.1875
1.0,-2.0,2.0,-1.0,0.0,3.0,3.0,4.0,-0.1875
1.0,-2.0,2.0,-2.0,0.0,-1.0,-1.0,4.0,-0.1875
1.0,-2.0,2.0,0.0,1.0,-1.0,-1.0,4.0,-0.1875
0.0,-2.0,0.0,0.0,1.0,-3.0,-1.0,0.0,-0.1875
0.0,-1.0,0.0,2.0,1.0,1.0,3.0,0.0,-0.1875
0.0,-1.0,0.0,2.0,0.0,1.0,1.0,0.0,-0.1875
0.0,-1.0,0.0,3.0,0.0,3.0,1.0,0.0,-0.1875
0.0,-1.0,0.0,3.0,-2.0,3.0,0.0,-2.0,-0.1875
0.0,0.0,0.0,0.0,0.0,0.0,1.0,2.0,0.125
0.0,0.0,0.0,0.0,0.0,-1.0,1.0,0.0,0.125
0.0,0.0,0.0,1.0,0.0,1.0,1.0,0.0,0.125
0.0,0.0,0.0,1.0,0.0,1.0,0.0,-2.0,0.125
0.0,0.0,0.0,1.0,0.0,2.0,0.0,2.0,0.125
0.0,0.0,0.0,1.0,0.0,2.0,-1.0,0.0,0.125
0.0,0.0,0.0,1.0,1.0,2.0,1.0,2.0,0.125
0.0,0.0,0.0,1.0,0.0,2.0,-1.0,-2.0,0.125
0.0,0.0,0.0,2.0,0.0,2.0,1.0,-2.0,0.125
0.0,-1.0,0.0,2.0,-2.0,2.0,-1.0,-4.0,0.125
0.0,0.0,0.0,2.0,0.0,2.0,-1.0,-4.0,0.125
0.0,-1.0,0.0,0.0,0.0,2.0,-3.0,-4.0,0.125
0.0,0.0,0.0,2.0,0.0,2.0,-3.0,-4.0,0.125
0.0,-1.0,0.0,0.0,0.0,0.0,-3.0,-4.0,0.125
0.0,-1.0,0.0,0.0,1.0,2.0,-3.0,-4.0,0.125
0.0,-1.0,0.0,0.0,-2.0,2.0,-3.0,-4.0,0.125
0.0,0.0,0.0,0.0,0.0,2.0,-3.0,-4.0,0.125
0.0,0.0,0.0,0.0,-2.0,2.0,-4.0,-4.0,0.125
1.0,2.0,0.0,0.0,-2.0,2.0,-4.0,-4.0,0.125
0.0,0.0,0.0,0.0,0.0,0.0,1.0,2.0,0.03125
0.0,0.0,0.0,0.0,0.0,-1.0,1.0,0.0,0.03125
0.0,0.0,0.0,1.0,0.0,1.0,1.0,0.0,0.03125
0.0,0.0,0.0,1.0,0.0,1.0,0.0,-2.0,0.03125
0.0,0.0,0.0,1.0,0.0,2.0,2.0,0.0,0.03125
0.0,0.0,-1.0,1.0,0.0,0.0,2.0,0.0,0.03125
0.0,0.0,-1.0,1.0,0.0,0.0,3.0,2.0,0.03125
0.0,-1.0,-1.0,-1.0,0.0,0.0,3.0,2.0,0.03125
1.0,-1.0,1.0,-1.0,0.0,2.0,3.0,4.0,0.03125
1.0,-2.0,-1.0,-1.0,0.0,2.0,3.0,4.0,0.03125
1.0,-2.0,-1.0,-1.0,0.0,-1.0,3.0,0.0,0.03125
1.0,-2.0,2.0,-1.0,0.0,3.0,3.0,4.0,0.03125
1.0,-2.0,2.0,-2.0,0.0,-1.0,-1.0,4.0,0.03125
1.0,-2.0,2.0,0.0,1.0,-1.0,-1.0,4.0,0.03125
0.0,-2.0,0.0,0.0,1.0,-3.0,-1.0,0.0,0.03125
0.0,-2.0,0.0,0.0,2.0,-1.0,1.0,2.0,0.03125
0.0,-2.0,0.0,0.0,2.0,-2.0,1.0,-2.0,0.03125
0.0,-2.0,0.0,0.0,2.0,-2.0,2.0,2.0,0.03125
0.0,-2.0,0.0,-1.0,2.0,-2.0,0.0,2.0,0.03125
0.0,0.0,0.0,0.0,0.0,0.0,1.0,2.0,0.15625
0.0,0.0,0.0,0.0,0.0,-1.0,1.0,0.0,0.15625
0.0,0.0,0.0,1.0,0.0,1.0,1.0,0.0,0.15625
0.0,0.0,0.0,1.0,0.0,1.0,0.0,-2.0,0.15625
0.0,0.0,0.0,1.0,0.0,2.0,2.0,0.0,0.15625
0.0,0.0,-1.0,1.0,0.0,0.0,2.0,0.0,0.15625
0.0,0.0,-1.0,1.0,0.0,0.0,3.0,2.0,0.15625
0.0,-1.0,-1.0,-1.0,0.0,0.0,3.0,2.0,0.15625
1.0,-1.0,1.0,-1.0,0.0,2.0,3.0,4.0,0.15625
1.0,-2.0,-1.0,-1.0,0.0,2.0,3.0,4.0,0.15625
1.0,-2.0,-1.0,-1.0,0.0,-1.0,3.0,0.0,0.15625
1.0,-2.0,2.0,-1.0,0.0,3.0,3.0,4.0,0.15625
1.0,-2.0,2.0,-2.0,0.0,-1.0,-1.0,4.0,0.15625
1.0,-2.0,2.0,0.0,1.0,-1.0,-1.0,4.0,0.15625
0.0,-2.0,0.0,0.0,1.0,-3.0,-1.0,0.0,0.15625
0.0,-1.0,0.0,2.0,1.0,1.0,3.0,0.0,0.15625
0.0,-1.0,0.0,2.0,0.0,1.0,1.0,0.0,0.15625
0.0,-1.0,0.0,3.0,0.0,3.0,1.0,0.0,0.15625
0.0,-2.0,0.0,3.0,-2.0,1.0,1.0,0.0,0.15625
0.0,0.0,0.0,0.0,0.0,0.0,1.0,2.0,0.46875
0.0,0.0,0.0,0.0,0.0,-1.0,1.0,0.0,0.46875
0.0,0.0,0.0,1.0,0.0,1.0,1.0,0.0,0.46875
0.0,0.0,0.0,1.0,0.0,1.0,0.0,-2.0,0.46875
0.0,0.0,0.0,1.0,0.0,2.0,2.0,0.0,0.46875
0.0,0.0,-1.0,1.0,0.0,0.0,2.0,0.0,0.46875
0.0,0.0,-1.0,1.0,0.0,0.0,3.0,2.0,0.46875
0.0,-1.0,-1.0,-1.0,0.0,0.0,3.0,2.0,0.46875
1.0,-1.0,1.0,-1.0,0.0,2.0,3.0,4.0,0.46875
1.0,-2.0,-1.0,-1.0,0.0,2.0,3.0,4.0,0.46875
1.0,-2.0,-1.0,-2.0,0.0,-2.0,-1.0,4.0,0.46875
1.0,-2.0,-1.0,-2.0,1.0,-2.0,1.0,4.0,0.46875
1.0,-3.0,-1.0,-2.0,-1.0,-2.0,1.0,4.0,0.46875
1.0,-2.0,-1.0,-2.0,1.0,-2.0,1.0,4.0,0.46875
1.0,-2.0,-1.0,-2.0,1.0,-3.0,1.0,0.0,0.46875
1.0,1.0,-1.0,-2.0,1.0,-3.0,1.0,0.0,0.46875
1.0,1.0,-1.0,-3.0,1.0,-3.0,-1.0,0.0,0.46875
1.0,4.0,-1.0,-3.0,1.0,-3.0,-1.0,0.0,0.46875
1.0,4.0,-1.0,-3.0,1.0,-4.0,-1.0,-4.0,0.46875
0.0,0.0,0.0,0.0,0.0,0.0,1.0,2.0,-0.0625
0.0,0.0,0.0,0.0,0.0,-1.0,1.0,0.0,-0.0625
0.0,0.0,0.0,1.0,0.0,1.0,1.0,0.0,-0.0625
0.0,0.0,0.0,1.0,0.0,1.0,0.0,-2.0,-0.0625
0.0,0.0,0.0,1.0,0.0,2.0,2.0,0.0,-0.0625
0.0,0.0,-1.0,1.0,0.0,0.0,2.0,0.0,-0.0625
0.0,0.0,-1.0,1.0,0.0,0.0,3.0,2.0,-0.0625
0.0,0.0,-1.0,1.0,0.0,0.0,2.0,0.0,-0.0625
1.0,0.0,1.0,1.0,0.0,2.0,2.0,2.0,-0.0625
1.0,0.0,1.0,1.0,0.0,2.0,1.0,0.0,-0.0625
1.0,0.0,1.0,1.0,1.0,2.0,3.0,2.0,-0.0625
1.0,0.0,1.0,1.0,0.0,2.0,1.0,-2.0,-0.0625
1.0,1.0,1.0,1.0,2.0,2.0,1.0,-2.0,-0.0625
1.0,0.0,1.0,-1.0,2.0,0.0,1.0,-2.0,-0.0625
1.0,0.0,1.0,1.0,3.0,2.0,1.0,-2.0,-0.0625
1.0,-1.0,1.0,1.0,1.0,2.0,-1.0,-4.0,-0.0625
1.0,-1.0,1.0,1.0,1.0,3.0,-1.0,0.0,-0.0625
1.0,-1.0,1.0,1.0,1.0,3.0,-2.0,-2.0,-0.0625
1.0,0.0,1.0,1.0,3.0,3.0,-2.0,-2.0,-0.0625
0.0,0.0,0.0,0.0,0.0,0.0,1.0,2.0,0.4375
0.0,0.0,0.0,0.0,0.0,-1.0,1.0,0.0,0.4375
0.0,0.0,0.0,1.0,0.0,1.0,1.0,0.0,0.4375
0.0,0.0,0.0,1.0,0.0,1.0,0.0,-2.0,0.4375
0.0,0.0,0.0,1.0,0.0,2.0,2.0,0.0,0.4375
0.0,0.0,-1.0,1.0,0.0,0.0,2.0,0.0,0.4375
0.0,0.0,-1.0,1.0,0.0,0.0,3.0,2.0,0.4375
0.0,-1.0,-1.0,-1.0,0.0,0.0,3.0,2.0,0.4375
1.0,-1.0,1.0,-1.0,0.0,2.0,3.0,4.0,0.4375
1.0,-2.0,-1.0,-1.0,0.0,2.0,3.0,4.0,0.4375
1.0,-2.0,-1.0,-2.0,0.0,-2.0,-1.0,4.0,0.4375
1.0,-2.0,-1.0,-1.0,0.0,-2.0,1.0,4.0,0.4375
1.0,-2.0,-1.0,-3.0,-1.0,-2.0,1.0,4.0,0.4375
1.0,-1.0,-1.0,-1.0,-1.0,-2.0,1.0,4.0,0.4375
1.0,-2.0,-1.0,-3.0,-1.0,-2.0,1.0,4.0,0.4375
1.0,3.0,-1.0,-3.0,-1.0,-2.0,1.0,4.0,0.4375
1.0,3.0,-1.0,-3.0,-2.0,-2.0,-1.0,0.0,0.4375
1.0,4.0,-1.0,1.0,-2.0,-2.0,-1.0,0.0,0.4375
1.0,4.0,-1.0,-1.0,-3.0,-2.0,-1.0,0.0,0.4375
0.0,0.0,0.0,0.0,0.0,0.0,1.0,2.0,0.28125
0.0,0.0,0.0,0.0,0.0,-1.0,1.0,0.0,0.28125
0.0,0.0,0.0,1.0,0.0,1.0,1.0,0.0,0.28125
0.0,0.0,0.0,1.0,0.0,1.0,0.0,-2.0,0.28125
0.0,0.0,0.0,1.0,0.0,2.0,2.0,0.0,0.28125
0.0,0.0,-1.0,1.0,0.0,0.0,2.0,0.0,0.28125
0.0,0.0,-1.0,1.0,0.0,0.0,3.0,2.0,0.28125
0.0,-1.0,-1.0,-1.0,0.0,0.0,3.0,2.0,0.28125
1.0,-1.0,1.0,-1.0,0.0,2.0,3.0,4.0,0.28125
1.0,-2.0,-1.0,-1.0,0.0,2.0,3.0,4.0,0.28125
1.0,-2.0,-1.0,-2.0,0.0,-2.0,-1.0,4.0,0.28125
1.0,-2.0,-1.0,-1.0,0.0,-2.0,1.0,4.0,0.28125
1.0,-2.0,-1.0,-3.0,-1.0,-2.0,1.0,4.0,0.28125
1.0,-1.0,-1.0,-1.0,-1.0,-2.0,1.0,4.0,0.28125
1.0,-2.0,-1.0,-3.0,-1.0,-2.0,1.0,4.0,0.28125
1.0,3.0,-1.0,-3.0,-1.0,-2.0,1.0,4.0,0.28125
1.0,3.0,-1.0,-3.0,-2.0,-2.0,-1.0,0.0,0.28125
1.0,4.0,-1.0,1.0,-2.0,-2.0,-1.0,0.0,0.28125
1.0,4.0,-1.0,-1.0,-3.0,-2.0,-1.0,0.0,0.28125
0.0,0.0,0.0,0.0,0.0,0.0,1.0,2.0,0.40625
0.0,0.0,0.0,0.0,0.0,-1.0,1.0,0.0,0.40625
0.0,0.0,0.0,1.0,0.0,1.0,1.0,0.0,0.40625
0.0,0.0,0.0,1.0,0.0,1.0,0.0,-2.0,0.40625
0.0,0.0,0.0,1.0,0.0,2.0,2.0,0.0,0.40625
0.0,0.0,-1.0,1.0,0.0,0.0,2.0,0.0,0.40625
0.0,0.0,-1.0,1.0,0.0,0.0,3.0,2.0,0.40625
0.0,-1.0,-1.0,-1.0,0.0,0.0,3.0,2.0,0.40625
1.0,-1.0,1.0,-1.0,0.0,2.0,3.0,4.0,0.40625
1.0,-2.0,-1.0,-1.0,0.0,2.0,3.0,4.0,0.40625
1.0,-2.0,-1.0,-1.0,0.0,-1.0,3.0,0.0,0.40625
1.0,-2.0,2.0,-1.0,0.0,3.0,3.0,4.0,0.40625
1.0,-2.0,2.0,-2.0,0.0,-1.0,-1.0,4.0,0.40625
1.0,-2.0,2.0,0.0,1.0,-1.0,-1.0,4.0,0.40625
0.0,-2.0,0.0,0.0,1.0,-3.0,-1.0,0.0,0.40625
0.0,-1.0,0.0,2.0,1.0,1.0,3.0,0.0,0.40625
0.0,-1.0,0.0,2.0,0.0,1.0,1.0,0.0,0.40625
0.0,-1.0,0.0,3.0,0.0,3.0,1.0,0.0,0.40625
0.0,-2.0,0.0,3.0,-2.0,1.0,1.0,0.0,0.40625
0.0,0.0,0.0,0.0,0.0,0.0,1.0,2.0,-0.0625
0.0,0.0,0.0,0.0,0.0,-1.0,1.0,0.0,-0.0625
0.0,0.0,0.0,1.0,0.0,1.0,1.0,0.0,-0.0625
0.0,0.0,0.0,1.0,0.0,1.0,0.0,-2.0,-0.0625
0.0,0.0,0.0,1.0,0.0,2.0,2.0,0.0,-0.0625
0.0,0.0,-1.0,1.0,0.0,0.0,2.0,0.0,-0.0625
0.0,0.0,-1.0,1.0,0.0,0.0,3.0,2.0,-0.0625
0.0,-1.0,-1.0,-1.0,0.0,0.0,3.0,2.0,-0.0625
1.0,-1.0,1.0,-1.0,0.0,2.0,3.0,4.0,-0.0625
1.0,-2.0,-1.0,-1.0,0.0,2.0,3.0,4.0,-0.0625
1.0,-2.0,-1.0,-1.0,0.0,-1.0,3.0,0.0,-0.0625
1.0,-2.0,2.0,-1.0,0.0,3.0,3.0,4.0,-0.0625
1.0,-2.0,2.0,-2.0,0.0,-1.0,-1.0,4.0,-0.0625
1.0,-2.0,2.0,0.0,1.0,-1.0,-1.0,4.0,-0.0625
0.0,-2.0,0.0,0.0,1.0,-3.0,-1.0,0.0,-0.0625
0.0,-1.0,0.0,2.0,1.0,1.0,3.0,0.0,-0.0625
0.0,-1.0,0.0,2.0,0.0,1.0,1.0,0.0,-0.0625
0.0,-1.0,0.0,3.0,0.0,3.0,1.0,0.0,-0.0625
0.0,-2.0,0.0,3.0,-2.0,1.0,1.0,0.0,-0.0625
0.0,0.0,0.0,0.0,0.0,0.0,1.0,2.0,0.4375
0.0,0.0,0.0,0.0,0.0,-1.0,1.0,0.0,0.4375
0.0,0.0,0.0,1.0,0.0,1.0,1.0,0.0,0.4375
0.0,0.0,0.0,1.0,0.0,1.0,0.0,-2.0,0.4375
0.0,0.0,0.0,1.0,0.0,2.0,2.0,0.0,0.4375
0.0,0.0,-1.0,1.0,0.0,0.0,2.0,0.0,0.4375
0.0,0.0,-1.0,1.0,0.0,0.0,3.0,2.0,0.4375
0.0,-1.0,-1.0,-1.0,0.0,0.0,3.0,2.0,0.4375
1.0,-1.0,1.0,-1.0,0.0,2.0,3.0,4.0,0.4375
1.0,-2.0,-1.0,-1.0,0.0,2.0,3.0,4.0,0.4375
1.0,-2.0,-1.0,-1.0,0.0,-1.0,3.0,0.0,0.4375
1.0,-2.0,2.0,-1.0,0.0,3.0,3.0,4.0,0.4375
1.0,-2.0,2.0,-2.0,0.0,-1.0,-1.0,4.0,0.4375
1.0,-2.0,2.0,0.0,1.0,-1.0,-1.0,4.0,0.4375
0.0,-2.0,0.0,0.0,1.0,-3.0,-1.0,0.0,0.4375
0.0,-1.0,0.0,2.0,1.0,1.0,3.0,0.0,0.4375
0.0,-1.0,0.0,2.0,0.0,1.0,1.0,0.0,0.4375
0.0,0.0,0.0,2.0,2.0,1.0,1.0,0.0,0.4375
0.0,0.0,0.0,2.0,0.0,1.0,-4.0,-2.0,0.4375
0.0,0.0,0.0,0.0,0.0,0.0,1.0,2.0,0.5
0.0,0.0,0.0,0.0,0.0,-1.0,1.0,0.0,0.5
0.0,0.0,0.0,1.0,0.0,1.0,1.0,0.0,0.5
0.0,0.0,0.0,1.0,0.0,1.0,0.0,-2.0,0.5
0.0,0.0,0.0,1.0,0.0,2.0,2.0,0.0,0.5
0.0,0.0,-1.0,1.0,0.0,0.0,2.0,0.0,0.5
0.0,0.0,-1.0,1.0,0.0,0.0,3.0,2.0,0.5
0.0,-1.0,-1.0,-1.0,0.0,0.0,3.0,2.0,0.5
1.0,-1.0,1.0,-1.0,0.0,2.0,3.0,4.0,0.5
1.0,-2.0,-1.0,-1.0,0.0,2.0,3.0,4.0,0.5
1.0,-2.0,-1.0,-1.0,0.0,-1.0,3.0,0.0,0.5
1.0,-2.0,2.0,-1.0,0.0,3.0,3.0,4.0,0.5
1.0,-2.0,2.0,-2.0,0.0,-1.0,-1.0,4.0,0.5
1.0,-2.0,2.0,-2.0,1.0,-1.0,1.0,4.0,0.5
0.0,-2.0,0.0,-2.0,1.0,-3.0,1.0,0.0,0.5
0.0,-2.0,0.0,-1.0,1.0,-1.0,1.0,0.0,0.5
0.0,-2.0,0.0,-1.0,1.0,-1.0,0.0,-2.0,0.5
0.0,-2.0,0.0,1.0,2.0,1.0,0.0,-2.0,0.5
0.0,-3.0,0.0,-1.0,2.0,-1.0,-2.0,-2.0,0.5
0.0,0.0,0.0,0.0,0.0,0.0,1.0,2.0,0.3125
0.0,0.0,0.0,0.0,0.0,-1.0,1.0,0.0,0.3125
0.0,0.0,0.0,1.0,0.0,1.0,1.0,0.0,0.3125
0.0,0.0,0.0,1.0,0.0,1.0,0.0,-2.0,0.3125
0.0,0.0,0.0,1.0,0.0,2.0,2.0,0.0,0.3125
0.0,0.0,-1.0,1.0,0.0,0.0,2.0,0.0,0.3125
0.0,0.0,-1.0,1.0,0.0,0.0,3.0,2.0,0.3125
0.0,-1.0,-1.0,-1.0,0.0,0.0,3.0,2.0,0.3125
1.0,-1.0,1.0,-1.0,0.0,2.0,3.0,4.0,0.3125
1.0,-2.0,-1.0,-1.0,0.0,2.0,3.0,4.0,0.3125
1.0,-2.0,-1.0,-1.0,0.0,-1.0,3.0,0.0,0.3125
1.0,-2.0,2.0,-1.0,0.0,3.0,3.0,4.0,0.3125
1.0,-2.0,2.0,-2.0,0.0,-1.0,-1.0,4.0,0.3125
1.0,-2.0,2.0,0.0,1.0,-1.0,-1.0,4.0,0.3125
0.0,-2.0,0.0,0.0,1.0,-3.0,-1.0,0.0,0.3125
0.0,-2.0,0.0,0.0,2.0,-3.0,1.0,0.0,0.3125
0.0,-3.0,0.0,0.0,0.0,-3.0,1.0,0.0,0.3125
0.0,-3.0,0.0,0.0,3.0,-3.0,1.0,0.0,0.3125
0.0,-3.0,0.0,0.0,-1.0,-3.0,0.0,-2.0,0.3125
0.0,0.0,0.0,0.0,0.0,0.0,1.0,2.0,0.625
0.0,0.0,0.0,0.0,0.0,-1.0,1.0,0.0,0.625
0.0,0.0,0.0,1.0,0.0,1.0,1.0,0.0,0.625
0.0,0.0,0.0,1.0,0.0,1.0,0.0,-2.0,0.625
0.0,0.0,0.0,1.0,0.0,2.0,2.0,0.0,0.625
0.0,0.0,-1.0,1.0,0.0,0.0,2.0,0.0,0.625
0.0,0.0,-1.0,1.0,0.0,0.0,3.0,2.0,0.625
0.0,-1.0,-1.0,-1.0,0.0,0.0,3.0,2.0,0.625
1.0,-1.0,1.0,-1.0,0.0,2.0,3.0,4.0,0.625
1.0,-2.0,-1.0,-1.0,0.0,2.0,3.0,4.0,0.625
1.0,-2.0,-1.0,-1.0,0.0,-1.0,3.0,0.0,0.625
1.0,-2.0,2.0,-1.0,0.0,3.0,3.0,4.0,0.625
1.0,-2.0,2.0,-2.0,0.0,-1.0,-1.0,4.0,0.625
1.0,-2.0,2.0,0.0,1.0,-1.0,-1.0,4.0,0.625
0.0,-2.0,0.0,0.0,1.0,-3.0,-1.0,0.0,0.625
0.0,-1.0,0.0,2.0,1.0,1.0,3.0,0.0,0.625
0.0,-1.0,0.0,2.0,0.0,1.0,1.0,0.0,0.625
0.0,-1.0,0.0,3.0,0.0,3.0,1.0,0.0,0.625
0.0,-2.0,0.0,3.0,-2.0,1.0,1.0,0.0,0.625
0.0,0.0,0.0,0.0,0.0,0.0,1.0,2.0,-0.625
0.0,0.0,0.0,0.0,0.0,-1.0,1.0,0.0,-0.625
0.0,0.0,0.0,1.0,0.0,1.0,1.0,0.0,-0.625
0.0,0.0,0.0,1.0,0.0,1.0,0.0,-2.0,-0.625
0.0,0.0,0.0,1.0,0.0,2.0,0.0,2.0,-0.625
0.0,-1.0,0.0,-1.0,0.0,0.0,-2.0,2.0,-0.625
0.0,-1.0,0.0,-1.0,0.0,1.0,-2.0,4.0,-0.625
0.0,-1.0,0.0,-1.0,0.0,1.0,-3.0,0.0,-0.625
0.0,-1.0,0.0,-1.0,0.0,2.0,-3.0,2.0,-0.625
0.0,-1.0,0.0,-2.0,0.0,0.0,-3.0,2.0,-0.625
0.0,-1.0,0.0,-2.0,1.0,0.0,-1.0,2.0,-0.625
0.0,-1.0,0.0,-2.0,1.0,0.0,-2.0,0.0,-0.625
0.0,-1.0,0.0,-1.0,1.0,0.0,0.0,0.0,-0.625
0.0,-1.0,0.0,-1.0,1.0,0.0,-3.0,-2.0,-0.625
0.0,0.0,0.0,1.0,1.0,2.0,1.0,-2.0,-0.625
0.0,-1.0,0.0,-1.0,1.0,2.0,-1.0,-2.0,-0.625
0.0,0.0,0.0,1.0,1.0,2.0,-1.0,-2.0,-0.625
0.0,-1.0,0.0,1.0,-1.0,2.0,-3.0,-2.0,-0.625
0.0,-1.0,0.0,1.0,0.0,2.0,-1.0,-2.0,-0.625
0.0,0.0,0.0,0.0,0.0,0.0,1.0,2.0,0.5
0.0,0.0,0.0,0.0,0.0,-1.0,1.0,0.0,0.5
0.0,0.0,0.0,1.0,0.0,1.0,1.0,0.0,0.5
0.0,0.0,0.0,1.0,0.0,1.0,0.0,-2.0,0.5
0.0,0.0,0.0,1.0,0.0,2.0,2.0,0.0,0.5
0.0,0.0,-1.0,1.0,0.0,0.0,2.0,0.0,0.5
0.0,0.0,-1.0,1.0,0.0,0.0,3.0,2.0,0.5
0.0,-1.0,-1.0,-1.0,0.0,0.0,3.0,2.0,0.5
1.0,-1.0,1.0,-1.0,0.0,2.0,3.0,4.0,0.5
1.0,-2.0,-1.0,-1.0,0.0,2.0,3.0,4.0,0.5
1.0,-2.0,-1.0,-1.0,0.0,-1.0,3.0,0.0,0.5
1.0,-2.0,2.0,-1.0,0.0,3.0,3.0,4.0,0.5
1.0,-2.0,2.0,-2.0,0.0,-1.0,-1.0,4.0,0.5
1.0,-2.0,2.0,0.0,1.0,-1.0,-1.0,4.0,0.5
0.0,-2.0,0.0,0.0,1.0,-3.0,-1.0,0.0,0.5
0.0,-1.0,0.0,2.0,1.0,1.0,3.0,0.0,0.5
0.0,-1.0,0.0,2.0,0.0,1.0,1.0,0.0,0.5
0.0,-1.0,0.0,3.0,0.0,3.0,1.0,0.0,0.5
0.0,-2.0,0.0,3.0,-2.0,1.0,1.0,0.0,0.5
0.0,0.0,0.0,0.0,0.0,0.0,1.0,2.0,0.34375
0.0,0.0,0.0,0.0,0.0,-1.0,1.0,0.0,0.34375
0.0,0.0,0.0,1.0,0.0,1.0,1.0,0.0,0.34375
0.0,0.0,0.0,1.0,0.0,1.0,0.0,-2.0,0.34375
0.0,0.0,0.0,1.0,0.0,2.0,2.0,0.0,0.34375
0.0,0.0,-1.0,1.0,0.0,0.0,2.0,0.0,0.34375
0.0,0.0,-1.0,1.0,0.0,0.0,3.0,2.0,0.34375
0.0,-1.0,-1.0,-1.0,0.0,0.0,3.0,2.0,0.34375
1.0,-1.0,1.0,-1.0,0.0,2.0,3.0,4.0,0.34375
1.0,-2.0,-1.0,-1.0,0.0,2.0,3.0,4.0,0.34375
1.0,-2.0,-1.0,-1.0,0.0,-1.0,3.0,0.0,0.34375
1.0,-2.0,2.0,-1.0,0.0,3.0,3.0,4.0,0.34375
1.0,-2.0,2.0,-2.0,0.0,-1.0,-1.0,4.0,0.34375
1.0,-2.0,2.0,0.0,1.0,-1.0,-1.0,4.0,0.34375
0.0,-2.0,0.0,0.0,1.0,-3.0,-1.0,0.0,0.34375
0.0,-1.0,0.0,2.0,1.0,1.0,3.0,0.0,0.34375
0.0,-1.0,0.0,2.0,0.0,1.0,1.0,0.0,0.34375
0.0,-1.0,0.0,3.0,0.0,3.0,1.0,0.0,0.34375
0.0,-2.0,0.0,3.0,-2.0,1.0,1.0,0.0,0.34375
0.0,0.0,0.0,0.0,0.0,0.0,1.0,2.0,0.46875
0.0,0.0,0.0,0.0,0.0,-1.0,1.0,0.0,0.46875
0.0,0.0,0.0,1.0,0.0,1.0,1.0,0.0,0.46875
0.0,0.0,0.0,1.0,0.0,1.0,0.0,-2.0,0.46875
0.0,0.0,0.0,1.0,0.0,2.0,2.0,0.0,0.46875
0.0,0.0,-1.0,1.0,0.0,0.0,2.0,0.0,0.46875
0.0,0.0,-1.0,1.0,0.0,0.0,3.0,2.0,0.46875
0.0,-1.0,-1.0,-1.0,0.0,0.0,3.0,2.0,0.46875
1.0,-1.0,1.0,-1.0,0.0,2.0,3.0,4.0,0.46875
1.0,-2.0,-1.0,-1.0,0.0,2.0,3.0,4.0,0.46875
1.0,-2.0,-1.0,-1.0,0.0,-1.0,3.0,0.0,0.46875
1.0,-2.0,2.0,-1.0,0.0,3.0,3.0,4.0,0.46875
1.0,-2.0,2.0,-2.0,0.0,-1.0,-1.0,4.0,0.46875
1.0,-2.0,2.0,0.0,1.0,-1.0,-1.0,4.0,0.46875
0.0,-2.0,0.0,0.0,1.0,-3.0,-1.0,0.0,0.46875
0.0,-1.0,0.0,2.0,1.0,1.0,3.0,0.0,0.46875
0.0,-1.0,0.0,2.0,0.0,1.0,1.0,0.0,0.46875
0.0,-1.0,0.0,3.0,0.0,3.0,1.0,0.0,0.46875
0.0,-2.0,0.0,3.0,-2.0,1.0,1.0,0.0,0.46875
0.0,0.0,0.0,0.0,0.0,0.0,1.0,2.0,-0.375
0.0,0.0,0.0,0.0,0.0,-1.0,1.0,0.0,-0.375
0.0,0.0,0.0,1.0,0.0,1.0,1.0,0.0,-0.375
0.0,0.0,0.0,1.0,0.0,1.0,0.0,-2.0,-0.375
0.0,0.0,0.0,1.0,0.0,2.0,2.0,0.0,-0.375
0.0,0.0,-1.0,1.0,0.0,0.0,2.0,0.0,-0.375
0.0,0.0,-1.0,1.0,0.0,0.0,3.0,2.0,-0.375
0.0,-1.0,-1.0,-1.0,0.0,0.0,3.0,2.0,-0.375
1.0,-1.0,1.0,-1.0,0.0,2.0,3.0,4.0,-0.375
1.0,-2.0,-1.0,-1.0,0.0,2.0,3.0,4.0,-0.375
1.0,-2.0,-1.0,-1.0,0.0,-1.0,3.0,0.0,-0.375
1.0,-2.0,2.0,-1.0,0.0,3.0,3.0,4.0,-0.375
1.0,-2.0,2.0,-2.0,0.0,-1.0,-1.0,4.0,-0.375
1.0,-2.0,2.0,0.0,1.0,-1.0,-1.0,4.0,-0.375
1.0,-2.0,2.0,0.0,1.0,-1.0,-2.0,0.0,-0.375
1.0,-1.0,2.0,2.0,1.0,3.0,2.0,0.0,-0.375
0.0,-1.0,0.0,2.0,1.0,1.0,2.0,0.0,-0.375
0.0,-1.0,0.0,3.0,1.0,3.0,4.0,0.0,-0.375
0.0,-1.0,0.0,2.0,1.0,3.0,2.0,0.0,-0.375
0.0,0.0,0.0,0.0,0.0,0.0,1.0,2.0,0.3125
0.0,0.0,0.0,0.0,0.0,-1.0,1.0,0.0,0.3125
0.0,0.0,0.0,1.0,0.0,1.0,1.0,0.0,0.3125
0.0,0.0,0.0,1.0,0.0,1.0,0.0,-2.0,0.3125
0.0,0.0,0.0,1.0,0.0,2.0,2.0,0.0,0.3125
0.0,0.0,-1.0,1.0,0.0,0.0,2.0,0.0,0.3125
0.0,0.0,-1.0,1.0,0.0,0.0,3.0,2.0,0.3125
0.0,-1.0,-1.0,-1.0,0.0,0.0,3.0,2.0,0.3125
1.0,-1.0,1.0,-1.0,0.0,2.0,3.0,4.0,0.3125
1.0,-2.0,-1.0,-1.0,0.0,2.0,3.0,4.0,0.3125
1.0,-2.0,-1.0,-1.0,0.0,-1.0,3.0,0.0,0.3125
1.0,-2.0,2.0,-1.0,0.0,3.0,3.0,4.0,0.3125
1.0,-2.0,2.0,-2.0,0.0,-1.0,-1.0,4.0,0.3125
1.0,-2.0,2.0,0.0,1.0,-1.0,-1.0,4.0,0.3125
0.0,-2.0,0.0,0.0,1.0,-3.0,-1.0,0.0,0.3125
0.0,-1.0,0.0,2.0,1.0,1.0,3.0,0.0,0.3125
0.0,-1.0,0.0,2.0,0.0,1.0,1.0,0.0,0.3125
0.0,0.0,0.0,2.0,2.0,1.0,1.0,0.0,0.3125
0.0,0.0,0.0,1.0,2.0,1.0,-1.0,-2.0,0.3125
0.0,0.0,0.0,0.0,0.0,0.0,1.0,2.0,-0.09375
0.0,0.0,0.0,0.0,0.0,-1.0,1.0,0.0,-0.09375
0.0,0.0,0.0,1.0,0.0,1.0,1.0,0.0,-0.09375
0.0,0.0,0.0,1.0,0.0,1.0,0.0,-2.0,-0.09375
0.0,0.0,0.0,1.0,0.0,2.0,2.0,0.0,-0.09375
0.0,0.0,-1.0,1.0,0.0,0.0,2.0,0.0,-0.09375
0.0,0.0,-1.0,1.0,0.0,0.0,3.0,2.0,-0.09375
0.0,-1.0,-1.0,-1.0,0.0,0.0,3.0,2.0,-0.09375
0.0,-1.0,-1.0,-1.0,0.0,0.0,4.0,4.0,-0.09375
0.0,-1.0,-1.0,-2.0,0.0,-2.0,0.0,4.0,-0.09375
1.0,-1.0,1.0,-2.0,0.0,0.0,0.0,4.0,-0.09375
1.0,-1.0,1.0,-2.0,0.0,0.0,-1.0,0.0,-0.09375
1.0,0.0,1.0,0.0,0.0,2.0,3.0,0.0,-0.09375
1.0,0.0,1.0,0.0,0.0,2.0,2.0,-4.0,-0.09375
1.0,0.0,1.0,1.0,0.0,2.0,6.0,-2.0,-0.09375
1.0,0.0,1.0,1.0,-1.0,2.0,4.0,-2.0,-0.09375
1.0,0.0,1.0,1.0,-1.0,3.0,4.0,2.0,-0.09375
1.0,-1.0,1.0,-1.0,-1.0,3.0,2.0,0.0,-0.09375
1.0,0.0,1.0,-1.0,1.0,3.0,4.0,0.0,-0.09375
0.0,0.0,0.0,0.0,0.0,0.0,1.0,2.0,0.5
0.0,0.0,0.0,0.0,0.0,-1.0,1.0,0.0,0.5
0.0,0.0,0.0,1.0,0.0,1.0,1.0,0.0,0.5
0.0,0.0,0.0,1.0,0.0,1.0,0.0,-2.0,0.5
0.0,0.0,0.0,1.0,0.0,2.0,2.0,0.0,0.5
0.0,0.0,-1.0,1.0,0.0,0.0,2.0,0.0,0.5
0.0,0.0,-1.0,1.0,0.0,0.0,3.0,2.0,0.5
0.0,-1.0,-1.0,-1.0,0.0,0.0,3.0,2.0,0.5
1.0,-1.0,1.0,-1.0,0.0,2.0,3.0,4.0,0.5
1.0,-2.0,-1.0,-1.0,0.0,2.0,3.0,4.0,0.5
1.0,-2.0,-1.0,-1.0,0.0,-1.0,3.0,0.0,0.5
1.0,-2.0,2.0,-1.0,0.0,3.0,3.0,4.0,0.5
1.0,-2.0,2.0,-2.0,0.0,-1.0,-1.0,4.0,0.5
1.0,-2.0,2.0,0.0,1.0,-1.0,-1.0,4.0,0.5
0.0,-2.0,0.0,0.0,1.0,-3.0,-1.0,0.0,0.5
0.0,-1.0,0.0,2.0,1.0,1.0,3.0,0.0,0.5
0.0,-1.0,0.0,2.0,0.0,1.0,1.0,0.0,0.5
0.0,-1.0,0.0,3.0,0.0,3.0,1.0,0.0,0.5
0.0,-1.0,0.0,3.0,-2.0,3.0,0.0,-2.0,0.5
0.0,0.0,0.0,0.0,0.0,0.0,1.0,2.0,0.625
0.0,0.0,0.0,0.0,0.0,-1.0,1.0,0.0,0.625
0.0,0.0,0.0,1.0,0.0,1.0,1.0,0.0,0.625
0.0,0.0,0.0,1.0,0.0,1.0,0.0,-2.0,0.625
0.0,0.0,0.0,1.0,0.0,2.0,2.0,0.0,0.625
0.0,0.0,-1.0,1.0,0.0,0.0,2.0,0.0,0.625
0.0,0.0,-1.0,1.0,0.0,0.0,3.0,2.0,0.625
0.0,-1.0,-1.0,-1.0,0.0,0.0,3.0,2.0,0.625
1.0,-1.0,1.0,-1.0,0.0,2.0,3.0,4.0,0.625
1.0,-2.0,-1.0,-1.0,0.0,2.0,3.0,4.0,0.625
1.0,-2.0,-1.0,-1.0,0.0,-1.0,3.0,0.0,0.625
1.0,-2.0,2.0,-1.0,0.0,3.0,3.0,4.0,0.625
1.0,-2.0,2.0,-2.0,0.0,-1.0,-1.0,4.0,0.625
1.0,-2.0,2.0,0.0,1.0,-1.0,-1.0,4.0,0.625
0.0,-2.0,0.0,0.0,1.0,-3.0,-1.0,0.0,0.625
0.0,-1.0,0.0,2.0,1.0,1.0,3.0,0.0,0.625
0.0,-1.0,0.0,2.0,0.0,1.0,1.0,0.0,0.625
0.0,-1.0,0.0,3.0,0.0,3.0,1.0,0.0,0.625
0.0,-2.0,0.0,3.0,-2.0,1.0,1.0,0.0,0.625
0.0,0.0,0.0,0.0,0.0,0.0,1.0,2.0,0.921875
0.0,0.0,0.0,0.0,0.0,-1.0,1.0,0.0,0.921875
0.0,0.0,0.0,1.0,0.0,1.0,1.0,0.0,0.921875
0.0,0.0,0.0,1.0,0.0,1.0,0.0,-2.0,0.921875
0.0,0.0,0.0,1.0,0.0,2.0,0.0,2.0,0.921875
0.0,0.0,0.0,1.0,0.0,2.0,-1.0,0.0,0.921875
0.0,0.0,0.0,1.0,1.0,2.0,1.0,2.0,0.921875
0.0,0.0,-1.0,1.0,1.0,0.0,1.0,0.0,0.921875
0.0,0.0,-1.0,1.0,1.0,0.0,2.0,2.0,0.921875
0.0,0.0,-1.0,1.0,1.0,0.0,-1.0,0.0,0.921875
0.0,0.0,-1.0,1.0,1.0,3.0,3.0,2.0,0.921875
0.0,0.0,-1.0,1.0,0.0,3.0,1.0,0.0,0.921875
0.0,1.0,-1.0,1.0,2.0,3.0,1.0,0.0,0.921875
0.0,0.0,-1.0,1.0,0.0,3.0,-1.0,0.0,0.921875
1.0,0.0,1.0,1.0,0.0,3.0,-1.0,0.0,0.921875
1.0,-1.0,1.0,-1.0,0.0,1.0,-3.0,0.0,0.921875
1.0,0.0,1.0,1.0,0.0,1.0,-3.0,0.0,0.921875
1.0,0.0,1.0,1.0,0.0,1.0,-6.0,-4.0,0.921875
1.0,0.0,1.0,1.0,0.0,1.0,-1.0,2.0,0.921875
0.0,0.0,0.0,0.0,0.0,0.0,1.0,2.0,0.09375
0.0,0.0,0.0,0.0,0.0,0.0,0.0,0.0,0.09375
0.0,0.0,0.0,0.0,0.0,0.0,1.0,2.0,0.09375
0.0,0.0,0.0,0.0,0.0,-1.0,1.0,0.0,0.09375
0.0,0.0,0.0,0.0,1.0,-1.0,3.0,2.0,0.09375
0.0,0.0,0.0,0.0,1.0,-2.0,3.0,0.0,0.09375
0.0,0.0,0.0,0.0,1.0,-2.0,4.0,2.0,0.09375
0.0,-1.0,0.0,0.0,-1.0,-2.0,4.0,2.0,0.09375
0.0,-1.0,0.0,1.0,-1.0,0.0,4.0,2.0,0.09375
0.0,-1.0,0.0,1.0,-2.0,-2.0,4.0,2.0,0.09375
0.0,0.0,0.0,1.0,0.0,-2.0,4.0,2.0,0.09375
0.0,0.0,0.0,1.0,0.0,-3.0,0.0,2.0,0.09375
0.0,0.0,0.0,2.0,0.0,1.0,4.0,2.0,0.09375
0.0,0.0,0.0,2.0,0.0,1.0,1.0,-2.0,0.09375
0.0,0.0,0.0,2.0,0.0,1.0,4.0,0.0,0.09375
0.0,0.0,0.0,2.0,-1.0,1.0,0.0,0.0,0.09375
0.0,0.0,0.0,2.0,-1.0,2.0,2.0,0.0,0.09375
0.0,-1.0,0.0,2.0,-3.0,0.0,2.0,0.0,0.09375
0.0,2.0,0.0,2.0,-3.0,0.0,2.0,0.0,0.09375
0.0,0.0,0.0,0.0,0.0,0.0,1.0,2.0,-0.125
0.0,0.0,0.0,0.0,0.0,-1.0,1.0,0.0,-0.125
0.0,0.0,0.0,1.0,0.0,1.0,1.0,0.0,-0.125
0.0,0.0,0.0,1.0,0.0,1.0,0.0,-2.0,-0.125
0.0,0.0,0.0,1.0,0.0,2.0,2.0,0.0,-0.125
0.0,0.0,0.0,0.0,0.0,2.0,0.0,0.0,-0.125
0.0,0.0,0.0,0.0,0.0,3.0,0.0,4.0,-0.125
0.0,-1.0,0.0,-2.0,0.0,1.0,-2.0,4.0,-0.125
0.0,0.0,0.0,0.0,0.0,1.0,0.0,4.0,-0.125
0.0,0.0,0.0,-1.0,0.0,-1.0,-2.0,4.0,-0.125
0.0,0.0,0.0,0.0,0.0,-1.0,0.0,4.0,-0.125
0.0,-1.0,0.0,-2.0,0.0,-1.0,0.0,4.0,-0.125
0.0,0.0,0.0,0.0,0.0,1.0,2.0,4.0,-0.125
0.0,0.0,0.0,0.0,0.0,1.0,-1.0,2.0,-0.125
0.0,0.0,0.0,0.0,1.0,1.0,1.0,2.0,-0.125
0.0,0.0,-1.0,0.0,1.0,-1.0,1.0,-2.0,-0.125
0.0,0.0,-1.0,0.0,1.0,-1.0,2.0,2.0,-0.125
0.0,0.0,-1.0,0.0,1.0,-1.0,-1.0,0.0,-0.125
1.0,0.0,1.0,0.0,1.0,1.0,-1.0,0.0,-0.125
0.0,0.0,0.0,0.0,0.0,0.0,1.0,2.0,-0.53125
0.0,0.0,0.0,0.0,0.0,-1.0,1.0,0.0,-0.53125
0.0,0.0,0.0,0.0,0.0,-1.0,2.0,2.0,-0.53125
0.0,0.0,0.0,0.0,0.0,-1.0,-1.0,2.0,-0.53125
0.0,0.0,0.0,0.0,1.0,-1.0,1.0,2.0,-0.53125
0.0,-1.0,0.0,0.0,-1.0,-1.0,1.0,2.0,-0.53125
0.0,-1.0,0.0,0.0,-1.0,-1.0,2.0,4.0,-0.53125
0.0,-1.0,0.0,0.0,-1.0,-1.0,-1.0,4.0,-0.53125
0.0,-1.0,1.0,0.0,-1.0,1.0,-1.0,4.0,-0.53125
0.0,-1.0,1.0,0.0,-1.0,1.0,-4.0,-2.0,-0.53125
0.0,-1.0,1.0,0.0,0.0,1.0,-2.0,2.0,-0.53125
0.0,-2.0,1.0,0.0,-2.0,1.0,-2.0,2.0,-0.53125
0.0,-2.0,1.0,0.0,-2.0,2.0,2.0,4.0,-0.53125
0.0,-2.0,1.0,0.0,-3.0,2.0,-2.0,0.0,-0.53125
0.0,-2.0,1.0,0.0,-3.0,2.0,-1.0,2.0,-0.53125
-1.0,-2.0,-1.0,0.0,-3.0,0.0,-1.0,0.0,-0.53125
-1.0,-1.0,-1.0,0.0,-1.0,0.0,1.0,2.0,-0.53125
-1.0,-1.0,-1.0,-1.0,-1.0,-2.0,-3.0,2.0,-0.53125
-1.0,-1.0,-1.0,0.0,-1.0,-2.0,-1.0,2.0,-0.53125
0.0,0.0,0.0,0.0,0.0,0.0,1.0,2.0,0.5625
0.0,0.0,0.0,0.0,0.0,-1.0,1.0,0.0,0.5625
0.0,0.0,0.0,1.0,0.0,1.0,1.0,0.0,0.5625
0.0,0.0,0.0,1.0,0.0,1.0,0.0,-2.0,0.5625
0.0,0.0,0.0,1.0,0.0,2.0,2.0,0.0,0.5625
0.0,0.0,-1.0,1.0,0.0,0.0,2.0,0.0,0.5625
0.0,0.0,-1.0,1.0,0.0,0.0,3.0,2.0,0.5625
0.0,-1.0,-1.0,-1.0,0.0,0.0,3.0,2.0,0.5625
1.0,-1.0,1.0,-1.0,0.0,2.0,3.0,4.0,0.5625
1.0,-2.0,-1.0,-1.0,0.0,2.0,3.0,4.0,0.5625
1.0,-2.0,-1.0,-1.0,0.0,-1.0,3.0,0.0,0.5625
1.0,-2.0,2.0,-1.0,0.0,3.0,3.0,4.0,0.5625
1.0,-2.0,2.0,-2.0,0.0,-1.0,-1.0,4.0,0.5625
1.0,-2.0,2.0,0.0,1.0,-1.0,-1.0,4.0,0.5625
1.0,-2.0,2.0,0.0,1.0,-2.0,-1.0,0.0,0.5625
1.0,-1.0,2.0,2.0,1.0,2.0,3.0,0.0,0.5625
1.0,-1.0,2.0,2.0,0.0,2.0,1.0,-2.0,0.5625
1.0,0.0,2.0,2.0,2.0,2.0,1.0,-2.0,0.5625
0.0,0.0,0.0,2.0,2.0,0.0,1.0,-4.0,0.5625
0.0,0.0,0.0,0.0,0.0,0.0,1.0,2.0,0.265625
0.0,0.0,0.0,0.0,0.0,-1.0,1.0,0.0,0.265625
0.0,0.0,0.0,0.0,0.0,-1.0,2.0,2.0,0.265625
0.0,0.0,0.0,0.0,0.0,-1.0,-1.0,0.0,0.265625
0.0,0.0,0.0,0.0,0.0,0.0,-1.0,2.0,0.265625
0.0,0.0,0.0,0.0,-1.0,0.0,-3.0,2.0,0.265625
0.0,0.0,0.0,1.0,-1.0,2.0,3.0,2.0,0.265625
0.0,0.0,0.0,1.0,-2.0,2.0,-3.0,0.0,0.265625
0.0,0.0,0.0,1.0,-2.0,2.0,-2.0,2.0,0.265625
0.0,0.0,0.0,1.0,-2.0,2.0,-3.0,-2.0,0.265625
0.0,0.0,0.0,1.0,-2.0,2.0,0.0,2.0,0.265625
0.0,-1.0,0.0,-1.0,-2.0,0.0,0.0,2.0,0.265625
0.0,0.0,0.0,-1.0,0.0,0.0,2.0,2.0,0.265625
0.0,0.0,0.0,-1.0,-1.0,0.0,0.0,2.0,0.265625
0.0,1.0,0.0,-1.0,1.0,0.0,0.0,2.0,0.265625
0.0,1.0,0.0,-1.0,1.0,-1.0,-4.0,0.0,0.265625
0.0,1.0,0.0,-1.0,2.0,-1.0,0.0,0.0,0.265625
0.0,0.0,0.0,-1.0,0.0,-1.0,0.0,0.0,0.265625
0.0,1.0,0.0,-1.0,2.0,-1.0,0.0,0.0,0.265625
0.0,0.0,0.0,0.0,0.0,0.0,1.0,2.0,0.1875
0.0,0.0,0.0,0.0,0.0,-1.0,1.0,0.0,0.1875
0.0,0.0,0.0,1.0,0.0,1.0,1.0,0.0,0.1875
0.0,0.0,0.0,1.0,0.0,1.0,0.0,-2.0,0.1875
0.0,0.0,0.0,1.0,0.0,2.0,2.0,0.0,0.1875
0.0,0.0,-1.0,1.0,0.0,0.0,2.0,0.0,0.1875
0.0,0.0,-1.0,1.0,0.0,0.0,3.0,2.0,0.1875
0.0,-1.0,-1.0,-1.0,0.0,0.0,3.0,2.0,0.1875
1.0,-1.0,1.0,-1.0,0.0,2.0,3.0,4.0,0.1875
1.0,-2.0,-1.0,-1.0,0.0,2.0,3.0,4.0,0.1875
1.0,-2.0,-1.0,-1.0,0.0,-1.0,3.0,0.0,0.1875
1.0,-2.0,2.0,-1.0,0.0,3.0,3.0,4.0,0.1875
1.0,-2.0,2.0,-2.0,0.0,-1.0,-1.0,4.0,0.1875
1.0,-2.0,2.0,0.0,1.0,-1.0,-1.0,4.0,0.1875
0.0,-2.0,0.0,0.0,1.0,-3.0,-1.0,0.0,0.1875
0.0,-1.0,0.0,2.0,1.0,1.0,3.0,0.0,0.1875
0.0,-1.0,0.0,2.0,0.0,1.0,1.0,0.0,0.1875
0.0,-1.0,0.0,3.0,0.0,3.0,1.0,0.0,0.1875
0.0,-2.0,0.0,3.0,-2.0,1.0,1.0,0.0,0.1875
0.0,0.0,0.0,0.0,0.0,0.0,1.0,2.0,0.375
0.0,0.0,0.0,0.0,0.0,-1.0,1.0,0.0,0.375
0.0,0.0,0.0,1.0,0.0,1.0,1.0,0.0,0.375
0.0,0.0,0.0,1.0,0.0,1.0,0.0,-2.0,0.375
0.0,0.0,0.0,1.0,0.0,2.0,2.0,0.0,0.375
0.0,0.0,-1.0,1.0,0.0,0.0,2.0,0.0,0.375
0.0,0.0,-1.0,1.0,0.0,0.0,3.0,2.0,0.375
0.0,-1.0,-1.0,-1.0,0.0,0.0,3.0,2.0,0.375
1.0,-1.0,1.0,-1.0,0.0,2.0,3.0,4.0,0.375
1.0,-1.0,1.0,-2.0,0.0,-2.0,-1.0,4.0,0.375
1.0,-1.0,1.0,0.0,1.0,-2.0,-1.0,4.0,0.375
1.0,-1.0,1.0,0.0,1.0,-2.0,-2.0,0.0,0.375
1.0,0.0,1.0,2.0,1.0,2.0,2.0,0.0,0.375
1.0,0.0,1.0,2.0,0.0,2.0,0.0,-2.0,0.375
1.0,0.0,1.0,2.0,0.0,3.0,0.0,0.0,0.375
1.0,0.0,1.0,2.0,0.0,3.0,-1.0,-2.0,0.375
1.0,1.0,1.0,2.0,2.0,3.0,1.0,0.0,0.375
1.0,1.0,1.0,1.0,2.0,1.0,1.0,0.0,0.375
1.0,1.0,1.0,1.0,2.0,1.0,2.0,2.0,0.375
0.0,0.0,0.0,0.0,0.0,0.0,1.0,2.0,-0.0625
0.0,0.0,0.0,0.0,0.0,-1.0,1.0,0.0,-0.0625
0.0,0.0,0.0,1.0,0.0,1.0,1.0,0.0,-0.0625
0.0,0.0,0.0,1.0,0.0,1.0,0.0,-2.0,-0.0625
0.0,0.0,0.0,1.0,0.0,2.0,2.0,0.0,-0.0625
0.0,0.0,-1.0,1.0,0.0,0.0,2.0,0.0,-0.0625
0.0,0.0,-1.0,1.0,0.0,0.0,3.0,2.0,-0.0625
0.0,-1.0,-1.0,-1.0,0.0,0.0,3.0,2.0,-0.0625
1.0,-1.0,1.0,-1.0,0.0,2.0,3.0,4.0,-0.0625
1.0,-2.0,-1.0,-1.0,0.0,2.0,3.0,4.0,-0.0625
1.0,-2.0,-1.0,-1.0,0.0,-1.0,3.0,0.0,-0.0625
1.0,-2.0,2.0,-1.0,0.0,3.0,3.0,4.0,-0.0625
1.0,-2.0,2.0,-2.0,0.0,-1.0,-1.0,4.0,-0.0625
1.0,-2.0,2.0,0.0,1.0,-1.0,-1.0,4.0,-0.0625
0.0,-2.0,0.0,0.0,1.0,-3.0,-1.0,0.0,-0.0625
0.0,-1.0,0.0,2.0,1.0,1.0,3.0,0.0,-0.0625
0.0,-1.0,0.0,2.0,0.0,1.0,1.0,0.0,-0.0625
0.0,-1.0,0.0,3.0,0.0,3.0,1.0,0.0,-0.0625
0.0,-2.0,0.0,3.0,-2.0,1.0,1.0,0.0,-0.0625
0.0,0.0,0.0,0.0,0.0,0.0,1.0,2.0,0.6875
0.0,0.0,0.0,0.0,0.0,-1.0,1.0,0.0,0.6875
0.0,0.0,0.0,1.0,0.0,1.0,1.0,0.0,0.6875
0.0,0.0,0.0,1.0,0.0,1.0,0.0,-2.0,0.6875
0.0,0.0,0.0,1.0,0.0,2.0,2.0,0.0,0.6875
0.0,0.0,-1.0,1.0,0.0,0.0,2.0,0.0,0.6875
0.0,0.0,-1.0,1.0,0.0,0.0,3.0,2.0,0.6875
0.0,-1.0,-1.0,-1.0,0.0,0.0,3.0,2.0,0.6875
1.0,-1.0,1.0,-1.0,0.0,2.0,3.0,4.0,0.6875
1.0,-2.0,-1.0,-1.0,0.0,2.0,3.0,4.0,0.6875
1.0,-2.0,-1.0,-1.0,0.0,-1.0,3.0,0.0,0.6875
1.0,-2.0,2.0,-1.0,0.0,3.0,3.0,4.0,0.6875
1.0,-2.0,2.0,-2.0,0.0,-1.0,-1.0,4.0,0.6875
1.0,-2.0,2.0,0.0,1.0,-1.0,-1.0,4.0,0.6875
1.0,-2.0,2.0,0.0,1.0,-1.0,-2.0,0.0,0.6875
1.0,-1.0,2.0,2.0,1.0,3.0,2.0,0.0,0.6875
0.0,-1.0,0.0,2.0,1.0,1.0,2.0,-2.0,0.6875
0.0,-1.0,0.0,2.0,2.0,1.0,4.0,2.0,0.6875
0.0,-1.0,0.0,1.0,2.0,1.0,2.0,2.0,0.6875
0.0,0.0,0.0,0.0,0.0,0.0,1.0,2.0,0.78125
0.0,0.0,0.0,0.0,0.0,-1.0,1.0,0.0,0.78125
0.0,0.0,0.0,1.0,0.0,1.0,1.0,0.0,0.78125
0.0,0.0,0.0,1.0,0.0,1.0,0.0,-2.0,0.78125
0.0,0.0,0.0,1.0,0.0,2.0,2.0,0.0,0.78125
0.0,0.0,-1.0,1.0,0.0,0.0,2.0,0.0,0.78125
0.0,0.0,-1.0,1.0,0.0,0.0,3.0,2.0,0.78125
0.0,-1.0,-1.0,-1.0,0.0,0.0,3.0,2.0,0.78125
1.0,-1.0,1.0,-1.0,0.0,2.0,3.0,4.0,0.78125
1.0,-2.0,-1.0,-1.0,0.0,2.0,3.0,4.0,0.78125
1.0,-2.0,-1.0,-2.0,0.0,-2.0,-1.0,4.0,0.78125
1.0,-2.0,-1.0,-1.0,0.0,-2.0,1.0,4.0,0.78125
1.0,-2.0,-1.0,-1.0,0.0,-2.0,0.0,2.0,0.78125
1.0,-1.0,1.0,-1.0,0.0,-2.0,0.0,2.0,0.78125
1.0,-1.0,1.0,-1.0,-1.0,-2.0,-2.0,-2.0,0.78125
1.0,2.0,1.0,1.0,-1.0,-2.0,-2.0,-2.0,0.78125
1.0,2.0,1.0,1.0,-2.0,-2.0,-4.0,-2.0,0.78125
1.0,2.0,1.0,1.0,-2.0,0.0,-3.0,0.0,0.78125
1.0,2.0,1.0,1.0,-3.0,0.0,-5.0,0.0,0.78125
0.0,0.0,0.0,0.0,0.0,0.0,1.0,2.0,0.1875
0.0,0.0,0.0,0.0,0.0,-1.0,1.0,0.0,0.1875
0.0,0.0,0.0,0.0,0.0,-1.0,2.0,2.0,0.1875
0.0,0.0,0.0,0.0,0.0,-1.0,-1.0,2.0,0.1875
0.0,0.0,0.0,0.0,1.0,-1.0,1.0,2.0,0.1875
0.0,-1.0,0.0,0.0,-1.0,-1.0,1.0,2.0,0.1875
0.0,-1.0,0.0,0.0,-1.0,-1.0,2.0,4.0,0.1875
0.0,-1.0,0.0,0.0,-1.0,-1.0,-1.0,4.0,0.1875
0.0,-1.0,0.0,1.0,-1.0,-1.0,1.0,4.0,0.1875
0.0,-2.0,0.0,-1.0,-1.0,-1.0,1.0,4.0,0.1875
0.0,-2.0,0.0,0.0,-1.0,1.0,3.0,4.0,0.1875
0.0,-2.0,0.0,0.0,-1.0,1.0,0.0,0.0,0.1875
0.0,-2.0,0.0,0.0,-1.0,2.0,2.0,0.0,0.1875
0.0,-2.0,0.0,0.0,-2.0,2.0,0.0,0.0,0.1875
0.0,-1.0,0.0,0.0,0.0,2.0,2.0,2.0,0.1875
0.0,-2.0,0.0,-2.0,0.0,2.0,0.0,0.0,0.1875
0.0,-2.0,0.0,-2.0,1.0,2.0,2.0,0.0,0.1875
0.0,-2.0,0.0,-2.0,0.0,2.0,0.0,0.0,0.1875
0.0,-1.0,0.0,-2.0,2.0,2.0,2.0,2.0,0.1875
0.0,0.0,0.0,0.0,0.0,0.0,1.0,2.0,0.3125
0.0,0.0,0.0,0.0,0.0,-1.0,1.0,0.0,0.3125
0.0,0.0,0.0,1.0,0.0,1.0,1.0,0.0,0.3125
0.0,0.0,0.0,1.0,0.0,1.0,0.0,-2.0,0.3125
0.0,0.0,0.0,1.0,0.0,2.0,2.0,0.0,0.3125
0.0,0.0,-1.0,1.0,0.0,0.0,2.0,0.0,0.3125
0.0,0.0,-1.0,1.0,0.0,0.0,3.0,2.0,0.3125
0.0,-1.0,-1.0,-1.0,0.0,0.0,3.0,2.0,0.3125
1.0,-1.0,1.0,-1.0,0.0,2.0,3.0,4.0,0.3125
1.0,-2.0,-1.0,-1.0,0.0,2.0,3.0,4.0,0.3125
1.0,-2.0,-1.0,-1.0,0.0,-1.0,3.0,0.0,0.3125
1.0,-2.0,2.0,-1.0,0.0,3.0,3.0,4.0,0.3125
1.0,-2.0,2.0,-2.0,0.0,-1.0,-1.0,4.0,0.3125
1.0,-2.0,2.0,0.0,1.0,-1.0,-1.0,4.0,0.3125
0.0,-2.0,0.0,0.0,1.0,-3.0,-1.0,0.0,0.3125
0.0,-1.0,0.0,2.0,1.0,1.0,3.0,0.0,0.3125
0.0,-1.0,0.0,2.0,0.0,1.0,1.0,0.0,0.3125
0.0,-1.0,0.0,3.0,0.0,3.0,1.0,0.0,0.3125
0.0,-1.0,0.0,1.0,-1.0,3.0,1.0,0.0,0.3125
0.0,0.0,0.0,0.0,0.0,0.0,1.0,2.0,0.0625
0.0,0.0,0.0,0.0,0.0,-1.0,1.0,0.0,0.0625
0.0,0.0,0.0,1.0,0.0,1.0,1.0,0.0,0.0625
0.0,0.0,0.0,1.0,0.0,1.0,0.0,-2.0,0.0625
0.0,0.0,0.0,1.0,0.0,1.0,1.0,2.0,0.0625
0.0,-1.0,0.0,-1.0,0.0,-1.0,-1.0,2.0,0.0625
0.0,-1.0,0.0,-1.0,1.0,-1.0,1.0,4.0,0.0625
0.0,-2.0,0.0,-1.0,-1.0,-1.0,1.0,4.0,0.0625
0.0,-2.0,0.0,-1.0,0.0,-1.0,3.0,4.0,0.0625
0.0,-2.0,0.0,-1.0,0.0,-1.0,0.0,0.0,0.0625
0.0,-2.0,0.0,-1.0,0.0,0.0,0.0,2.0,0.0625
0.0,-3.0,0.0,-1.0,-2.0,0.0,0.0,2.0,0.0625
0.0,-3.0,0.0,-1.0,-2.0,0.0,3.0,2.0,0.0625
0.0,-3.0,0.0,-2.0,-2.0,0.0,1.0,0.0,0.0625
0.0,-3.0,0.0,-2.0,-1.0,0.0,3.0,0.0,0.0625
0.0,-3.0,-1.0,-2.0,-1.0,-2.0,3.0,-2.0,0.0625
0.0,-2.0,-1.0,-2.0,1.0,-2.0,5.0,2.0,0.0625
0.0,-5.0,-1.0,-2.0,-1.0,-2.0,5.0,2.0,0.0625
1.0,-5.0,1.0,-2.0,-1.0,0.0,5.0,2.0,0.0625
0.0,0.0,0.0,0.0,0.0,0.0,1.0,2.0,-0.5
0.0,0.0,0.0,0.0,0.0,-1.0,1.0,0.0,-0.5
0.0,0.0,0.0,1.0,0.0,1.0,1.0,0.0,-0.5
0.0,0.0,0.0,1.0,0.0,1.0,0.0,-2.0,-0.5
0.0,0.0,0.0,1.0,0.0,2.0,2.0,0.0,-0.5
0.0,0.0,-1.0,1.0,0.0,0.0,2.0,0.0,-0.5
0.0,0.0,-1.0,1.0,0.0,0.0,3.0,2.0,-0.5
0.0,0.0,-1.0,0.0,0.0,0.0,1.0,2.0,-0.5
0.0,0.0,-1.0,0.0,1.0,0.0,3.0,2.0,-0.5
0.0,-1.0,-1.0,-2.0,1.0,0.0,3.0,2.0,-0.5
0.0,0.0,-1.0,0.0,1.0,0.0,3.0,2.0,-0.5
0.0,0.0,-1.0,0.0,1.0,0.0,2.0,0.0,-0.5
0.0,0.0,-1.0,0.0,2.0,0.0,4.0,4.0,-0.5
0.0,0.0,-1.0,0.0,2.0,-1.0,4.0,0.0,-0.5
0.0,0.0,-1.0,0.0,2.0,-1.0,5.0,2.0,-0.5
0.0,0.0,-1.0,0.0,2.0,-1.0,2.0,0.0,-0.5
0.0,0.0,-1.0,0.0,2.0,-1.0,3.0,4.0,-0.5
0.0,-1.0,-1.0,0.0,0.0,-1.0,3.0,4.0,-0.5
1.0,-1.0,1.0,0.0,0.0,1.0,3.0,4.0,-0.5
0.0,0.0,0.0,0.0,0.0,0.0,1.0,2.0,-0.46875
0.0,0.0,0.0,0.0,0.0,-1.0,1.0,0.0,-0.46875
0.0,0.0,0.0,1.0,0.0,1.0,1.0,0.0,-0.46875
0.0,0.0,0.0,1.0,0.0,1.0,0.0,-2.0,-0.46875
0.0,0.0,0.0,1.0,0.0,2.0,2.0,0.0,-0.46875
0.0,0.0,0.0,1.0,0.0,2.0,1.0,-2.0,-0.46875
0.0,0.0,0.0,1.0,0.0,2.0,2.0,0.0,-0.46875
0.0,0.0,0.0,0.0,0.0,2.0,0.0,0.0,-0.46875
0.0,0.0,0.0,0.0,1.0,2.0,2.0,2.0,-0.46875
0.0,-1.0,0.0,-2.0,1.0,0.0,0.0,2.0,-0.46875
0.0,0.0,0.0,0.0,1.0,0.0,2.0,4.0,-0.46875
0.0,0.0,0.0,0.0,1.0,0.0,1.0,2.0,-0.46875
0.0,0.0,0.0,0.0,2.0,0.0,3.0,2.0,-0.46875
0.0,0.0,0.0,0.0,2.0,-1.0,3.0,-2.0,-0.46875
0.0,0.0,0.0,1.0,2.0,1.0,3.0,-2.0,-0.46875
0.0,0.0,0.0,1.0,2.0,1.0,2.0,-4.0,-0.46875
0.0,0.0,0.0,2.0,2.0,1.0,4.0,-2.0,-0.46875
0.0,-1.0,0.0,0.0,2.0,1.0,4.0,-2.0,-0.46875
0.0,-1.0,0.0,0.0,2.0,2.0,6.0,0.0,-0.46875
0.0,0.0,0.0,0.0,0.0,0.0,1.0,2.0,0.25
0.0,0.0,0.0,0.0,0.0,-1.0,1.0,0.0,0.25
0.0,0.0,0.0,1.0,0.0,1.0,1.0,0.0,0.25
0.0,0.0,0.0,1.0,0.0,1.0,0.0,-2.0,0.25
0.0,0.0,0.0,1.0,0.0,2.0,2.0,0.0,0.25
0.0,0.0,-1.0,1.0,0.0,0.0,2.0,0.0,0.25
0.0,0.0,-1.0,1.0,0.0,0.0,3.0,2.0,0.25
0.0,-1.0,-1.0,-1.0,0.0,0.0,3.0,2.0,0.25
1.0,-1.0,1.0,-1.0,0.0,2.0,3.0,4.0,0.25
1.0,-2.0,-1.0,-1.0,0.0,2.0,3.0,4.0,0.25
1.0,-2.0,-1.0,-1.0,0.0,-1.0,3.0,0.0,0.25
1.0,-2.0,2.0,-1.0,0.0,3.0,3.0,4.0,0.25
1.0,-2.0,2.0,-2.0,0.0,-1.0,-1.0,4.0,0.25
1.0,-2.0,2.0,0.0,1.0,-1.0,-1.0,4.0,0.25
0.0,-2.0,0.0,0.0,1.0,-3.0,-1.0,0.0,0.25
0.0,-1.0,0.0,2.0,1.0,1.0,3.0,0.0,0.25
0.0,-1.0,0.0,2.0,0.0,1.0,1.0,0.0,0.25
0.0,-1.0,0.0,3.0,0.0,3.0,1.0,0.0,0.25
0.0,-2.0,0.0,3.0,-2.0,1.0,1.0,0.0,0.25
0.0,0.0,0.0,0.0,0.0,0.0,1.0,2.0,-0.28125
0.0,0.0,0.0,0.0,0.0,-1.0,1.0,0.0,-0.28125
0.0,0.0,0.0,1.0,0.0,1.0,1.0,0.0,-0.28125
0.0,0.0,0.0,1.0,0.0,1.0,0.0,-2.0,-0.28125
0.0,0.0,0.0,1.0,0.0,2.0,2.0,0.0,-0.28125
0.0,0.0,0.0,0.0,0.0,2.0,0.0,0.0,-0.28125
0.0,0.0,0.0,0.0,0.0,3.0,0.0,4.0,-0.28125
0.0,-1.0,0.0,-2.0,0.0,1.0,-2.0,4.0,-0.28125
0.0,0.0,0.0,0.0,0.0,1.0,0.0,4.0,-0.28125
0.0,0.0,0.0,-1.0,0.0,-1.0,-2.0,4.0,-0.28125
0.0,0.0,0.0,0.0,0.0,-1.0,0.0,4.0,-0.28125
0.0,0.0,0.0,0.0,0.0,-2.0,0.0,0.0,-0.28125
0.0,1.0,0.0,2.0,0.0,0.0,2.0,0.0,-0.28125
0.0,0.0,0.0,0.0,0.0,0.0,0.0,0.0,-0.28125
0.0,0.0,0.0,0.0,0.0,0.0,1.0,2.0,-0.28125
0.0,0.0,0.0,0.0,0.0,0.0,-2.0,0.0,-0.28125
0.0,0.0,0.0,1.0,0.0,0.0,0.0,0.0,-0.28125
0.0,0.0,0.0,0.0,0.0,-2.0,-2.0,0.0,-0.28125
0.0,1.0,0.0,2.0,0.0,-2.0,-2.0,0.0,-0.28125
0.0,0.0,0.0,0.0,0.0,0.0,1.0,2.0,0.390625
0.0,0.0,0.0,0.0,0.0,-1.0,1.0,0.0,0.390625
0.0,0.0,0.0,1.0,0.0,1.0,1.0,0.0,0.390625
0.0,0.0,0.0,1.0,0.0,1.0,0.0,-2.0,0.390625
0.0,0.0,0.0,1.0,0.0,2.0,2.0,0.0,0.390625
0.0,0.0,-1.0,1.0,0.0,0.0,2.0,0.0,0.390625
0.0,0.0,-1.0,1.0,0.0,0.0,3.0,2.0,0.390625
0.0,-1.0,-1.0,-1.0,0.0,0.0,3.0,2.0,0.390625
1.0,-1.0,1.0,-1.0,0.0,2.0,3.0,4.0,0.390625
1.0,-2.0,-1.0,-1.0,0.0,2.0,3.0,4.0,0.390625
1.0,-2.0,-1.0,-1.0,0.0,-1.0,3.0,0.0,0.390625
1.0,-2.0,2.0,-1.0,0.0,3.0,3.0,4.0,0.390625
1.0,-2.0,2.0,-2.0,0.0,-1.0,-1.0,4.0,0.390625
1.0,-2.0,2.0,0.0,1.0,-1.0,-1.0,4.0,0.390625
0.0,-2.0,0.0,0.0,1.0,-3.0,-1.0,0.0,0.390625
0.0,-1.0,0.0,2.0,1.0,1.0,3.0,0.0,0.390625
0.0,-1.0,0.0,2.0,0.0,1.0,1.0,0.0,0.390625
0.0,-1.0,0.0,3.0,0.0,3.0,1.0,0.0,0.390625
0.0,-2.0,0.0,3.0,-2.0,1.0,1.0,0.0,0.390625
0.0,0.0,0.0,0.0,0.0,0.0,1.0,2.0,-0.15625
0.0,0.0,0.0,0.0,0.0,-1.0,1.0,0.0,-0.15625
0.0,0.0,0.0,1.0,0.0,1.0,1.0,0.0,-0.15625
0.0,0.0,0.0,1.0,0.0,1.0,0.0,-2.0,-0.15625
0.0,0.0,0.0,1.0,0.0,2.0,2.0,0.0,-0.15625
0.0,0.0,-1.0,1.0,0.0,0.0,2.0,0.0,-0.15625
0.0,0.0,-1.0,1.0,0.0,0.0,3.0,2.0,-0.15625
0.0,-1.0,-1.0,-1.0,0.0,0.0,3.0,2.0,-0.15625
1.0,-1.0,1.0,-1.0,0.0,2.0,3.0,4.0,-0.15625
1.0,-2.0,-1.0,-1.0,0.0,2.0,3.0,4.0,-0.15625
1.0,-2.0,-1.0,-1.0,0.0,-1.0,3.0,0.0,-0.15625
1.0,-2.0,2.0,-1.0,0.0,3.0,3.0,4.0,-0.15625
1.0,-2.0,2.0,-2.0,0.0,-1.0,-1.0,4.0,-0.15625
1.0,-2.0,2.0,0.0,1.0,-1.0,-1.0,4.0,-0.15625
0.0,-2.0,0.0,0.0,1.0,-3.0,-1.0,0.0,-0.15625
0.0,-1.0,0.0,2.0,1.0,1.0,3.0,0.0,-0.15625
0.0,-1.0,0.0,2.0,0.0,1.0,1.0,0.0,-0.15625
0.0,-1.0,0.0,3.0,0.0,3.0,1.0,0.0,-0.15625
0.0,-2.0,0.0,3.0,-2.0,1.0,1.0,0.0,-0.15625
0.0,0.0,0.0,0.0,0.0,0.0,1.0,2.0,0.71875
0.0,0.0,0.0,0.0,0.0,-1.0,1.0,0.0,0.71875
0.0,0.0,0.0,1.0,0.0,1.0,1.0,0.0,0.71875
0.0,0.0,0.0,1.0,0.0,1.0,0.0,-2.0,0.71875
0.0,0.0,0.0,1.0,0.0,2.0,2.0,0.0,0.71875
0.0,0.0,-1.0,1.0,0.0,0.0,2.0,0.0,0.71875
0.0,0.0,-1.0,1.0,0.0,0.0,3.0,2.0,0.71875
0.0,-1.0,-1.0,-1.0,0.0,0.0,3.0,2.0,0.71875
1.0,-1.0,1.0,-1.0,0.0,2.0,3.0,4.0,0.71875
1.0,-2.0,-1.0,-1.0,0.0,2.0,3.0,4.0,0.71875
1.0,-2.0,-1.0,-1.0,0.0,-1.0,3.0,0.0,0.71875
1.0,-2.0,2.0,-1.0,0.0,3.0,3.0,4.0,0.71875
1.0,-2.0,2.0,-2.0,0.0,-1.0,-1.0,4.0,0.71875
1.0,-2.0,2.0,0.0,1.0,-1.0,-1.0,4.0,0.71875
0.0,-2.0,0.0,0.0,1.0,-3.0,-1.0,0.0,0.71875
0.0,-1.0,0.0,2.0,1.0,1.0,3.0,0.0,0.71875
0.0,-1.0,0.0,2.0,0.0,1.0,1.0,0.0,0.71875
0.0,-1.0,0.0,3.0,0.0,3.0,1.0,0.0,0.71875
0.0,-2.0,0.0,3.0,-2.0,1.0,1.0,0.0,0.71875
0.0,0.0,0.0,0.0,0.0,0.0,1.0,2.0,-0.46875
0.0,0.0,0.0,0.0,0.0,-1.0,1.0,0.0,-0.46875
0.0,0.0,0.0,1.0,0.0,1.0,1.0,0.0,-0.46875
0.0,0.0,0.0,1.0,0.0,1.0,0.0,-2.0,-0.46875
0.0,0.0,0.0,1.0,0.0,2.0,2.0,0.0,-0.46875
0.0,0.0,-1.0,1.0,0.0,0.0,2.0,0.0,-0.46875
0.0,0.0,-1.0,1.0,0.0,0.0,3.0,2.0,-0.46875
0.0,-1.0,-1.0,-1.0,0.0,0.0,3.0,2.0,-0.46875
1.0,-1.0,1.0,-1.0,0.0,2.0,3.0,4.0,-0.46875
1.0,-2.0,-1.0,-1.0,0.0,2.0,3.0,4.0,-0.46875
1.0,-2.0,-1.0,-1.0,0.0,-1.0,3.0,0.0,-0.46875
1.0,-2.0,2.0,-1.0,0.0,3.0,3.0,4.0,-0.46875
1.0,-2.0,2.0,-2.0,0.0,-1.0,-1.0,4.0,-0.46875
1.0,-2.0,2.0,0.0,1.0,-1.0,-1.0,4.0,-0.46875
0.0,-2.0,0.0,0.0,1.0,-3.0,-1.0,0.0,-0.46875
0.0,-1.0,0.0,2.0,1.0,1.0,3.0,0.0,-0.46875
0.0,-1.0,0.0,2.0,0.0,1.0,1.0,0.0,-0.46875
0.0,-1.0,0.0,3.0,0.0,3.0,1.0,0.0,-0.46875
0.0,-1.0,0.0,2.0,0.0,3.0,-1.0,-2.0,-0.46875
0.0,0.0,0.0,0.0,0.0,0.0,1.0,2.0,-0.3125
0.0,0.0,0.0,0.0,0.0,-1.0,1.0,0.0,-0.3125
0.0,0.0,0.0,1.0,0.0,1.0,1.0,0.0,-0.3125
0.0,0.0,0.0,1.0,0.0,1.0,0.0,-2.0,-0.3125
0.0,0.0,0.0,1.0,0.0,2.0,0.0,2.0,-0.3125
0.0,0.0,0.0,1.0,0.0,2.0,-1.0,0.0,-0.3125
0.0,0.0,0.0,1.0,0.0,3.0,-1.0,2.0,-0.3125
0.0,0.0,0.0,1.0,0.0,3.0,-2.0,0.0,-0.3125
0.0,0.0,0.0,2.0,0.0,3.0,0.0,0.0,-0.3125
0.0,0.0,0.0,2.0,-1.0,3.0,-4.0,-4.0,-0.3125
0.0,1.0,0.0,2.0,1.0,3.0,-4.0,-4.0,-0.3125
0.0,0.0,0.0,0.0,1.0,1.0,-4.0,-4.0,-0.3125
0.0,0.0,0.0,0.0,2.0,1.0,0.0,0.0,-0.3125
0.0,0.0,0.0,0.0,2.0,1.0,-1.0,-4.0,-0.3125
0.0,0.0,0.0,1.0,2.0,1.0,1.0,-2.0,-0.3125
0.0,-1.0,0.0,1.0,0.0,1.0,-1.0,-2.0,-0.3125
0.0,-1.0,0.0,1.0,0.0,1.0,2.0,-2.0,-0.3125
0.0,-1.0,0.0,1.0,-1.0,1.0,-2.0,-4.0,-0.3125
0.0,-1.0,0.0,1.0,-1.0,1.0,1.0,0.0,-0.3125
0.0,0.0,0.0,0.0,0.0,0.0,1.0,2.0,0.125
0.0,0.0,0.0,0.0,0.0,0.0,0.0,0.0,0.125
0.0,0.0,0.0,0.0,0.0,0.0,1.0,2.0,0.125
0.0,0.0,0.0,0.0,0.0,-1.0,1.0,0.0,0.125
0.0,0.0,0.0,0.0,1.0,-1.0,3.0,2.0,0.125
0.0,0.0,0.0,0.0,1.0,-2.0,3.0,0.0,0.125
0.0,0.0,0.0,0.0,1.0,-2.0,4.0,2.0,0.125
0.0,-1.0,0.0,0.0,-1.0,-2.0,4.0,2.0,0.125
0.0,-1.0,0.0,0.0,-1.0,-2.0,5.0,4.0,0.125
0.0,-1.0,0.0,0.0,-1.0,-3.0,1.0,4.0,0.125
0.0,-1.0,0.0,1.0,-1.0,-1.0,1.0,4.0,0.125
0.0,-1.0,0.0,1.0,-1.0,-2.0,1.0,0.0,0.125
0.0,-1.0,0.0,1.0,-1.0,-2.0,2.0,2.0,0.125
0.0,-2.0,0.0,-1.0,-1.0,-4.0,-2.0,2.0,0.125
0.0,-2.0,0.0,0.0,-1.0,-4.0,0.0,2.0,0.125
0.0,-2.0,0.0,0.0,-2.0,-4.0,-4.0,2.0,0.125
0.0,-1.0,0.0,0.0,0.0,-4.0,-2.0,2.0,0.125
0.0,-2.0,0.0,-2.0,0.0,-4.0,-2.0,2.0,0.125
0.0,-1.0,0.0,-2.0,2.0,-4.0,0.0,4.0,0.125
0.0,0.0,0.0,0.0,0.0,0.0,1.0,2.0,0.09375
0.0,0.0,0.0,0.0,0.0,-1.0,1.0,0.0,0.09375
0.0,0.0,0.0,1.0,0.0,1.0,1.0,0.0,0.09375
0.0,0.0,0.0,1.0,0.0,1.0,0.0,-2.0,0.09375
0.0,0.0,0.0,1.0,0.0,2.0,2.0,0.0,0.09375
0.0,0.0,-1.0,1.0,0.0,0.0,2.0,0.0,0.09375
0.0,0.0,-1.0,1.0,0.0,0.0,3.0,2.0,0.09375
0.0,0.0,-1.0,1.0,0.0,0.0,2.0,0.0,0.09375
0.0,1.0,1.0,1.0,0.0,0.0,2.0,0.0,0.09375
-1.0,1.0,-1.0,1.0,0.0,0.0,2.0,0.0,0.09375
-1.0,1.0,-1.0,1.0,0.0,0.0,3.0,2.0,0.09375
-1.0,1.0,-1.0,1.0,0.0,0.0,0.0,2.0,0.09375
-1.0,1.0,-1.0,1.0,1.0,0.0,4.0,4.0,0.09375
-1.0,1.0,-1.0,1.0,0.0,0.0,2.0,0.0,0.09375
-1.0,1.0,-1.0,1.0,1.0,0.0,4.0,0.0,0.09375
-1.0,1.0,-1.0,1.0,1.0,-1.0,0.0,0.0,0.09375
-1.0,1.0,-1.0,1.0,2.0,-1.0,4.0,0.0,0.09375
-1.0,0.0,-1.0,1.0,0.0,-1.0,2.0,0.0,0.09375
-1.0,0.0,-1.0,1.0,1.0,1.0,4.0,4.0,0.09375
0.0,0.0,0.0,0.0,0.0,0.0,1.0,2.0,-0.15625
0.0,0.0,0.0,0.0,0.0,-1.0,1.0,0.0,-0.15625
0.0,0.0,0.0,1.0,0.0,1.0,1.0,0.0,-0.15625
0.0,0.0,0.0,1.0,0.0,1.0,0.0,-2.0,-0.15625
0.0,0.0,0.0,1.0,0.0,2.0,2.0,0.0,-0.15625
0.0,0.0,-1.0,1.0,0.0,0.0,2.0,0.0,-0.15625
0.0,0.0,-1.0,1.0,0.0,0.0,3.0,2.0,-0.15625
0.0,-1.0,-1.0,-1.0,0.0,0.0,3.0,2.0,-0.15625
1.0,-1.0,1.0,-1.0,0.0,2.0,3.0,4.0,-0.15625
1.0,-2.0,-1.0,-1.0,0.0,2.0,3.0,4.0,-0.15625
1.0,1.0,-1.0,-1.0,0.0,2.0,3.0,4.0,-0.15625
1.0,1.0,-1.0,-1.0,0.0,-1.0,3.0,0.0,-0.15625
1.0,1.0,2.0,-1.0,0.0,3.0,3.0,4.0,-0.15625
1.0,1.0,2.0,-2.0,0.0,-1.0,-1.0,4.0,-0.15625
1.0,1.0,2.0,0.0,1.0,-1.0,-1.0,4.0,-0.15625
1.0,0.0,2.0,0.0,-1.0,-1.0,-1.0,4.0,-0.15625
1.0,1.0,2.0,2.0,-1.0,3.0,3.0,4.0,-0.15625
1.0,1.0,2.0,2.0,-2.0,1.0,3.0,4.0,-0.15625
1.0,1.0,2.0,2.0,1.0,1.0,3.0,4.0,-0.15625
0.0,0.0,0.0,0.0,0.0,0.0,1.0,2.0,0.375
0.0,0.0,0.0,0.0,0.0,-1.0,1.0,0.0,0.375
0.0,0.0,0.0,1.0,0.0,1.0,1.0,0.0,0.375
0.0,0.0,0.0,1.0,0.0,1.0,0.0,-2.0,0.375
0.0,0.0,0.0,1.0,0.0,2.0,2.0,0.0,0.375
0.0,0.0,-1.0,1.0,0.0,0.0,2.0,0.0,0.375
0.0,0.0,-1.0,1.0,0.0,0.0,3.0,2.0,0.375
0.0,-1.0,-1.0,-1.0,0.0,0.0,3.0,2.0,0.375
0.0,-1.0,-1.0,-1.0,0.0,0.0,4.0,4.0,0.375
0.0,-1.0,-1.0,-2.0,0.0,-2.0,0.0,4.0,0.375
1.0,-1.0,1.0,-2.0,0.0,0.0,0.0,4.0,0.375
1.0,-1.0,1.0,-2.0,0.0,0.0,-1.0,0.0,0.375
1.0,0.0,1.0,0.0,0.0,2.0,3.0,0.0,0.375
1.0,0.0,1.0,0.0,0.0,2.0,2.0,-4.0,0.375
1.0,0.0,1.0,0.0,0.0,3.0,2.0,0.0,0.375
1.0,-1.0,-1.0,0.0,0.0,3.0,2.0,0.0,0.375
1.0,-1.0,-1.0,0.0,1.0,3.0,4.0,0.0,0.375
1.0,-1.0,-1.0,0.0,0.0,3.0,2.0,0.0,0.375
1.0,-1.0,-1.0,1.0,0.0,3.0,4.0,0.0,0.375
0.0,0.0,0.0,0.0,0.0,0.0,1.0,2.0,-0.40625
0.0,0.0,0.0,0.0,0.0,-1.0,1.0,0.0,-0.40625
0.0,0.0,0.0,1.0,0.0,1.0,1.0,0.0,-0.40625
0.0,0.0,0.0,1.0,0.0,1.0,0.0,-2.0,-0.40625
0.0,0.0,0.0,1.0,0.0,2.0,2.0,0.0,-0.40625
0.0,0.0,-1.0,1.0,0.0,0.0,2.0,0.0,-0.40625
0.0,0.0,-1.0,1.0,0.0,0.0,3.0,2.0,-0.40625
0.0,-1.0,-1.0,-1.0,0.0,0.0,3.0,2.0,-0.40625
1.0,-1.0,1.0,-1.0,0.0,2.0,3.0,4.0,-0.40625
1.0,-2.0,-1.0,-1.0,0.0,2.0,3.0,4.0,-0.40625
1.0,-2.0,-1.0,-1.0,0.0,-1.0,3.0,0.0,-0.40625
1.0,-2.0,2.0,-1.0,0.0,3.0,3.0,4.0,-0.40625
1.0,-2.0,2.0,-2.0,0.0,-1.0,-1.0,4.0,-0.40625
1.0,-2.0,2.0,0.0,1.0,-1.0,-1.0,4.0,-0.40625
0.0,-2.0,0.0,0.0,1.0,-3.0,-1.0,0.0,-0.40625
0.0,-1.0,0.0,2.0,1.0,1.0,3.0,0.0,-0.40625
0.0,-1.0,0.0,2.0,0.0,1.0,1.0,0.0,-0.40625
0.0,-1.0,0.0,3.0,0.0,3.0,1.0,0.0,-0.40625
0.0,-2.0,0.0,3.0,-2.0,1.0,1.0,0.0,-0.40625
0.0,0.0,0.0,0.0,0.0,0.0,1.0,2.0,-0.28125
0.0,0.0,0.0,0.0,0.0,-1.0,1.0,0.0,-0.28125
0.0,0.0,0.0,1.0,0.0,1.0,1.0,0.0,-0.28125
0.0,0.0,0.0,1.0,0.0,1.0,0.0,-2.0,-0.28125
0.0,0.0,0.0,1.0,0.0,2.0,2.0,0.0,-0.28125
0.0,0.0,-1.0,1.0,0.0,0.0,2.0,0.0,-0.28125
0.0,0.0,-1.0,1.0,0.0,0.0,3.0,2.0,-0.28125
0.0,-1.0,-1.0,-1.0,0.0,0.0,3.0,2.0,-0.28125
1.0,-1.0,1.0,-1.0,0.0,2.0,3.0,4.0,-0.28125
1.0,-2.0,-1.0,-1.0,0.0,2.0,3.0,4.0,-0.28125
1.0,-2.0,-1.0,-1.0,0.0,-1.0,3.0,0.0,-0.28125
1.0,-2.0,-1.0,-1.0,0.0,-1.0,4.0,2.0,-0.28125
1.0,-2.0,-1.0,-1.0,0.0,-1.0,1.0,2.0,-0.28125
1.0,-2.0,-1.0,0.0,0.0,1.0,5.0,2.0,-0.28125
1.0,-2.0,-1.0,-1.0,0.0,-1.0,-1.0,2.0,-0.28125
1.0,-2.0,-1.0,0.0,0.0,-1.0,1.0,2.0,-0.28125
1.0,-2.0,-1.0,0.0,0.0,-1.0,0.0,-2.0,-0.28125
1.0,-1.0,1.0,2.0,0.0,-1.0,2.0,-2.0,-0.28125
1.0,-2.0,1.0,0.0,0.0,-3.0,0.0,-2.0,-0.28125
0.0,0.0,0.0,0.0,0.0,0.0,1.0,2.0,-0.71875
0.0,0.0,0.0,0.0,0.0,-1.0,1.0,0.0,-0.71875
0.0,0.0,0.0,1.0,0.0,1.0,1.0,0.0,-0.71875
0.0,0.0,0.0,1.0,0.0,1.0,0.0,-2.0,-0.71875
0.0,0.0,0.0,1.0,0.0,2.0,2.0,0.0,-0.71875
0.0,0.0,-1.0,1.0,0.0,0.0,2.0,0.0,-0.71875
0.0,0.0,-1.0,1.0,0.0,0.0,3.0,2.0,-0.71875
0.0,0.0,-1.0,1.0,-1.0,0.0,1.0,2.0,-0.71875
0.0,1.0,-1.0,1.0,1.0,0.0,3.0,4.0,-0.71875
0.0,1.0,-1.0,1.0,1.0,-1.0,3.0,0.0,-0.71875
0.0,1.0,-1.0,2.0,1.0,1.0,3.0,0.0,-0.71875
0.0,1.0,-1.0,2.0,1.0,1.0,2.0,-2.0,-0.71875
1.0,1.0,1.0,2.0,1.0,3.0,2.0,2.0,-0.71875
1.0,0.0,1.0,0.0,1.0,1.0,0.0,2.0,-0.71875
1.0,0.0,1.0,0.0,2.0,1.0,4.0,2.0,-0.71875
1.0,0.0,1.0,-1.0,2.0,-1.0,0.0,2.0,-0.71875
1.0,0.0,1.0,-1.0,3.0,1.0,0.0,2.0,-0.71875
1.0,-1.0,1.0,-3.0,3.0,-1.0,-4.0,2.0,-0.71875
1.0,-1.0,1.0,-1.0,4.0,1.0,-4.0,2.0,-0.71875
0.0,0.0,0.0,0.0,0.0,0.0,1.0,2.0,0.25
0.0,0.0,0.0,0.0,0.0,-1.0,1.0,0.0,0.25
0.0,0.0,0.0,1.0,0.0,1.0,1.0,0.0,0.25
0.0,0.0,0.0,1.0,0.0,1.0,0.0,-2.0,0.25
0.0,0.0,0.0,1.0,0.0,2.0,0.0,2.0,0.25
0.0,0.0,0.0,1.0,0.0,2.0,-1.0,0.0,0.25
0.0,0.0,0.0,1.0,1.0,2.0,1.0,2.0,0.25
0.0,0.0,0.0,1.0,0.0,2.0,-1.0,-2.0,0.25
0.0,0.0,0.0,2.0,0.0,2.0,1.0,-2.0,0.25
0.0,0.0,0.0,2.0,0.0,1.0,1.0,-4.0,0.25
0.0,1.0,0.0,2.0,2.0,1.0,1.0,-4.0,0.25
0.0,1.0,-1.0,2.0,2.0,-1.0,1.0,-4.0,0.25
1.0,1.0,1.0,2.0,2.0,1.0,1.0,0.0,0.25
1.0,0.0,1.0,2.0,0.0,1.0,-1.0,0.0,0.25
1.0,0.0,1.0,2.0,0.0,1.0,0.0,2.0,0.25
1.0,0.0,1.0,2.0,0.0,1.0,-1.0,0.0,0.25
1.0,0.0,1.0,2.0,1.0,1.0,1.0,0.0,0.25
1.0,0.0,1.0,2.0,1.0,1.0,0.0,-2.0,0.25
1.0,0.0,1.0,2.0,1.0,1.0,1.0,2.0,0.25
0.0,0.0,0.0,0.0,0.0,0.0,1.0,2.0,-0.0625
0.0,0.0,0.0,0.0,0.0,-1.0,1.0,0.0,-0.0625
0.0,0.0,0.0,1.0,0.0,1.0,1.0,0.0,-0.0625
0.0,0.0,0.0,1.0,0.0,1.0,0.0,-2.0,-0.0625
0.0,0.0,0.0,1.0,0.0,2.0,2.0,0.0,-0.0625
0.0,0.0,-1.0,1.0,0.0,0.0,2.0,0.0,-0.0625
0.0,0.0,-1.0,1.0,0.0,0.0,3.0,2.0,-0.0625
0.0,-1.0,-1.0,-1.0,0.0,0.0,3.0,2.0,-0.0625
1.0,-1.0,1.0,-1.0,0.0,2.0,3.0,4.0,-0.0625
1.0,-2.0,-1.0,-1.0,0.0,2.0,3.0,4.0,-0.0625
1.0,-2.0,-1.0,-1.0,0.0,-1.0,3.0,0.0,-0.0625
1.0,-2.0,2.0,-1.0,0.0,3.0,3.0,4.0,-0.0625
1.0,-3.0,0.0,-1.0,0.0,3.0,3.0,4.0,-0.0625
1.0,2.0,0.0,-1.0,0.0,3.0,3.0,4.0,-0.0625
0.0,2.0,-2.0,-1.0,0.0,-1.0,3.0,0.0,-0.0625
0.0,2.0,0.0,1.0,1.0,-1.0,3.0,0.0,-0.0625
0.0,1.0,0.0,1.0,-1.0,-1.0,3.0,0.0,-0.0625
0.0,1.0,0.0,1.0,-1.0,-1.0,4.0,2.0,-0.0625
0.0,1.0,0.0,1.0,-2.0,-1.0,2.0,0.0,-0.0625
0.0,0.0,0.0,0.0,0.0,0.0,1.0,2.0,-0.6875
0.0,0.0,0.0,0.0,0.0,-1.0,1.0,0.0,-0.6875
0.0,0.0,0.0,1.0,0.0,1.0,1.0,0.0,-0.6875
0.0,0.0,0.0,1.0,0.0,1.0,0.0,-2.0,-0.6875
0.0,0.0,0.0,1.0,0.0,2.0,0.0,2.0,-0.6875
0.0,-1.0,0.0,-1.0,0.0,0.0,-2.0,2.0,-0.6875
0.0,-1.0,0.0,-1.0,0.0,1.0,-2.0,4.0,-0.6875
0.0,-1.0,0.0,-1.0,0.0,1.0,-3.0,0.0,-0.6875
0.0,-1.0,0.0,0.0,0.0,1.0,-1.0,0.0,-0.6875
0.0,-2.0,0.0,-2.0,0.0,1.0,-1.0,0.0,-0.6875
0.0,-2.0,0.0,-2.0,1.0,1.0,1.0,4.0,-0.6875
0.0,-2.0,0.0,-2.0,1.0,1.0,-2.0,2.0,-0.6875
0.0,-2.0,0.0,-2.0,2.0,1.0,0.0,2.0,-0.6875
0.0,-2.0,0.0,-2.0,2.0,1.0,-1.0,-4.0,-0.6875
0.0,-2.0,1.0,0.0,2.0,3.0,-1.0,0.0,-0.6875
0.0,-3.0,1.0,0.0,0.0,3.0,-3.0,0.0,-0.6875
0.0,-3.0,1.0,2.0,1.0,3.0,-3.0,0.0,-0.6875
0.0,-3.0,1.0,0.0,1.0,1.0,-4.0,-2.0,-0.6875
0.0,-3.0,1.0,0.0,1.0,1.0,3.0,2.0,-0.6875
0.0,0.0,0.0,0.0,0.0,0.0,1.0,2.0,0.3125
0.0,0.0,0.0,0.0,0.0,-1.0,1.0,0.0,0.3125
0.0,0.0,0.0,1.0,0.0,1.0,1.0,0.0,0.3125
0.0,0.0,0.0,1.0,0.0,1.0,0.0,-2.0,0.3125
0.0,0.0,0.0,1.0,0.0,2.0,0.0,2.0,0.3125
0.0,0.0,0.0,1.0,0.0,2.0,-1.0,0.0,0.3125
0.0,0.0,0.0,1.0,0.0,3.0,-1.0,2.0,0.3125
0.0,0.0,0.0,1.0,0.0,3.0,-2.0,0.0,0.3125
0.0,0.0,0.0,2.0,0.0,3.0,0.0,0.0,0.3125
0.0,0.0,0.0,2.0,-1.0,3.0,-4.0,-4.0,0.3125
0.0,0.0,0.0,2.0,-1.0,4.0,0.0,0.0,0.3125
0.0,-1.0,0.0,0.0,-1.0,2.0,0.0,0.0,0.3125
0.0,-1.0,0.0,0.0,-1.0,2.0,3.0,2.0,0.3125
0.0,-2.0,0.0,-2.0,-1.0,0.0,-1.0,2.0,0.3125
0.0,-1.0,0.0,-2.0,1.0,0.0,1.0,4.0,0.3125
0.0,-1.0,-1.0,-2.0,1.0,-2.0,1.0,0.0,0.3125
0.0,-1.0,-1.0,-2.0,2.0,-2.0,3.0,2.0,0.3125
0.0,-1.0,-1.0,-2.0,1.0,-2.0,1.0,-2.0,0.3125
0.0,0.0,-1.0,0.0,1.0,-2.0,3.0,-2.0,0.3125
0.0,0.0,0.0,0.0,0.0,0.0,1.0,2.0,-0.1875
0.0,0.0,0.0,0.0,0.0,-1.0,1.0,0.0,-0.1875
0.0,0.0,0.0,0.0,0.0,-1.0,2.0,2.0,-0.1875
0.0,0.0,0.0,0.0,0.0,-1.0,-1.0,2.0,-0.1875
0.0,0.0,0.0,0.0,1.0,-1.0,1.0,2.0,-0.1875
0.0,-1.0,0.0,0.0,-1.0,-1.0,1.0,2.0,-0.1875
0.0,-1.0,0.0,0.0,-1.0,-1.0,2.0,4.0,-0.1875
0.0,-1.0,0.0,0.0,-1.0,-1.0,-1.0,4.0,-0.1875
0.0,-1.0,0.0,0.0,0.0,-1.0,1.0,4.0,-0.1875
0.0,-1.0,0.0,0.0,0.0,-1.0,-2.0,-2.0,-0.1875
0.0,-1.0,0.0,0.0,1.0,-1.0,0.0,-2.0,-0.1875
0.0,-2.0,0.0,0.0,-1.0,-1.0,0.0,-2.0,-0.1875
0.0,-2.0,0.0,0.0,-1.0,0.0,0.0,0.0,-0.1875
0.0,-2.0,0.0,-1.0,-1.0,0.0,-2.0,0.0,-0.1875
0.0,-2.0,0.0,-1.0,0.0,0.0,2.0,2.0,-0.1875
0.0,-3.0,0.0,-1.0,-2.0,0.0,2.0,2.0,-0.1875
0.0,-3.0,1.0,-1.0,-2.0,2.0,2.0,2.0,-0.1875
0.0,-3.0,1.0,-2.0,-2.0,0.0,0.0,2.0,-0.1875
0.0,-2.0,1.0,0.0,-2.0,0.0,2.0,4.0,-0.1875
0.0,0.0,0.0,0.0,0.0,0.0,1.0,2.0,0.875
0.0,0.0,0.0,0.0,0.0,-1.0,1.0,0.0,0.875
0.0,0.0,0.0,1.0,0.0,1.0,1.0,0.0,0.875
0.0,0.0,0.0,1.0,0.0,1.0,0.0,-2.0,0.875
0.0,0.0,0.0,1.0,0.0,2.0,2.0,0.0,0.875
0.0,0.0,-1.0,1.0,0.0,0.0,2.0,0.0,0.875
0.0,0.0,-1.0,1.0,0.0,0.0,3.0,2.0,0.875
0.0,-1.0,-1.0,-1.0,0.0,0.0,3.0,2.0,0.875
1.0,-1.0,1.0,-1.0,0.0,2.0,3.0,4.0,0.875
1.0,-2.0,-1.0,-1.0,0.0,2.0,3.0,4.0,0.875
1.0,-2.0,-1.0,-1.0,0.0,-1.0,3.0,0.0,0.875
1.0,-2.0,-1.0,-1.0,0.0,-1.0,4.0,2.0,0.875
1.0,-2.0,-1.0,-1.0,0.0,-1.0,1.0,2.0,0.875
1.0,-2.0,-1.0,0.0,0.0,1.0,5.0,2.0,0.875
1.0,-2.0,-1.0,-1.0,0.0,-1.0,-1.0,2.0,0.875
1.0,-2.0,-1.0,0.0,0.0,-1.0,1.0,2.0,0.875
1.0,-2.0,-1.0,-2.0,-1.0,-1.0,1.0,2.0,0.875
1.0,-1.0,-1.0,0.0,-1.0,1.0,3.0,2.0,0.875
1.0,-2.0,-1.0,-2.0,-1.0,-1.0,1.0,2.0,0.875
0.0,0.0,0.0,0.0,0.0,0.0,1.0,2.0,0.921875
0.0,0.0,0.0,0.0,0.0,-1.0,1.0,0.0,0.921875
0.0,0.0,0.0,1.0,0.0,1.0,1.0,0.0,0.921875
0.0,0.0,0.0,1.0,0.0,1.0,0.0,-2.0,0.921875
0.0,0.0,0.0,1.0,0.0,2.0,2.0,0.0,0.921875
0.0,0.0,-1.0,1.0,0.0,0.0,2.0,0.0,0.921875
0.0,0.0,-1.0,1.0,0.0,0.0,3.0,2.0,0.921875
0.0,-1.0,-1.0,-1.0,0.0,0.0,3.0,2.0,0.921875
1.0,-1.0,1.0,-1.0,0.0,2.0,3.0,4.0,0.921875
1.0,-2.0,-1.0,-1.0,0.0,2.0,3.0,4.0,0.921875
1.0,-2.0,-1.0,-2.0,0.0,-2.0,-1.0,4.0,0.921875
1.0,-2.0,-1.0,-1.0,0.0,-2.0,1.0,4.0,0.921875
1.0,-2.0,-1.0,-3.0,-1.0,-2.0,1.0,4.0,0.921875
1.0,-1.0,-1.0,-1.0,-1.0,-2.0,1.0,4.0,0.921875
1.0,-1.0,-1.0,-1.0,-2.0,-2.0,-1.0,0.0,0.921875
1.0,2.0,-1.0,-1.0,0.0,-2.0,-1.0,0.0,0.921875
1.0,2.0,-1.0,-3.0,-3.0,-2.0,-1.0,0.0,0.921875
1.0,3.0,-1.0,1.0,-3.0,-2.0,-1.0,0.0,0.921875
1.0,3.0,-1.0,-1.0,-4.0,-2.0,-1.0,0.0,0.921875
0.0,0.0,0.0,0.0,0.0,0.0,1.0,2.0,0.6875
0.0,0.0,0.0,0.0,0.0,-1.0,1.0,0.0,0.6875
0.0,0.0,0.0,1.0,0.0,1.0,1.0,0.0,0.6875
0.0,0.0,0.0,1.0,0.0,1.0,0.0,-2.0,0.6875
0.0,0.0,0.0,1.0,0.0,2.0,2.0,0.0,0.6875
0.0,0.0,-1.0,1.0,0.0,0.0,2.0,0.0,0.6875
0.0,0.0,-1.0,1.0,0.0,0.0,3.0,2.0,0.6875
0.0,-1.0,-1.0,-1.0,0.0,0.0,3.0,2.0,0.6875
1.0,-1.0,1.0,-1.0,0.0,2.0,3.0,4.0,0.6875
1.0,-2.0,-1.0,-1.0,0.0,2.0,3.0,4.0,0.6875
1.0,-2.0,-1.0,-1.0,0.0,-1.0,3.0,0.0,0.6875
1.0,-2.0,-1.0,0.0,0.0,1.0,3.0,0.0,0.6875
1.0,-2.0,-1.0,0.0,-1.0,1.0,1.0,-2.0,0.6875
1.0,-1.0,-1.0,0.0,1.0,1.0,1.0,-2.0,0.6875
1.0,-4.0,-1.0,0.0,-1.0,1.0,1.0,-2.0,0.6875
1.0,-3.0,-1.0,0.0,1.0,1.0,1.0,-2.0,0.6875
1.0,-6.0,-1.0,0.0,1.0,1.0,1.0,-2.0,0.6875
1.0,-6.0,-1.0,0.0,1.0,1.0,4.0,2.0,0.6875
1.0,-6.0,-1.0,0.0,1.0,1.0,3.0,0.0,0.6875
0.0,0.0,0.0,0.0,0.0,0.0,1.0,2.0,0.75
0.0,0.0,0.0,0.0,0.0,-1.0,1.0,0.0,0.75
0.0,0.0,0.0,1.0,0.0,1.0,1.0,0.0,0.75
0.0,0.0,0.0,1.0,0.0,1.0,0.0,-2.0,0.75
0.0,0.0,0.0,1.0,0.0,2.0,2.0,0.0,0.75
0.0,0.0,-1.0,1.0,0.0,0.0,2.0,0.0,0.75
0.0,0.0,-1.0,1.0,0.0,0.0,3.0,2.0,0.75
0.0,-1.0,-1.0,-1.0,0.0,0.0,3.0,2.0,0.75
1.0,-1.0,1.0,-1.0,0.0,2.0,3.0,4.0,0.75
1.0,-2.0,-1.0,-1.0,0.0,2.0,3.0,4.0,0.75
1.0,-2.0,-1.0,-1.0,0.0,-1.0,3.0,0.0,0.75
1.0,-2.0,-1.0,-1.0,0.0,-1.0,4.0,2.0,0.75
1.0,-2.0,-1.0,-1.0,0.0,-1.0,1.0,0.0,0.75
1.0,-2.0,-1.0,-1.0,1.0,-1.0,3.0,0.0,0.75
1.0,-2.0,-1.0,-1.0,0.0,-1.0,1.0,0.0,0.75
1.0,-1.0,-1.0,1.0,0.0,-1.0,1.0,0.0,0.75
1.0,-1.0,-2.0,1.0,0.0,-3.0,1.0,-2.0,0.75
1.0,0.0,0.0,1.0,0.0,-3.0,1.0,-2.0,0.75
1.0,0.0,0.0,1.0,-2.0,-3.0,-2.0,-2.0,0.75
0.0,0.0,0.0,0.0,0.0,0.0,1.0,2.0,-0.21875
0.0,0.0,0.0,0.0,0.0,-1.0,1.0,0.0,-0.21875
0.0,0.0,0.0,1.0,0.0,1.0,1.0,0.0,-0.21875
0.0,0.0,0.0,1.0,0.0,1.0,0.0,-2.0,-0.21875
0.0,0.0,0.0,1.0,0.0,2.0,2.0,0.0,-0.21875
0.0,0.0,-1.0,1.0,0.0,0.0,2.0,0.0,-0.21875
0.0,0.0,-1.0,1.0,0.0,0.0,3.0,2.0,-0.21875
0.0,-1.0,-1.0,-1.0,0.0,0.0,3.0,2.0,-0.21875
1.0,-1.0,1.0,-1.0,0.0,2.0,3.0,4.0,-0.21875
1.0,-2.0,-1.0,-1.0,0.0,2.0,3.0,4.0,-0.21875
1.0,-2.0,-1.0,-1.0,0.0,-1.0,3.0,0.0,-0.21875
1.0,-2.0,2.0,-1.0,0.0,3.0,3.0,4.0,-0.21875
1.0,-2.0,2.0,-2.0,0.0,-1.0,-1.0,4.0,-0.21875
1.0,-2.0,2.0,0.0,1.0,-1.0,-1.0,4.0,-0.21875
0.0,-2.0,0.0,0.0,1.0,-3.0,-1.0,0.0,-0.21875
0.0,-1.0,0.0,2.0,1.0,1.0,3.0,0.0,-0.21875
0.0,-1.0,0.0,2.0,-1.0,1.0,2.0,-2.0,-0.21875
0.0,0.0,0.0,2.0,1.0,1.0,2.0,-2.0,-0.21875
0.0,0.0,0.0,2.0,0.0,1.0,0.0,-2.0,-0.21875
0.0,0.0,0.0,0.0,0.0,0.0,1.0,2.0,0.28125
0.0,0.0,0.0,0.0,0.0,-1.0,1.0,0.0,0.28125
0.0,0.0,0.0,1.0,0.0,1.0,1.0,0.0,0.28125
0.0,0.0,0.0,1.0,0.0,1.0,0.0,-2.0,0.28125
0.0,0.0,0.0,1.0,0.0,2.0,2.0,0.0,0.28125
0.0,0.0,-1.0,1.0,0.0,0.0,2.0,0.0,0.28125
0.0,0.0,-1.0,1.0,0.0,0.0,3.0,2.0,0.28125
0.0,-1.0,-1.0,-1.0,0.0,0.0,3.0,2.0,0.28125
1.0,-1.0,1.0,-1.0,0.0,2.0,3.0,4.0,0.28125
1.0,-2.0,-1.0,-1.0,0.0,2.0,3.0,4.0,0.28125
1.0,-2.0,-1.0,-1.0,0.0,-1.0,3.0,0.0,0.28125
1.0,-2.0,2.0,-1.0,0.0,3.0,3.0,4.0,0.28125
1.0,-2.0,2.0,-2.0,0.0,-1.0,-1.0,4.0,0.28125
1.0,-2.0,2.0,0.0,1.0,-1.0,-1.0,4.0,0.28125
0.0,-2.0,0.0,0.0,1.0,-3.0,-1.0,0.0,0.28125
0.0,-1.0,0.0,2.0,1.0,1.0,3.0,0.0,0.28125
0.0,-1.0,0.0,2.0,0.0,1.0,1.0,0.0,0.28125
0.0,-1.0,0.0,2.0,0.0,1.0,2.0,2.0,0.28125
0.0,-2.0,0.0,2.0,-2.0,-1.0,2.0,2.0,0.28125
0.0,0.0,0.0,0.0,0.0,0.0,1.0,2.0,0.40625
0.0,0.0,0.0,0.0,0.0,-1.0,1.0,0.0,0.40625
0.0,0.0,0.0,1.0,0.0,1.0,1.0,0.0,0.40625
0.0,0.0,0.0,1.0,0.0,1.0,0.0,-2.0,0.40625
0.0,0.0,0.0,1.0,0.0,2.0,2.0,0.0,0.40625
0.0,0.0,-1.0,1.0,0.0,0.0,2.0,0.0,0.40625
0.0,0.0,-1.0,1.0,0.0,0.0,3.0,2.0,0.40625
0.0,-1.0,-1.0,-1.0,0.0,0.0,3.0,2.0,0.40625
1.0,-1.0,1.0,-1.0,0.0,2.0,3.0,4.0,0.40625
1.0,-2.0,-1.0,-1.0,0.0,2.0,3.0,4.0,0.40625
1.0,-2.0,-1.0,-1.0,0.0,-1.0,3.0,0.0,0.40625
1.0,-2.0,2.0,-1.0,0.0,3.0,3.0,4.0,0.40625
1.0,-2.0,2.0,-2.0,0.0,-1.0,-1.0,4.0,0.40625
1.0,-2.0,2.0,0.0,1.0,-1.0,-1.0,4.0,0.40625
0.0,-2.0,0.0,0.0,1.0,-3.0,-1.0,0.0,0.40625
0.0,-1.0,0.0,2.0,1.0,1.0,3.0,0.0,0.40625
0.0,-1.0,0.0,2.0,0.0,1.0,1.0,0.0,0.40625
0.0,-1.0,0.0,3.0,0.0,3.0,1.0,0.0,0.40625
0.0,-2.0,0.0,3.0,-2.0,1.0,1.0,0.0,0.40625
0.0,0.0,0.0,0.0,0.0,0.0,1.0,2.0,-0.03125
0.0,0.0,0.0,0.0,0.0,-1.0,1.0,0.0,-0.03125
0.0,0.0,0.0,1.0,0.0,1.0,1.0,0.0,-0.03125
0.0,0.0,0.0,1.0,0.0,1.0,0.0,-2.0,-0.03125
0.0,0.0,0.0,1.0,0.0,2.0,2.0,0.0,-0.03125
0.0,0.0,-1.0,1.0,0.0,0.0,2.0,0.0,-0.03125
0.0,0.0,-1.0,1.0,0.0,0.0,3.0,2.0,-0.03125
0.0,-1.0,-1.0,-1.0,0.0,0.0,3.0,2.0,-0.03125
1.0,-1.0,1.0,-1.0,0.0,2.0,3.0,4.0,-0.03125
1.0,-2.0,-1.0,-1.0,0.0,2.0,3.0,4.0,-0.03125
1.0,-2.0,-1.0,-1.0,0.0,-1.0,3.0,0.0,-0.03125
1.0,-2.0,-1.0,0.0,0.0,1.0,3.0,0.0,-0.03125
1.0,-2.0,-1.0,0.0,-1.0,1.0,1.0,-2.0,-0.03125
1.0,-1.0,-1.0,0.0,1.0,1.0,1.0,-2.0,-0.03125
1.0,-4.0,-1.0,0.0,-1.0,1.0,1.0,-2.0,-0.03125
1.0,-3.0,-1.0,0.0,1.0,1.0,1.0,-2.0,-0.03125
1.0,-6.0,-1.0,0.0,1.0,1.0,1.0,-2.0,-0.03125
1.0,-6.0,-1.0,0.0,1.0,1.0,4.0,2.0,-0.03125
1.0,-6.0,-1.0,0.0,1.0,1.0,3.0,0.0,-0.03125
0.0,0.0,0.0,0.0,0.0,0.0,1.0,2.0,0.0625
0.0,0.0,0.0,0.0,0.0,-1.0,1.0,0.0,0.0625
0.0,0.0,0.0,1.0,0.0,1.0,1.0,0.0,0.0625
0.0,0.0,0.0,1.0,0.0,1.0,0.0,-2.0,0.0625
0.0,0.0,0.0,1.0,0.0,2.0,2.0,0.0,0.0625
0.0,0.0,-1.0,1.0,0.0,0.0,2.0,0.0,0.0625
0.0,0.0,-1.0,1.0,0.0,0.0,3.0,2.0,0.0625
0.0,-1.0,-1.0,-1.0,0.0,0.0,3.0,2.0,0.0625
1.0,-1.0,1.0,-1.0,0.0,2.0,3.0,4.0,0.0625
1.0,-2.0,-1.0,-1.0,0.0,2.0,3.0,4.0,0.0625
1.0,-2.0,-1.0,-1.0,0.0,-1.0,3.0,0.0,0.0625
1.0,-2.0,2.0,-1.0,0.0,3.0,3.0,4.0,0.0625
1.0,-2.0,2.0,-2.0,0.0,-1.0,-1.0,4.0,0.0625
1.0,-2.0,2.0,0.0,1.0,-1.0,-1.0,4.0,0.0625
1.0,-2.0,2.0,0.0,1.0,-2.0,-1.0,0.0,0.0625
1.0,-1.0,2.0,2.0,1.0,2.0,3.0,0.0,0.0625
1.0,-1.0,2.0,2.0,0.0,2.0,1.0,-2.0,0.0625
1.0,0.0,2.0,2.0,2.0,2.0,1.0,-2.0,0.0625
0.0,0.0,0.0,2.0,2.0,0.0,1.0,-4.0,0.0625
0.0,0.0,0.0,0.0,0.0,0.0,1.0,2.0,0.09375
0.0,0.0,0.0,0.0,0.0,-1.0,1.0,0.0,0.09375
0.0,0.0,0.0,1.0,0.0,1.0,1.0,0.0,0.09375
0.0,0.0,0.0,1.0,0.0,1.0,0.0,-2.0,0.09375
0.0,0.0,0.0,1.0,0.0,2.0,2.0,0.0,0.09375
0.0,0.0,-1.0,1.0,0.0,0.0,2.0,0.0,0.09375
0.0,0.0,-1.0,1.0,0.0,0.0,3.0,2.0,0.09375
0.0,-1.0,-1.0,-1.0,0.0,0.0,3.0,2.0,0.09375
1.0,-1.0,1.0,-1.0,0.0,2.0,3.0,4.0,0.09375
1.0,-2.0,-1.0,-1.0,0.0,2.0,3.0,4.0,0.09375
1.0,-2.0,-1.0,-1.0,0.0,-1.0,3.0,0.0,0.09375
1.0,-2.0,2.0,-1.0,0.0,3.0,3.0,4.0,0.09375
1.0,-2.0,2.0,-2.0,0.0,-1.0,-1.0,4.0,0.09375
1.0,-2.0,2.0,0.0,1.0,-1.0,-1.0,4.0,0.09375
0.0,-2.0,0.0,0.0,1.0,-3.0,-1.0,0.0,0.09375
0.0,-1.0,0.0,2.0,1.0,1.0,3.0,0.0,0.09375
0.0,-1.0,0.0,2.0,0.0,1.0,1.0,0.0,0.09375
0.0,-1.0,0.0,3.0,0.0,3.0,1.0,0.0,0.09375
0.0,-1.0,0.0,2.0,0.0,3.0,-1.0,-2.0,0.09375
0.0,0.0,0.0,0.0,0.0,0.0,1.0,2.0,0.75
0.0,0.0,0.0,0.0,0.0,-1.0,1.0,0.0,0.75
0.0,0.0,0.0,1.0,0.0,1.0,1.0,0.0,0.75
0.0,0.0,0.0,1.0,0.0,1.0,0.0,-2.0,0.75
0.0,0.0,0.0,1.0,0.0,2.0,2.0,0.0,0.75
0.0,0.0,-1.0,1.0,0.0,0.0,2.0,0.0,0.75
0.0,0.0,-1.0,1.0,0.0,0.0,3.0,2.0,0.75
0.0,-1.0,-1.0,-1.0,0.0,0.0,3.0,2.0,0.75
0.0,-1.0,-1.0,-1.0,0.0,0.0,4.0,4.0,0.75
0.0,-1.0,-1.0,-1.0,0.0,-1.0,4.0,0.0,0.75
0.0,-1.0,-1.0,0.0,0.0,1.0,4.0,0.0,0.75
0.0,-1.0,-1.0,0.0,0.0,1.0,1.0,-2.0,0.75
1.0,-1.0,1.0,0.0,0.0,3.0,1.0,2.0,0.75
1.0,-1.0,1.0,0.0,0.0,3.0,0.0,-2.0,0.75
1.0,-1.0,1.0,0.0,1.0,3.0,4.0,0.0,0.75
1.0,-2.0,-1.0,0.0,1.0,3.0,4.0,0.0,0.75
1.0,-1.0,-1.0,2.0,1.0,3.0,4.0,0.0,0.75
1.0,-2.0,-1.0,0.0,1.0,1.0,2.0,0.0,0.75
1.0,1.0,-1.0,0.0,1.0,1.0,2.0,0.0,0.75
0.0,0.0,0.0,0.0,0.0,0.0,1.0,2.0,0.28125
0.0,0.0,0.0,0.0,0.0,-1.0,1.0,0.0,0.28125
0.0,0.0,0.0,1.0,0.0,1.0,1.0,0.0,0.28125
0.0,0.0,0.0,1.0,0.0,1.0,0.0,-2.0,0.28125
0.0,0.0,0.0,1.0,0.0,2.0,2.0,0.0,0.28125
0.0,0.0,-1.0,1.0,0.0,0.0,2.0,0.0,0.28125
0.0,0.0,-1.0,1.0,0.0,0.0,3.0,2.0,0.28125
0.0,-1.0,-1.0,-1.0,0.0,0.0,3.0,2.0,0.28125
1.0,-1.0,1.0,-1.0,0.0,2.0,3.0,4.0,0.28125
1.0,-2.0,-1.0,-1.0,0.0,2.0,3.0,4.0,0.28125
1.0,-2.0,-1.0,-1.0,0.0,-1.0,3.0,0.0,0.28125
1.0,-2.0,2.0,-1.0,0.0,3.0,3.0,4.0,0.28125
1.0,-2.0,2.0,-2.0,0.0,-1.0,-1.0,4.0,0.28125
1.0,-2.0,2.0,0.0,1.0,-1.0,-1.0,4.0,0.28125
1.0,-2.0,2.0,0.0,-1.0,-1.0,-2.0,2.0,0.28125
1.0,-1.0,2.0,2.0,-1.0,3.0,2.0,2.0,0.28125
1.0,-1.0,2.0,2.0,-2.0,1.0,0.0,2.0,0.28125
1.0,-1.0,2.0,2.0,-2.0,1.0,1.0,4.0,0.28125
1.0,-1.0,2.0,2.0,-2.0,1.0,-4.0,0.0,0.28125
0.0,0.0,0.0,0.0,0.0,0.0,1.0,2.0,-0.09375
0.0,0.0,0.0,0.0,0.0,-1.0,1.0,0.0,-0.09375
0.0,0.0,0.0,1.0,0.0,1.0,1.0,0.0,-0.09375
0.0,0.0,0.0,1.0,0.0,1.0,0.0,-2.0,-0.09375
0.0,0.0,0.0,1.0,0.0,2.0,2.0,0.0,-0.09375
0.0,0.0,-1.0,1.0,0.0,0.0,2.0,0.0,-0.09375
0.0,0.0,-1.0,1.0,0.0,0.0,3.0,2.0,-0.09375
0.0,-1.0,-1.0,-1.0,0.0,0.0,3.0,2.0,-0.09375
1.0,-1.0,1.0,-1.0,0.0,2.0,3.0,4.0,-0.09375
1.0,-2.0,-1.0,-1.0,0.0,2.0,3.0,4.0,-0.09375
1.0,-2.0,-1.0,-1.0,0.0,-1.0,3.0,0.0,-0.09375
1.0,-2.0,2.0,-1.0,0.0,3.0,3.0,4.0,-0.09375
1.0,-2.0,2.0,-2.0,0.0,-1.0,-1.0,4.0,-0.09375
1.0,-2.0,2.0,0.0,1.0,-1.0,-1.0,4.0,-0.09375
0.0,-2.0,0.0,0.0,1.0,-3.0,-1.0,0.0,-0.09375
0.0,-1.0,0.0,2.0,1.0,1.0,3.0,0.0,-0.09375
0.0,-1.0,0.0,2.0,0.0,1.0,1.0,0.0,-0.09375
0.0,-1.0,0.0,3.0,0.0,3.0,1.0,0.0,-0.09375
0.0,-2.0,0.0,3.0,-2.0,1.0,1.0,0.0,-0.09375
0.0,0.0,0.0,0.0,0.0,0.0,1.0,2.0,0.40625
0.0,0.0,0.0,0.0,0.0,-1.0,1.0,0.0,0.40625
0.0,0.0,0.0,1.0,0.0,1.0,1.0,0.0,0.40625
0.0,0.0,0.0,1.0,0.0,1.0,0.0,-2.0,0.40625
0.0,0.0,0.0,1.0,0.0,2.0,2.0,0.0,0.40625
0.0,0.0,-1.0,1.0,0.0,0.0,2.0,0.0,0.40625
0.0,0.0,-1.0,1.0,0.0,0.0,3.0,2.0,0.40625
0.0,-1.0,-1.0,-1.0,0.0,0.0,3.0,2.0,0.40625
0.0,-1.0,-1.0,-1.0,0.0,0.0,4.0,4.0,0.40625
0.0,-1.0,-1.0,-1.0,0.0,-1.0,4.0,0.0,0.40625
0.0,-1.0,-1.0,-1.0,0.0,-1.0,5.0,2.0,0.40625
0.0,-1.0,-1.0,-1.0,0.0,-1.0,2.0,0.0,0.40625
0.0,-1.0,-1.0,0.0,0.0,1.0,6.0,0.0,0.40625
0.0,-1.0,-1.0,0.0,-1.0,1.0,4.0,0.0,0.40625
1.0,-1.0,1.0,0.0,-1.0,3.0,4.0,2.0,0.40625
1.0,-2.0,1.0,-2.0,-1.0,1.0,2.0,2.0,0.40625
1.0,-1.0,1.0,-2.0,1.0,1.0,4.0,2.0,0.40625
1.0,-1.0,1.0,-3.0,1.0,-3.0,0.0,2.0,0.40625
1.0,-1.0,2.0,-1.0,1.0,-1.0,0.0,4.0,0.40625
0.0,0.0,0.0,0.0,0.0,0.0,1.0,2.0,-0.09375
0.0,0.0,0.0,0.0,0.0,-1.0,1.0,0.0,-0.09375
0.0,0.0,0.0,1.0,0.0,1.0,1.0,0.0,-0.09375
0.0,0.0,0.0,1.0,0.0,1.0,0.0,-2.0,-0.09375
0.0,0.0,0.0,1.0,0.0,2.0,2.0,0.0,-0.09375
0.0,0.0,-1.0,1.0,0.0,0.0,2.0,0.0,-0.09375
0.0,0.0,-1.0,1.0,0.0,0.0,3.0,2.0,-0.09375
0.0,-1.0,-1.0,-1.0,0.0,0.0,3.0,2.0,-0.09375
1.0,-1.0,1.0,-1.0,0.0,2.0,3.0,4.0,-0.09375
1.0,-2.0,-1.0,-1.0,0.0,2.0,3.0,4.0,-0.09375
1.0,-2.0,-1.0,-1.0,0.0,-1.0,3.0,0.0,-0.09375
1.0,-2.0,2.0,-1.0,0.0,3.0,3.0,4.0,-0.09375
1.0,-2.0,2.0,-2.0,0.0,-1.0,-1.0,4.0,-0.09375
1.0,-2.0,2.0,0.0,1.0,-1.0,-1.0,4.0,-0.09375
0.0,-2.0,0.0,0.0,1.0,-3.0,-1.0,0.0,-0.09375
0.0,-1.0,0.0,2.0,1.0,1.0,3.0,0.0,-0.09375
0.0,-1.0,0.0,2.0,0.0,1.0,1.0,0.0,-0.09375
0.0,-1.0,0.0,3.0,0.0,3.0,1.0,0.0,-0.09375
0.0,-2.0,0.0,3.0,-2.0,1.0,1.0,0.0,-0.09375
0.0,0.0,0.0,0.0,0.0,0.0,1.0,2.0,-0.375
0.0,0.0,0.0,0.0,0.0,-1.0,1.0,0.0,-0.375
0.0,0.0,0.0,1.0,0.0,1.0,1.0,0.0,-0.375
0.0,0.0,0.0,1.0,0.0,1.0,0.0,-2.0,-0.375
0.0,0.0,0.0,1.0,0.0,2.0,2.0,0.0,-0.375
0.0,0.0,-1.0,1.0,0.0,0.0,2.0,0.0,-0.375
0.0,0.0,-1.0,1.0,0.0,0.0,3.0,2.0,-0.375
0.0,0.0,-1.0,1.0,-1.0,0.0,1.0,2.0,-0.375
0.0,1.0,-1.0,1.0,1.0,0.0,3.0,4.0,-0.375
0.0,1.0,-1.0,-1.0,0.0,0.0,3.0,4.0,-0.375
0.0,2.0,-1.0,-1.0,2.0,2.0,3.0,4.0,-0.375
0.0,2.0,-1.0,-1.0,-1.0,2.0,3.0,4.0,-0.375
0.0,3.0,-1.0,1.0,-1.0,2.0,3.0,4.0,-0.375
0.0,3.0,-1.0,1.0,-1.0,-1.0,3.0,0.0,-0.375
0.0,3.0,-1.0,1.0,3.0,-1.0,4.0,2.0,-0.375
0.0,3.0,-1.0,-2.0,-1.0,-1.0,4.0,2.0,-0.375
1.0,3.0,1.0,-2.0,-1.0,1.0,4.0,2.0,-0.375
1.0,3.0,1.0,-2.0,-2.0,1.0,2.0,2.0,-0.375
1.0,3.0,2.0,-2.0,-2.0,3.0,2.0,4.0,-0.375
0.0,0.0,0.0,0.0,0.0,0.0,1.0,2.0,-0.40625
0.0,0.0,0.0,0.0,0.0,-1.0,1.0,0.0,-0.40625
0.0,0.0,0.0,1.0,0.0,1.0,1.0,0.0,-0.40625
0.0,0.0,0.0,1.0,0.0,1.0,0.0,-2.0,-0.40625
0.0,0.0,0.0,1.0,0.0,2.0,2.0,0.0,-0.40625
0.0,0.0,-1.0,1.0,0.0,0.0,2.0,0.0,-0.40625
0.0,0.0,-1.0,1.0,0.0,0.0,3.0,2.0,-0.40625
0.0,-1.0,-1.0,-1.0,0.0,0.0,3.0,2.0,-0.40625
1.0,-1.0,1.0,-1.0,0.0,2.0,3.0,4.0,-0.40625
1.0,-2.0,-1.0,-1.0,0.0,2.0,3.0,4.0,-0.40625
1.0,1.0,-1.0,-1.0,0.0,2.0,3.0,4.0,-0.40625
1.0,1.0,-1.0,-1.0,0.0,-1.0,3.0,0.0,-0.40625
1.0,1.0,2.0,-1.0,0.0,3.0,3.0,4.0,-0.40625
1.0,1.0,2.0,-2.0,0.0,-1.0,-1.0,4.0,-0.40625
1.0,1.0,2.0,0.0,1.0,-1.0,-1.0,4.0,-0.40625
1.0,0.0,2.0,0.0,-1.0,-1.0,-1.0,4.0,-0.40625
1.0,1.0,2.0,2.0,-1.0,3.0,3.0,4.0,-0.40625
1.0,1.0,2.0,2.0,-2.0,1.0,3.0,4.0,-0.40625
1.0,1.0,2.0,2.0,1.0,1.0,3.0,4.0,-0.40625
0.0,0.0,0.0,0.0,0.0,0.0,1.0,2.0,0.03125
0.0,0.0,0.0,0.0,0.0,-1.0,1.0,0.0,0.03125
0.0,0.0,0.0,1.0,0.0,1.0,1.0,0.0,0.03125
0.0,0.0,0.0,1.0,0.0,1.0,0.0,-2.0,0.03125
0.0,0.0,0.0,1.0,0.0,2.0,2.0,0.0,0.03125
0.0,0.0,-1.0,1.0,0.0,0.0,2.0,0.0,0.03125
0.0,0.0,-1.0,1.0,0.0,0.0,3.0,2.0,0.03125
0.0,-1.0,-1.0,-1.0,0.0,0.0,3.0,2.0,0.03125
1.0,-1.0,1.0,-1.0,0.0,2.0,3.0,4.0,0.03125
1.0,-2.0,-1.0,-1.0,0.0,2.0,3.0,4.0,0.03125
1.0,-2.0,-1.0,-1.0,0.0,-1.0,3.0,0.0,0.03125
1.0,-2.0,2.0,-1.0,0.0,3.0,3.0,4.0,0.03125
1.0,-2.0,2.0,-2.0,0.0,-1.0,-1.0,4.0,0.03125
1.0,-2.0,2.0,0.0,1.0,-1.0,-1.0,4.0,0.03125
0.0,-2.0,0.0,0.0,1.0,-3.0,-1.0,0.0,0.03125
0.0,-1.0,0.0,2.0,1.0,1.0,3.0,0.0,0.03125
0.0,-1.0,0.0,2.0,0.0,1.0,1.0,0.0,0.03125
0.0,-1.0,0.0,3.0,0.0,3.0,1.0,0.0,0.03125
0.0,-2.0,0.0,3.0,-2.0,1.0,1.0,0.0,0.03125
0.0,0.0,0.0,0.0,0.0,0.0,1.0,2.0,0.09375
0.0,0.0,0.0,0.0,0.0,-1.0,1.0,0.0,0.09375
0.0,0.0,0.0,1.0,0.0,1.0,1.0,0.0,0.09375
0.0,0.0,0.0,1.0,0.0,1.0,0.0,-2.0,0.09375
0.0,0.0,0.0,1.0,0.0,2.0,2.0,0.0,0.09375
0.0,0.0,-1.0,1.0,0.0,0.0,2.0,0.0,0.09375
0.0,0.0,-1.0,1.0,0.0,0.0,3.0,2.0,0.09375
0.0,-1.0,-1.0,-1.0,0.0,0.0,3.0,2.0,0.09375
1.0,-1.0,1.0,-1.0,0.0,2.0,3.0,4.0,0.09375
1.0,-2.0,-1.0,-1.0,0.0,2.0,3.0,4.0,0.09375
1.0,-2.0,-1.0,-1.0,0.0,-1.0,3.0,0.0,0.09375
1.0,-2.0,-1.0,-1.0,0.0,-1.0,4.0,2.0,0.09375
1.0,-2.0,-1.0,-1.0,0.0,-1.0,1.0,0.0,0.09375
1.0,-2.0,-1.0,-1.0,1.0,-1.0,3.0,0.0,0.09375
1.0,-2.0,-1.0,-1.0,0.0,-1.0,1.0,0.0,0.09375
1.0,-1.0,-1.0,1.0,0.0,-1.0,1.0,0.0,0.09375
1.0,-1.0,-2.0,1.0,0.0,-3.0,1.0,-2.0,0.09375
1.0,0.0,0.0,1.0,0.0,-3.0,1.0,-2.0,0.09375
1.0,0.0,0.0,1.0,-2.0,-3.0,-2.0,-2.0,0.09375
0.0,0.0,0.0,0.0,0.0,0.0,1.0,2.0,-0.125
0.0,0.0,0.0,0.0,0.0,-1.0,1.0,0.0,-0.125
0.0,0.0,0.0,1.0,0.0,1.0,1.0,0.0,-0.125
0.0,0.0,0.0,1.0,0.0,1.0,0.0,-2.0,-0.125
0.0,0.0,0.0,1.0,0.0,2.0,2.0,0.0,-0.125
0.0,0.0,-1.0,1.0,0.0,0.0,2.0,0.0,-0.125
0.0,0.0,-1.0,1.0,0.0,0.0,3.0,2.0,-0.125
0.0,-1.0,-1.0,-1.0,0.0,0.0,3.0,2.0,-0.125
1.0,-1.0,1.0,-1.0,0.0,2.0,3.0,4.0,-0.125
1.0,-2.0,-1.0,-1.0,0.0,2.0,3.0,4.0,-0.125
1.0,-2.0,-1.0,-1.0,0.0,-1.0,3.0,0.0,-0.125
1.0,-2.0,2.0,-1.0,0.0,3.0,3.0,4.0,-0.125
1.0,-2.0,2.0,-2.0,0.0,-1.0,-1.0,4.0,-0.125
1.0,-2.0,2.0,0.0,1.0,-1.0,-1.0,4.0,-0.125
0.0,-2.0,0.0,0.0,1.0,-3.0,-1.0,0.0,-0.125
0.0,-1.0,0.0,2.0,1.0,1.0,3.0,0.0,-0.125
0.0,-1.0,0.0,2.0,0.0,1.0,1.0,0.0,-0.125
0.0,-1.0,0.0,3.0,0.0,3.0,1.0,0.0,-0.125
0.0,-2.0,0.0,3.0,-2.0,1.0,1.0,0.0,-0.125
0.0,0.0,0.0,0.0,0.0,0.0,1.0,2.0,0.75
0.0,0.0,0.0,0.0,0.0,-1.0,1.0,0.0,0.75
0.0,0.0,0.0,1.0,0.0,1.0,1.0,0.0,0.75
0.0,0.0,0.0,1.0,0.0,1.0,0.0,-2.0,0.75
0.0,0.0,0.0,1.0,0.0,2.0,0.0,2.0,0.75
0.0,0.0,0.0,1.0,0.0,2.0,-1.0,0.0,0.75
0.0,0.0,0.0,1.0,1.0,2.0,1.0,2.0,0.75
0.0,0.0,0.0,1.0,0.0,2.0,-1.0,-2.0,0.75
0.0,0.0,0.0,2.0,0.0,2.0,1.0,-2.0,0.75
0.0,0.0,0.0,2.0,0.0,1.0,1.0,-4.0,0.75
0.0,1.0,0.0,2.0,2.0,1.0,1.0,-4.0,0.75
0.0,0.0,0.0,2.0,0.0,1.0,-1.0,-4.0,0.75
0.0,0.0,0.0,2.0,1.0,1.0,1.0,0.0,0.75
0.0,0.0,0.0,2.0,1.0,1.0,0.0,-2.0,0.75
0.0,0.0,0.0,2.0,1.0,1.0,1.0,0.0,0.75
0.0,-1.0,0.0,2.0,-1.0,1.0,-1.0,0.0,0.75
0.0,-1.0,0.0,3.0,-1.0,3.0,1.0,0.0,0.75
0.0,-1.0,-1.0,3.0,-1.0,1.0,1.0,0.0,0.75
1.0,-1.0,1.0,3.0,-1.0,3.0,1.0,2.0,0.75
0.0,0.0,0.0,0.0,0.0,0.0,1.0,2.0,0.46875
0.0,0.0,0.0,0.0,0.0,-1.0,1.0,0.0,0.46875
0.0,0.0,0.0,1.0,0.0,1.0,1.0,0.0,0.46875
0.0,0.0,0.0,1.0,0.0,1.0,0.0,-2.0,0.46875
0.0,0.0,0.0,1.0,0.0,2.0,2.0,0.0,0.46875
0.0,0.0,-1.0,1.0,0.0,0.0,2.0,0.0,0.46875
0.0,0.0,-1.0,1.0,0.0,0.0,3.0,2.0,0.46875
0.0,-1.0,-1.0,-1.0,0.0,0.0,3.0,2.0,0.46875
1.0,-1.0,1.0,-1.0,0.0,2.0,3.0,4.0,0.46875
1.0,-2.0,-1.0,-1.0,0.0,2.0,3.0,4.0,0.46875
1.0,-2.0,-1.0,-1.0,0.0,-1.0,3.0,0.0,0.46875
1.0,-2.0,2.0,-1.0,0.0,3.0,3.0,4.0,0.46875
1.0,-2.0,2.0,-2.0,0.0,-1.0,-1.0,4.0,0.46875
1.0,-2.0,2.0,0.0,1.0,-1.0,-1.0,4.0,0.46875
0.0,-2.0,0.0,0.0,1.0,-3.0,-1.0,0.0,0.46875
0.0,-1.0,0.0,2.0,1.0,1.0,3.0,0.0,0.46875
0.0,-1.0,0.0,2.0,0.0,1.0,1.0,0.0,0.46875
0.0,-1.0,0.0,3.0,0.0,3.0,1.0,0.0,0.46875
0.0,-2.0,0.0,3.0,-2.0,1.0,1.0,0.0,0.46875
0.0,0.0,0.0,0.0,0.0,0.0,1.0,2.0,0.0625
0.0,0.0,0.0,0.0,0.0,-1.0,1.0,0.0,0.0625
0.0,0.0,0.0,0.0,0.0,-1.0,2.0,2.0,0.0625
0.0,0.0,0.0,0.0,0.0,-1.0,-1.0,2.0,0.0625
0.0,0.0,0.0,0.0,1.0,-1.0,1.0,2.0,0.0625
0.0,-1.0,0.0,0.0,-1.0,-1.0,1.0,2.0,0.0625
0.0,-1.0,0.0,0.0,-1.0,-1.0,2.0,4.0,0.0625
0.0,-1.0,0.0,0.0,-1.0,-1.0,-1.0,4.0,0.0625
0.0,-1.0,0.0,1.0,-1.0,-1.0,1.0,4.0,0.0625
0.0,-1.0,0.0,1.0,-2.0,-1.0,-1.0,0.0,0.0625
0.0,-1.0,0.0,1.0,-2.0,2.0,3.0,2.0,0.0625
0.0,-1.0,-1.0,1.0,-2.0,0.0,3.0,0.0,0.0625
0.0,0.0,-1.0,1.0,0.0,0.0,5.0,2.0,0.0625
0.0,0.0,-1.0,1.0,0.0,0.0,2.0,-2.0,0.0625
0.0,0.0,-1.0,1.0,1.0,0.0,4.0,-2.0,0.0625
0.0,0.0,-2.0,1.0,1.0,-2.0,4.0,-4.0,0.0625
0.0,0.0,-2.0,1.0,1.0,-2.0,5.0,0.0,0.0625
0.0,0.0,-2.0,1.0,1.0,-3.0,5.0,-2.0,0.0625
1.0,0.0,0.0,1.0,1.0,-1.0,5.0,-2.0,0.0625
0.0,0.0,0.0,0.0,0.0,0.0,1.0,2.0,-0.03125
0.0,0.0,0.0,0.0,0.0,-1.0,1.0,0.0,-0.03125
0.0,0.0,0.0,1.0,0.0,1.0,1.0,0.0,-0.03125
0.0,0.0,0.0,1.0,0.0,1.0,0.0,-2.0,-0.03125
0.0,0.0,0.0,1.0,0.0,2.0,2.0,0.0,-0.03125
0.0,0.0,-1.0,1.0,0.0,0.0,2.0,0.0,-0.03125
0.0,0.0,-1.0,1.0,0.0,0.0,3.0,2.0,-0.03125
0.0,-1.0,-1.0,-1.0,0.0,0.0,3.0,2.0,-0.03125
1.0,-1.0,1.0,-1.0,0.0,2.0,3.0,4.0,-0.03125
1.0,-2.0,-1.0,-1.0,0.0,2.0,3.0,4.0,-0.03125
1.0,-2.0,-1.0,-1.0,0.0,-1.0,3.0,0.0,-0.03125
1.0,-2.0,2.0,-1.0,0.0,3.0,3.0,4.0,-0.03125
1.0,-2.0,2.0,-2.0,0.0,-1.0,-1.0,4.0,-0.03125
1.0,-2.0,2.0,-2.0,1.0,-1.0,1.0,4.0,-0.03125
1.0,-2.0,2.0,-2.0,1.0,-1.0,0.0,0.0,-0.03125
1.0,-2.0,2.0,-2.0,1.0,-1.0,3.0,2.0,-0.03125
1.0,-2.0,2.0,-2.0,1.0,-1.0,0.0,2.0,-0.03125
1.0,-1.0,2.0,0.0,1.0,1.0,0.0,2.0,-0.03125
1.0,-1.0,2.0,-1.0,1.0,1.0,-2.0,0.0,-0.03125
0.0,0.0,0.0,0.0,0.0,0.0,1.0,2.0,0.0
0.0,0.0,0.0,0.0,0.0,-1.0,1.0,0.0,0.0
0.0,0.0,0.0,1.0,0.0,1.0,1.0,0.0,0.0
0.0,0.0,0.0,1.0,0.0,1.0,0.0,-2.0,0.0
0.0,0.0,0.0,1.0,0.0,2.0,2.0,0.0,0.0
0.0,0.0,-1.0,1.0,0.0,0.0,2.0,0.0,0.0
0.0,0.0,-1.0,1.0,0.0,0.0,3.0,2.0,0.0
0.0,-1.0,-1.0,-1.0,0.0,0.0,3.0,2.0,0.0
1.0,-1.0,1.0,-1.0,0.0,2.0,3.0,4.0,0.0
1.0,-2.0,-1.0,-1.0,0.0,2.0,3.0,4.0,0.0
1.0,-2.0,-1.0,-1.0,0.0,-1.0,3.0,0.0,0.0
1.0,-2.0,2.0,-1.0,0.0,3.0,3.0,4.0,0.0
1.0,-2.0,2.0,-2.0,0.0,-1.0,-1.0,4.0,0.0
1.0,-2.0,2.0,0.0,1.0,-1.0,-1.0,4.0,0.0
0.0,-2.0,0.0,0.0,1.0,-3.0,-1.0,0.0,0.0
0.0,-1.0,0.0,2.0,1.0,1.0,3.0,0.0,0.0
0.0,-1.0,0.0,2.0,0.0,1.0,1.0,0.0,0.0
0.0,-1.0,0.0,3.0,0.0,3.0,1.0,0.0,0.0
0.0,-2.0,0.0,3.0,-2.0,1.0,1.0,0.0,0.0
0.0,0.0,0.0,0.0,0.0,0.0,1.0,2.0,0.125
0.0,0.0,0.0,0.0,0.0,-1.0,1.0,0.0,0.125
0.0,0.0,0.0,0.0,0.0,-1.0,2.0,2.0,0.125
0.0,0.0,0.0,0.0,0.0,-1.0,-1.0,0.0,0.125
0.0,0.0,0.0,0.0,0.0,0.0,-1.0,2.0,0.125
0.0,0.0,0.0,0.0,-1.0,0.0,-3.0,2.0,0.125
0.0,0.0,0.0,1.0,-1.0,2.0,3.0,2.0,0.125
0.0,0.0,-1.0,1.0,-1.0,0.0,3.0,0.0,0.125
0.0,0.0,-1.0,1.0,-1.0,0.0,4.0,2.0,0.125
0.0,0.0,-1.0,1.0,-1.0,-1.0,4.0,0.0,0.125
0.0,0.0,-1.0,2.0,-1.0,1.0,4.0,0.0,0.125
0.0,0.0,-1.0,2.0,-2.0,1.0,-2.0,-2.0,0.125
1.0,0.0,1.0,2.0,-2.0,3.0,-2.0,2.0,0.125
1.0,0.0,1.0,2.0,-2.0,2.0,-2.0,0.0,0.125
1.0,1.0,1.0,2.0,0.0,2.0,0.0,2.0,0.125
1.0,1.0,1.0,2.0,0.0,2.0,-1.0,-2.0,0.125
1.0,1.0,2.0,2.0,0.0,4.0,-1.0,2.0,0.125
1.0,1.0,2.0,2.0,0.0,4.0,-2.0,-2.0,0.125
1.0,2.0,2.0,2.0,2.0,4.0,2.0,-2.0,0.125
0.0,0.0,0.0,0.0,0.0,0.0,1.0,2.0,-0.53125
0.0,0.0,0.0,0.0,0.0,-1.0,1.0,0.0,-0.53125
0.0,0.0,0.0,1.0,0.0,1.0,1.0,0.0,-0.53125
0.0,0.0,0.0,1.0,0.0,1.0,0.0,-2.0,-0.53125
0.0,0.0,0.0,1.0,0.0,2.0,2.0,0.0,-0.53125
0.0,0.0,-1.0,1.0,0.0,0.0,2.0,0.0,-0.53125
0.0,0.0,-1.0,1.0,0.0,0.0,3.0,2.0,-0.53125
0.0,-1.0,-1.0,-1.0,0.0,0.0,3.0,2.0,-0.53125
1.0,-1.0,1.0,-1.0,0.0,2.0,3.0,4.0,-0.53125
1.0,-2.0,-1.0,-1.0,0.0,2.0,3.0,4.0,-0.53125
1.0,-2.0,-1.0,-1.0,0.0,-1.0,3.0,0.0,-0.53125
1.0,-2.0,2.0,-1.0,0.0,3.0,3.0,4.0,-0.53125
1.0,-2.0,2.0,-2.0,0.0,-1.0,-1.0,4.0,-0.53125
1.0,-2.0,2.0,0.0,1.0,-1.0,-1.0,4.0,-0.53125
0.0,-2.0,0.0,0.0,1.0,-3.0,-1.0,0.0,-0.53125
0.0,-1.0,0.0,2.0,1.0,1.0,3.0,0.0,-0.53125
0.0,-1.0,0.0,2.0,0.0,1.0,1.0,0.0,-0.53125
0.0,-1.0,0.0,3.0,0.0,3.0,1.0,0.0,-0.53125
0.0,-2.0,0.0,3.0,-2.0,1.0,1.0,0.0,-0.53125
0.0,0.0,0.0,0.0,0.0,0.0,1.0,2.0,0.765625
0.0,0.0,0.0,0.0,0.0,-1.0,1.0,0.0,0.765625
0.0,0.0,0.0,1.0,0.0,1.0,1.0,0.0,0.765625
0.0,0.0,0.0,1.0,0.0,1.0,0.0,-2.0,0.765625
0.0,0.0,0.0,1.0,0.0,2.0,2.0,0.0,0.765625
0.0,0.0,-1.0,1.0,0.0,0.0,2.0,0.0,0.765625
0.0,0.0,-1.0,1.0,0.0,0.0,3.0,2.0,0.765625
0.0,-1.0,-1.0,-1.0,0.0,0.0,3.0,2.0,0.765625
1.0,-1.0,1.0,-1.0,0.0,2.0,3.0,2.0,0.765625
1.0,-1.0,1.0,-1.0,0.0,2.0,0.0,0.0,0.765625
1.0,-1.0,1.0,-1.0,0.0,2.0,3.0,0.0,0.765625
1.0,-2.0,-1.0,-1.0,0.0,2.0,3.0,0.0,0.765625
1.0,-1.0,-1.0,1.0,0.0,2.0,3.0,0.0,0.765625
1.0,-1.0,-1.0,-2.0,0.0,-2.0,-1.0,0.0,0.765625
1.0,2.0,-1.0,-2.0,0.0,-2.0,-1.0,0.0,0.765625
1.0,2.0,-1.0,-2.0,0.0,-3.0,-5.0,0.0,0.765625
1.0,3.0,-1.0,2.0,0.0,1.0,-1.0,0.0,0.765625
1.0,3.0,-1.0,0.0,-1.0,1.0,-1.0,0.0,0.765625
1.0,4.0,-1.0,0.0,1.0,1.0,-1.0,0.0,0.765625
0.0,0.0,0.0,0.0,0.0,0.0,1.0,2.0,-0.15625
0.0,0.0,0.0,0.0,0.0,-1.0,1.0,0.0,-0.15625
0.0,0.0,0.0,1.0,0.0,1.0,1.0,0.0,-0.15625
0.0,0.0,0.0,1.0,0.0,1.0,0.0,-2.0,-0.15625
0.0,0.0,0.0,1.0,0.0,2.0,2.0,0.0,-0.15625
0.0,0.0,-1.0,1.0,0.0,0.0,2.0,0.0,-0.15625
0.0,0.0,-1.0,1.0,0.0,0.0,3.0,2.0,-0.15625
0.0,-1.0,-1.0,-1.0,0.0,0.0,3.0,2.0,-0.15625
1.0,-1.0,1.0,-1.0,0.0,2.0,3.0,4.0,-0.15625
1.0,-2.0,-1.0,-1.0,0.0,2.0,3.0,4.0,-0.15625
1.0,-2.0,-1.0,-1.0,0.0,-1.0,3.0,0.0,-0.15625
1.0,-2.0,2.0,-1.0,0.0,3.0,3.0,4.0,-0.15625
1.0,-2.0,2.0,-2.0,0.0,-1.0,-1.0,4.0,-0.15625
1.0,-2.0,2.0,0.0,1.0,-1.0,-1.0,4.0,-0.15625
1.0,-2.0,2.0,0.0,1.0,-1.0,-2.0,0.0,-0.15625
1.0,-1.0,2.0,2.0,1.0,3.0,2.0,0.0,-0.15625
0.0,-1.0,0.0,2.0,1.0,1.0,2.0,0.0,-0.15625
0.0,-1.0,0.0,3.0,1.0,3.0,4.0,0.0,-0.15625
0.0,-1.0,0.0,2.0,1.0,3.0,2.0,0.0,-0.15625
0.0,0.0,0.0,0.0,0.0,0.0,1.0,2.0,-0.125
0.0,0.0,0.0,0.0,0.0,-1.0,1.0,0.0,-0.125
0.0,0.0,0.0,1.0,0.0,1.0,1.0,0.0,-0.125
0.0,0.0,0.0,1.0,0.0,1.0,0.0,-2.0,-0.125
0.0,0.0,0.0,1.0,0.0,2.0,2.0,0.0,-0.125
0.0,0.0,-1.0,1.0,0.0,0.0,2.0,0.0,-0.125
0.0,0.0,-1.0,1.0,0.0,0.0,3.0,2.0,-0.125
0.0,-1.0,-1.0,-1.0,0.0,0.0,3.0,2.0,-0.125
1.0,-1.0,1.0,-1.0,0.0,2.0,3.0,4.0,-0.125
1.0,-2.0,-1.0,-1.0,0.0,2.0,3.0,4.0,-0.125
1.0,-2.0,-1.0,-1.0,0.0,-1.0,3.0,0.0,-0.125
1.0,-2.0,2.0,-1.0,0.0,3.0,3.0,4.0,-0.125
1.0,-2.0,2.0,-2.0,0.0,-1.0,-1.0,4.0,-0.125
1.0,-2.0,2.0,0.0,1.0,-1.0,-1.0,4.0,-0.125
0.0,-2.0,0.0,0.0,1.0,-3.0,-1.0,0.0,-0.125
0.0,-1.0,0.0,2.0,1.0,1.0,3.0,0.0,-0.125
0.0,-1.0,0.0,2.0,0.0,1.0,1.0,0.0,-0.125
0.0,-1.0,0.0,3.0,0.0,3.0,1.0,0.0,-0.125
0.0,-1.0,0.0,3.0,0.0,3.0,-2.0,-2.0,-0.125
0.0,0.0,0.0,0.0,0.0,0.0,1.0,2.0,0.40625
0.0,0.0,0.0,0.0,0.0,-1.0,1.0,0.0,0.40625
0.0,0.0,0.0,0.0,0.0,-1.0,2.0,2.0,0.40625
0.0,0.0,0.0,0.0,0.0,-1.0,-1.0,0.0,0.40625
0.0,0.0,0.0,0.0,0.0,0.0,-1.0,2.0,0.40625
0.0,0.0,0.0,0.0,-1.0,0.0,-3.0,2.0,0.40625
0.0,0.0,0.0,1.0,-1.0,2.0,3.0,2.0,0.40625
0.0,0.0,0.0,1.0,-2.0,2.0,-3.0,0.0,0.40625
0.0,0.0,0.0,1.0,-2.0,2.0,-2.0,2.0,0.40625
0.0,0.0,0.0,1.0,-2.0,2.0,-3.0,-2.0,0.40625
0.0,0.0,0.0,1.0,-2.0,2.0,0.0,2.0,0.40625
0.0,-1.0,0.0,-1.0,-2.0,0.0,0.0,2.0,0.40625
0.0,0.0,0.0,-1.0,0.0,0.0,2.0,2.0,0.40625
0.0,0.0,0.0,-1.0,-1.0,0.0,0.0,2.0,0.40625
0.0,1.0,0.0,-1.0,1.0,0.0,0.0,2.0,0.40625
0.0,0.0,0.0,-1.0,-1.0,0.0,0.0,2.0,0.40625
0.0,1.0,0.0,-1.0,1.0,0.0,0.0,2.0,0.40625
0.0,1.0,0.0,-1.0,1.0,-1.0,-4.0,0.0,0.40625
0.0,1.0,0.0,-1.0,2.0,-1.0,-2.0,0.0,0.40625
0.0,0.0,0.0,0.0,0.0,0.0,1.0,2.0,0.375
0.0,0.0,0.0,0.0,0.0,-1.0,1.0,0.0,0.375
0.0,0.0,0.0,1.0,0.0,1.0,1.0,0.0,0.375
0.0,0.0,0.0,1.0,0.0,1.0,0.0,-2.0,0.375
0.0,0.0,0.0,1.0,0.0,2.0,2.0,0.0,0.375
0.0,0.0,-1.0,1.0,0.0,0.0,2.0,0.0,0.375
0.0,0.0,-1.0,1.0,0.0,0.0,3.0,2.0,0.375
0.0,-1.0,-1.0,-1.0,0.0,0.0,3.0,2.0,0.375
1.0,-1.0,1.0,-1.0,0.0,2.0,3.0,4.0,0.375
1.0,-2.0,-1.0,-1.0,0.0,2.0,3.0,4.0,0.375
1.0,-2.0,-1.0,-1.0,0.0,-1.0,3.0,0.0,0.375
1.0,-2.0,2.0,-1.0,0.0,3.0,3.0,4.0,0.375
1.0,-2.0,2.0,-2.0,0.0,-1.0,-1.0,4.0,0.375
1.0,-2.0,2.0,0.0,1.0,-1.0,-1.0,4.0,0.375
0.0,-2.0,0.0,0.0,1.0,-3.0,-1.0,0.0,0.375
0.0,-1.0,0.0,2.0,1.0,1.0,3.0,0.0,0.375
0.0,-1.0,0.0,2.0,0.0,1.0,1.0,0.0,0.375
0.0,0.0,0.0,2.0,2.0,1.0,1.0,0.0,0.375
0.0,0.0,0.0,2.0,0.0,1.0,-4.0,-2.0,0.375
0.0,0.0,0.0,0.0,0.0,0.0,1.0,2.0,-0.28125
0.0,0.0,0.0,0.0,0.0,-1.0,1.0,0.0,-0.28125
0.0,0.0,0.0,1.0,0.0,1.0,1.0,0.0,-0.28125
0.0,0.0,0.0,1.0,0.0,1.0,0.0,-2.0,-0.28125
0.0,0.0,0.0,1.0,0.0,2.0,2.0,0.0,-0.28125
0.0,0.0,-1.0,1.0,0.0,0.0,2.0,0.0,-0.28125
0.0,0.0,-1.0,1.0,0.0,0.0,3.0,2.0,-0.28125
0.0,-1.0,-1.0,-1.0,0.0,0.0,3.0,2.0,-0.28125
1.0,-1.0,1.0,-1.0,0.0,2.0,3.0,4.0,-0.28125
1.0,-2.0,-1.0,-1.0,0.0,2.0,3.0,4.0,-0.28125
1.0,-2.0,-1.0,-1.0,0.0,-1.0,3.0,0.0,-0.28125
1.0,-2.0,2.0,-1.0,0.0,3.0,3.0,4.0,-0.28125
1.0,-2.0,2.0,-2.0,0.0,-1.0,-1.0,4.0,-0.28125
1.0,-2.0,2.0,-1.0,0.0,-1.0,1.0,4.0,-0.28125
1.0,-3.0,2.0,-3.0,0.0,-1.0,1.0,4.0,-0.28125
1.0,-2.0,2.0,-1.0,0.0,1.0,1.0,4.0,-0.28125
0.0,-2.0,0.0,-1.0,0.0,-1.0,1.0,0.0,-0.28125
0.0,-2.0,0.0,0.0,0.0,-1.0,3.0,0.0,-0.28125
0.0,-2.0,0.0,0.0,0.0,-3.0,0.0,-2.0,-0.28125
0.0,0.0,0.0,0.0,0.0,0.0,1.0,2.0,-0.0625
0.0,0.0,0.0,0.0,0.0,-1.0,1.0,0.0,-0.0625
0.0,0.0,0.0,1.0,0.0,1.0,1.0,0.0,-0.0625
0.0,0.0,0.0,1.0,0.0,1.0,0.0,-2.0,-0.0625
0.0,0.0,0.0,1.0,0.0,2.0,2.0,0.0,-0.0625
0.0,0.0,-1.0,1.0,0.0,0.0,2.0,0.0,-0.0625
0.0,0.0,-1.0,1.0,0.0,0.0,3.0,2.0,-0.0625
0.0,-1.0,-1.0,-1.0,0.0,0.0,3.0,2.0,-0.0625
1.0,-1.0,1.0,-1.0,0.0,2.0,3.0,4.0,-0.0625
1.0,-2.0,-1.0,-1.0,0.0,2.0,3.0,4.0,-0.0625
1.0,-2.0,-1.0,-1.0,0.0,-1.0,3.0,0.0,-0.0625
1.0,-2.0,2.0,-1.0,0.0,3.0,3.0,4.0,-0.0625
1.0,-2.0,2.0,-2.0,0.0,-1.0,-1.0,4.0,-0.0625
1.0,-2.0,2.0,0.0,1.0,-1.0,-1.0,4.0,-0.0625
0.0,-2.0,0.0,0.0,1.0,-3.0,-1.0,0.0,-0.0625
0.0,-1.0,0.0,2.0,1.0,1.0,3.0,0.0,-0.0625
0.0,-1.0,0.0,2.0,0.0,1.0,1.0,0.0,-0.0625
0.0,-1.0,0.0,3.0,0.0,3.0,1.0,0.0,-0.0625
0.0,-2.0,0.0,3.0,-2.0,1.0,1.0,0.0,-0.0625
0.0,0.0,0.0,0.0,0.0,0.0,1.0,2.0,0.5625
0.0,0.0,0.0,0.0,0.0,-1.0,1.0,0.0,0.5625
0.0,0.0,0.0,1.0,0.0,1.0,1.0,0.0,0.5625
0.0,0.0,0.0,1.0,0.0,1.0,0.0,-2.0,0.5625
0.0,0.0,0.0,1.0,0.0,1.0,1.0,2.0,0.5625
0.0,-1.0,0.0,-1.0,0.0,-1.0,-1.0,2.0,0.5625
0.0,-1.0,0.0,-1.0,1.0,-1.0,1.0,4.0,0.5625
0.0,-2.0,0.0,-1.0,-1.0,-1.0,1.0,4.0,0.5625
0.0,-2.0,0.0,-1.0,0.0,-1.0,3.0,4.0,0.5625
0.0,-2.0,0.0,-1.0,0.0,-1.0,0.0,0.0,0.5625
0.0,-2.0,0.0,-1.0,0.0,0.0,0.0,2.0,0.5625
0.0,-3.0,0.0,-1.0,-2.0,0.0,0.0,2.0,0.5625
0.0,-3.0,0.0,-1.0,-2.0,0.0,3.0,2.0,0.5625
0.0,-3.0,0.0,-2.0,-2.0,0.0,1.0,0.0,0.5625
0.0,-3.0,0.0,-2.0,-1.0,0.0,3.0,0.0,0.5625
0.0,-3.0,-1.0,-2.0,-1.0,-2.0,3.0,-2.0,0.5625
0.0,-2.0,-1.0,-2.0,1.0,-2.0,5.0,2.0,0.5625
0.0,-5.0,-1.0,-2.0,-1.0,-2.0,5.0,2.0,0.5625
1.0,-5.0,1.0,-2.0,-1.0,0.0,5.0,2.0,0.5625
0.0,0.0,0.0,0.0,0.0,0.0,1.0,2.0,0.03125
0.0,0.0,0.0,0.0,0.0,-1.0,1.0,0.0,0.03125
0.0,0.0,0.0,1.0,0.0,1.0,1.0,0.0,0.03125
0.0,0.0,0.0,1.0,0.0,1.0,0.0,-2.0,0.03125
0.0,0.0,0.0,1.0,0.0,2.0,2.0,0.0,0.03125
0.0,0.0,-1.0,1.0,0.0,0.0,2.0,0.0,0.03125
0.0,0.0,-1.0,1.0,0.0,0.0,3.0,2.0,0.03125
0.0,-1.0,-1.0,-1.0,0.0,0.0,3.0,2.0,0.03125
1.0,-1.0,1.0,-1.0,0.0,2.0,3.0,4.0,0.03125
1.0,-1.0,1.0,-2.0,0.0,-2.0,-1.0,4.0,0.03125
1.0,-1.0,1.0,0.0,1.0,-2.0,-1.0,4.0,0.03125
1.0,-2.0,-1.0,0.0,1.0,-2.0,-1.0,4.0,0.03125
1.0,-1.0,1.0,0.0,1.0,-2.0,-1.0,4.0,0.03125
1.0,-1.0,1.0,0.0,-1.0,-2.0,-2.0,2.0,0.03125
1.0,0.0,1.0,2.0,-1.0,2.0,2.0,2.0,0.03125
1.0,0.0,1.0,2.0,-2.0,2.0,0.0,-2.0,0.03125
1.0,1.0,1.0,2.0,0.0,2.0,0.0,-2.0,0.03125
1.0,1.0,1.0,1.0,0.0,2.0,-2.0,-2.0,0.03125
1.0,2.0,1.0,3.0,0.0,2.0,-2.0,-2.0,0.03125
0.0,0.0,0.0,0.0,0.0,0.0,1.0,2.0,0.1875
0.0,0.0,0.0,0.0,0.0,-1.0,1.0,0.0,0.1875
0.0,0.0,0.0,1.0,0.0,1.0,1.0,0.0,0.1875
0.0,0.0,0.0,1.0,0.0,1.0,0.0,-2.0,0.1875
0.0,0.0,0.0,1.0,0.0,2.0,2.0,0.0,0.1875
0.0,0.0,-1.0,1.0,0.0,0.0,2.0,0.0,0.1875
0.0,0.0,-1.0,1.0,0.0,0.0,3.0,2.0,0.1875
0.0,-1.0,-1.0,-1.0,0.0,0.0,3.0,2.0,0.1875
1.0,-1.0,1.0,-1.0,0.0,2.0,3.0,4.0,0.1875
1.0,-2.0,-1.0,-1.0,0.0,2.0,3.0,4.0,0.1875
1.0,-2.0,-1.0,-1.0,0.0,-1.0,3.0,0.0,0.1875
1.0,-2.0,-1.0,-1.0,0.0,-1.0,4.0,2.0,0.1875
1.0,-2.0,-1.0,-1.0,0.0,-1.0,1.0,0.0,0.1875
1.0,-2.0,-1.0,0.0,0.0,1.0,3.0,2.0,0.1875
1.0,-2.0,-1.0,0.0,0.0,1.0,2.0,-2.0,0.1875
1.0,-2.0,-1.0,0.0,0.0,1.0,3.0,2.0,0.1875
1.0,-3.0,-1.0,-2.0,0.0,-1.0,1.0,2.0,0.1875
1.0,-2.0,-1.0,0.0,0.0,-1.0,1.0,2.0,0.1875
1.0,-2.0,-1.0,-2.0,-1.0,-1.0,-1.0,-2.0,0.1875
0.0,0.0,0.0,0.0,0.0,0.0,1.0,2.0,0.0625
0.0,0.0,0.0,0.0,0.0,-1.0,1.0,0.0,0.0625
0.0,0.0,0.0,1.0,0.0,1.0,1.0,0.0,0.0625
0.0,0.0,0.0,1.0,0.0,1.0,0.0,-2.0,0.0625
0.0,0.0,0.0,1.0,0.0,1.0,1.0,2.0,0.0625
0.0,-1.0,0.0,-1.0,0.0,-1.0,-1.0,2.0,0.0625
0.0,-1.0,0.0,-1.0,1.0,-1.0,1.0,2.0,0.0625
0.0,-1.0,0.0,-1.0,1.0,-2.0,1.0,0.0,0.0625
0.0,-1.0,0.0,0.0,1.0,0.0,1.0,0.0,0.0625
0.0,-2.0,0.0,0.0,-1.0,0.0,-1.0,-2.0,0.0625
0.0,-2.0,1.0,0.0,-1.0,2.0,-1.0,2.0,0.0625
0.0,-2.0,1.0,0.0,-1.0,2.0,-2.0,0.0,0.0625
0.0,-2.0,1.0,0.0,0.0,2.0,0.0,2.0,0.0625
0.0,-2.0,1.0,0.0,0.0,2.0,-1.0,0.0,0.0625
0.0,-2.0,1.0,0.0,0.0,3.0,3.0,0.0,0.0625
0.0,-2.0,1.0,0.0,0.0,3.0,0.0,-4.0,0.0625
0.0,-2.0,1.0,0.0,0.0,4.0,2.0,0.0,0.0625
0.0,-2.0,1.0,-1.0,0.0,4.0,0.0,0.0,0.0625
0.0,-1.0,1.0,-1.0,2.0,4.0,0.0,0.0,0.0625
0.0,0.0,0.0,0.0,0.0,0.0,1.0,2.0,0.4375
0.0,0.0,0.0,0.0,0.0,-1.0,1.0,0.0,0.4375
0.0,0.0,0.0,1.0,0.0,1.0,1.0,0.0,0.4375
0.0,0.0,0.0,1.0,0.0,1.0,0.0,-2.0,0.4375
0.0,0.0,0.0,1.0,0.0,2.0,2.0,0.0,0.4375
0.0,0.0,-1.0,1.0,0.0,0.0,2.0,0.0,0.4375
0.0,0.0,-1.0,1.0,0.0,0.0,3.0,2.0,0.4375
0.0,-1.0,-1.0,-1.0,0.0,0.0,3.0,2.0,0.4375
1.0,-1.0,1.0,-1.0,0.0,2.0,3.0,4.0,0.4375
1.0,-2.0,-1.0,-1.0,0.0,2.0,3.0,4.0,0.4375
1.0,-2.0,-1.0,-1.0,0.0,-1.0,3.0,0.0,0.4375
1.0,-2.0,2.0,-1.0,0.0,3.0,3.0,4.0,0.4375
1.0,-2.0,2.0,-2.0,0.0,-1.0,-1.0,4.0,0.4375
1.0,-2.0,2.0,0.0,1.0,-1.0,-1.0,4.0,0.4375
1.0,-2.0,2.0,0.0,-1.0,-1.0,-2.0,2.0,0.4375
1.0,-1.0,2.0,2.0,-1.0,3.0,2.0,2.0,0.4375
1.0,-1.0,2.0,2.0,-2.0,1.0,0.0,2.0,0.4375
1.0,-1.0,2.0,2.0,-2.0,1.0,1.0,4.0,0.4375
1.0,-1.0,2.0,2.0,-2.0,1.0,-4.0,0.0,0.4375
0.0,0.0,0.0,0.0,0.0,0.0,1.0,2.0,0.5
0.0,0.0,0.0,0.0,0.0,-1.0,1.0,0.0,0.5
0.0,0.0,0.0,1.0,0.0,1.0,1.0,0.0,0.5
0.0,0.0,0.0,1.0,0.0,1.0,0.0,-2.0,0.5
0.0,0.0,0.0,1.0,0.0,2.0,2.0,0.0,0.5
0.0,0.0,-1.0,1.0,0.0,0.0,2.0,0.0,0.5
0.0,0.0,-1.0,1.0,0.0,0.0,3.0,2.0,0.5
0.0,-1.0,-1.0,-1.0,0.0,0.0,3.0,2.0,0.5
1.0,-1.0,1.0,-1.0,0.0,2.0,3.0,4.0,0.5
1.0,-2.0,-1.0,-1.0,0.0,2.0,3.0,4.0,0.5
1.0,-2.0,-1.0,-1.0,0.0,-1.0,3.0,0.0,0.5
1.0,-2.0,2.0,-1.0,0.0,3.0,3.0,4.0,0.5
1.0,-2.0,2.0,-2.0,0.0,-1.0,-1.0,4.0,0.5
1.0,-2.0,2.0,0.0,1.0,-1.0,-1.0,4.0,0.5
0.0,-2.0,0.0,0.0,1.0,-3.0,-1.0,0.0,0.5
0.0,-1.0,0.0,2.0,1.0,1.0,3.0,0.0,0.5
0.0,-1.0,0.0,2.0,0.0,1.0,1.0,0.0,0.5
0.0,-1.0,0.0,3.0,0.0,3.0,1.0,0.0,0.5
0.0,-2.0,0.0,3.0,-2.0,1.0,1.0,0.0,0.5
0.0,0.0,0.0,0.0,0.0,0.0,1.0,2.0,0.09375
0.0,0.0,0.0,0.0,0.0,-1.0,1.0,0.0,0.09375
0.0,0.0,0.0,1.0,0.0,1.0,1.0,0.0,0.09375
0.0,0.0,0.0,1.0,0.0,1.0,0.0,-2.0,0.09375
0.0,0.0,0.0,1.0,0.0,2.0,2.0,0.0,0.09375
0.0,0.0,-1.0,1.0,0.0,0.0,2.0,0.0,0.09375
0.0,0.0,-1.0,1.0,0.0,0.0,3.0,2.0,0.09375
0.0,-1.0,-1.0,-1.0,0.0,0.0,3.0,2.0,0.09375
1.0,-1.0,1.0,-1.0,0.0,2.0,3.0,4.0,0.09375
1.0,-2.0,-1.0,-1.0,0.0,2.0,3.0,4.0,0.09375
1.0,-2.0,-1.0,-1.0,0.0,-1.0,3.0,0.0,0.09375
1.0,-2.0,2.0,-1.0,0.0,3.0,3.0,4.0,0.09375
1.0,-2.0,2.0,-2.0,0.0,-1.0,-1.0,4.0,0.09375
1.0,-2.0,2.0,0.0,1.0,-1.0,-1.0,4.0,0.09375
0.0,-2.0,0.0,0.0,1.0,-3.0,-1.0,0.0,0.09375
0.0,-1.0,0.0,2.0,1.0,1.0,3.0,0.0,0.09375
0.0,-1.0,0.0,2.0,0.0,1.0,1.0,0.0,0.09375
0.0,-1.0,0.0,3.0,0.0,3.0,1.0,0.0,0.09375
0.0,-2.0,0.0,3.0,-2.0,1.0,1.0,0.0,0.09375
0.0,0.0,0.0,0.0,0.0,0.0,1.0,2.0,0.3125
0.0,0.0,0.0,0.0,0.0,-1.0,1.0,0.0,0.3125
0.0,0.0,0.0,0.0,0.0,-1.0,2.0,2.0,0.3125
0.0,0.0,0.0,0.0,0.0,-1.0,-1.0,2.0,0.3125
0.0,0.0,0.0,0.0,1.0,-1.0,1.0,2.0,0.3125
0.0,-1.0,0.0,0.0,-1.0,-1.0,1.0,2.0,0.3125
0.0,-1.0,0.0,0.0,-1.0,-1.0,2.0,4.0,0.3125
0.0,-1.0,0.0,0.0,-1.0,-1.0,-1.0,4.0,0.3125
0.0,-1.0,0.0,1.0,-1.0,-1.0,1.0,4.0,0.3125
0.0,-1.0,0.0,1.0,-2.0,-1.0,-1.0,0.0,0.3125
0.0,-1.0,0.0,1.0,-2.0,2.0,3.0,2.0,0.3125
0.0,-1.0,0.0,1.0,-3.0,2.0,-3.0,0.0,0.3125
0.0,0.0,0.0,1.0,-1.0,2.0,-3.0,0.0,0.3125
0.0,-1.0,0.0,1.0,-3.0,2.0,-3.0,0.0,0.3125
0.0,-1.0,0.0,1.0,-3.0,2.0,-2.0,2.0,0.3125
0.0,-1.0,0.0,0.0,-3.0,2.0,-4.0,0.0,0.3125
0.0,0.0,0.0,0.0,-1.0,2.0,-2.0,0.0,0.3125
0.0,-3.0,0.0,0.0,-1.0,2.0,-2.0,0.0,0.3125
0.0,-2.0,0.0,0.0,1.0,2.0,0.0,2.0,0.3125
0.0,0.0,0.0,0.0,0.0,0.0,1.0,2.0,0.25
0.0,0.0,0.0,0.0,0.0,-1.0,1.0,0.0,0.25
0.0,0.0,0.0,0.0,0.0,-1.0,2.0,2.0,0.25
0.0,0.0,0.0,0.0,0.0,-1.0,-1.0,0.0,0.25
0.0,0.0,0.0,0.0,0.0,0.0,-1.0,2.0,0.25
0.0,0.0,0.0,0.0,-1.0,0.0,-3.0,2.0,0.25
0.0,0.0,0.0,1.0,-1.0,2.0,3.0,2.0,0.25
0.0,0.0,0.0,1.0,-2.0,2.0,-3.0,0.0,0.25
0.0,0.0,0.0,1.0,-2.0,2.0,-2.0,2.0,0.25
0.0,0.0,0.0,1.0,-2.0,2.0,-3.0,-2.0,0.25
0.0,0.0,0.0,1.0,-2.0,2.0,0.0,2.0,0.25
0.0,0.0,-1.0,1.0,-2.0,0.0,0.0,2.0,0.25
1.0,0.0,1.0,1.0,-2.0,2.0,0.0,4.0,0.25
1.0,-1.0,1.0,-1.0,-2.0,0.0,0.0,4.0,0.25
1.0,0.0,1.0,-1.0,0.0,0.0,2.0,4.0,0.25
1.0,0.0,1.0,-1.0,-1.0,0.0,0.0,4.0,0.25
1.0,1.0,1.0,-1.0,1.0,0.0,0.0,4.0,0.25
1.0,1.0,1.0,-2.0,1.0,0.0,-2.0,2.0,0.25
1.0,1.0,1.0,-2.0,1.0,1.0,0.0,2.0,0.25
0.0,0.0,0.0,0.0,0.0,0.0,1.0,2.0,-0.09375
0.0,0.0,0.0,0.0,0.0,0.0,0.0,0.0,-0.09375
0.0,0.0,0.0,0.0,0.0,0.0,1.0,2.0,-0.09375
0.0,0.0,0.0,0.0,0.0,-1.0,1.0,0.0,-0.09375
0.0,0.0,0.0,0.0,1.0,-1.0,3.0,2.0,-0.09375
0.0,0.0,0.0,0.0,1.0,-2.0,3.0,0.0,-0.09375
0.0,0.0,0.0,0.0,1.0,-2.0,4.0,2.0,-0.09375
0.0,0.0,0.0,0.0,1.0,-3.0,0.0,2.0,-0.09375
0.0,0.0,0.0,1.0,1.0,-1.0,2.0,2.0,-0.09375
0.0,0.0,0.0,1.0,1.0,-1.0,1.0,-2.0,-0.09375
0.0,0.0,0.0,1.0,1.0,0.0,3.0,0.0,-0.09375
0.0,-1.0,0.0,1.0,-1.0,0.0,1.0,0.0,-0.09375
0.0,-1.0,0.0,2.0,-1.0,2.0,3.0,0.0,-0.09375
0.0,-2.0,0.0,0.0,-1.0,0.0,3.0,0.0,-0.09375
0.0,-2.0,0.0,1.0,-1.0,2.0,5.0,0.0,-0.09375
0.0,-2.0,0.0,1.0,-2.0,0.0,3.0,0.0,-0.09375
0.0,-2.0,0.0,1.0,-2.0,0.0,4.0,2.0,-0.09375
0.0,-3.0,0.0,-1.0,-2.0,-2.0,2.0,2.0,-0.09375
0.0,-3.0,0.0,0.0,-2.0,0.0,2.0,2.0,-0.09375
0.0,0.0,0.0,0.0,0.0,0.0,1.0,2.0,0.25
0.0,0.0,0.0,0.0,0.0,-1.0,1.0,0.0,0.25
0.0,0.0,0.0,1.0,0.0,1.0,1.0,0.0,0.25
0.0,0.0,0.0,1.0,0.0,1.0,0.0,-2.0,0.25
0.0,0.0,0.0,1.0,0.0,2.0,2.0,0.0,0.25
0.0,0.0,-1.0,1.0,0.0,0.0,2.0,0.0,0.25
0.0,0.0,-1.0,1.0,0.0,0.0,3.0,2.0,0.25
0.0,-1.0,-1.0,-1.0,0.0,0.0,3.0,2.0,0.25
1.0,-1.0,1.0,-1.0,0.0,2.0,3.0,4.0,0.25
1.0,-2.0,-1.0,-1.0,0.0,2.0,3.0,4.0,0.25
1.0,-2.0,-1.0,-1.0,0.0,-1.0,3.0,0.0,0.25
1.0,-2.0,2.0,-1.0,0.0,3.0,3.0,4.0,0.25
1.0,-2.0,2.0,-2.0,0.0,-1.0,-1.0,4.0,0.25
1.0,-2.0,2.0,0.0,1.0,-1.0,-1.0,4.0,0.25
1.0,-2.0,2.0,0.0,1.0,-1.0,-2.0,0.0,0.25
1.0,-1.0,2.0,2.0,1.0,3.0,2.0,0.0,0.25
0.0,-1.0,0.0,2.0,1.0,1.0,2.0,0.0,0.25
0.0,-1.0,0.0,2.0,2.0,1.0,4.0,4.0,0.25
0.0,-2.0,0.0,2.0,0.0,1.0,4.0,4.0,0.25
0.0,0.0,0.0,0.0,0.0,0.0,1.0,2.0,0.296875
0.0,0.0,0.0,0.0,0.0,-1.0,1.0,0.0,0.296875
0.0,0.0,0.0,0.0,0.0,-1.0,2.0,2.0,0.296875
0.0,0.0,0.0,0.0,0.0,-1.0,-1.0,0.0,0.296875
0.0,0.0,0.0,0.0,1.0,-1.0,1.0,0.0,0.296875
0.0,0.0,0.0,0.0,1.0,-1.0,-2.0,-4.0,0.296875
0.0,0.0,0.0,0.0,1.0,0.0,0.0,-4.0,0.296875
0.0,-1.0,0.0,0.0,-1.0,0.0,-2.0,-4.0,0.296875
0.0,-1.0,0.0,0.0,-1.0,1.0,-2.0,0.0,0.296875
0.0,-1.0,0.0,0.0,-1.0,1.0,-5.0,-2.0,0.296875
0.0,-1.0,0.0,1.0,-1.0,3.0,-1.0,-2.0,0.296875
0.0,-1.0,0.0,1.0,-2.0,3.0,-5.0,-4.0,0.296875
0.0,-1.0,0.0,1.0,-2.0,3.0,0.0,-2.0,0.296875
0.0,-2.0,0.0,-1.0,-2.0,1.0,0.0,-2.0,0.296875
0.0,-1.0,0.0,-1.0,0.0,1.0,2.0,2.0,0.296875
0.0,-1.0,0.0,-1.0,0.0,1.0,1.0,-4.0,0.296875
0.0,-1.0,0.0,-1.0,1.0,1.0,3.0,-4.0,0.296875
0.0,-1.0,0.0,-1.0,0.0,1.0,1.0,-4.0,0.296875
0.0,-1.0,0.0,-1.0,1.0,1.0,3.0,0.0,0.296875
0.0,0.0,0.0,0.0,0.0,0.0,1.0,2.0,0.953125
0.0,0.0,0.0,0.0,0.0,-1.0,1.0,0.0,0.953125
0.0,0.0,0.0,1.0,0.0,1.0,1.0,0.0,0.953125
0.0,0.0,0.0,1.0,0.0,1.0,0.0,-2.0,0.953125
0.0,0.0,0.0,1.0,0.0,2.0,2.0,0.0,0.953125
0.0,0.0,-1.0,1.0,0.0,0.0,2.0,0.0,0.953125
0.0,0.0,-1.0,1.0,0.0,0.0,3.0,2.0,0.953125
0.0,-1.0,-1.0,-1.0,0.0,0.0,3.0,2.0,0.953125
1.0,-1.0,1.0,-1.0,0.0,2.0,3.0,4.0,0.953125
1.0,-2.0,-1.0,-1.0,0.0,2.0,3.0,4.0,0.953125
1.0,-2.0,-1.0,-2.0,0.0,-2.0,-1.0,4.0,0.953125
1.0,-2.0,-1.0,-1.0,0.0,-2.0,1.0,4.0,0.953125
1.0,-2.0,-1.0,-3.0,-1.0,-2.0,1.0,4.0,0.953125
1.0,-1.0,-1.0,-1.0,-1.0,-2.0,1.0,4.0,0.953125
1.0,-2.0,-1.0,-3.0,-1.0,-2.0,1.0,4.0,0.953125
1.0,3.0,-1.0,-3.0,-1.0,-2.0,1.0,4.0,0.953125
1.0,3.0,-1.0,-3.0,-2.0,-2.0,-1.0,0.0,0.953125
1.0,4.0,-1.0,1.0,-2.0,-2.0,-1.0,0.0,0.953125
1.0,4.0,-1.0,1.0,-2.0,-2.0,-2.0,-4.0,0.953125
0.0,0.0,0.0,0.0,0.0,0.0,1.0,2.0,0.65625
0.0,0.0,0.0,0.0,0.0,-1.0,1.0,0.0,0.65625
0.0,0.0,0.0,1.0,0.0,1.0,1.0,0.0,0.65625
0.0,0.0,0.0,1.0,0.0,1.0,0.0,-2.0,0.65625
0.0,0.0,0.0,1.0,0.0,2.0,2.0,0.0,0.65625
0.0,0.0,-1.0,1.0,0.0,0.0,2.0,0.0,0.65625
0.0,0.0,-1.0,1.0,0.0,0.0,3.0,2.0,0.65625
0.0,-1.0,-1.0,-1.0,0.0,0.0,3.0,2.0,0.65625
1.0,-1.0,1.0,-1.0,0.0,2.0,3.0,4.0,0.65625
1.0,-2.0,-1.0,-1.0,0.0,2.0,3.0,4.0,0.65625
1.0,-2.0,-1.0,-1.0,0.0,-1.0,3.0,0.0,0.65625
1.0,-2.0,2.0,-1.0,0.0,3.0,3.0,4.0,0.65625
1.0,-2.0,2.0,-2.0,0.0,-1.0,-1.0,4.0,0.65625
1.0,-2.0,2.0,0.0,1.0,-1.0,-1.0,4.0,0.65625
0.0,-2.0,0.0,0.0,1.0,-3.0,-1.0,0.0,0.65625
0.0,-1.0,0.0,2.0,1.0,1.0,3.0,0.0,0.65625
0.0,-1.0,0.0,2.0,0.0,1.0,1.0,0.0,0.65625
0.0,-1.0,0.0,3.0,0.0,3.0,1.0,0.0,0.65625
0.0,-2.0,0.0,3.0,-2.0,1.0,1.0,0.0,0.65625
0.0,0.0,0.0,0.0,0.0,0.0,1.0,2.0,-0.09375
0.0,0.0,0.0,0.0,0.0,-1.0,1.0,0.0,-0.09375
0.0,0.0,0.0,1.0,0.0,1.0,1.0,0.0,-0.09375
0.0,0.0,0.0,1.0,0.0,1.0,0.0,-2.0,-0.09375
0.0,0.0,0.0,1.0,0.0,2.0,2.0,0.0,-0.09375
0.0,0.0,-1.0,1.0,0.0,0.0,2.0,0.0,-0.09375
0.0,0.0,-1.0,1.0,0.0,0.0,3.0,2.0,-0.09375
0.0,-1.0,-1.0,-1.0,0.0,0.0,3.0,2.0,-0.09375
1.0,-1.0,1.0,-1.0,0.0,2.0,3.0,4.0,-0.09375
1.0,-2.0,-1.0,-1.0,0.0,2.0,3.0,4.0,-0.09375
1.0,-2.0,-1.0,-1.0,0.0,-1.0,3.0,0.0,-0.09375
1.0,-2.0,2.0,-1.0,0.0,3.0,3.0,4.0,-0.09375
1.0,-2.0,2.0,-2.0,0.0,-1.0,-1.0,4.0,-0.09375
1.0,-2.0,2.0,0.0,1.0,-1.0,-1.0,4.0,-0.09375
0.0,-2.0,0.0,0.0,1.0,-3.0,-1.0,0.0,-0.09375
0.0,-1.0,0.0,2.0,1.0,1.0,3.0,0.0,-0.09375
0.0,-1.0,0.0,2.0,0.0,1.0,1.0,0.0,-0.09375
0.0,-1.0,0.0,3.0,0.0,3.0,1.0,0.0,-0.09375
0.0,-2.0,0.0,3.0,-2.0,1.0,1.0,0.0,-0.09375
0.0,0.0,0.0,0.0,0.0,0.0,1.0,2.0,-0.21875
0.0,0.0,0.0,0.0,0.0,-1.0,1.0,0.0,-0.21875
0.0,0.0,0.0,1.0,0.0,1.0,1.0,0.0,-0.21875
0.0,0.0,0.0,1.0,0.0,1.0,0.0,-2.0,-0.21875
0.0,0.0,0.0,1.0,0.0,2.0,2.0,0.0,-0.21875
0.0,0.0,-1.0,1.0,0.0,0.0,2.0,0.0,-0.21875
0.0,0.0,-1.0,1.0,0.0,0.0,3.0,2.0,-0.21875
0.0,-1.0,-1.0,-1.0,0.0,0.0,3.0,2.0,-0.21875
1.0,-1.0,1.0,-1.0,0.0,2.0,3.0,4.0,-0.21875
1.0,-2.0,-1.0,-1.0,0.0,2.0,3.0,4.0,-0.21875
1.0,-2.0,-1.0,-1.0,0.0,-1.0,3.0,0.0,-0.21875
1.0,-2.0,2.0,-1.0,0.0,3.0,3.0,4.0,-0.21875
1.0,-2.0,2.0,-2.0,0.0,-1.0,-1.0,4.0,-0.21875
1.0,-2.0,2.0,0.0,1.0,-1.0,-1.0,4.0,-0.21875
0.0,-2.0,0.0,0.0,1.0,-3.0,-1.0,0.0,-0.21875
0.0,-1.0,0.0,2.0,1.0,1.0,3.0,0.0,-0.21875
0.0,-1.0,0.0,2.0,0.0,1.0,1.0,0.0,-0.21875
0.0,-1.0,0.0,3.0,0.0,3.0,1.0,0.0,-0.21875
0.0,-2.0,0.0,3.0,-2.0,1.0,1.0,0.0,-0.21875
0.0,0.0,0.0,0.0,0.0,0.0,1.0,2.0,0.5
0.0,0.0,0.0,0.0,0.0,-1.0,1.0,0.0,0.5
0.0,0.0,0.0,1.0,0.0,1.0,1.0,0.0,0.5
0.0,0.0,0.0,1.0,0.0,1.0,0.0,-2.0,0.5
0.0,0.0,0.0,1.0,0.0,2.0,2.0,0.0,0.5
0.0,0.0,-1.0,1.0,0.0,0.0,2.0,0.0,0.5
0.0,0.0,-1.0,1.0,0.0,0.0,3.0,2.0,0.5
0.0,-1.0,-1.0,-1.0,0.0,0.0,3.0,2.0,0.5
1.0,-1.0,1.0,-1.0,0.0,2.0,3.0,4.0,0.5
1.0,-2.0,-1.0,-1.0,0.0,2.0,3.0,4.0,0.5
1.0,-2.0,-1.0,-1.0,0.0,-1.0,3.0,0.0,0.5
1.0,-2.0,2.0,-1.0,0.0,3.0,3.0,4.0,0.5
1.0,-2.0,2.0,-2.0,0.0,-1.0,-1.0,4.0,0.5
1.0,-2.0,2.0,0.0,1.0,-1.0,-1.0,4.0,0.5
0.0,-2.0,0.0,0.0,1.0,-3.0,-1.0,0.0,0.5
0.0,-1.0,0.0,2.0,1.0,1.0,3.0,0.0,0.5
0.0,-1.0,0.0,2.0,0.0,1.0,1.0,0.0,0.5
0.0,-1.0,0.0,3.0,0.0,3.0,1.0,0.0,0.5
0.0,-2.0,0.0,3.0,-2.0,1.0,1.0,0.0,0.5
0.0,0.0,0.0,0.0,0.0,0.0,1.0,2.0,0.125
0.0,0.0,0.0,0.0,0.0,-1.0,1.0,0.0,0.125
0.0,0.0,0.0,1.0,0.0,1.0,1.0,0.0,0.125
0.0,0.0,0.0,1.0,0.0,1.0,0.0,-2.0,0.125
0.0,0.0,0.0,1.0,0.0,2.0,0.0,2.0,0.125
0.0,-1.0,0.0,-1.0,0.0,0.0,-2.0,2.0,0.125
0.0,-1.0,0.0,-1.0,0.0,0.0,-1.0,4.0,0.125
0.0,-1.0,0.0,-1.0,0.0,0.0,-2.0,0.0,0.125
0.0,-1.0,0.0,-1.0,0.0,0.0,-1.0,2.0,0.125
0.0,-1.0,0.0,-2.0,0.0,0.0,-3.0,0.0,0.125
0.0,-1.0,0.0,-2.0,1.0,0.0,-1.0,0.0,0.125
0.0,-1.0,0.0,-3.0,1.0,0.0,-3.0,0.0,0.125
0.0,-1.0,1.0,-3.0,1.0,2.0,-3.0,4.0,0.125
0.0,-1.0,1.0,-4.0,1.0,2.0,-5.0,2.0,0.125
0.0,0.0,1.0,-2.0,1.0,2.0,-3.0,2.0,0.125
-1.0,0.0,-1.0,-2.0,1.0,0.0,-3.0,2.0,0.125
-1.0,0.0,-1.0,-2.0,2.0,0.0,-1.0,2.0,0.125
-1.0,0.0,-1.0,-2.0,2.0,0.0,-2.0,-4.0,0.125
-1.0,1.0,-1.0,0.0,2.0,0.0,0.0,-2.0,0.125
0.0,0.0,0.0,0.0,0.0,0.0,1.0,2.0,0.4375
0.0,0.0,0.0,0.0,0.0,-1.0,1.0,0.0,0.4375
0.0,0.0,0.0,1.0,0.0,1.0,1.0,0.0,0.4375
0.0,0.0,0.0,1.0,0.0,1.0,0.0,-2.0,0.4375
0.0,0.0,0.0,1.0,0.0,2.0,2.0,0.0,0.4375
0.0,0.0,-1.0,1.0,0.0,0.0,2.0,0.0,0.4375
0.0,0.0,-1.0,1.0,0.0,0.0,3.0,2.0,0.4375
0.0,-1.0,-1.0,-1.0,0.0,0.0,3.0,2.0,0.4375
1.0,-1.0,1.0,-1.0,0.0,2.0,3.0,4.0,0.4375
1.0,-2.0,-1.0,-1.0,0.0,2.0,3.0,4.0,0.4375
1.0,-2.0,-1.0,-1.0,0.0,-1.0,3.0,0.0,0.4375
1.0,-2.0,2.0,-1.0,0.0,3.0,3.0,4.0,0.4375
1.0,-2.0,2.0,-2.0,0.0,-1.0,-1.0,4.0,0.4375
1.0,-2.0,2.0,0.0,1.0,-1.0,-1.0,4.0,0.4375
0.0,-2.0,0.0,0.0,1.0,-3.0,-1.0,0.0,0.4375
0.0,-1.0,0.0,2.0,1.0,1.0,3.0,0.0,0.4375
0.0,-1.0,0.0,2.0,0.0,1.0,1.0,0.0,0.4375
0.0,-1.0,0.0,3.0,0.0,3.0,1.0,0.0,0.4375
0.0,-2.0,0.0,3.0,-2.0,1.0,1.0,0.0,0.4375
0.0,0.0,0.0,0.0,0.0,0.0,1.0,2.0,-0.8125
0.0,0.0,0.0,0.0,0.0,-1.0,1.0,0.0,-0.8125
0.0,0.0,0.0,1.0,0.0,1.0,1.0,0.0,-0.8125
0.0,0.0,0.0,1.0,0.0,1.0,0.0,-2.0,-0.8125
0.0,0.0,0.0,1.0,0.0,2.0,0.0,2.0,-0.8125
0.0,0.0,0.0,1.0,0.0,2.0,-1.0,0.0,-0.8125
0.0,0.0,0.0,1.0,0.0,3.0,-1.0,2.0,-0.8125
0.0,0.0,0.0,1.0,0.0,3.0,-2.0,0.0,-0.8125
0.0,0.0,0.0,2.0,0.0,3.0,0.0,0.0,-0.8125
0.0,0.0,0.0,2.0,-1.0,3.0,-4.0,-4.0,-0.8125
0.0,1.0,0.0,2.0,1.0,3.0,-4.0,-4.0,-0.8125
0.0,0.0,0.0,0.0,1.0,1.0,-4.0,-4.0,-0.8125
0.0,0.0,0.0,0.0,2.0,1.0,0.0,0.0,-0.8125
0.0,0.0,0.0,0.0,2.0,1.0,-1.0,-4.0,-0.8125
0.0,0.0,1.0,0.0,2.0,3.0,-1.0,0.0,-0.8125
0.0,0.0,0.0,0.0,2.0,1.0,-1.0,0.0,-0.8125
0.0,0.0,0.0,0.0,3.0,1.0,1.0,2.0,-0.8125
0.0,0.0,0.0,0.0,3.0,1.0,-2.0,-2.0,-0.8125
0.0,0.0,0.0,0.0,3.0,1.0,1.0,0.0,-0.8125
0.0,0.0,0.0,0.0,0.0,0.0,1.0,2.0,-0.59375
0.0,0.0,0.0,0.0,0.0,-1.0,1.0,0.0,-0.59375
0.0,0.0,0.0,1.0,0.0,1.0,1.0,0.0,-0.59375
0.0,0.0,0.0,1.0,0.0,1.0,0.0,-2.0,-0.59375
0.0,0.0,0.0,1.0,0.0,2.0,0.0,2.0,-0.59375
0.0,-1.0,0.0,-1.0,0.0,0.0,-2.0,2.0,-0.59375
0.0,-1.0,0.0,-1.0,0.0,1.0,-2.0,4.0,-0.59375
0.0,-1.0,0.0,-1.0,0.0,1.0,-3.0,0.0,-0.59375
0.0,-1.0,0.0,-1.0,0.0,2.0,-3.0,2.0,-0.59375
0.0,-1.0,0.0,-2.0,0.0,0.0,-3.0,2.0,-0.59375
0.0,-1.0,0.0,-2.0,1.0,0.0,-1.0,2.0,-0.59375
0.0,-1.0,0.0,-2.0,1.0,0.0,-2.0,0.0,-0.59375
0.0,-1.0,0.0,-1.0,1.0,0.0,0.0,0.0,-0.59375
0.0,-2.0,0.0,-3.0,1.0,0.0,0.0,0.0,-0.59375
0.0,-2.0,0.0,-3.0,1.0,0.0,3.0,0.0,-0.59375
0.0,-3.0,0.0,-3.0,-1.0,0.0,1.0,0.0,-0.59375
0.0,-3.0,0.0,-3.0,-1.0,0.0,4.0,4.0,-0.59375
0.0,-3.0,0.0,-3.0,-1.0,0.0,1.0,2.0,-0.59375
0.0,-2.0,0.0,-3.0,1.0,0.0,1.0,2.0,-0.59375
0.0,0.0,0.0,0.0,0.0,0.0,1.0,2.0,0.125
0.0,0.0,0.0,0.0,0.0,-1.0,1.0,0.0,0.125
0.0,0.0,0.0,1.0,0.0,1.0,1.0,0.0,0.125
0.0,0.0,0.0,1.0,0.0,1.0,0.0,-2.0,0.125
0.0,0.0,0.0,1.0,0.0,2.0,2.0,0.0,0.125
0.0,0.0,-1.0,1.0,0.0,0.0,2.0,0.0,0.125
0.0,1.0,1.0,1.0,0.0,0.0,2.0,0.0,0.125
-1.0,1.0,-1.0,1.0,0.0,0.0,2.0,0.0,0.125
-1.0,1.0,-1.0,1.0,0.0,0.0,3.0,2.0,0.125
-1.0,-2.0,-1.0,1.0,0.0,0.0,3.0,2.0,0.125
-1.0,-2.0,-1.0,1.0,0.0,1.0,3.0,4.0,0.125
-1.0,-3.0,-1.0,-1.0,0.0,1.0,3.0,4.0,0.125
-1.0,-3.0,-1.0,-2.0,0.0,-1.0,-1.0,4.0,0.125
-1.0,-3.0,-1.0,-2.0,1.0,-1.0,1.0,4.0,0.125
-1.0,-3.0,-1.0,-2.0,1.0,-2.0,1.0,0.0,0.125
-1.0,-3.0,-1.0,-2.0,1.0,-2.0,2.0,2.0,0.125
-1.0,-3.0,-1.0,-2.0,1.0,-2.0,-1.0,0.0,0.125
-1.0,-2.0,-1.0,0.0,1.0,0.0,1.0,0.0,0.125
-1.0,-3.0,-1.0,0.0,-1.0,0.0,-1.0,-4.0,0.125
0.0,0.0,0.0,0.0,0.0,0.0,1.0,2.0,0.625
0.0,0.0,0.0,0.0,0.0,-1.0,1.0,0.0,0.625
0.0,0.0,0.0,1.0,0.0,1.0,1.0,0.0,0.625
0.0,0.0,0.0,1.0,0.0,1.0,0.0,-2.0,0.625
0.0,0.0,0.0,1.0,0.0,2.0,2.0,0.0,0.625
0.0,0.0,-1.0,1.0,0.0,0.0,2.0,0.0,0.625
0.0,0.0,-1.0,1.0,0.0,0.0,3.0,2.0,0.625
0.0,-1.0,-1.0,-1.0,0.0,0.0,3.0,2.0,0.625
1.0,-1.0,1.0,-1.0,0.0,2.0,3.0,4.0,0.625
1.0,-2.0,-1.0,-1.0,0.0,2.0,3.0,4.0,0.625
1.0,-2.0,-1.0,-1.0,0.0,-1.0,3.0,0.0,0.625
1.0,-2.0,2.0,-1.0,0.0,3.0,3.0,4.0,0.625
1.0,-2.0,2.0,-2.0,0.0,-1.0,-1.0,4.0,0.625
1.0,-2.0,2.0,0.0,1.0,-1.0,-1.0,4.0,0.625
0.0,-2.0,0.0,0.0,1.0,-3.0,-1.0,0.0,0.625
0.0,-1.0,0.0,2.0,1.0,1.0,3.0,0.0,0.625
0.0,-1.0,0.0,2.0,0.0,1.0,1.0,0.0,0.625
0.0,-1.0,0.0,3.0,0.0,3.0,1.0,0.0,0.625
0.0,-2.0,0.0,3.0,-2.0,1.0,1.0,0.0,0.625
0.0,0.0,0.0,0.0,0.0,0.0,1.0,2.0,0.09375
0.0,0.0,0.0,0.0,0.0,-1.0,1.0,0.0,0.09375
0.0,0.0,0.0,1.0,0.0,1.0,1.0,0.0,0.09375
0.0,0.0,0.0,1.0,0.0,1.0,0.0,-2.0,0.09375
0.0,0.0,0.0,1.0,0.0,2.0,2.0,0.0,0.09375
0.0,0.0,-1.0,1.0,0.0,0.0,2.0,0.0,0.09375
0.0,0.0,-1.0,1.0,0.0,0.0,3.0,2.0,0.09375
0.0,-1.0,-1.0,-1.0,0.0,0.0,3.0,2.0,0.09375
1.0,-1.0,1.0,-1.0,0.0,2.0,3.0,4.0,0.09375
1.0,-2.0,-1.0,-1.0,0.0,2.0,3.0,4.0,0.09375
1.0,-2.0,-1.0,-1.0,0.0,-1.0,3.0,0.0,0.09375
1.0,-2.0,2.0,-1.0,0.0,3.0,3.0,4.0,0.09375
1.0,-2.0,2.0,-2.0,0.0,-1.0,-1.0,4.0,0.09375
1.0,-2.0,2.0,0.0,1.0,-1.0,-1.0,4.0,0.09375
0.0,-2.0,0.0,0.0,1.0,-3.0,-1.0,0.0,0.09375
0.0,-1.0,0.0,2.0,1.0,1.0,3.0,0.0,0.09375
0.0,-1.0,0.0,2.0,0.0,1.0,1.0,0.0,0.09375
0.0,-1.0,0.0,3.0,0.0,3.0,1.0,0.0,0.09375
0.0,-2.0,0.0,3.0,-2.0,1.0,1.0,0.0,0.09375
0.0,0.0,0.0,0.0,0.0,0.0,1.0,2.0,-0.03125
0.0,0.0,0.0,0.0,0.0,-1.0,1.0,0.0,-0.03125
0.0,0.0,0.0,0.0,0.0,-1.0,2.0,2.0,-0.03125
0.0,0.0,0.0,0.0,0.0,-1.0,-1.0,2.0,-0.03125
0.0,0.0,0.0,0.0,0.0,-1.0,0.0,4.0,-0.03125
0.0,0.0,0.0,0.0,0.0,-1.0,-3.0,2.0,-0.03125
0.0,0.0,0.0,0.0,1.0,-1.0,-1.0,2.0,-0.03125
0.0,-1.0,0.0,0.0,-1.0,-1.0,-1.0,2.0,-0.03125
0.0,-1.0,1.0,0.0,-1.0,1.0,-1.0,4.0,-0.03125
0.0,-1.0,1.0,0.0,-1.0,1.0,-4.0,-2.0,-0.03125
0.0,-1.0,1.0,0.0,0.0,1.0,-2.0,2.0,-0.03125
0.0,-2.0,1.0,0.0,-2.0,1.0,-2.0,2.0,-0.03125
0.0,-2.0,1.0,0.0,-2.0,2.0,2.0,4.0,-0.03125
0.0,-2.0,1.0,0.0,-3.0,2.0,-2.0,0.0,-0.03125
0.0,-2.0,1.0,0.0,-3.0,3.0,-2.0,2.0,-0.03125
0.0,-2.0,1.0,-1.0,-3.0,1.0,-2.0,2.0,-0.03125
0.0,-1.0,1.0,-1.0,-1.0,1.0,0.0,2.0,-0.03125
-1.0,-1.0,-1.0,-1.0,-1.0,-1.0,0.0,-2.0,-0.03125
-1.0,0.0,-1.0,1.0,-1.0,1.0,0.0,-2.0,-0.03125
0.0,0.0,0.0,0.0,0.0,0.0,1.0,2.0,0.3125
0.0,0.0,0.0,0.0,0.0,-1.0,1.0,0.0,0.3125
0.0,0.0,0.0,1.0,0.0,1.0,1.0,0.0,0.3125
0.0,0.0,0.0,1.0,0.0,1.0,0.0,-2.0,0.3125
0.0,0.0,0.0,1.0,0.0,2.0,2.0,0.0,0.3125
0.0,0.0,-1.0,1.0,0.0,0.0,2.0,0.0,0.3125
0.0,0.0,-1.0,1.0,0.0,0.0,3.0,2.0,0.3125
0.0,-1.0,-1.0,-1.0,0.0,0.0,3.0,2.0,0.3125
1.0,-1.0,1.0,-1.0,0.0,2.0,3.0,4.0,0.3125
1.0,-2.0,-1.0,-1.0,0.0,2.0,3.0,4.0,0.3125
1.0,-2.0,-1.0,-1.0,0.0,-1.0,3.0,0.0,0.3125
1.0,-2.0,2.0,-1.0,0.0,3.0,3.0,4.0,0.3125
1.0,-2.0,2.0,-2.0,0.0,-1.0,-1.0,4.0,0.3125
1.0,-2.0,2.0,0.0,1.0,-1.0,-1.0,4.0,0.3125
0.0,-2.0,0.0,0.0,1.0,-3.0,-1.0,0.0,0.3125
0.0,-1.0,0.0,2.0,1.0,1.0,3.0,0.0,0.3125
0.0,-1.0,0.0,2.0,0.0,1.0,1.0,0.0,0.3125
0.0,-1.0,0.0,3.0,0.0,3.0,1.0,0.0,0.3125
0.0,-2.0,0.0,3.0,-2.0,1.0,1.0,0.0,0.3125
0.0,0.0,0.0,0.0,0.0,0.0,1.0,2.0,-0.125
0.0,0.0,0.0,0.0,0.0,-1.0,1.0,0.0,-0.125
0.0,0.0,0.0,1.0,0.0,1.0,1.0,0.0,-0.125
0.0,0.0,0.0,1.0,0.0,1.0,0.0,-2.0,-0.125
0.0,0.0,0.0,1.0,0.0,2.0,2.0,0.0,-0.125
0.0,0.0,-1.0,1.0,0.0,0.0,2.0,0.0,-0.125
0.0,0.0,-1.0,1.0,0.0,0.0,3.0,2.0,-0.125
0.0,-1.0,-1.0,-1.0,0.0,0.0,3.0,2.0,-0.125
1.0,-1.0,1.0,-1.0,0.0,2.0,3.0,4.0,-0.125
1.0,-2.0,-1.0,-1.0,0.0,2.0,3.0,4.0,-0.125
1.0,-2.0,-1.0,-2.0,0.0,-2.0,-1.0,4.0,-0.125
1.0,-2.0,-1.0,-1.0,0.0,-2.0,1.0,4.0,-0.125
1.0,-2.0,-1.0,-3.0,-1.0,-2.0,1.0,4.0,-0.125
1.0,-1.0,-1.0,-1.0,-1.0,-2.0,1.0,4.0,-0.125
1.0,-2.0,-1.0,-3.0,-1.0,-2.0,1.0,4.0,-0.125
1.0,3.0,-1.0,-3.0,-1.0,-2.0,1.0,4.0,-0.125
1.0,3.0,-1.0,-3.0,-2.0,-2.0,-1.0,0.0,-0.125
1.0,4.0,-1.0,1.0,-2.0,-2.0,-1.0,0.0,-0.125
1.0,4.0,-1.0,-1.0,-3.0,-2.0,-1.0,0.0,-0.125
0.0,0.0,0.0,0.0,0.0,0.0,1.0,2.0,-0.125
0.0,0.0,0.0,0.0,0.0,-1.0,1.0,0.0,-0.125
0.0,0.0,0.0,1.0,0.0,1.0,1.0,0.0,-0.125
0.0,0.0,0.0,1.0,0.0,1.0,0.0,-2.0,-0.125
0.0,0.0,0.0,1.0,0.0,2.0,2.0,0.0,-0.125
0.0,0.0,-1.0,1.0,0.0,0.0,2.0,0.0,-0.125
0.0,0.0,-1.0,1.0,0.0,0.0,3.0,2.0,-0.125
0.0,-1.0,-1.0,-1.0,0.0,0.0,3.0,2.0,-0.125
1.0,-1.0,1.0,-1.0,0.0,2.0,3.0,4.0,-0.125
1.0,-2.0,-1.0,-1.0,0.0,2.0,3.0,4.0,-0.125
1.0,-2.0,-1.0,-1.0,0.0,-1.0,3.0,0.0,-0.125
1.0,-2.0,2.0,-1.0,0.0,3.0,3.0,4.0,-0.125
1.0,-2.0,2.0,-2.0,0.0,-1.0,-1.0,4.0,-0.125
1.0,-2.0,2.0,0.0,1.0,-1.0,-1.0,4.0,-0.125
0.0,-2.0,0.0,0.0,1.0,-3.0,-1.0,0.0,-0.125
0.0,-1.0,0.0,2.0,1.0,1.0,3.0,0.0,-0.125
0.0,-1.0,0.0,2.0,0.0,1.0,1.0,0.0,-0.125
0.0,-1.0,0.0,3.0,0.0,3.0,1.0,0.0,-0.125
0.0,-2.0,0.0,3.0,-2.0,1.0,1.0,0.0,-0.125
0.0,0.0,0.0,0.0,0.0,0.0,1.0,2.0,0.5625
0.0,0.0,0.0,0.0,0.0,-1.0,1.0,0.0,0.5625
0.0,0.0,0.0,1.0,0.0,1.0,1.0,0.0,0.5625
0.0,0.0,0.0,1.0,0.0,1.0,0.0,-2.0,0.5625
0.0,0.0,0.0,1.0,0.0,2.0,2.0,0.0,0.5625
0.0,0.0,-1.0,1.0,0.0,0.0,2.0,0.0,0.5625
0.0,0.0,-1.0,1.0,0.0,0.0,3.0,2.0,0.5625
0.0,-1.0,-1.0,-1.0,0.0,0.0,3.0,2.0,0.5625
0.0,-1.0,-1.0,-1.0,0.0,0.0,4.0,4.0,0.5625
0.0,-1.0,-1.0,-1.0,0.0,0.0,1.0,2.0,0.5625
1.0,-1.0,1.0,-1.0,0.0,2.0,1.0,2.0,0.5625
1.0,-1.0,1.0,-1.0,-1.0,2.0,-1.0,2.0,0.5625
1.0,-1.0,1.0,-1.0,-1.0,2.0,2.0,4.0,0.5625
1.0,-2.0,-1.0,-1.0,-1.0,2.0,2.0,4.0,0.5625
1.0,-1.0,-1.0,1.0,-1.0,2.0,2.0,4.0,0.5625
1.0,-1.0,-1.0,1.0,-1.0,-1.0,2.0,0.0,0.5625
1.0,0.0,1.0,1.0,-1.0,-1.0,2.0,0.0,0.5625
1.0,0.0,1.0,1.0,-2.0,-1.0,0.0,-2.0,0.5625
1.0,3.0,1.0,1.0,-2.0,-1.0,0.0,-2.0,0.5625
0.0,0.0,0.0,0.0,0.0,0.0,1.0,2.0,0.5625
0.0,0.0,0.0,0.0,0.0,-1.0,1.0,0.0,0.5625
0.0,0.0,0.0,1.0,0.0,1.0,1.0,0.0,0.5625
0.0,0.0,0.0,1.0,0.0,1.0,0.0,-2.0,0.5625
0.0,0.0,0.0,1.0,0.0,2.0,2.0,0.0,0.5625
0.0,0.0,-1.0,1.0,0.0,0.0,2.0,0.0,0.5625
0.0,0.0,-1.0,1.0,0.0,0.0,3.0,2.0,0.5625
0.0,-1.0,-1.0,-1.0,0.0,0.0,3.0,2.0,0.5625
1.0,-1.0,1.0,-1.0,0.0,2.0,3.0,4.0,0.5625
1.0,-2.0,-1.0,-1.0,0.0,2.0,3.0,4.0,0.5625
1.0,-2.0,-1.0,-1.0,0.0,-1.0,3.0,0.0,0.5625
1.0,-2.0,2.0,-1.0,0.0,3.0,3.0,4.0,0.5625
1.0,-2.0,2.0,-2.0,0.0,-1.0,-1.0,4.0,0.5625
1.0,-2.0,2.0,0.0,1.0,-1.0,-1.0,4.0,0.5625
0.0,-2.0,0.0,0.0,1.0,-3.0,-1.0,0.0,0.5625
0.0,-1.0,0.0,2.0,1.0,1.0,3.0,0.0,0.5625
0.0,-1.0,0.0,2.0,0.0,1.0,1.0,0.0,0.5625
0.0,-1.0,0.0,3.0,0.0,3.0,1.0,0.0,0.5625
0.0,-2.0,0.0,3.0,-2.0,1.0,1.0,0.0,0.5625
0.0,0.0,0.0,0.0,0.0,0.0,1.0,2.0,-0.625
0.0,0.0,0.0,0.0,0.0,-1.0,1.0,0.0,-0.625
0.0,0.0,0.0,1.0,0.0,1.0,1.0,0.0,-0.625
0.0,0.0,0.0,1.0,0.0,1.0,0.0,-2.0,-0.625
0.0,0.0,0.0,1.0,0.0,2.0,2.0,0.0,-0.625
0.0,0.0,-1.0,1.0,0.0,0.0,2.0,0.0,-0.625
0.0,0.0,-1.0,1.0,0.0,0.0,3.0,2.0,-0.625
0.0,-1.0,-1.0,-1.0,0.0,0.0,3.0,2.0,-0.625
1.0,-1.0,1.0,-1.0,0.0,2.0,3.0,4.0,-0.625
1.0,-2.0,-1.0,-1.0,0.0,2.0,3.0,4.0,-0.625
1.0,-2.0,-1.0,-1.0,0.0,-1.0,3.0,0.0,-0.625
1.0,-2.0,2.0,-1.0,0.0,3.0,3.0,4.0,-0.625
1.0,-2.0,2.0,-2.0,0.0,-1.0,-1.0,4.0,-0.625
1.0,-2.0,2.0,0.0,1.0,-1.0,-1.0,4.0,-0.625
0.0,-2.0,0.0,0.0,1.0,-3.0,-1.0,0.0,-0.625
0.0,-1.0,0.0,2.0,1.0,1.0,3.0,0.0,-0.625
0.0,-1.0,0.0,2.0,0.0,1.0,1.0,0.0,-0.625
0.0,-1.0,0.0,3.0,0.0,3.0,1.0,0.0,-0.625
0.0,-1.0,0.0,3.0,-1.0,3.0,-1.0,0.0,-0.625
0.0,0.0,0.0,0.0,0.0,0.0,1.0,2.0,-0.59375
0.0,0.0,0.0,0.0,0.0,-1.0,1.0,0.0,-0.59375
0.0,0.0,0.0,0.0,0.0,-1.0,2.0,2.0,-0.59375
0.0,0.0,0.0,0.0,-1.0,-1.0,0.0,2.0,-0.59375
0.0,0.0,0.0,1.0,-1.0,-1.0,2.0,2.0,-0.59375
0.0,-1.0,0.0,-1.0,-1.0,-1.0,2.0,2.0,-0.59375
0.0,-1.0,0.0,-1.0,-1.0,-1.0,3.0,4.0,-0.59375
0.0,-1.0,0.0,-1.0,-1.0,-2.0,3.0,0.0,-0.59375
0.0,-1.0,0.0,0.0,-1.0,0.0,3.0,0.0,-0.59375
0.0,-1.0,0.0,0.0,-1.0,0.0,0.0,-2.0,-0.59375
0.0,-1.0,0.0,0.0,0.0,0.0,2.0,-2.0,-0.59375
0.0,-1.0,0.0,0.0,0.0,-1.0,2.0,-4.0,-0.59375
0.0,-1.0,0.0,0.0,1.0,-1.0,4.0,-4.0,-0.59375
0.0,-2.0,0.0,-2.0,1.0,-1.0,2.0,-4.0,-0.59375
0.0,-2.0,0.0,-2.0,1.0,-1.0,5.0,0.0,-0.59375
0.0,-2.0,0.0,-2.0,1.0,-1.0,2.0,-2.0,-0.59375
0.0,-2.0,0.0,-2.0,1.0,-1.0,3.0,2.0,-0.59375
0.0,-3.0,0.0,-2.0,-1.0,-1.0,1.0,2.0,-0.59375
0.0,-3.0,1.0,0.0,1.0,1.0,1.0,2.0,-0.59375
0.0,0.0,0.0,0.0,0.0,0.0,1.0,2.0,0.4375
0.0,0.0,0.0,0.0,0.0,-1.0,1.0,0.0,0.4375
0.0,0.0,0.0,1.0,0.0,1.0,1.0,0.0,0.4375
0.0,0.0,0.0,1.0,0.0,1.0,0.0,-2.0,0.4375
0.0,0.0,0.0,1.0,0.0,2.0,2.0,0.0,0.4375
0.0,0.0,-1.0,1.0,0.0,0.0,2.0,0.0,0.4375
0.0,0.0,-1.0,1.0,0.0,0.0,3.0,2.0,0.4375
0.0,-1.0,-1.0,-1.0,0.0,0.0,3.0,2.0,0.4375
1.0,-1.0,1.0,-1.0,0.0,2.0,3.0,4.0,0.4375
1.0,-2.0,-1.0,-1.0,0.0,2.0,3.0,4.0,0.4375
1.0,-2.0,-1.0,-1.0,0.0,-1.0,3.0,0.0,0.4375
1.0,-2.0,2.0,-1.0,0.0,3.0,3.0,4.0,0.4375
1.0,-2.0,2.0,-2.0,0.0,-1.0,-1.0,4.0,0.4375
1.0,-2.0,2.0,0.0,1.0,-1.0,-1.0,4.0,0.4375
0.0,-2.0,0.0,0.0,1.0,-3.0,-1.0,0.0,0.4375
0.0,-1.0,0.0,2.0,1.0,1.0,3.0,0.0,0.4375
0.0,-1.0,0.0,2.0,0.0,1.0,1.0,0.0,0.4375
0.0,-1.0,0.0,3.0,0.0,3.0,1.0,0.0,0.4375
0.0,-2.0,0.0,3.0,-2.0,1.0,1.0,0.0,0.4375
0.0,0.0,0.0,0.0,0.0,0.0,1.0,2.0,0.46875
0.0,0.0,0.0,0.0,0.0,-1.0,1.0,0.0,0.46875
0.0,0.0,0.0,1.0,0.0,1.0,1.0,0.0,0.46875
0.0,0.0,0.0,1.0,0.0,1.0,0.0,-2.0,0.46875
0.0,0.0,0.0,1.0,0.0,2.0,2.0,0.0,0.46875
0.0,0.0,-1.0,1.0,0.0,0.0,2.0,0.0,0.46875
0.0,0.0,-1.0,1.0,0.0,0.0,3.0,2.0,0.46875
0.0,-1.0,-1.0,-1.0,0.0,0.0,3.0,2.0,0.46875
1.0,-1.0,1.0,-1.0,0.0,2.0,3.0,4.0,0.46875
1.0,-2.0,-1.0,-1.0,0.0,2.0,3.0,4.0,0.46875
1.0,-2.0,-1.0,-1.0,0.0,-1.0,3.0,0.0,0.46875
1.0,-2.0,-1.0,-1.0,0.0,-1.0,4.0,2.0,0.46875
1.0,-2.0,-1.0,-1.0,0.0,-1.0,1.0,0.0,0.46875
1.0,-2.0,-1.0,0.0,0.0,1.0,3.0,2.0,0.46875
1.0,-2.0,-1.0,0.0,0.0,1.0,2.0,-2.0,0.46875
1.0,-2.0,-1.0,0.0,0.0,1.0,3.0,2.0,0.46875
1.0,-3.0,-1.0,-2.0,0.0,-1.0,1.0,2.0,0.46875
1.0,-2.0,-1.0,0.0,0.0,-1.0,1.0,2.0,0.46875
1.0,-2.0,-1.0,-2.0,-1.0,-1.0,-1.0,-2.0,0.46875
0.0,0.0,0.0,0.0,0.0,0.0,1.0,2.0,-0.5
0.0,0.0,0.0,0.0,0.0,-1.0,1.0,0.0,-0.5
0.0,0.0,0.0,1.0,0.0,1.0,1.0,0.0,-0.5
0.0,0.0,0.0,1.0,0.0,1.0,0.0,-2.0,-0.5
0.0,0.0,0.0,1.0,0.0,2.0,2.0,0.0,-0.5
0.0,0.0,-1.0,1.0,0.0,0.0,2.0,0.0,-0.5
0.0,0.0,-1.0,1.0,0.0,0.0,3.0,2.0,-0.5
0.0,-1.0,-1.0,-1.0,0.0,0.0,3.0,2.0,-0.5
1.0,-1.0,1.0,-1.0,0.0,2.0,3.0,4.0,-0.5
1.0,-2.0,-1.0,-1.0,0.0,2.0,3.0,4.0,-0.5
1.0,1.0,-1.0,-1.0,0.0,2.0,3.0,4.0,-0.5
1.0,1.0,-1.0,-1.0,0.0,-1.0,3.0,0.0,-0.5
1.0,1.0,2.0,-1.0,0.0,3.0,3.0,4.0,-0.5
1.0,1.0,2.0,-2.0,0.0,-1.0,-1.0,4.0,-0.5
1.0,1.0,2.0,0.0,1.0,-1.0,-1.0,4.0,-0.5
1.0,0.0,2.0,0.0,-1.0,-1.0,-1.0,4.0,-0.5
1.0,1.0,2.0,2.0,-1.0,3.0,3.0,4.0,-0.5
1.0,1.0,2.0,2.0,-2.0,1.0,3.0,4.0,-0.5
1.0,1.0,2.0,2.0,1.0,1.0,3.0,4.0,-0.5
0.0,0.0,0.0,0.0,0.0,0.0,1.0,2.0,-0.125
0.0,0.0,0.0,0.0,0.0,-1.0,1.0,0.0,-0.125
0.0,0.0,0.0,1.0,0.0,1.0,1.0,0.0,-0.125
0.0,0.0,0.0,1.0,0.0,1.0,0.0,-2.0,-0.125
0.0,0.0,0.0,1.0,0.0,2.0,2.0,0.0,-0.125
0.0,0.0,-1.0,1.0,0.0,0.0,2.0,0.0,-0.125
0.0,0.0,-1.0,1.0,0.0,0.0,3.0,2.0,-0.125
0.0,-1.0,-1.0,-1.0,0.0,0.0,3.0,2.0,-0.125
1.0,-1.0,1.0,-1.0,0.0,2.0,3.0,4.0,-0.125
1.0,-2.0,-1.0,-1.0,0.0,2.0,3.0,4.0,-0.125
1.0,-2.0,-1.0,-1.0,0.0,-1.0,3.0,0.0,-0.125
1.0,-2.0,2.0,-1.0,0.0,3.0,3.0,4.0,-0.125
1.0,-2.0,2.0,-2.0,0.0,-1.0,-1.0,4.0,-0.125
1.0,-2.0,2.0,0.0,1.0,-1.0,-1.0,4.0,-0.125
0.0,-2.0,0.0,0.0,1.0,-3.0,-1.0,0.0,-0.125
0.0,-1.0,0.0,2.0,1.0,1.0,3.0,0.0,-0.125
0.0,-1.0,0.0,2.0,0.0,1.0,1.0,0.0,-0.125
0.0,-1.0,0.0,2.0,0.0,1.0,2.0,2.0,-0.125
0.0,-1.0,0.0,1.0,0.0,1.0,0.0,0.0,-0.125
0.0,0.0,0.0,0.0,0.0,0.0,1.0,2.0,0.40625
0.0,0.0,0.0,0.0,0.0,-1.0,1.0,0.0,0.40625
0.0,0.0,0.0,1.0,0.0,1.0,1.0,0.0,0.40625
0.0,0.0,0.0,1.0,0.0,1.0,0.0,-2.0,0.40625
0.0,0.0,0.0,1.0,0.0,2.0,2.0,0.0,0.40625
0.0,0.0,-1.0,1.0,0.0,0.0,2.0,0.0,0.40625
0.0,0.0,-1.0,1.0,0.0,0.0,3.0,2.0,0.40625
0.0,-1.0,-1.0,-1.0,0.0,0.0,3.0,2.0,0.40625
1.0,-1.0,1.0,-1.0,0.0,2.0,3.0,4.0,0.40625
1.0,-2.0,-1.0,-1.0,0.0,2.0,3.0,4.0,0.40625
1.0,-2.0,-1.0,-1.0,0.0,-1.0,3.0,0.0,0.40625
1.0,-2.0,2.0,-1.0,0.0,3.0,3.0,4.0,0.40625
1.0,-2.0,2.0,-2.0,0.0,-1.0,-1.0,4.0,0.40625
1.0,-2.0,2.0,-2.0,1.0,-1.0,1.0,4.0,0.40625
0.0,-2.0,0.0,-2.0,1.0,-3.0,1.0,0.0,0.40625
0.0,-2.0,0.0,-2.0,1.0,-3.0,4.0,2.0,0.40625
0.0,-2.0,0.0,-2.0,1.0,-3.0,1.0,0.0,0.40625
0.0,-2.0,0.0,-2.0,1.0,-2.0,1.0,2.0,0.40625
0.0,-3.0,0.0,-2.0,-1.0,-2.0,-1.0,0.0,0.40625
0.0,0.0,0.0,0.0,0.0,0.0,1.0,2.0,0.21875
0.0,0.0,0.0,0.0,0.0,-1.0,1.0,0.0,0.21875
0.0,0.0,0.0,1.0,0.0,1.0,1.0,0.0,0.21875
0.0,0.0,0.0,1.0,0.0,1.0,0.0,-2.0,0.21875
0.0,0.0,0.0,1.0,0.0,2.0,2.0,0.0,0.21875
0.0,0.0,-1.0,1.0,0.0,0.0,2.0,0.0,0.21875
0.0,0.0,-1.0,1.0,0.0,0.0,3.0,2.0,0.21875
0.0,-1.0,-1.0,-1.0,0.0,0.0,3.0,2.0,0.21875
1.0,-1.0,1.0,-1.0,0.0,2.0,3.0,4.0,0.21875
1.0,-2.0,-1.0,-1.0,0.0,2.0,3.0,4.0,0.21875
1.0,-2.0,-1.0,-2.0,0.0,-2.0,-1.0,4.0,0.21875
1.0,-2.0,-1.0,-1.0,0.0,-2.0,1.0,4.0,0.21875
1.0,-2.0,-1.0,-2.0,0.0,-2.0,-1.0,2.0,0.21875
1.0,-1.0,-1.0,0.0,0.0,0.0,-1.0,2.0,0.21875
1.0,-1.0,-1.0,0.0,0.0,0.0,-2.0,-2.0,0.21875
1.0,-1.0,-1.0,1.0,0.0,0.0,0.0,-2.0,0.21875
1.0,-2.0,-1.0,-1.0,0.0,0.0,-2.0,-2.0,0.21875
1.0,-1.0,-1.0,1.0,0.0,0.0,-2.0,-2.0,0.21875
1.0,-1.0,-1.0,1.0,-1.0,0.0,-4.0,-2.0,0.21875
0.0,0.0,0.0,0.0,0.0,0.0,1.0,2.0,0.21875
0.0,0.0,0.0,0.0,0.0,-1.0,1.0,0.0,0.21875
0.0,0.0,0.0,1.0,0.0,1.0,1.0,0.0,0.21875
0.0,0.0,0.0,1.0,0.0,1.0,0.0,-2.0,0.21875
0.0,0.0,0.0,1.0,0.0,2.0,2.0,0.0,0.21875
0.0,0.0,-1.0,1.0,0.0,0.0,2.0,0.0,0.21875
0.0,0.0,-1.0,1.0,0.0,0.0,3.0,2.0,0.21875
0.0,-1.0,-1.0,-1.0,0.0,0.0,3.0,2.0,0.21875
1.0,-1.0,1.0,-1.0,0.0,2.0,3.0,4.0,0.21875
1.0,-2.0,-1.0,-1.0,0.0,2.0,3.0,4.0,0.21875
1.0,-2.0,-1.0,-1.0,0.0,-1.0,3.0,0.0,0.21875
1.0,-2.0,2.0,-1.0,0.0,3.0,3.0,4.0,0.21875
1.0,-2.0,2.0,-2.0,0.0,-1.0,-1.0,4.0,0.21875
1.0,-2.0,2.0,0.0,1.0,-1.0,-1.0,4.0,0.21875
0.0,-2.0,0.0,0.0,1.0,-3.0,-1.0,0.0,0.21875
0.0,-1.0,0.0,2.0,1.0,1.0,3.0,0.0,0.21875
0.0,-1.0,0.0,2.0,0.0,1.0,1.0,0.0,0.21875
0.0,-1.0,0.0,3.0,0.0,3.0,1.0,0.0,0.21875
0.0,-2.0,0.0,3.0,-2.0,1.0,1.0,0.0,0.21875
0.0,0.0,0.0,0.0,0.0,0.0,1.0,2.0,0.46875
0.0,0.0,0.0,0.0,0.0,-1.0,1.0,0.0,0.46875
0.0,0.0,0.0,1.0,0.0,1.0,1.0,0.0,0.46875
0.0,0.0,0.0,1.0,0.0,1.0,0.0,-2.0,0.46875
0.0,0.0,0.0,1.0,0.0,2.0,2.0,0.0,0.46875
0.0,0.0,-1.0,1.0,0.0,0.0,2.0,0.0,0.46875
0.0,0.0,-1.0,1.0,0.0,0.0,3.0,2.0,0.46875
0.0,-1.0,-1.0,-1.0,0.0,0.0,3.0,2.0,0.46875
1.0,-1.0,1.0,-1.0,0.0,2.0,3.0,4.0,0.46875
1.0,-2.0,-1.0,-1.0,0.0,2.0,3.0,4.0,0.46875
1.0,-2.0,-1.0,-1.0,0.0,-1.0,3.0,0.0,0.46875
1.0,-2.0,2.0,-1.0,0.0,3.0,3.0,4.0,0.46875
1.0,-2.0,2.0,-2.0,0.0,-1.0,-1.0,4.0,0.46875
1.0,-2.0,2.0,0.0,1.0,-1.0,-1.0,4.0,0.46875
0.0,-2.0,0.0,0.0,1.0,-3.0,-1.0,0.0,0.46875
0.0,-1.0,0.0,2.0,1.0,1.0,3.0,0.0,0.46875
0.0,-1.0,0.0,2.0,0.0,1.0,1.0,0.0,0.46875
0.0,-1.0,0.0,3.0,0.0,3.0,1.0,0.0,0.46875
0.0,-2.0,0.0,3.0,-2.0,1.0,1.0,0.0,0.46875
0.0,0.0,0.0,0.0,0.0,0.0,1.0,2.0,-0.1875
0.0,0.0,0.0,0.0,0.0,-1.0,1.0,0.0,-0.1875
0.0,0.0,0.0,1.0,0.0,1.0,1.0,0.0,-0.1875
0.0,0.0,0.0,1.0,0.0,1.0,0.0,-2.0,-0.1875
0.0,0.0,0.0,1.0,0.0,2.0,2.0,0.0,-0.1875
0.0,0.0,-1.0,1.0,0.0,0.0,2.0,0.0,-0.1875
0.0,0.0,-1.0,1.0,0.0,0.0,3.0,2.0,-0.1875
0.0,0.0,-1.0,0.0,0.0,-2.0,-1.0,2.0,-0.1875
0.0,1.0,-1.0,2.0,0.0,2.0,3.0,2.0,-0.1875
0.0,1.0,-1.0,1.0,0.0,2.0,1.0,2.0,-0.1875
0.0,2.0,-1.0,3.0,0.0,2.0,1.0,2.0,-0.1875
0.0,1.0,-1.0,1.0,0.0,0.0,-1.0,2.0,-0.1875
1.0,1.0,1.0,1.0,0.0,2.0,-1.0,4.0,-0.1875
1.0,1.0,1.0,1.0,0.0,2.0,-2.0,0.0,-0.1875
1.0,1.0,1.0,3.0,1.0,2.0,-2.0,0.0,-0.1875
1.0,1.0,1.0,3.0,0.0,2.0,-4.0,-2.0,-0.1875
1.0,1.0,1.0,3.0,0.0,3.0,-4.0,0.0,-0.1875
1.0,1.0,1.0,2.0,0.0,1.0,-4.0,0.0,-0.1875
1.0,2.0,1.0,2.0,2.0,1.0,-2.0,2.0,-0.1875
0.0,0.0,0.0,0.0,0.0,0.0,1.0,2.0,-0.03125
0.0,0.0,0.0,0.0,0.0,-1.0,1.0,0.0,-0.03125
0.0,0.0,0.0,1.0,0.0,1.0,1.0,0.0,-0.03125
0.0,0.0,0.0,1.0,0.0,1.0,0.0,-2.0,-0.03125
0.0,0.0,0.0,1.0,0.0,2.0,2.0,0.0,-0.03125
0.0,0.0,-1.0,1.0,0.0,0.0,2.0,0.0,-0.03125
0.0,0.0,-1.0,1.0,0.0,0.0,3.0,2.0,-0.03125
0.0,-1.0,-1.0,-1.0,0.0,0.0,3.0,2.0,-0.03125
1.0,-1.0,1.0,-1.0,0.0,2.0,3.0,4.0,-0.03125
1.0,-2.0,-1.0,-1.0,0.0,2.0,3.0,4.0,-0.03125
1.0,-2.0,-1.0,-1.0,0.0,-1.0,3.0,0.0,-0.03125
1.0,-2.0,2.0,-1.0,0.0,3.0,3.0,4.0,-0.03125
1.0,-2.0,2.0,-2.0,0.0,-1.0,-1.0,4.0,-0.03125
1.0,-2.0,2.0,0.0,1.0,-1.0,-1.0,4.0,-0.03125
0.0,-2.0,0.0,0.0,1.0,-3.0,-1.0,0.0,-0.03125
0.0,-1.0,0.0,2.0,1.0,1.0,3.0,0.0,-0.03125
0.0,-1.0,0.0,2.0,0.0,1.0,1.0,0.0,-0.03125
0.0,-1.0,0.0,3.0,0.0,3.0,1.0,0.0,-0.03125
0.0,-2.0,0.0,3.0,-2.0,1.0,1.0,0.0,-0.03125
0.0,0.0,0.0,0.0,0.0,0.0,1.0,2.0,-0.03125
0.0,0.0,0.0,0.0,0.0,-1.0,1.0,0.0,-0.03125
0.0,0.0,0.0,1.0,0.0,1.0,1.0,0.0,-0.03125
0.0,0.0,0.0,1.0,0.0,1.0,0.0,-2.0,-0.03125
0.0,0.0,0.0,1.0,0.0,2.0,2.0,0.0,-0.03125
0.0,0.0,-1.0,1.0,0.0,0.0,2.0,0.0,-0.03125
0.0,0.0,-1.0,1.0,0.0,0.0,3.0,2.0,-0.03125
0.0,-1.0,-1.0,-1.0,0.0,0.0,3.0,2.0,-0.03125
1.0,-1.0,1.0,-1.0,0.0,2.0,3.0,4.0,-0.03125
1.0,-2.0,-1.0,-1.0,0.0,2.0,3.0,4.0,-0.03125
1.0,-2.0,-1.0,-1.0,0.0,-1.0,3.0,0.0,-0.03125
1.0,-2.0,2.0,-1.0,0.0,3.0,3.0,4.0,-0.03125
1.0,-2.0,2.0,-2.0,0.0,-1.0,-1.0,4.0,-0.03125
1.0,-2.0,2.0,0.0,1.0,-1.0,-1.0,4.0,-0.03125
0.0,-2.0,0.0,0.0,1.0,-3.0,-1.0,0.0,-0.03125
0.0,-1.0,0.0,2.0,1.0,1.0,3.0,0.0,-0.03125
0.0,-1.0,0.0,2.0,0.0,1.0,1.0,0.0,-0.03125
0.0,-1.0,0.0,3.0,0.0,3.0,1.0,0.0,-0.03125
0.0,-2.0,0.0,3.0,-2.0,1.0,1.0,0.0,-0.03125
0.0,0.0,0.0,0.0,0.0,0.0,1.0,2.0,0.21875
0.0,0.0,0.0,0.0,0.0,-1.0,1.0,0.0,0.21875
0.0,0.0,0.0,1.0,0.0,1.0,1.0,0.0,0.21875
0.0,0.0,0.0,1.0,0.0,1.0,0.0,-2.0,0.21875
0.0,0.0,0.0,1.0,0.0,2.0,2.0,0.0,0.21875
0.0,0.0,-1.0,1.0,0.0,0.0,2.0,0.0,0.21875
0.0,0.0,-1.0,1.0,0.0,0.0,3.0,2.0,0.21875
0.0,0.0,-1.0,0.0,0.0,0.0,1.0,2.0,0.21875
0.0,0.0,-1.0,0.0,0.0,0.0,2.0,4.0,0.21875
0.0,0.0,-1.0,0.0,0.0,-1.0,2.0,0.0,0.21875
0.0,0.0,-1.0,1.0,0.0,1.0,2.0,0.0,0.21875
0.0,-1.0,-1.0,-1.0,0.0,-1.0,0.0,0.0,0.21875
0.0,-1.0,-1.0,0.0,0.0,1.0,0.0,0.0,0.21875
0.0,-1.0,-1.0,0.0,0.0,-1.0,-1.0,-2.0,0.21875
1.0,-1.0,1.0,0.0,0.0,1.0,-1.0,2.0,0.21875
1.0,-2.0,1.0,-2.0,0.0,-1.0,-3.0,2.0,0.21875
1.0,-1.0,1.0,0.0,0.0,-1.0,-3.0,2.0,0.21875
1.0,-1.0,1.0,0.0,0.0,-1.0,-4.0,-4.0,0.21875
1.0,2.0,1.0,0.0,0.0,-1.0,-4.0,-4.0,0.21875
0.0,0.0,0.0,0.0,0.0,0.0,1.0,2.0,0.4375
0.0,0.0,0.0,0.0,0.0,-1.0,1.0,0.0,0.4375
0.0,0.0,0.0,1.0,0.0,1.0,1.0,0.0,0.4375
0.0,0.0,0.0,1.0,0.0,1.0,0.0,-2.0,0.4375
0.0,0.0,0.0,1.0,0.0,1.0,1.0,2.0,0.4375
0.0,-1.0,0.0,-1.0,0.0,-1.0,-1.0,2.0,0.4375
0.0,-1.0,0.0,-1.0,1.0,-1.0,1.0,4.0,0.4375
0.0,-2.0,0.0,-1.0,-1.0,-1.0,1.0,4.0,0.4375
0.0,-2.0,0.0,-1.0,0.0,-1.0,3.0,4.0,0.4375
0.0,-2.0,0.0,-1.0,0.0,-1.0,0.0,0.0,0.4375
0.0,-2.0,0.0,-1.0,0.0,0.0,0.0,2.0,0.4375
0.0,-3.0,0.0,-1.0,-2.0,0.0,0.0,2.0,0.4375
0.0,-3.0,0.0,-1.0,-2.0,0.0,3.0,2.0,0.4375
0.0,-3.0,0.0,-2.0,-2.0,0.0,1.0,0.0,0.4375
0.0,-3.0,0.0,-2.0,-1.0,0.0,3.0,0.0,0.4375
0.0,-3.0,-1.0,-2.0,-1.0,-2.0,3.0,-2.0,0.4375
0.0,-2.0,-1.0,-2.0,1.0,-2.0,5.0,2.0,0.4375
0.0,-5.0,-1.0,-2.0,-1.0,-2.0,5.0,2.0,0.4375
1.0,-5.0,1.0,-2.0,-1.0,0.0,5.0,2.0,0.4375
0.0,0.0,0.0,0.0,0.0,0.0,1.0,2.0,-0.375
0.0,0.0,0.0,0.0,0.0,-1.0,1.0,0.0,-0.375
0.0,0.0,0.0,1.0,0.0,1.0,1.0,0.0,-0.375
0.0,0.0,0.0,1.0,0.0,1.0,0.0,-2.0,-0.375
0.0,0.0,0.0,1.0,0.0,2.0,0.0,2.0,-0.375
0.0,0.0,0.0,1.0,0.0,2.0,-1.0,0.0,-0.375
0.0,0.0,0.0,1.0,0.0,2.0,0.0,4.0,-0.375
0.0,0.0,0.0,1.0,-1.0,2.0,-2.0,0.0,-0.375
0.0,1.0,0.0,1.0,1.0,2.0,-2.0,0.0,-0.375
0.0,1.0,0.0,0.0,1.0,0.0,-4.0,0.0,-0.375
0.0,1.0,0.0,0.0,2.0,0.0,0.0,4.0,-0.375
0.0,1.0,0.0,-1.0,2.0,0.0,-2.0,2.0,-0.375
0.0,1.0,0.0,-1.0,3.0,0.0,0.0,4.0,-0.375
0.0,0.0,0.0,-1.0,1.0,0.0,-2.0,0.0,-0.375
0.0,3.0,0.0,-1.0,1.0,0.0,-2.0,0.0,-0.375
0.0,2.0,0.0,-3.0,1.0,-2.0,-2.0,0.0,-0.375
0.0,3.0,0.0,-1.0,1.0,0.0,-2.0,0.0,-0.375
0.0,2.0,0.0,-1.0,-1.0,0.0,-4.0,-2.0,-0.375
0.0,2.0,1.0,-1.0,-1.0,2.0,-4.0,2.0,-0.375
0.0,0.0,0.0,0.0,0.0,0.0,1.0,2.0,0.5625
0.0,0.0,0.0,0.0,0.0,-1.0,1.0,0.0,0.5625
0.0,0.0,0.0,1.0,0.0,1.0,1.0,0.0,0.5625
0.0,0.0,0.0,1.0,0.0,1.0,0.0,-2.0,0.5625
0.0,0.0,0.0,1.0,0.0,2.0,2.0,0.0,0.5625
0.0,0.0,-1.0,1.0,0.0,0.0,2.0,0.0,0.5625
0.0,0.0,-1.0,1.0,0.0,0.0,3.0,2.0,0.5625
0.0,-1.0,-1.0,-1.0,0.0,0.0,3.0,2.0,0.5625
1.0,-1.0,1.0,-1.0,0.0,2.0,3.0,4.0,0.5625
1.0,-2.0,-1.0,-1.0,0.0,2.0,3.0,4.0,0.5625
1.0,-2.0,-1.0,-1.0,0.0,-1.0,3.0,0.0,0.5625
1.0,-2.0,2.0,-1.0,0.0,3.0,3.0,4.0,0.5625
1.0,-2.0,2.0,-2.0,0.0,-1.0,-1.0,4.0,0.5625
1.0,-2.0,2.0,0.0,1.0,-1.0,-1.0,4.0,0.5625
0.0,-2.0,0.0,0.0,1.0,-3.0,-1.0,0.0,0.5625
0.0,-1.0,0.0,2.0,1.0,1.0,3.0,0.0,0.5625
0.0,-1.0,0.0,2.0,0.0,1.0,1.0,0.0,0.5625
0.0,-1.0,0.0,3.0,0.0,3.0,1.0,0.0,0.5625
0.0,-2.0,0.0,3.0,-2.0,1.0,1.0,0.0,0.5625
0.0,0.0,0.0,0.0,0.0,0.0,1.0,2.0,0.09375
0.0,0.0,0.0,0.0,0.0,-1.0,1.0,0.0,0.09375
0.0,0.0,0.0,1.0,0.0,1.0,1.0,0.0,0.09375
0.0,0.0,0.0,1.0,0.0,1.0,0.0,-2.0,0.09375
0.0,0.0,0.0,1.0,0.0,2.0,2.0,0.0,0.09375
0.0,0.0,-1.0,1.0,0.0,0.0,2.0,0.0,0.09375
0.0,0.0,-1.0,1.0,0.0,0.0,3.0,2.0,0.09375
0.0,-1.0,-1.0,-1.0,0.0,0.0,3.0,2.0,0.09375
1.0,-1.0,1.0,-1.0,0.0,2.0,3.0,4.0,0.09375
1.0,-2.0,-1.0,-1.0,0.0,2.0,3.0,4.0,0.09375
1.0,-2.0,-1.0,-1.0,0.0,-1.0,3.0,0.0,0.09375
1.0,-2.0,2.0,-1.0,0.0,3.0,3.0,4.0,0.09375
1.0,-2.0,2.0,-2.0,0.0,-1.0,-1.0,4.0,0.09375
1.0,-2.0,2.0,0.0,1.0,-1.0,-1.0,4.0,0.09375
1.0,-2.0,2.0,0.0,1.0,-2.0,-1.0,0.0,0.09375
1.0,-2.0,2.0,0.0,2.0,0.0,1.0,0.0,0.09375
1.0,-3.0,2.0,0.0,0.0,0.0,-1.0,-2.0,0.09375
1.0,-2.0,2.0,2.0,0.0,2.0,3.0,-2.0,0.09375
0.0,-2.0,0.0,2.0,0.0,0.0,3.0,-4.0,0.09375
0.0,0.0,0.0,0.0,0.0,0.0,1.0,2.0,0.03125
0.0,0.0,0.0,0.0,0.0,-1.0,1.0,0.0,0.03125
0.0,0.0,0.0,1.0,0.0,1.0,1.0,0.0,0.03125
0.0,0.0,0.0,1.0,0.0,1.0,0.0,-2.0,0.03125
0.0,0.0,0.0,1.0,0.0,2.0,2.0,0.0,0.03125
0.0,0.0,-1.0,1.0,0.0,0.0,2.0,0.0,0.03125
0.0,0.0,-1.0,1.0,0.0,0.0,3.0,2.0,0.03125
0.0,-1.0,-1.0,-1.0,0.0,0.0,3.0,2.0,0.03125
1.0,-1.0,1.0,-1.0,0.0,2.0,3.0,4.0,0.03125
1.0,-2.0,-1.0,-1.0,0.0,2.0,3.0,4.0,0.03125
1.0,-2.0,-1.0,-1.0,0.0,-1.0,3.0,0.0,0.03125
1.0,-2.0,2.0,-1.0,0.0,3.0,3.0,4.0,0.03125
1.0,-2.0,2.0,-2.0,0.0,-1.0,-1.0,4.0,0.03125
1.0,-2.0,2.0,0.0,1.0,-1.0,-1.0,4.0,0.03125
0.0,-2.0,0.0,0.0,1.0,-3.0,-1.0,0.0,0.03125
0.0,-1.0,0.0,2.0,1.0,1.0,3.0,0.0,0.03125
0.0,-1.0,0.0,2.0,0.0,1.0,1.0,0.0,0.03125
0.0,-1.0,0.0,3.0,0.0,3.0,1.0,0.0,0.03125
0.0,-2.0,0.0,3.0,-2.0,1.0,1.0,0.0,0.03125
0.0,0.0,0.0,0.0,0.0,0.0,1.0,2.0,0.1875
0.0,0.0,0.0,0.0,0.0,-1.0,1.0,0.0,0.1875
0.0,0.0,0.0,1.0,0.0,1.0,1.0,0.0,0.1875
0.0,0.0,0.0,1.0,0.0,1.0,0.0,-2.0,0.1875
0.0,0.0,0.0,1.0,0.0,2.0,0.0,2.0,0.1875
0.0,0.0,0.0,1.0,0.0,2.0,-1.0,0.0,0.1875
0.0,0.0,0.0,1.0,0.0,3.0,-1.0,2.0,0.1875
0.0,0.0,0.0,1.0,0.0,3.0,-2.0,0.0,0.1875
0.0,0.0,0.0,2.0,0.0,3.0,0.0,0.0,0.1875
0.0,0.0,0.0,2.0,-1.0,3.0,-4.0,-4.0,0.1875
0.0,1.0,0.0,2.0,1.0,3.0,-4.0,-4.0,0.1875
0.0,0.0,0.0,0.0,1.0,1.0,-4.0,-4.0,0.1875
0.0,0.0,0.0,0.0,2.0,1.0,0.0,0.0,0.1875
0.0,0.0,0.0,0.0,2.0,1.0,-1.0,-4.0,0.1875
0.0,0.0,1.0,0.0,2.0,3.0,-1.0,0.0,0.1875
0.0,0.0,1.0,-1.0,2.0,1.0,-3.0,-2.0,0.1875
0.0,0.0,1.0,-1.0,3.0,3.0,-3.0,-2.0,0.1875
-1.0,0.0,-1.0,-1.0,3.0,1.0,-3.0,-4.0,0.1875
-1.0,1.0,-1.0,1.0,3.0,1.0,-3.0,-4.0,0.1875
0.0,0.0,0.0,0.0,0.0,0.0,1.0,2.0,0.15625
0.0,0.0,0.0,0.0,0.0,-1.0,1.0,0.0,0.15625
0.0,0.0,0.0,1.0,0.0,1.0,1.0,0.0,0.15625
0.0,0.0,0.0,1.0,0.0,1.0,0.0,-2.0,0.15625
0.0,0.0,0.0,1.0,0.0,2.0,2.0,0.0,0.15625
0.0,0.0,-1.0,1.0,0.0,0.0,2.0,0.0,0.15625
0.0,0.0,-1.0,1.0,0.0,0.0,3.0,2.0,0.15625
0.0,-1.0,-1.0,-1.0,0.0,0.0,3.0,2.0,0.15625
0.0,-1.0,-1.0,-1.0,0.0,0.0,4.0,4.0,0.15625
0.0,-1.0,-1.0,-1.0,0.0,-1.0,4.0,0.0,0.15625
0.0,-1.0,-1.0,-1.0,0.0,-1.0,5.0,2.0,0.15625
0.0,-1.0,-1.0,-1.0,0.0,-1.0,2.0,0.0,0.15625
0.0,-1.0,-1.0,0.0,0.0,1.0,6.0,0.0,0.15625
0.0,-1.0,-1.0,0.0,-1.0,1.0,4.0,0.0,0.15625
0.0,-1.0,-1.0,0.0,0.0,1.0,6.0,0.0,0.15625
0.0,-1.0,-2.0,0.0,0.0,-1.0,6.0,-2.0,0.15625
0.0,-1.0,-2.0,1.0,0.0,1.0,6.0,-2.0,0.15625
0.0,-2.0,-2.0,1.0,-2.0,1.0,4.0,-2.0,0.15625
1.0,-2.0,0.0,1.0,-2.0,1.0,4.0,-2.0,0.15625
0.0,0.0,0.0,0.0,0.0,0.0,1.0,2.0,-0.1875
0.0,0.0,0.0,0.0,0.0,-1.0,1.0,0.0,-0.1875
0.0,0.0,0.0,1.0,0.0,1.0,1.0,0.0,-0.1875
0.0,0.0,0.0,1.0,0.0,1.0,0.0,-2.0,-0.1875
0.0,0.0,0.0,1.0,0.0,2.0,2.0,0.0,-0.1875
0.0,0.0,0.0,1.0,-1.0,2.0,0.0,-2.0,-0.1875
0.0,1.0,0.0,1.0,1.0,2.0,0.0,-2.0,-0.1875
0.0,0.0,0.0,-1.0,1.0,0.0,-2.0,-2.0,-0.1875
0.0,0.0,0.0,-1.0,2.0,0.0,0.0,0.0,-0.1875
0.0,0.0,0.0,-1.0,2.0,0.0,-1.0,-4.0,-0.1875
0.0,0.0,0.0,-1.0,2.0,0.0,0.0,0.0,-0.1875
0.0,0.0,0.0,-1.0,1.0,0.0,-2.0,0.0,-0.1875
0.0,0.0,0.0,-1.0,2.0,0.0,0.0,0.0,-0.1875
0.0,0.0,0.0,-2.0,2.0,0.0,-2.0,0.0,-0.1875
0.0,1.0,0.0,-2.0,4.0,0.0,-2.0,0.0,-0.1875
0.0,0.0,0.0,-2.0,2.0,0.0,-4.0,-4.0,-0.1875
0.0,0.0,0.0,-2.0,3.0,2.0,0.0,-4.0,-0.1875
0.0,-1.0,0.0,-2.0,1.0,2.0,0.0,-4.0,-0.1875
0.0,-1.0,0.0,-2.0,1.0,2.0,1.0,0.0,-0.1875
0.0,0.0,0.0,0.0,0.0,0.0,1.0,2.0,0.0
0.0,0.0,0.0,0.0,0.0,-1.0,1.0,0.0,0.0
0.0,0.0,0.0,1.0,0.0,1.0,1.0,0.0,0.0
0.0,0.0,0.0,1.0,0.0,1.0,0.0,-2.0,0.0
0.0,0.0,0.0,1.0,0.0,2.0,2.0,0.0,0.0
0.0,0.0,-1.0,1.0,0.0,0.0,2.0,0.0,0.0
0.0,0.0,-1.0,1.0,0.0,0.0,3.0,2.0,0.0
0.0,-1.0,-1.0,-1.0,0.0,0.0,3.0,2.0,0.0
1.0,-1.0,1.0,-1.0,0.0,2.0,3.0,4.0,0.0
1.0,-1.0,1.0,-2.0,0.0,-2.0,-1.0,4.0,0.0
1.0,-1.0,1.0,0.0,1.0,-2.0,-1.0,4.0,0.0
1.0,-1.0,1.0,0.0,1.0,-3.0,-1.0,0.0,0.0
1.0,0.0,1.0,2.0,1.0,1.0,3.0,0.0,0.0
1.0,0.0,1.0,2.0,0.0,1.0,1.0,-2.0,0.0
1.0,0.0,1.0,2.0,0.0,1.0,2.0,2.0,0.0
1.0,0.0,1.0,2.0,-2.0,1.0,1.0,2.0,0.0
1.0,1.0,1.0,2.0,0.0,1.0,1.0,2.0,0.0
1.0,1.0,1.0,1.0,0.0,1.0,-1.0,0.0,0.0
1.0,2.0,1.0,3.0,0.0,1.0,-1.0,0.0,0.0
0.0,0.0,0.0,0.0,0.0,0.0,1.0,2.0,0.28125
0.0,0.0,0.0,0.0,0.0,-1.0,1.0,0.0,0.28125
0.0,0.0,0.0,1.0,0.0,1.0,1.0,0.0,0.28125
0.0,0.0,-1.0,1.0,0.0,-1.0,1.0,0.0,0.28125
0.0,0.0,-1.0,1.0,0.0,-1.0,2.0,2.0,0.28125
0.0,0.0,-1.0,1.0,0.0,-1.0,-1.0,0.0,0.28125
1.0,0.0,1.0,1.0,0.0,1.0,-1.0,0.0,0.28125
1.0,0.0,1.0,1.0,-1.0,1.0,-3.0,-2.0,0.28125
1.0,0.0,1.0,1.0,-1.0,2.0,1.0,0.0,0.28125
1.0,0.0,1.0,1.0,-2.0,2.0,-3.0,-2.0,0.28125
1.0,0.0,1.0,1.0,-2.0,3.0,-3.0,2.0,0.28125
1.0,0.0,1.0,1.0,-2.0,3.0,-4.0,-2.0,0.28125
1.0,1.0,1.0,1.0,0.0,3.0,-2.0,0.0,0.28125
1.0,1.0,1.0,1.0,0.0,3.0,-3.0,-4.0,0.28125
1.0,1.0,1.0,1.0,0.0,4.0,-3.0,0.0,0.28125
1.0,1.0,1.0,1.0,0.0,4.0,-4.0,-2.0,0.28125
1.0,2.0,1.0,1.0,2.0,4.0,-2.0,0.0,0.28125
1.0,2.0,1.0,1.0,2.0,4.0,-3.0,-2.0,0.28125
1.0,2.0,1.0,1.0,2.0,4.0,0.0,4.0,0.28125
0.0,0.0,0.0,0.0,0.0,0.0,1.0,2.0,0.65625
0.0,0.0,0.0,0.0,0.0,-1.0,1.0,0.0,0.65625
0.0,0.0,0.0,1.0,0.0,1.0,1.0,0.0,0.65625
0.0,0.0,0.0,1.0,0.0,1.0,0.0,-2.0,0.65625
0.0,0.0,0.0,1.0,0.0,2.0,2.0,0.0,0.65625
0.0,0.0,-1.0,1.0,0.0,0.0,2.0,0.0,0.65625
0.0,0.0,-1.0,1.0,0.0,0.0,3.0,2.0,0.65625
0.0,0.0,-1.0,-1.0,-1.0,0.0,3.0,2.0,0.65625
0.0,1.0,-1.0,1.0,-1.0,2.0,3.0,2.0,0.65625
0.0,1.0,-1.0,1.0,-1.0,2.0,0.0,-2.0,0.65625
0.0,1.0,-1.0,1.0,-1.0,2.0,3.0,2.0,0.65625
0.0,1.0,-1.0,1.0,-2.0,2.0,1.0,0.0,0.65625
0.0,2.0,-1.0,1.0,0.0,2.0,1.0,0.0,0.65625
0.0,2.0,-1.0,1.0,0.0,1.0,-1.0,-2.0,0.65625
0.0,3.0,-1.0,1.0,2.0,1.0,3.0,2.0,0.65625
0.0,3.0,-1.0,-1.0,-1.0,1.0,3.0,2.0,0.65625
0.0,4.0,-1.0,-1.0,1.0,1.0,3.0,2.0,0.65625
0.0,4.0,-1.0,-1.0,0.0,-1.0,3.0,2.0,0.65625
0.0,5.0,-1.0,-1.0,2.0,-1.0,3.0,2.0,0.65625
0.0,0.0,0.0,0.0,0.0,0.0,1.0,2.0,-0.46875
0.0,0.0,0.0,0.0,0.0,-1.0,1.0,0.0,-0.46875
0.0,0.0,0.0,1.0,0.0,1.0,1.0,0.0,-0.46875
0.0,0.0,0.0,1.0,0.0,1.0,0.0,-2.0,-0.46875
0.0,0.0,0.0,1.0,0.0,2.0,2.0,0.0,-0.46875
0.0,0.0,-1.0,1.0,0.0,0.0,2.0,0.0,-0.46875
0.0,0.0,-1.0,1.0,0.0,0.0,3.0,2.0,-0.46875
0.0,-1.0,-1.0,-1.0,0.0,0.0,3.0,2.0,-0.46875
1.0,-1.0,1.0,-1.0,0.0,2.0,3.0,4.0,-0.46875
1.0,-2.0,-1.0,-1.0,0.0,2.0,3.0,4.0,-0.46875
1.0,-2.0,-1.0,-1.0,0.0,-1.0,3.0,0.0,-0.46875
1.0,-2.0,2.0,-1.0,0.0,3.0,3.0,4.0,-0.46875
1.0,-2.0,2.0,-2.0,0.0,-1.0,-1.0,4.0,-0.46875
1.0,-2.0,2.0,0.0,1.0,-1.0,-1.0,4.0,-0.46875
0.0,-2.0,0.0,0.0,1.0,-3.0,-1.0,0.0,-0.46875
0.0,-1.0,0.0,2.0,1.0,1.0,3.0,0.0,-0.46875
0.0,-1.0,0.0,2.0,0.0,1.0,1.0,-2.0,-0.46875
0.0,0.0,0.0,2.0,2.0,1.0,1.0,-2.0,-0.46875
0.0,-3.0,0.0,2.0,0.0,1.0,1.0,-2.0,-0.46875
0.0,0.0,0.0,0.0,0.0,0.0,1.0,2.0,0.15625
0.0,0.0,0.0,0.0,0.0,-1.0,1.0,0.0,0.15625
0.0,0.0,0.0,0.0,0.0,-1.0,2.0,2.0,0.15625
0.0,0.0,0.0,0.0,0.0,-1.0,-1.0,2.0,0.15625
0.0,0.0,0.0,0.0,1.0,-1.0,1.0,2.0,0.15625
0.0,-1.0,0.0,0.0,-1.0,-1.0,1.0,2.0,0.15625
0.0,-1.0,0.0,0.0,-1.0,-1.0,2.0,4.0,0.15625
0.0,-1.0,0.0,0.0,-1.0,-1.0,-1.0,4.0,0.15625
0.0,-1.0,0.0,1.0,-1.0,-1.0,1.0,4.0,0.15625
0.0,-2.0,0.0,-1.0,-1.0,-1.0,1.0,4.0,0.15625
0.0,-2.0,0.0,0.0,-1.0,1.0,3.0,4.0,0.15625
0.0,-2.0,0.0,0.0,-1.0,1.0,0.0,0.0,0.15625
0.0,-2.0,0.0,0.0,-1.0,2.0,2.0,0.0,0.15625
0.0,-3.0,0.0,-2.0,-1.0,2.0,0.0,-2.0,0.15625
0.0,-3.0,0.0,-2.0,0.0,2.0,2.0,-2.0,0.15625
0.0,-3.0,0.0,-3.0,0.0,2.0,0.0,-2.0,0.15625
0.0,-3.0,0.0,-3.0,0.0,3.0,0.0,0.0,0.15625
0.0,-4.0,0.0,-3.0,-2.0,3.0,0.0,0.0,0.15625
0.0,-3.0,0.0,-1.0,-2.0,3.0,0.0,0.0,0.15625
0.0,0.0,0.0,0.0,0.0,0.0,1.0,2.0,-0.125
0.0,0.0,0.0,0.0,0.0,-1.0,1.0,0.0,-0.125
0.0,0.0,0.0,1.0,0.0,1.0,1.0,0.0,-0.125
0.0,0.0,0.0,1.0,0.0,1.0,0.0,-2.0,-0.125
0.0,0.0,0.0,1.0,0.0,2.0,0.0,2.0,-0.125
0.0,-1.0,0.0,-1.0,0.0,0.0,-2.0,2.0,-0.125
0.0,-1.0,0.0,-1.0,0.0,1.0,-2.0,4.0,-0.125
0.0,-1.0,0.0,-1.0,0.0,1.0,-3.0,0.0,-0.125
0.0,-1.0,0.0,-1.0,0.0,2.0,-3.0,2.0,-0.125
0.0,-1.0,0.0,-2.0,0.0,0.0,-3.0,2.0,-0.125
0.0,-1.0,0.0,-2.0,1.0,0.0,-1.0,2.0,-0.125
0.0,-1.0,0.0,-2.0,1.0,0.0,-2.0,0.0,-0.125
0.0,-1.0,0.0,-1.0,1.0,0.0,0.0,0.0,-0.125
0.0,-2.0,0.0,-3.0,1.0,0.0,0.0,0.0,-0.125
0.0,-2.0,0.0,-3.0,1.0,0.0,3.0,0.0,-0.125
0.0,-3.0,0.0,-3.0,-1.0,0.0,1.0,0.0,-0.125
0.0,-3.0,0.0,-3.0,-1.0,0.0,4.0,4.0,-0.125
0.0,-3.0,0.0,-3.0,-1.0,0.0,1.0,2.0,-0.125
0.0,-3.0,0.0,-3.0,0.0,0.0,5.0,2.0,-0.125
0.0,0.0,0.0,0.0,0.0,0.0,1.0,2.0,-0.1875
0.0,0.0,0.0,0.0,0.0,-1.0,1.0,0.0,-0.1875
0.0,0.0,0.0,1.0,0.0,1.0,1.0,0.0,-0.1875
0.0,0.0,0.0,1.0,0.0,1.0,0.0,-2.0,-0.1875
0.0,0.0,0.0,1.0,0.0,2.0,2.0,0.0,-0.1875
0.0,0.0,-1.0,1.0,0.0,0.0,2.0,0.0,-0.1875
0.0,0.0,-1.0,1.0,0.0,0.0,3.0,2.0,-0.1875
0.0,-1.0,-1.0,-1.0,0.0,0.0,3.0,2.0,-0.1875
1.0,-1.0,1.0,-1.0,0.0,2.0,3.0,4.0,-0.1875
1.0,-2.0,-1.0,-1.0,0.0,2.0,3.0,4.0,-0.1875
1.0,-2.0,-1.0,-1.0,0.0,-1.0,3.0,0.0,-0.1875
1.0,-2.0,2.0,-1.0,0.0,3.0,3.0,4.0,-0.1875
1.0,-3.0,0.0,-1.0,0.0,3.0,3.0,4.0,-0.1875
1.0,2.0,0.0,-1.0,0.0,3.0,3.0,4.0,-0.1875
0.0,2.0,-2.0,-1.0,0.0,-1.0,3.0,0.0,-0.1875
0.0,2.0,0.0,1.0,1.0,-1.0,3.0,0.0,-0.1875
0.0,1.0,0.0,1.0,-1.0,-1.0,3.0,0.0,-0.1875
0.0,1.0,0.0,1.0,-1.0,-1.0,4.0,2.0,-0.1875
0.0,1.0,0.0,1.0,-2.0,-1.0,2.0,2.0,-0.1875
0.0,0.0,0.0,0.0,0.0,0.0,1.0,2.0,0.71875
0.0,0.0,0.0,0.0,0.0,-1.0,1.0,0.0,0.71875
0.0,0.0,0.0,1.0,0.0,1.0,1.0,0.0,0.71875
0.0,0.0,0.0,1.0,0.0,1.0,0.0,-2.0,0.71875
0.0,0.0,0.0,1.0,0.0,2.0,0.0,2.0,0.71875
0.0,-1.0,0.0,-1.0,0.0,0.0,-2.0,2.0,0.71875
0.0,-1.0,0.0,-1.0,0.0,1.0,-2.0,4.0,0.71875
0.0,-1.0,0.0,-1.0,0.0,1.0,-3.0,0.0,0.71875
0.0,-1.0,0.0,-1.0,0.0,2.0,-3.0,2.0,0.71875
0.0,-1.0,0.0,-2.0,0.0,0.0,-3.0,2.0,0.71875
0.0,-1.0,0.0,-2.0,1.0,0.0,-1.0,2.0,0.71875
0.0,-1.0,0.0,-2.0,1.0,0.0,-2.0,0.0,0.71875
0.0,-1.0,0.0,-1.0,1.0,0.0,0.0,0.0,0.71875
0.0,-2.0,0.0,-3.0,1.0,0.0,0.0,0.0,0.71875
0.0,-2.0,0.0,-3.0,1.0,0.0,1.0,2.0,0.71875
0.0,-3.0,0.0,-3.0,-1.0,0.0,-1.0,2.0,0.71875
0.0,-2.0,0.0,-1.0,-1.0,2.0,-1.0,2.0,0.71875
0.0,-2.0,0.0,-2.0,-1.0,0.0,-1.0,2.0,0.71875
0.0,-2.0,1.0,-2.0,-1.0,2.0,-1.0,2.0,0.71875
0.0,0.0,0.0,0.0,0.0,0.0,1.0,2.0,-0.0625
0.0,0.0,0.0,0.0,0.0,-1.0,1.0,0.0,-0.0625
0.0,0.0,0.0,1.0,0.0,1.0,1.0,0.0,-0.0625
0.0,0.0,0.0,1.0,0.0,1.0,0.0,-2.0,-0.0625
0.0,0.0,0.0,1.0,0.0,2.0,2.0,0.0,-0.0625
0.0,0.0,-1.0,1.0,0.0,0.0,2.0,0.0,-0.0625
0.0,0.0,-1.0,1.0,0.0,0.0,3.0,2.0,-0.0625
0.0,-1.0,-1.0,-1.0,0.0,0.0,3.0,2.0,-0.0625
1.0,-1.0,1.0,-1.0,0.0,2.0,3.0,4.0,-0.0625
1.0,-2.0,-1.0,-1.0,0.0,2.0,3.0,4.0,-0.0625
1.0,-2.0,-1.0,-1.0,0.0,-1.0,3.0,0.0,-0.0625
1.0,-2.0,2.0,-1.0,0.0,3.0,3.0,4.0,-0.0625
1.0,-2.0,2.0,-2.0,0.0,-1.0,-1.0,4.0,-0.0625
1.0,-2.0,2.0,0.0,1.0,-1.0,-1.0,4.0,-0.0625
0.0,-2.0,0.0,0.0,1.0,-3.0,-1.0,0.0,-0.0625
0.0,-1.0,0.0,2.0,1.0,1.0,3.0,0.0,-0.0625
0.0,-1.0,0.0,2.0,0.0,1.0,1.0,0.0,-0.0625
0.0,-1.0,0.0,3.0,0.0,3.0,1.0,0.0,-0.0625
0.0,-2.0,0.0,3.0,-2.0,1.0,1.0,0.0,-0.0625
0.0,0.0,0.0,0.0,0.0,0.0,1.0,2.0,-0.0625
0.0,0.0,0.0,0.0,0.0,-1.0,1.0,0.0,-0.0625
0.0,0.0,0.0,1.0,0.0,1.0,1.0,0.0,-0.0625
0.0,0.0,0.0,1.0,0.0,1.0,0.0,-2.0,-0.0625
0.0,0.0,0.0,1.0,0.0,2.0,2.0,0.0,-0.0625
0.0,0.0,-1.0,1.0,0.0,0.0,2.0,0.0,-0.0625
0.0,0.0,-1.0,1.0,0.0,0.0,3.0,2.0,-0.0625
0.0,0.0,-1.0,-1.0,-1.0,0.0,3.0,2.0,-0.0625
0.0,1.0,-1.0,1.0,-1.0,2.0,3.0,2.0,-0.0625
0.0,1.0,-1.0,1.0,-1.0,2.0,2.0,0.0,-0.0625
0.0,2.0,-1.0,1.0,1.0,2.0,2.0,0.0,-0.0625
0.0,2.0,-1.0,-1.0,-2.0,2.0,2.0,0.0,-0.0625
1.0,2.0,1.0,-1.0,-2.0,2.0,2.0,0.0,-0.0625
1.0,2.0,1.0,-1.0,-2.0,2.0,1.0,-4.0,-0.0625
1.0,2.0,1.0,2.0,2.0,2.0,1.0,-4.0,-0.0625
1.0,2.0,1.0,2.0,1.0,2.0,-3.0,-4.0,-0.0625
1.0,2.0,1.0,2.0,1.0,3.0,-3.0,0.0,-0.0625
1.0,2.0,1.0,2.0,1.0,3.0,-4.0,-2.0,-0.0625
1.0,3.0,1.0,2.0,3.0,3.0,-4.0,-2.0,-0.0625
0.0,0.0,0.0,0.0,0.0,0.0,1.0,2.0,0.5625
0.0,0.0,0.0,0.0,0.0,-1.0,1.0,0.0,0.5625
0.0,0.0,0.0,1.0,0.0,1.0,1.0,0.0,0.5625
0.0,0.0,0.0,1.0,0.0,1.0,0.0,-2.0,0.5625
0.0,0.0,0.0,1.0,0.0,2.0,2.0,0.0,0.5625
0.0,0.0,-1.0,1.0,0.0,0.0,2.0,0.0,0.5625
0.0,0.0,-1.0,1.0,0.0,0.0,3.0,2.0,0.5625
0.0,-1.0,-1.0,-1.0,0.0,0.0,3.0,2.0,0.5625
1.0,-1.0,1.0,-1.0,0.0,2.0,3.0,4.0,0.5625
1.0,-2.0,-1.0,-1.0,0.0,2.0,3.0,4.0,0.5625
1.0,-2.0,-1.0,-1.0,0.0,-1.0,3.0,0.0,0.5625
1.0,-2.0,-1.0,0.0,0.0,1.0,3.0,0.0,0.5625
1.0,-2.0,-1.0,0.0,-1.0,1.0,1.0,-2.0,0.5625
1.0,-1.0,-1.0,0.0,1.0,1.0,1.0,-2.0,0.5625
1.0,-4.0,-1.0,0.0,-1.0,1.0,1.0,-2.0,0.5625
1.0,-3.0,-1.0,0.0,1.0,1.0,1.0,-2.0,0.5625
1.0,-6.0,-1.0,0.0,1.0,1.0,1.0,-2.0,0.5625
1.0,-6.0,-1.0,0.0,1.0,1.0,4.0,2.0,0.5625
1.0,-6.0,-1.0,0.0,1.0,1.0,3.0,0.0,0.5625
0.0,0.0,0.0,0.0,0.0,0.0,1.0,2.0,0.125
0.0,0.0,0.0,0.0,0.0,-1.0,1.0,0.0,0.125
0.0,0.0,0.0,1.0,0.0,1.0,1.0,0.0,0.125
0.0,0.0,0.0,1.0,0.0,1.0,0.0,-2.0,0.125
0.0,0.0,0.0,1.0,0.0,2.0,2.0,0.0,0.125
0.0,0.0,-1.0,1.0,0.0,0.0,2.0,0.0,0.125
0.0,0.0,-1.0,1.0,0.0,0.0,3.0,2.0,0.125
0.0,-1.0,-1.0,-1.0,0.0,0.0,3.0,2.0,0.125
0.0,-1.0,-1.0,-1.0,0.0,0.0,4.0,4.0,0.125
0.0,-1.0,-1.0,-1.0,0.0,-1.0,4.0,0.0,0.125
0.0,-1.0,-1.0,-1.0,0.0,-1.0,5.0,2.0,0.125
0.0,-1.0,-1.0,-1.0,0.0,-1.0,2.0,0.0,0.125
0.0,-1.0,-1.0,0.0,0.0,1.0,6.0,0.0,0.125
0.0,-1.0,-1.0,0.0,-1.0,1.0,4.0,0.0,0.125
1.0,-1.0,1.0,0.0,-1.0,3.0,4.0,2.0,0.125
1.0,-2.0,1.0,-2.0,-1.0,1.0,2.0,2.0,0.125
1.0,-1.0,1.0,-2.0,1.0,1.0,4.0,2.0,0.125
1.0,-1.0,1.0,-3.0,1.0,-3.0,0.0,2.0,0.125
1.0,-1.0,2.0,-1.0,1.0,-1.0,0.0,4.0,0.125
0.0,0.0,0.0,0.0,0.0,0.0,1.0,2.0,0.625
0.0,0.0,0.0,0.0,0.0,-1.0,1.0,0.0,0.625
0.0,0.0,0.0,1.0,0.0,1.0,1.0,0.0,0.625
0.0,0.0,0.0,1.0,0.0,1.0,0.0,-2.0,0.625
0.0,0.0,0.0,1.0,0.0,2.0,2.0,0.0,0.625
0.0,0.0,-1.0,1.0,0.0,0.0,2.0,0.0,0.625
0.0,0.0,-1.0,1.0,0.0,0.0,3.0,2.0,0.625
0.0,0.0,-1.0,0.0,0.0,-2.0,-1.0,2.0,0.625
0.0,1.0,-1.0,2.0,0.0,2.0,3.0,2.0,0.625
0.0,1.0,-1.0,1.0,0.0,2.0,1.0,2.0,0.625
0.0,2.0,-1.0,3.0,0.0,2.0,1.0,2.0,0.625
0.0,1.0,-1.0,1.0,0.0,0.0,-1.0,2.0,0.625
1.0,1.0,1.0,1.0,0.0,2.0,-1.0,4.0,0.625
1.0,1.0,1.0,1.0,0.0,2.0,-2.0,0.0,0.625
1.0,1.0,1.0,3.0,1.0,2.0,-2.0,0.0,0.625
1.0,1.0,1.0,3.0,0.0,2.0,-4.0,-2.0,0.625
1.0,1.0,1.0,3.0,0.0,3.0,-4.0,0.0,0.625
1.0,1.0,1.0,2.0,0.0,1.0,-4.0,0.0,0.625
1.0,1.0,1.0,2.0,0.0,1.0,-3.0,2.0,0.625
0.0,0.0,0.0,0.0,0.0,0.0,1.0,2.0,0.25
0.0,0.0,0.0,0.0,0.0,-1.0,1.0,0.0,0.25
0.0,0.0,0.0,1.0,0.0,1.0,1.0,0.0,0.25
0.0,0.0,0.0,1.0,0.0,1.0,0.0,-2.0,0.25
0.0,0.0,0.0,1.0,0.0,2.0,2.0,0.0,0.25
0.0,0.0,-1.0,1.0,0.0,0.0,2.0,0.0,0.25
0.0,0.0,-1.0,1.0,0.0,0.0,3.0,2.0,0.25
0.0,-1.0,-1.0,-1.0,0.0,0.0,3.0,2.0,0.25
1.0,-1.0,1.0,-1.0,0.0,2.0,3.0,4.0,0.25
1.0,-2.0,-1.0,-1.0,0.0,2.0,3.0,4.0,0.25
1.0,-2.0,-1.0,-1.0,0.0,-1.0,3.0,0.0,0.25
1.0,-2.0,2.0,-1.0,0.0,3.0,3.0,4.0,0.25
1.0,-2.0,2.0,-2.0,0.0,-1.0,-1.0,4.0,0.25
1.0,-2.0,2.0,0.0,1.0,-1.0,-1.0,4.0,0.25
0.0,-2.0,0.0,0.0,1.0,-3.0,-1.0,0.0,0.25
0.0,-1.0,0.0,2.0,1.0,1.0,3.0,0.0,0.25
0.0,-1.0,0.0,2.0,0.0,1.0,1.0,0.0,0.25
0.0,-1.0,0.0,3.0,0.0,3.0,1.0,0.0,0.25
0.0,-2.0,0.0,3.0,-2.0,1.0,1.0,0.0,0.25
0.0,0.0,0.0,0.0,0.0,0.0,1.0,2.0,0.40625
0.0,0.0,0.0,0.0,0.0,-1.0,1.0,0.0,0.40625
0.0,0.0,0.0,1.0,0.0,1.0,1.0,0.0,0.40625
0.0,0.0,0.0,1.0,0.0,1.0,0.0,-2.0,0.40625
0.0,0.0,0.0,1.0,0.0,2.0,2.0,0.0,0.40625
0.0,0.0,-1.0,1.0,0.0,0.0,2.0,0.0,0.40625
0.0,0.0,-1.0,1.0,0.0,0.0,3.0,2.0,0.40625
0.0,-1.0,-1.0,-1.0,0.0,0.0,3.0,2.0,0.40625
1.0,-1.0,1.0,-1.0,0.0,2.0,3.0,4.0,0.40625
1.0,-2.0,-1.0,-1.0,0.0,2.0,3.0,4.0,0.40625
1.0,-2.0,-1.0,-2.0,0.0,-2.0,-1.0,4.0,0.40625
1.0,-2.0,-1.0,-1.0,0.0,-2.0,1.0,4.0,0.40625
1.0,-2.0,-1.0,-1.0,0.0,-3.0,1.0,0.0,0.40625
1.0,-1.0,-1.0,1.0,0.0,-1.0,1.0,0.0,0.40625
1.0,-1.0,-1.0,0.0,0.0,-1.0,-1.0,0.0,0.40625
1.0,-1.0,-1.0,0.0,1.0,-1.0,1.0,0.0,0.40625
1.0,-2.0,-1.0,0.0,-1.0,-1.0,-1.0,-2.0,0.40625
1.0,-2.0,0.0,0.0,-1.0,1.0,-1.0,2.0,0.40625
1.0,-2.0,0.0,0.0,-1.0,1.0,-2.0,0.0,0.40625
0.0,0.0,0.0,0.0,0.0,0.0,1.0,2.0,0.59375
0.0,0.0,0.0,0.0,0.0,-1.0,1.0,0.0,0.59375
0.0,0.0,0.0,1.0,0.0,1.0,1.0,0.0,0.59375
0.0,0.0,0.0,1.0,0.0,1.0,0.0,-2.0,0.59375
0.0,0.0,0.0,1.0,0.0,2.0,2.0,0.0,0.59375
0.0,0.0,-1.0,1.0,0.0,0.0,2.0,0.0,0.59375
0.0,0.0,-1.0,1.0,0.0,0.0,3.0,2.0,0.59375
0.0,-1.0,-1.0,-1.0,0.0,0.0,3.0,2.0,0.59375
1.0,-1.0,1.0,-1.0,0.0,2.0,3.0,4.0,0.59375
1.0,-2.0,-1.0,-1.0,0.0,2.0,3.0,4.0,0.59375
1.0,-2.0,-1.0,-1.0,0.0,-1.0,3.0,0.0,0.59375
1.0,-2.0,-1.0,-1.0,0.0,-1.0,4.0,2.0,0.59375
1.0,-2.0,-1.0,-1.0,0.0,-1.0,1.0,2.0,0.59375
1.0,-2.0,-1.0,0.0,0.0,1.0,5.0,2.0,0.59375
1.0,-2.0,-1.0,-1.0,0.0,-1.0,-1.0,2.0,0.59375
1.0,-2.0,-1.0,0.0,0.0,-1.0,1.0,2.0,0.59375
1.0,-2.0,-1.0,-2.0,-1.0,-1.0,1.0,2.0,0.59375
1.0,-1.0,-1.0,0.0,-1.0,-1.0,1.0,2.0,0.59375
1.0,-2.0,-1.0,-2.0,-1.0,-3.0,-1.0,2.0,0.59375
0.0,0.0,0.0,0.0,0.0,0.0,1.0,2.0,0.6875
0.0,0.0,0.0,0.0,0.0,-1.0,1.0,0.0,0.6875
0.0,0.0,0.0,1.0,0.0,1.0,1.0,0.0,0.6875
0.0,0.0,0.0,1.0,0.0,1.0,0.0,-2.0,0.6875
0.0,0.0,0.0,1.0,0.0,2.0,2.0,0.0,0.6875
0.0,0.0,-1.0,1.0,0.0,0.0,2.0,0.0,0.6875
0.0,0.0,-1.0,1.0,0.0,0.0,3.0,2.0,0.6875
0.0,-1.0,-1.0,-1.0,0.0,0.0,3.0,2.0,0.6875
1.0,-1.0,1.0,-1.0,0.0,2.0,3.0,4.0,0.6875
1.0,-2.0,-1.0,-1.0,0.0,2.0,3.0,4.0,0.6875
1.0,-2.0,-1.0,-1.0,0.0,-1.0,3.0,0.0,0.6875
1.0,-2.0,2.0,-1.0,0.0,3.0,3.0,4.0,0.6875
1.0,-2.0,2.0,-2.0,0.0,-1.0,-1.0,4.0,0.6875
1.0,-2.0,2.0,-2.0,1.0,-1.0,1.0,4.0,0.6875
0.0,-2.0,0.0,-2.0,1.0,-3.0,1.0,0.0,0.6875
0.0,-2.0,0.0,0.0,2.0,-1.0,1.0,0.0,0.6875
0.0,-3.0,0.0,0.0,0.0,-1.0,-1.0,0.0,0.6875
0.0,-2.0,0.0,2.0,0.0,1.0,3.0,0.0,0.6875
0.0,-3.0,0.0,2.0,-2.0,-1.0,3.0,0.0,0.6875
0.0,0.0,0.0,0.0,0.0,0.0,1.0,2.0,-0.1875
0.0,0.0,0.0,0.0,0.0,-1.0,1.0,0.0,-0.1875
0.0,0.0,0.0,0.0,0.0,-1.0,2.0,2.0,-0.1875
0.0,0.0,0.0,0.0,0.0,-1.0,-1.0,2.0,-0.1875
0.0,0.0,0.0,0.0,0.0,-1.0,0.0,4.0,-0.1875
0.0,0.0,0.0,0.0,0.0,-1.0,-3.0,2.0,-0.1875
0.0,0.0,0.0,0.0,1.0,-1.0,-1.0,2.0,-0.1875
0.0,-1.0,0.0,0.0,-1.0,-1.0,-1.0,2.0,-0.1875
0.0,-1.0,1.0,0.0,-1.0,1.0,-1.0,4.0,-0.1875
0.0,-1.0,1.0,0.0,-1.0,1.0,-4.0,-2.0,-0.1875
0.0,-1.0,1.0,0.0,0.0,1.0,-2.0,2.0,-0.1875
0.0,-2.0,1.0,0.0,-2.0,1.0,-2.0,2.0,-0.1875
0.0,-2.0,1.0,0.0,-2.0,2.0,2.0,4.0,-0.1875
0.0,-2.0,1.0,0.0,-3.0,2.0,-2.0,0.0,-0.1875
0.0,-2.0,1.0,0.0,-3.0,3.0,-2.0,2.0,-0.1875
0.0,-2.0,1.0,-1.0,-3.0,1.0,-2.0,2.0,-0.1875
0.0,-1.0,1.0,-1.0,-1.0,1.0,0.0,4.0,-0.1875
0.0,-4.0,1.0,-1.0,-1.0,1.0,0.0,4.0,-0.1875
0.0,-4.0,2.0,-1.0,-1.0,3.0,0.0,4.0,-0.1875
0.0,0.0,0.0,0.0,0.0,0.0,1.0,2.0,0.09375
0.0,0.0,0.0,0.0,0.0,-1.0,1.0,0.0,0.09375
0.0,0.0,0.0,1.0,0.0,1.0,1.0,0.0,0.09375
0.0,0.0,0.0,1.0,0.0,1.0,0.0,-2.0,0.09375
0.0,0.0,0.0,1.0,0.0,2.0,2.0,0.0,0.09375
0.0,0.0,-1.0,1.0,0.0,0.0,2.0,0.0,0.09375
0.0,0.0,-1.0,1.0,0.0,0.0,3.0,2.0,0.09375
0.0,-1.0,-1.0,-1.0,0.0,0.0,3.0,2.0,0.09375
1.0,-1.0,1.0,-1.0,0.0,2.0,3.0,4.0,0.09375
1.0,-2.0,-1.0,-1.0,0.0,2.0,3.0,4.0,0.09375
1.0,-2.0,-1.0,-1.0,0.0,-1.0,3.0,0.0,0.09375
1.0,-2.0,2.0,-1.0,0.0,3.0,3.0,4.0,0.09375
1.0,-2.0,2.0,-2.0,0.0,-1.0,-1.0,4.0,0.09375
1.0,-2.0,2.0,0.0,1.0,-1.0,-1.0,4.0,0.09375
1.0,-2.0,2.0,0.0,1.0,-1.0,-2.0,0.0,0.09375
1.0,-1.0,2.0,2.0,1.0,3.0,2.0,0.0,0.09375
0.0,-1.0,0.0,2.0,1.0,1.0,2.0,-2.0,0.09375
0.0,-1.0,0.0,2.0,2.0,1.0,4.0,2.0,0.09375
0.0,-1.0,0.0,1.0,2.0,1.0,2.0,2.0,0.09375
0.0,0.0,0.0,0.0,0.0,0.0,1.0,2.0,-0.46875
0.0,0.0,0.0,0.0,0.0,-1.0,1.0,0.0,-0.46875
0.0,0.0,0.0,0.0,0.0,-1.0,2.0,2.0,-0.46875
0.0,0.0,0.0,0.0,0.0,-1.0,-1.0,0.0,-0.46875
0.0,0.0,0.0,0.0,0.0,0.0,-1.0,2.0,-0.46875
0.0,0.0,0.0,0.0,-1.0,0.0,-3.0,2.0,-0.46875
0.0,0.0,0.0,1.0,-1.0,2.0,3.0,2.0,-0.46875
0.0,0.0,0.0,1.0,-2.0,2.0,-3.0,0.0,-0.46875
0.0,0.0,0.0,1.0,-2.0,2.0,-2.0,2.0,-0.46875
0.0,0.0,0.0,1.0,-2.0,2.0,-3.0,-2.0,-0.46875
0.0,0.0,0.0,1.0,-2.0,2.0,0.0,2.0,-0.46875
0.0,-1.0,0.0,-1.0,-2.0,0.0,0.0,2.0,-0.46875
0.0,0.0,0.0,-1.0,0.0,0.0,2.0,2.0,-0.46875
0.0,0.0,0.0,-1.0,-1.0,0.0,0.0,2.0,-0.46875
0.0,1.0,0.0,-1.0,1.0,0.0,0.0,2.0,-0.46875
0.0,1.0,0.0,-1.0,1.0,-1.0,-4.0,0.0,-0.46875
0.0,1.0,0.0,-1.0,2.0,-1.0,0.0,0.0,-0.46875
0.0,0.0,0.0,-1.0,0.0,-1.0,0.0,0.0,-0.46875
0.0,1.0,0.0,-1.0,2.0,-1.0,0.0,0.0,-0.46875
0.0,0.0,0.0,0.0,0.0,0.0,1.0,2.0,-0.46875
0.0,0.0,0.0,0.0,0.0,-1.0,1.0,0.0,-0.46875
0.0,0.0,0.0,0.0,0.0,-1.0,2.0,2.0,-0.46875
0.0,0.0,0.0,0.0,0.0,-1.0,-1.0,2.0,-0.46875
0.0,0.0,0.0,0.0,1.0,-1.0,1.0,2.0,-0.46875
0.0,-1.0,0.0,0.0,-1.0,-1.0,1.0,2.0,-0.46875
0.0,-1.0,0.0,0.0,-1.0,-1.0,2.0,4.0,-0.46875
0.0,-1.0,0.0,0.0,-1.0,-1.0,-1.0,4.0,-0.46875
0.0,-1.0,0.0,1.0,-1.0,-1.0,1.0,4.0,-0.46875
0.0,-2.0,0.0,-1.0,-1.0,-1.0,1.0,4.0,-0.46875
0.0,-2.0,0.0,0.0,-1.0,1.0,3.0,4.0,-0.46875
0.0,-2.0,0.0,0.0,-1.0,1.0,0.0,0.0,-0.46875
0.0,-2.0,0.0,0.0,-1.0,2.0,2.0,0.0,-0.46875
0.0,-3.0,0.0,-2.0,-1.0,2.0,0.0,-2.0,-0.46875
0.0,-3.0,0.0,-2.0,0.0,2.0,2.0,-2.0,-0.46875
0.0,-3.0,0.0,-3.0,0.0,2.0,0.0,-2.0,-0.46875
0.0,-3.0,0.0,-3.0,0.0,3.0,0.0,0.0,-0.46875
0.0,-4.0,0.0,-3.0,-2.0,3.0,0.0,0.0,-0.46875
0.0,-3.0,0.0,-3.0,0.0,3.0,0.0,0.0,-0.46875
0.0,0.0,0.0,0.0,0.0,0.0,1.0,2.0,0.25
0.0,0.0,0.0,0.0,0.0,-1.0,1.0,0.0,0.25
0.0,0.0,0.0,1.0,0.0,1.0,1.0,0.0,0.25
0.0,0.0,0.0,1.0,0.0,1.0,0.0,-2.0,0.25
0.0,0.0,0.0,1.0,0.0,2.0,2.0,0.0,0.25
0.0,0.0,-1.0,1.0,0.0,0.0,2.0,0.0,0.25
0.0,0.0,-1.0,1.0,0.0,0.0,3.0,2.0,0.25
0.0,-1.0,-1.0,-1.0,0.0,0.0,3.0,2.0,0.25
0.0,-1.0,-1.0,-1.0,0.0,0.0,4.0,4.0,0.25
0.0,-1.0,-1.0,-1.0,0.0,-1.0,4.0,0.0,0.25
0.0,-1.0,-1.0,-1.0,0.0,-1.0,5.0,2.0,0.25
0.0,-1.0,-1.0,-1.0,0.0,-1.0,2.0,0.0,0.25
0.0,-1.0,-1.0,0.0,0.0,1.0,6.0,0.0,0.25
0.0,-1.0,-1.0,0.0,-1.0,1.0,4.0,0.0,0.25
1.0,-1.0,1.0,0.0,-1.0,3.0,4.0,2.0,0.25
1.0,-2.0,1.0,-2.0,-1.0,1.0,2.0,2.0,0.25
1.0,-1.0,1.0,-2.0,1.0,1.0,4.0,2.0,0.25
1.0,-1.0,1.0,-3.0,1.0,-3.0,0.0,2.0,0.25
1.0,-1.0,2.0,-1.0,1.0,-1.0,0.0,4.0,0.25
0.0,0.0,0.0,0.0,0.0,0.0,1.0,2.0,0.5625
0.0,0.0,0.0,0.0,0.0,-1.0,1.0,0.0,0.5625
0.0,0.0,0.0,1.0,0.0,1.0,1.0,0.0,0.5625
0.0,0.0,0.0,1.0,0.0,1.0,0.0,-2.0,0.5625
0.0,0.0,0.0,1.0,0.0,2.0,2.0,0.0,0.5625
0.0,0.0,-1.0,1.0,0.0,0.0,2.0,0.0,0.5625
0.0,0.0,-1.0,1.0,0.0,0.0,3.0,2.0,0.5625
0.0,-1.0,-1.0,-1.0,0.0,0.0,3.0,2.0,0.5625
1.0,-1.0,1.0,-1.0,0.0,2.0,3.0,4.0,0.5625
1.0,-2.0,-1.0,-1.0,0.0,2.0,3.0,4.0,0.5625
1.0,-2.0,-1.0,-1.0,0.0,-1.0,3.0,0.0,0.5625
1.0,-2.0,2.0,-1.0,0.0,3.0,3.0,4.0,0.5625
1.0,-2.0,2.0,-2.0,0.0,-1.0,-1.0,4.0,0.5625
1.0,-2.0,2.0,0.0,1.0,-1.0,-1.0,4.0,0.5625
0.0,-2.0,0.0,0.0,1.0,-3.0,-1.0,0.0,0.5625
0.0,-1.0,0.0,2.0,1.0,1.0,3.0,0.0,0.5625
0.0,-1.0,0.0,2.0,0.0,1.0,1.0,0.0,0.5625
0.0,-1.0,0.0,3.0,0.0,3.0,1.0,0.0,0.5625
0.0,-2.0,0.0,3.0,-2.0,1.0,1.0,0.0,0.5625
0.0,0.0,0.0,0.0,0.0,0.0,1.0,2.0,0.375
0.0,0.0,0.0,0.0,0.0,-1.0,1.0,0.0,0.375
0.0,0.0,0.0,1.0,0.0,1.0,1.0,0.0,0.375
0.0,0.0,0.0,1.0,0.0,1.0,0.0,-2.0,0.375
0.0,0.0,0.0,1.0,0.0,2.0,2.0,0.0,0.375
0.0,0.0,-1.0,1.0,0.0,0.0,2.0,0.0,0.375
0.0,0.0,-1.0,1.0,0.0,0.0,3.0,2.0,0.375
0.0,-1.0,-1.0,-1.0,0.0,0.0,3.0,2.0,0.375
1.0,-1.0,1.0,-1.0,0.0,2.0,3.0,4.0,0.375
1.0,-2.0,-1.0,-1.0,0.0,2.0,3.0,4.0,0.375
1.0,-2.0,-1.0,-1.0,0.0,-1.0,3.0,0.0,0.375
1.0,-2.0,2.0,-1.0,0.0,3.0,3.0,4.0,0.375
1.0,-2.0,2.0,-2.0,0.0,-1.0,-1.0,4.0,0.375
1.0,-2.0,2.0,0.0,1.0,-1.0,-1.0,4.0,0.375
0.0,-2.0,0.0,0.0,1.0,-3.0,-1.0,0.0,0.375
0.0,-1.0,0.0,2.0,1.0,1.0,3.0,0.0,0.375
0.0,-1.0,0.0,2.0,0.0,1.0,1.0,0.0,0.375
0.0,-1.0,0.0,3.0,0.0,3.0,1.0,0.0,0.375
0.0,-2.0,0.0,3.0,-2.0,1.0,1.0,0.0,0.375
0.0,0.0,0.0,0.0,0.0,0.0,1.0,2.0,0.0625
0.0,0.0,0.0,0.0,0.0,-1.0,1.0,0.0,0.0625
0.0,0.0,0.0,1.0,0.0,1.0,1.0,0.0,0.0625
0.0,0.0,0.0,1.0,0.0,1.0,0.0,-2.0,0.0625
0.0,0.0,0.0,1.0,0.0,2.0,2.0,0.0,0.0625
0.0,0.0,-1.0,1.0,0.0,0.0,2.0,0.0,0.0625
0.0,0.0,-1.0,1.0,0.0,0.0,3.0,2.0,0.0625
0.0,-1.0,-1.0,-1.0,0.0,0.0,3.0,2.0,0.0625
1.0,-1.0,1.0,-1.0,0.0,2.0,3.0,4.0,0.0625
1.0,-2.0,-1.0,-1.0,0.0,2.0,3.0,4.0,0.0625
1.0,-2.0,-1.0,-1.0,0.0,-1.0,3.0,0.0,0.0625
1.0,-2.0,2.0,-1.0,0.0,3.0,3.0,4.0,0.0625
1.0,-2.0,2.0,-2.0,0.0,-1.0,-1.0,4.0,0.0625
1.0,-2.0,2.0,0.0,1.0,-1.0,-1.0,4.0,0.0625
0.0,-2.0,0.0,0.0,1.0,-3.0,-1.0,0.0,0.0625
0.0,-1.0,0.0,2.0,1.0,1.0,3.0,0.0,0.0625
0.0,-1.0,0.0,2.0,0.0,1.0,1.0,0.0,0.0625
0.0,-1.0,0.0,3.0,0.0,3.0,1.0,0.0,0.0625
0.0,-2.0,0.0,3.0,-2.0,1.0,1.0,0.0,0.0625
0.0,0.0,0.0,0.0,0.0,0.0,1.0,2.0,-0.03125
0.0,0.0,0.0,0.0,0.0,-1.0,1.0,0.0,-0.03125
0.0,0.0,0.0,1.0,0.0,1.0,1.0,0.0,-0.03125
0.0,0.0,0.0,1.0,0.0,1.0,0.0,-2.0,-0.03125
0.0,0.0,0.0,1.0,0.0,2.0,2.0,0.0,-0.03125
0.0,0.0,-1.0,1.0,0.0,0.0,2.0,0.0,-0.03125
0.0,0.0,-1.0,1.0,0.0,0.0,3.0,2.0,-0.03125
0.0,-1.0,-1.0,-1.0,0.0,0.0,3.0,2.0,-0.03125
1.0,-1.0,1.0,-1.0,0.0,2.0,3.0,4.0,-0.03125
1.0,-2.0,-1.0,-1.0,0.0,2.0,3.0,4.0,-0.03125
1.0,-2.0,-1.0,-1.0,0.0,-1.0,3.0,0.0,-0.03125
1.0,-2.0,2.0,-1.0,0.0,3.0,3.0,4.0,-0.03125
1.0,-2.0,2.0,-2.0,0.0,-1.0,-1.0,4.0,-0.03125
1.0,-2.0,2.0,0.0,1.0,-1.0,-1.0,4.0,-0.03125
0.0,-2.0,0.0,0.0,1.0,-3.0,-1.0,0.0,-0.03125
0.0,-1.0,0.0,2.0,1.0,1.0,3.0,0.0,-0.03125
0.0,-1.0,0.0,2.0,0.0,1.0,1.0,0.0,-0.03125
0.0,-1.0,0.0,3.0,0.0,3.0,1.0,0.0,-0.03125
0.0,-2.0,0.0,3.0,-2.0,1.0,1.0,0.0,-0.03125
0.0,0.0,0.0,0.0,0.0,0.0,1.0,2.0,-0.1875
0.0,0.0,0.0,0.0,0.0,-1.0,1.0,0.0,-0.1875
0.0,0.0,0.0,1.0,0.0,1.0,1.0,0.0,-0.1875
0.0,0.0,0.0,1.0,0.0,1.0,0.0,-2.0,-0.1875
0.0,0.0,0.0,1.0,0.0,2.0,2.0,0.0,-0.1875
0.0,0.0,-1.0,1.0,0.0,0.0,2.0,0.0,-0.1875
0.0,0.0,-1.0,1.0,0.0,0.0,3.0,2.0,-0.1875
0.0,-1.0,-1.0,-1.0,0.0,0.0,3.0,2.0,-0.1875
1.0,-1.0,1.0,-1.0,0.0,2.0,3.0,4.0,-0.1875
1.0,-2.0,-1.0,-1.0,0.0,2.0,3.0,4.0,-0.1875
1.0,-2.0,-1.0,-1.0,0.0,-1.0,3.0,0.0,-0.1875
1.0,-2.0,2.0,-1.0,0.0,3.0,3.0,4.0,-0.1875
1.0,-2.0,2.0,-2.0,0.0,-1.0,-1.0,4.0,-0.1875
1.0,-2.0,2.0,0.0,1.0,-1.0,-1.0,4.0,-0.1875
0.0,-2.0,0.0,0.0,1.0,-3.0,-1.0,0.0,-0.1875
0.0,-1.0,0.0,2.0,1.0,1.0,3.0,0.0,-0.1875
0.0,-1.0,0.0,2.0,0.0,1.0,1.0,0.0,-0.1875
0.0,-1.0,0.0,3.0,0.0,3.0,1.0,0.0,-0.1875
0.0,-2.0,0.0,3.0,-2.0,1.0,1.0,0.0,-0.1875
0.0,0.0,0.0,0.0,0.0,0.0,1.0,2.0,-0.0625
0.0,0.0,0.0,0.0,0.0,-1.0,1.0,0.0,-0.0625
0.0,0.0,0.0,1.0,0.0,1.0,1.0,0.0,-0.0625
0.0,0.0,0.0,1.0,0.0,1.0,0.0,-2.0,-0.0625
0.0,0.0,0.0,1.0,0.0,2.0,2.0,0.0,-0.0625
0.0,0.0,-1.0,1.0,0.0,0.0,2.0,0.0,-0.0625
0.0,0.0,-1.0,1.0,0.0,0.0,3.0,2.0,-0.0625
0.0,-1.0,-1.0,-1.0,0.0,0.0,3.0,2.0,-0.0625
1.0,-1.0,1.0,-1.0,0.0,2.0,3.0,4.0,-0.0625
1.0,-2.0,-1.0,-1.0,0.0,2.0,3.0,4.0,-0.0625
1.0,-2.0,-1.0,-1.0,0.0,-1.0,3.0,0.0,-0.0625
1.0,-2.0,2.0,-1.0,0.0,3.0,3.0,4.0,-0.0625
1.0,-2.0,2.0,-2.0,0.0,-1.0,-1.0,4.0,-0.0625
1.0,-2.0,2.0,0.0,1.0,-1.0,-1.0,4.0,-0.0625
0.0,-2.0,0.0,0.0,1.0,-3.0,-1.0,0.0,-0.0625
0.0,-1.0,0.0,2.0,1.0,1.0,3.0,0.0,-0.0625
0.0,-1.0,0.0,2.0,0.0,1.0,1.0,0.0,-0.0625
0.0,-1.0,0.0,3.0,0.0,3.0,1.0,0.0,-0.0625
0.0,-2.0,0.0,3.0,-2.0,1.0,1.0,0.0,-0.0625
0.0,0.0,0.0,0.0,0.0,0.0,1.0,2.0,0.1875
0.0,0.0,0.0,0.0,0.0,-1.0,1.0,0.0,0.1875
0.0,0.0,0.0,1.0,0.0,1.0,1.0,0.0,0.1875
0.0,0.0,0.0,1.0,0.0,1.0,0.0,-2.0,0.1875
0.0,0.0,0.0,1.0,0.0,2.0,2.0,0.0,0.1875
0.0,0.0,-1.0,1.0,0.0,0.0,2.0,0.0,0.1875
0.0,0.0,-1.0,1.0,0.0,0.0,3.0,2.0,0.1875
0.0,-1.0,-1.0,-1.0,0.0,0.0,3.0,2.0,0.1875
1.0,-1.0,1.0,-1.0,0.0,2.0,3.0,4.0,0.1875
1.0,-2.0,-1.0,-1.0,0.0,2.0,3.0,4.0,0.1875
1.0,-2.0,-1.0,-1.0,0.0,-1.0,3.0,0.0,0.1875
1.0,-2.0,2.0,-1.0,0.0,3.0,3.0,4.0,0.1875
1.0,-2.0,2.0,-2.0,0.0,-1.0,-1.0,4.0,0.1875
1.0,-2.0,2.0,0.0,1.0,-1.0,-1.0,4.0,0.1875
0.0,-2.0,0.0,0.0,1.0,-3.0,-1.0,0.0,0.1875
0.0,-1.0,0.0,2.0,1.0,1.0,3.0,0.0,0.1875
0.0,-1.0,0.0,2.0,0.0,1.0,1.0,0.0,0.1875
0.0,-1.0,0.0,3.0,0.0,3.0,1.0,0.0,0.1875
0.0,-2.0,0.0,3.0,-2.0,1.0,1.0,0.0,0.1875
0.0,0.0,0.0,0.0,0.0,0.0,1.0,2.0,0.5
0.0,0.0,0.0,0.0,0.0,-1.0,1.0,0.0,0.5
0.0,0.0,0.0,1.0,0.0,1.0,1.0,0.0,0.5
0.0,0.0,-1.0,1.0,0.0,-1.0,1.0,0.0,0.5
0.0,0.0,-1.0,1.0,0.0,-1.0,2.0,2.0,0.5
0.0,0.0,-1.0,1.0,0.0,-1.0,-1.0,0.0,0.5
1.0,0.0,1.0,1.0,0.0,1.0,-1.0,0.0,0.5
1.0,0.0,1.0,1.0,-1.0,1.0,-3.0,-2.0,0.5
1.0,0.0,1.0,1.0,-1.0,2.0,1.0,0.0,0.5
1.0,0.0,1.0,1.0,-2.0,2.0,-3.0,-2.0,0.5
1.0,0.0,1.0,1.0,-2.0,3.0,-3.0,2.0,0.5
1.0,0.0,1.0,1.0,-2.0,3.0,-4.0,-2.0,0.5
1.0,1.0,1.0,1.0,0.0,3.0,-2.0,0.0,0.5
1.0,1.0,1.0,1.0,0.0,3.0,-3.0,-4.0,0.5
1.0,1.0,1.0,1.0,0.0,4.0,-3.0,0.0,0.5
1.0,1.0,1.0,1.0,0.0,4.0,-4.0,-2.0,0.5
1.0,1.0,1.0,1.0,0.0,4.0,-1.0,2.0,0.5
1.0,0.0,1.0,-1.0,0.0,2.0,-1.0,2.0,0.5
1.0,1.0,1.0,1.0,0.0,2.0,1.0,2.0,0.5
0.0,0.0,0.0,0.0,0.0,0.0,1.0,2.0,0.1875
0.0,0.0,0.0,0.0,0.0,-1.0,1.0,0.0,0.1875
0.0,0.0,0.0,1.0,0.0,1.0,1.0,0.0,0.1875
0.0,0.0,0.0,1.0,0.0,1.0,0.0,-2.0,0.1875
0.0,0.0,0.0,1.0,0.0,2.0,2.0,0.0,0.1875
0.0,0.0,-1.0,1.0,0.0,0.0,2.0,0.0,0.1875
0.0,0.0,-1.0,1.0,0.0,0.0,3.0,2.0,0.1875
0.0,-1.0,-1.0,-1.0,0.0,0.0,3.0,2.0,0.1875
1.0,-1.0,1.0,-1.0,0.0,2.0,3.0,4.0,0.1875
1.0,-2.0,-1.0,-1.0,0.0,2.0,3.0,4.0,0.1875
1.0,-2.0,-1.0,-1.0,0.0,-1.0,3.0,0.0,0.1875
1.0,-2.0,2.0,-1.0,0.0,3.0,3.0,4.0,0.1875
1.0,-2.0,2.0,-2.0,0.0,-1.0,-1.0,4.0,0.1875
1.0,-2.0,3.0,-2.0,0.0,1.0,-1.0,4.0,0.1875
0.0,-2.0,1.0,-2.0,0.0,-1.0,-1.0,0.0,0.1875
0.0,-2.0,1.0,-2.0,1.0,-1.0,1.0,2.0,0.1875
0.0,-2.0,1.0,-2.0,1.0,-1.0,0.0,-2.0,0.1875
0.0,-2.0,1.0,-2.0,1.0,-1.0,1.0,2.0,0.1875
0.0,-2.0,1.0,-3.0,1.0,-1.0,-1.0,2.0,0.1875
0.0,0.0,0.0,0.0,0.0,0.0,1.0,2.0,0.03125
0.0,0.0,0.0,0.0,0.0,-1.0,1.0,0.0,0.03125
0.0,0.0,0.0,1.0,0.0,1.0,1.0,0.0,0.03125
0.0,0.0,0.0,1.0,0.0,1.0,0.0,-2.0,0.03125
0.0,0.0,0.0,1.0,0.0,2.0,2.0,0.0,0.03125
0.0,0.0,-1.0,1.0,0.0,0.0,2.0,0.0,0.03125
0.0,0.0,-1.0,1.0,0.0,0.0,3.0,2.0,0.03125
0.0,-1.0,-1.0,-1.0,0.0,0.0,3.0,2.0,0.03125
1.0,-1.0,1.0,-1.0,0.0,2.0,3.0,4.0,0.03125
1.0,-2.0,-1.0,-1.0,0.0,2.0,3.0,4.0,0.03125
1.0,-2.0,-1.0,-1.0,0.0,-1.0,3.0,0.0,0.03125
1.0,-2.0,2.0,-1.0,0.0,3.0,3.0,4.0,0.03125
1.0,-2.0,2.0,-2.0,0.0,-1.0,-1.0,4.0,0.03125
1.0,-2.0,2.0,0.0,1.0,-1.0,-1.0,4.0,0.03125
1.0,-2.0,2.0,0.0,1.0,-1.0,-2.0,0.0,0.03125
1.0,-1.0,2.0,2.0,1.0,3.0,2.0,0.0,0.03125
0.0,-1.0,0.0,2.0,1.0,1.0,2.0,-2.0,0.03125
0.0,-1.0,0.0,2.0,2.0,1.0,4.0,2.0,0.03125
0.0,-1.0,0.0,1.0,2.0,1.0,2.0,2.0,0.03125
0.0,0.0,0.0,0.0,0.0,0.0,1.0,2.0,0.09375
0.0,0.0,0.0,0.0,0.0,-1.0,1.0,0.0,0.09375
0.0,0.0,0.0,1.0,0.0,1.0,1.0,0.0,0.09375
0.0,0.0,0.0,1.0,0.0,1.0,0.0,-2.0,0.09375
0.0,0.0,0.0,1.0,0.0,2.0,2.0,0.0,0.09375
0.0,0.0,0.0,1.0,-1.0,2.0,0.0,-2.0,0.09375
0.0,0.0,0.0,1.0,-1.0,3.0,0.0,2.0,0.09375
0.0,-1.0,0.0,-1.0,-1.0,1.0,-2.0,2.0,0.09375
0.0,0.0,0.0,-1.0,1.0,1.0,0.0,4.0,0.09375
0.0,0.0,0.0,-1.0,1.0,1.0,-1.0,0.0,0.09375
0.0,0.0,0.0,-1.0,1.0,1.0,2.0,2.0,0.09375
0.0,0.0,0.0,-1.0,1.0,1.0,-1.0,2.0,0.09375
0.0,0.0,0.0,-1.0,2.0,1.0,3.0,4.0,0.09375
0.0,0.0,-1.0,-1.0,2.0,-1.0,3.0,0.0,0.09375
0.0,0.0,-1.0,-1.0,2.0,-1.0,4.0,2.0,0.09375
0.0,0.0,-1.0,-1.0,2.0,-1.0,3.0,-2.0,0.09375
0.0,0.0,-1.0,-1.0,3.0,-1.0,5.0,2.0,0.09375
0.0,-1.0,-1.0,-1.0,1.0,-1.0,3.0,0.0,0.09375
1.0,-1.0,1.0,-1.0,1.0,1.0,3.0,2.0,0.09375
0.0,0.0,0.0,0.0,0.0,0.0,1.0,2.0,-0.375
0.0,0.0,0.0,0.0,0.0,-1.0,1.0,0.0,-0.375
0.0,0.0,0.0,0.0,0.0,-1.0,2.0,2.0,-0.375
0.0,0.0,0.0,0.0,0.0,-1.0,-1.0,2.0,-0.375
0.0,0.0,0.0,0.0,0.0,-1.0,0.0,4.0,-0.375
0.0,0.0,0.0,0.0,0.0,-1.0,-3.0,2.0,-0.375
0.0,0.0,0.0,0.0,1.0,-1.0,-1.0,2.0,-0.375
0.0,-1.0,0.0,0.0,-1.0,-1.0,-1.0,2.0,-0.375
0.0,-1.0,0.0,1.0,-1.0,-1.0,1.0,2.0,-0.375
0.0,-1.0,0.0,1.0,-2.0,-1.0,-1.0,-2.0,-0.375
0.0,-1.0,0.0,1.0,-2.0,2.0,3.0,0.0,-0.375
0.0,-1.0,0.0,1.0,-3.0,2.0,-3.0,-2.0,-0.375
0.0,0.0,0.0,1.0,-1.0,2.0,-3.0,-2.0,-0.375
0.0,-1.0,0.0,1.0,-3.0,2.0,-3.0,-2.0,-0.375
0.0,-1.0,0.0,2.0,-3.0,2.0,-1.0,0.0,-0.375
0.0,-2.0,0.0,0.0,-3.0,0.0,-1.0,0.0,-0.375
0.0,-2.0,0.0,1.0,-3.0,2.0,1.0,0.0,-0.375
0.0,-2.0,0.0,-1.0,-3.0,0.0,0.0,0.0,-0.375
0.0,-1.0,0.0,-1.0,-1.0,0.0,2.0,4.0,-0.375
0.0,0.0,0.0,0.0,0.0,0.0,1.0,2.0,-0.21875
0.0,0.0,0.0,0.0,0.0,0.0,0.0,0.0,-0.21875
0.0,0.0,0.0,0.0,0.0,1.0,2.0,2.0,-0.21875
0.0,0.0,0.0,0.0,0.0,0.0,2.0,0.0,-0.21875
0.0,0.0,0.0,0.0,0.0,0.0,3.0,2.0,-0.21875
0.0,0.0,0.0,-1.0,0.0,-2.0,-1.0,2.0,-0.21875
0.0,0.0,1.0,-1.0,0.0,0.0,-1.0,4.0,-0.21875
0.0,0.0,1.0,-1.0,0.0,0.0,-2.0,0.0,-0.21875
0.0,1.0,1.0,1.0,0.0,2.0,2.0,0.0,-0.21875
0.0,1.0,1.0,1.0,0.0,1.0,0.0,-2.0,-0.21875
0.0,1.0,2.0,1.0,0.0,3.0,0.0,2.0,-0.21875
0.0,1.0,2.0,1.0,-1.0,3.0,-2.0,-2.0,-0.21875
0.0,1.0,2.0,1.0,-1.0,3.0,-1.0,0.0,-0.21875
-1.0,1.0,0.0,1.0,-1.0,1.0,-1.0,-2.0,-0.21875
-1.0,2.0,0.0,1.0,1.0,1.0,1.0,-2.0,-0.21875
-2.0,2.0,-2.0,1.0,1.0,-1.0,1.0,-2.0,-0.21875
-2.0,2.0,-2.0,1.0,2.0,-1.0,5.0,2.0,-0.21875
-2.0,2.0,-2.0,1.0,2.0,-1.0,4.0,0.0,-0.21875
-2.0,2.0,-2.0,2.0,2.0,1.0,4.0,0.0,-0.21875
0.0,0.0,0.0,0.0,0.0,0.0,1.0,2.0,0.25
0.0,0.0,0.0,0.0,0.0,-1.0,1.0,0.0,0.25
0.0,0.0,0.0,1.0,0.0,1.0,1.0,0.0,0.25
0.0,0.0,0.0,1.0,0.0,1.0,0.0,-2.0,0.25
0.0,0.0,0.0,1.0,0.0,2.0,2.0,0.0,0.25
0.0,0.0,-1.0,1.0,0.0,0.0,2.0,0.0,0.25
0.0,0.0,-1.0,1.0,0.0,0.0,3.0,2.0,0.25
0.0,-1.0,-1.0,-1.0,0.0,0.0,3.0,2.0,0.25
1.0,-1.0,1.0,-1.0,0.0,2.0,3.0,4.0,0.25
1.0,-2.0,-1.0,-1.0,0.0,2.0,3.0,4.0,0.25
1.0,-2.0,-1.0,-1.0,0.0,-1.0,3.0,0.0,0.25
1.0,-2.0,2.0,-1.0,0.0,3.0,3.0,4.0,0.25
1.0,-2.0,2.0,-2.0,0.0,-1.0,-1.0,4.0,0.25
1.0,-2.0,2.0,0.0,1.0,-1.0,-1.0,4.0,0.25
0.0,-2.0,0.0,0.0,1.0,-3.0,-1.0,0.0,0.25
0.0,-1.0,0.0,2.0,1.0,1.0,3.0,0.0,0.25
0.0,-1.0,0.0,2.0,0.0,1.0,1.0,0.0,0.25
0.0,-1.0,0.0,3.0,0.0,3.0,1.0,0.0,0.25
0.0,-2.0,0.0,3.0,-2.0,1.0,1.0,0.0,0.25
0.0,0.0,0.0,0.0,0.0,0.0,1.0,2.0,0.4375
0.0,0.0,0.0,0.0,0.0,-1.0,1.0,0.0,0.4375
0.0,0.0,0.0,1.0,0.0,1.0,1.0,0.0,0.4375
0.0,0.0,0.0,1.0,0.0,1.0,0.0,-2.0,0.4375
0.0,0.0,0.0,1.0,0.0,2.0,2.0,0.0,0.4375
0.0,0.0,-1.0,1.0,0.0,0.0,2.0,0.0,0.4375
0.0,0.0,-1.0,1.0,0.0,0.0,3.0,2.0,0.4375
0.0,-1.0,-1.0,-1.0,0.0,0.0,3.0,2.0,0.4375
1.0,-1.0,1.0,-1.0,0.0,2.0,3.0,4.0,0.4375
1.0,-2.0,-1.0,-1.0,0.0,2.0,3.0,4.0,0.4375
1.0,-2.0,-1.0,-1.0,0.0,-1.0,3.0,0.0,0.4375
1.0,-2.0,2.0,-1.0,0.0,3.0,3.0,4.0,0.4375
1.0,-2.0,2.0,-2.0,0.0,-1.0,-1.0,4.0,0.4375
1.0,-2.0,2.0,0.0,1.0,-1.0,-1.0,4.0,0.4375
0.0,-2.0,0.0,0.0,1.0,-3.0,-1.0,0.0,0.4375
0.0,-1.0,0.0,2.0,1.0,1.0,3.0,0.0,0.4375
0.0,-1.0,0.0,2.0,0.0,1.0,1.0,0.0,0.4375
0.0,-1.0,0.0,3.0,0.0,3.0,1.0,0.0,0.4375
0.0,-2.0,0.0,3.0,-2.0,1.0,1.0,0.0,0.4375
0.0,0.0,0.0,0.0,0.0,0.0,1.0,2.0,0.40625
0.0,0.0,0.0,0.0,0.0,-1.0,1.0,0.0,0.40625
0.0,0.0,0.0,1.0,0.0,1.0,1.0,0.0,0.40625
0.0,0.0,0.0,1.0,0.0,1.0,0.0,-2.0,0.40625
0.0,0.0,0.0,1.0,0.0,2.0,2.0,0.0,0.40625
0.0,0.0,-1.0,1.0,0.0,0.0,2.0,0.0,0.40625
0.0,0.0,-1.0,1.0,0.0,0.0,3.0,2.0,0.40625
0.0,0.0,-1.0,1.0,-1.0,0.0,1.0,2.0,0.40625
0.0,1.0,-1.0,1.0,1.0,0.0,3.0,4.0,0.40625
0.0,1.0,-1.0,1.0,1.0,-1.0,3.0,0.0,0.40625
0.0,1.0,-1.0,2.0,1.0,1.0,3.0,0.0,0.40625
0.0,1.0,-1.0,2.0,1.0,1.0,2.0,-2.0,0.40625
1.0,1.0,1.0,2.0,1.0,3.0,2.0,2.0,0.40625
1.0,0.0,1.0,0.0,1.0,1.0,0.0,2.0,0.40625
1.0,0.0,1.0,0.0,2.0,1.0,4.0,2.0,0.40625
1.0,0.0,1.0,-1.0,2.0,-1.0,0.0,2.0,0.40625
1.0,0.0,1.0,-1.0,3.0,1.0,0.0,2.0,0.40625
1.0,-1.0,1.0,-3.0,3.0,-1.0,-4.0,2.0,0.40625
1.0,-1.0,1.0,-1.0,4.0,1.0,-4.0,2.0,0.40625
0.0,0.0,0.0,0.0,0.0,0.0,1.0,2.0,0.46875
0.0,0.0,0.0,0.0,0.0,-1.0,1.0,0.0,0.46875
0.0,0.0,0.0,1.0,0.0,1.0,1.0,0.0,0.46875
0.0,0.0,0.0,1.0,0.0,1.0,0.0,-2.0,0.46875
0.0,0.0,0.0,1.0,0.0,2.0,2.0,0.0,0.46875
0.0,0.0,-1.0,1.0,0.0,0.0,2.0,0.0,0.46875
0.0,0.0,-1.0,1.0,0.0,0.0,3.0,2.0,0.46875
0.0,-1.0,-1.0,-1.0,0.0,0.0,3.0,2.0,0.46875
1.0,-1.0,1.0,-1.0,0.0,2.0,3.0,4.0,0.46875
1.0,-2.0,-1.0,-1.0,0.0,2.0,3.0,4.0,0.46875
1.0,-2.0,-1.0,-2.0,0.0,-2.0,-1.0,4.0,0.46875
1.0,-2.0,-1.0,-1.0,0.0,-2.0,1.0,4.0,0.46875
1.0,-2.0,-1.0,-1.0,0.0,-2.0,0.0,2.0,0.46875
1.0,-1.0,-1.0,1.0,0.0,0.0,0.0,2.0,0.46875
1.0,-1.0,-2.0,1.0,0.0,-2.0,0.0,2.0,0.46875
1.0,-1.0,-2.0,1.0,0.0,0.0,1.0,4.0,0.46875
1.0,-1.0,-2.0,1.0,0.0,-3.0,1.0,0.0,0.46875
1.0,-1.0,-2.0,1.0,0.0,-3.0,2.0,2.0,0.46875
1.0,-1.0,-2.0,1.0,-1.0,-3.0,0.0,-2.0,0.46875
0.0,0.0,0.0,0.0,0.0,0.0,1.0,2.0,0.625
0.0,0.0,0.0,0.0,0.0,-1.0,1.0,0.0,0.625
0.0,0.0,0.0,1.0,0.0,1.0,1.0,0.0,0.625
0.0,0.0,0.0,1.0,0.0,1.0,0.0,-2.0,0.625
0.0,0.0,0.0,1.0,0.0,2.0,2.0,0.0,0.625
0.0,0.0,-1.0,1.0,0.0,0.0,2.0,0.0,0.625
0.0,0.0,-1.0,1.0,0.0,0.0,3.0,2.0,0.625
0.0,-1.0,-1.0,-1.0,0.0,0.0,3.0,2.0,0.625
1.0,-1.0,1.0,-1.0,0.0,2.0,3.0,4.0,0.625
1.0,-2.0,-1.0,-1.0,0.0,2.0,3.0,4.0,0.625
1.0,-2.0,-1.0,-2.0,0.0,-2.0,-1.0,4.0,0.625
1.0,-2.0,-1.0,-1.0,0.0,-2.0,1.0,4.0,0.625
1.0,-2.0,-1.0,-3.0,-1.0,-2.0,1.0,4.0,0.625
1.0,-1.0,-1.0,-1.0,-1.0,-2.0,1.0,4.0,0.625
1.0,-2.0,-1.0,-3.0,-1.0,-2.0,1.0,4.0,0.625
1.0,3.0,-1.0,-3.0,-1.0,-2.0,1.0,4.0,0.625
1.0,3.0,-1.0,-3.0,-2.0,-2.0,-1.0,0.0,0.625
1.0,4.0,-1.0,1.0,-2.0,-2.0,-1.0,0.0,0.625
1.0,4.0,-1.0,-1.0,-3.0,-2.0,-1.0,0.0,0.625
0.0,0.0,0.0,0.0,0.0,0.0,1.0,2.0,-0.21875
0.0,0.0,0.0,0.0,0.0,-1.0,1.0,0.0,-0.21875
0.0,0.0,0.0,1.0,0.0,1.0,1.0,0.0,-0.21875
0.0,0.0,0.0,1.0,0.0,1.0,0.0,-2.0,-0.21875
0.0,0.0,0.0,1.0,0.0,2.0,2.0,0.0,-0.21875
0.0,0.0,0.0,1.0,0.0,2.0,1.0,-2.0,-0.21875
0.0,0.0,0.0,1.0,0.0,2.0,4.0,2.0,-0.21875
0.0,0.0,0.0,0.0,0.0,2.0,2.0,2.0,-0.21875
0.0,1.0,0.0,2.0,0.0,2.0,2.0,2.0,-0.21875
0.0,0.0,0.0,0.0,0.0,0.0,0.0,2.0,-0.21875
0.0,0.0,0.0,0.0,1.0,0.0,4.0,4.0,-0.21875
0.0,0.0,0.0,0.0,1.0,-1.0,4.0,0.0,-0.21875
0.0,0.0,0.0,0.0,1.0,-1.0,5.0,2.0,-0.21875
0.0,0.0,0.0,-1.0,1.0,-3.0,-1.0,2.0,-0.21875
0.0,0.0,0.0,-1.0,2.0,-3.0,3.0,2.0,-0.21875
0.0,0.0,0.0,-1.0,2.0,-3.0,0.0,0.0,-0.21875
0.0,1.0,0.0,1.0,2.0,-1.0,0.0,0.0,-0.21875
0.0,0.0,0.0,1.0,0.0,-1.0,-2.0,-2.0,-0.21875
0.0,0.0,0.0,1.0,0.0,-1.0,-1.0,4.0,-0.21875
0.0,0.0,0.0,0.0,0.0,0.0,1.0,2.0,-0.953125
0.0,0.0,0.0,0.0,0.0,-1.0,1.0,0.0,-0.953125
0.0,0.0,0.0,1.0,0.0,1.0,1.0,0.0,-0.953125
0.0,0.0,0.0,1.0,0.0,1.0,0.0,-2.0,-0.953125
0.0,0.0,0.0,1.0,0.0,2.0,2.0,0.0,-0.953125
0.0,0.0,-1.0,1.0,0.0,0.0,2.0,0.0,-0.953125
0.0,0.0,-1.0,1.0,0.0,0.0,3.0,2.0,-0.953125
0.0,-1.0,-1.0,-1.0,0.0,0.0,3.0,2.0,-0.953125
0.0,0.0,-1.0,1.0,0.0,0.0,3.0,2.0,-0.953125
-1.0,-2.0,-1.0,1.0,0.0,0.0,3.0,2.0,-0.953125
-1.0,-2.0,-1.0,1.0,0.0,0.0,4.0,4.0,-0.953125
-1.0,-2.0,-1.0,-1.0,-1.0,0.0,4.0,4.0,-0.953125
-1.0,-2.0,-1.0,0.0,-1.0,2.0,4.0,4.0,-0.953125
-1.0,-2.0,-1.0,0.0,-1.0,2.0,1.0,0.0,-0.953125
-1.0,-2.0,-1.0,0.0,0.0,2.0,3.0,0.0,-0.953125
-1.0,-3.0,-1.0,-2.0,0.0,2.0,1.0,0.0,-0.953125
-1.0,-2.0,-1.0,-2.0,2.0,2.0,1.0,0.0,-0.953125
-1.0,-5.0,-1.0,-2.0,2.0,2.0,1.0,0.0,-0.953125
-1.0,-5.0,-1.0,-2.0,3.0,2.0,3.0,2.0,-0.953125
0.0,0.0,0.0,0.0,0.0,0.0,1.0,2.0,0.09375
0.0,0.0,0.0,0.0,0.0,-1.0,1.0,0.0,0.09375
0.0,0.0,0.0,1.0,0.0,1.0,1.0,0.0,0.09375
0.0,0.0,0.0,1.0,0.0,1.0,0.0,-2.0,0.09375
0.0,0.0,0.0,1.0,0.0,2.0,2.0,0.0,0.09375
0.0,0.0,-1.0,1.0,0.0,0.0,2.0,0.0,0.09375
0.0,0.0,-1.0,1.0,0.0,0.0,3.0,2.0,0.09375
0.0,-1.0,-1.0,-1.0,0.0,0.0,3.0,2.0,0.09375
1.0,-1.0,1.0,-1.0,0.0,2.0,3.0,4.0,0.09375
1.0,-2.0,-1.0,-1.0,0.0,2.0,3.0,4.0,0.09375
1.0,-2.0,-1.0,-1.0,0.0,-1.0,3.0,0.0,0.09375
1.0,-2.0,2.0,-1.0,0.0,3.0,3.0,4.0,0.09375
1.0,-2.0,2.0,-2.0,0.0,-1.0,-1.0,4.0,0.09375
1.0,-2.0,2.0,0.0,1.0,-1.0,-1.0,4.0,0.09375
0.0,-2.0,0.0,0.0,1.0,-3.0,-1.0,0.0,0.09375
0.0,-1.0,0.0,2.0,1.0,1.0,3.0,0.0,0.09375
0.0,-1.0,0.0,2.0,1.0,1.0,0.0,-2.0,0.09375
0.0,-1.0,0.0,3.0,1.0,3.0,4.0,-2.0,0.09375
0.0,-1.0,0.0,3.0,0.0,3.0,2.0,-2.0,0.09375
0.0,0.0,0.0,0.0,0.0,0.0,1.0,2.0,0.375
0.0,0.0,0.0,0.0,0.0,-1.0,1.0,0.0,0.375
0.0,0.0,0.0,1.0,0.0,1.0,1.0,0.0,0.375
0.0,0.0,0.0,1.0,-1.0,1.0,-1.0,0.0,0.375
0.0,1.0,0.0,1.0,1.0,1.0,1.0,2.0,0.375
0.0,1.0,0.0,1.0,1.0,1.0,0.0,0.0,0.375
0.0,1.0,0.0,1.0,1.0,1.0,3.0,2.0,0.375
0.0,1.0,0.0,0.0,1.0,1.0,1.0,2.0,0.375
0.0,1.0,0.0,0.0,2.0,1.0,3.0,2.0,0.375
0.0,1.0,-1.0,0.0,2.0,-1.0,3.0,0.0,0.375
0.0,1.0,-1.0,0.0,2.0,-1.0,4.0,2.0,0.375
0.0,1.0,-1.0,0.0,2.0,-1.0,1.0,0.0,0.375
0.0,1.0,-1.0,0.0,2.0,-1.0,4.0,4.0,0.375
0.0,1.0,-1.0,0.0,2.0,-1.0,1.0,2.0,0.375
1.0,1.0,1.0,0.0,2.0,1.0,1.0,2.0,0.375
1.0,1.0,1.0,-1.0,2.0,1.0,-1.0,0.0,0.375
1.0,1.0,1.0,-1.0,2.0,2.0,3.0,0.0,0.375
1.0,0.0,1.0,-3.0,2.0,0.0,1.0,0.0,0.375
1.0,1.0,1.0,-1.0,2.0,0.0,1.0,0.0,0.375
0.0,0.0,0.0,0.0,0.0,0.0,1.0,2.0,0.4375
0.0,0.0,0.0,0.0,0.0,-1.0,1.0,0.0,0.4375
0.0,0.0,0.0,1.0,0.0,1.0,1.0,0.0,0.4375
0.0,0.0,0.0,1.0,0.0,1.0,0.0,-2.0,0.4375
0.0,0.0,0.0,1.0,0.0,2.0,2.0,0.0,0.4375
0.0,0.0,-1.0,1.0,0.0,0.0,2.0,0.0,0.4375
0.0,0.0,-1.0,1.0,0.0,0.0,3.0,2.0,0.4375
0.0,0.0,-1.0,1.0,0.0,0.0,2.0,0.0,0.4375
0.0,0.0,-1.0,2.0,0.0,0.0,4.0,0.0,0.4375
0.0,0.0,-1.0,2.0,0.0,-1.0,4.0,-2.0,0.4375
1.0,0.0,1.0,2.0,0.0,1.0,4.0,0.0,0.4375
1.0,0.0,1.0,2.0,-1.0,1.0,2.0,-2.0,0.4375
1.0,0.0,1.0,3.0,-1.0,1.0,4.0,0.0,0.4375
1.0,0.0,1.0,3.0,-2.0,1.0,-2.0,-2.0,0.4375
1.0,1.0,1.0,3.0,0.0,1.0,-2.0,-2.0,0.4375
1.0,0.0,1.0,1.0,0.0,-1.0,-2.0,-2.0,0.4375
1.0,0.0,1.0,1.0,0.0,-1.0,-1.0,2.0,0.4375
1.0,0.0,1.0,1.0,0.0,-1.0,-2.0,-2.0,0.4375
1.0,0.0,1.0,1.0,1.0,-1.0,0.0,-2.0,0.4375
0.0,0.0,0.0,0.0,0.0,0.0,1.0,2.0,-0.15625
0.0,0.0,0.0,0.0,0.0,-1.0,1.0,0.0,-0.15625
0.0,0.0,0.0,1.0,0.0,1.0,1.0,0.0,-0.15625
0.0,0.0,0.0,1.0,0.0,1.0,0.0,-2.0,-0.15625
0.0,0.0,0.0,1.0,0.0,2.0,2.0,0.0,-0.15625
0.0,0.0,-1.0,1.0,0.0,0.0,2.0,0.0,-0.15625
0.0,0.0,-1.0,1.0,0.0,0.0,3.0,2.0,-0.15625
0.0,-1.0,-1.0,-1.0,0.0,0.0,3.0,2.0,-0.15625
1.0,-1.0,1.0,-1.0,0.0,2.0,3.0,4.0,-0.15625
1.0,-2.0,-1.0,-1.0,0.0,2.0,3.0,4.0,-0.15625
1.0,-2.0,-1.0,-1.0,0.0,-1.0,3.0,0.0,-0.15625
1.0,-2.0,2.0,-1.0,0.0,3.0,3.0,4.0,-0.15625
1.0,-2.0,2.0,-2.0,0.0,-1.0,-1.0,4.0,-0.15625
1.0,-2.0,2.0,0.0,1.0,-1.0,-1.0,4.0,-0.15625
1.0,-2.0,2.0,-1.0,1.0,-1.0,-3.0,2.0,-0.15625
1.0,-1.0,2.0,1.0,1.0,3.0,1.0,2.0,-0.15625
1.0,-1.0,2.0,1.0,-1.0,3.0,0.0,-2.0,-0.15625
1.0,0.0,2.0,3.0,-1.0,3.0,2.0,0.0,-0.15625
1.0,0.0,1.0,3.0,-1.0,1.0,2.0,-2.0,-0.15625
0.0,0.0,0.0,0.0,0.0,0.0,1.0,2.0,0.96875
0.0,0.0,0.0,0.0,0.0,-1.0,1.0,0.0,0.96875
0.0,0.0,0.0,1.0,0.0,1.0,1.0,0.0,0.96875
0.0,0.0,0.0,1.0,0.0,1.0,0.0,-2.0,0.96875
0.0,0.0,0.0,1.0,0.0,2.0,2.0,0.0,0.96875
0.0,0.0,-1.0,1.0,0.0,0.0,2.0,0.0,0.96875
0.0,0.0,-1.0,1.0,0.0,0.0,3.0,2.0,0.96875
0.0,-1.0,-1.0,-1.0,0.0,0.0,3.0,2.0,0.96875
0.0,-1.0,-1.0,-1.0,0.0,1.0,3.0,4.0,0.96875
0.0,-1.0,-2.0,-1.0,0.0,-1.0,3.0,0.0,0.96875
0.0,-1.0,-2.0,-1.0,0.0,-1.0,4.0,2.0,0.96875
0.0,-1.0,-2.0,-1.0,0.0,-1.0,1.0,0.0,0.96875
1.0,-1.0,0.0,-1.0,0.0,1.0,1.0,0.0,0.96875
1.0,-1.0,0.0,-2.0,0.0,1.0,-1.0,0.0,0.96875
2.0,-1.0,2.0,-2.0,0.0,3.0,-1.0,2.0,0.96875
2.0,-2.0,0.0,-2.0,0.0,3.0,-1.0,2.0,0.96875
2.0,-2.0,0.0,-2.0,1.0,3.0,3.0,2.0,0.96875
2.0,-2.0,0.0,-3.0,1.0,3.0,1.0,2.0,0.96875
2.0,-2.0,0.0,-3.0,2.0,3.0,3.0,2.0,0.96875
0.0,0.0,0.0,0.0,0.0,0.0,1.0,2.0,0.53125
0.0,0.0,0.0,0.0,0.0,-1.0,1.0,0.0,0.53125
0.0,0.0,0.0,1.0,0.0,1.0,1.0,0.0,0.53125
0.0,0.0,0.0,1.0,0.0,1.0,0.0,-2.0,0.53125
0.0,0.0,0.0,1.0,0.0,2.0,2.0,0.0,0.53125
0.0,0.0,-1.0,1.0,0.0,0.0,2.0,0.0,0.53125
0.0,0.0,-1.0,1.0,0.0,0.0,3.0,2.0,0.53125
0.0,-1.0,-1.0,-1.0,0.0,0.0,3.0,2.0,0.53125
1.0,-1.0,1.0,-1.0,0.0,2.0,3.0,4.0,0.53125
1.0,-1.0,1.0,-2.0,0.0,-2.0,-1.0,4.0,0.53125
1.0,-1.0,1.0,0.0,1.0,-2.0,-1.0,4.0,0.53125
1.0,-1.0,1.0,0.0,1.0,-2.0,-2.0,0.0,0.53125
1.0,0.0,1.0,2.0,1.0,2.0,2.0,0.0,0.53125
1.0,0.0,1.0,2.0,0.0,2.0,0.0,-2.0,0.53125
1.0,0.0,1.0,2.0,0.0,3.0,0.0,0.0,0.53125
1.0,0.0,1.0,2.0,0.0,3.0,-1.0,-2.0,0.53125
1.0,1.0,1.0,2.0,2.0,3.0,1.0,0.0,0.53125
1.0,1.0,1.0,2.0,2.0,2.0,-1.0,-2.0,0.53125
1.0,1.0,1.0,3.0,2.0,4.0,3.0,-2.0,0.53125
0.0,0.0,0.0,0.0,0.0,0.0,1.0,2.0,0.375
0.0,0.0,0.0,0.0,0.0,-1.0,1.0,0.0,0.375
0.0,0.0,0.0,1.0,0.0,1.0,1.0,0.0,0.375
0.0,0.0,0.0,1.0,0.0,1.0,0.0,-2.0,0.375
0.0,0.0,0.0,1.0,0.0,2.0,0.0,2.0,0.375
0.0,0.0,0.0,1.0,0.0,2.0,-1.0,0.0,0.375
0.0,0.0,0.0,1.0,0.0,3.0,1.0,0.0,0.375
0.0,0.0,-1.0,1.0,0.0,1.0,1.0,-2.0,0.375
0.0,0.0,-1.0,2.0,0.0,1.0,3.0,0.0,0.375
0.0,-1.0,-1.0,0.0,0.0,-1.0,-1.0,0.0,0.375
0.0,-1.0,-1.0,0.0,1.0,-1.0,1.0,2.0,0.375
0.0,-1.0,-1.0,0.0,1.0,-1.0,0.0,-2.0,0.375
0.0,-1.0,-1.0,0.0,1.0,-1.0,3.0,-2.0,0.375
0.0,-1.0,-1.0,0.0,0.0,-1.0,1.0,-4.0,0.375
0.0,-1.0,-1.0,0.0,0.0,-1.0,2.0,0.0,0.375
0.0,-1.0,-1.0,0.0,0.0,-2.0,0.0,-2.0,0.375
0.0,-1.0,-1.0,0.0,0.0,-2.0,3.0,2.0,0.375
0.0,-2.0,-1.0,0.0,-2.0,-2.0,1.0,2.0,0.375
1.0,-2.0,1.0,0.0,-2.0,0.0,1.0,2.0,0.375
0.0,0.0,0.0,0.0,0.0,0.0,1.0,2.0,0.125
0.0,0.0,0.0,0.0,0.0,-1.0,1.0,0.0,0.125
0.0,0.0,0.0,1.0,0.0,1.0,1.0,0.0,0.125
0.0,0.0,0.0,1.0,0.0,1.0,0.0,-2.0,0.125
0.0,0.0,0.0,1.0,0.0,2.0,2.0,0.0,0.125
0.0,0.0,-1.0,1.0,0.0,0.0,2.0,0.0,0.125
0.0,1.0,1.0,1.0,0.0,0.0,2.0,0.0,0.125
-1.0,1.0,-1.0,1.0,0.0,0.0,2.0,0.0,0.125
-1.0,1.0,-1.0,1.0,0.0,0.0,3.0,2.0,0.125
-1.0,1.0,-1.0,1.0,0.0,0.0,2.0,0.0,0.125
-1.0,1.0,-1.0,1.0,0.0,1.0,4.0,2.0,0.125
-1.0,1.0,-1.0,1.0,0.0,1.0,3.0,0.0,0.125
-1.0,1.0,-1.0,1.0,0.0,1.0,6.0,2.0,0.125
-1.0,1.0,-1.0,1.0,-1.0,1.0,4.0,2.0,0.125
-1.0,1.0,-1.0,1.0,-1.0,1.0,5.0,4.0,0.125
-1.0,0.0,-1.0,-1.0,-1.0,1.0,5.0,4.0,0.125
-1.0,0.0,1.0,1.0,0.0,1.0,5.0,4.0,0.125
-1.0,0.0,1.0,0.0,0.0,-1.0,3.0,4.0,0.125
-1.0,1.0,1.0,2.0,0.0,3.0,7.0,4.0,0.125
0.0,0.0,0.0,0.0,0.0,0.0,1.0,2.0,0.28125
0.0,0.0,0.0,0.0,0.0,-1.0,1.0,0.0,0.28125
0.0,0.0,0.0,1.0,0.0,1.0,1.0,0.0,0.28125
0.0,0.0,0.0,1.0,0.0,1.0,0.0,-2.0,0.28125
0.0,0.0,0.0,1.0,0.0,2.0,2.0,0.0,0.28125
0.0,0.0,-1.0,1.0,0.0,0.0,2.0,0.0,0.28125
0.0,0.0,-1.0,1.0,0.0,0.0,3.0,2.0,0.28125
0.0,-1.0,-1.0,-1.0,0.0,0.0,3.0,2.0,0.28125
1.0,-1.0,1.0,-1.0,0.0,2.0,3.0,4.0,0.28125
1.0,-1.0,1.0,-2.0,0.0,-2.0,-1.0,4.0,0.28125
1.0,-1.0,1.0,0.0,1.0,-2.0,-1.0,4.0,0.28125
1.0,-2.0,-1.0,0.0,1.0,-2.0,-1.0,4.0,0.28125
1.0,-1.0,1.0,0.0,1.0,-2.0,-1.0,4.0,0.28125
1.0,-1.0,1.0,0.0,-1.0,-2.0,-2.0,2.0,0.28125
1.0,0.0,1.0,2.0,-1.0,2.0,2.0,2.0,0.28125
1.0,0.0,1.0,2.0,-2.0,0.0,0.0,2.0,0.28125
1.0,3.0,1.0,2.0,0.0,0.0,2.0,4.0,0.28125
1.0,3.0,1.0,2.0,-1.0,0.0,0.0,0.0,0.28125
1.0,4.0,1.0,2.0,1.0,2.0,0.0,0.0,0.28125
0.0,0.0,0.0,0.0,0.0,0.0,1.0,2.0,0.59375
0.0,0.0,0.0,0.0,0.0,-1.0,1.0,0.0,0.59375
0.0,0.0,0.0,1.0,0.0,1.0,1.0,0.0,0.59375
0.0,0.0,0.0,1.0,0.0,1.0,0.0,-2.0,0.59375
0.0,0.0,0.0,1.0,0.0,2.0,2.0,0.0,0.59375
0.0,0.0,-1.0,1.0,0.0,0.0,2.0,0.0,0.59375
0.0,0.0,-1.0,1.0,0.0,0.0,3.0,2.0,0.59375
0.0,-1.0,-1.0,-1.0,0.0,0.0,3.0,2.0,0.59375
1.0,-1.0,1.0,-1.0,0.0,2.0,3.0,4.0,0.59375
1.0,-2.0,-1.0,-1.0,0.0,2.0,3.0,4.0,0.59375
1.0,-2.0,-1.0,-1.0,0.0,-1.0,3.0,0.0,0.59375
1.0,-2.0,2.0,-1.0,0.0,3.0,3.0,4.0,0.59375
1.0,-2.0,2.0,-2.0,0.0,-1.0,-1.0,4.0,0.59375
1.0,-2.0,2.0,0.0,1.0,-1.0,-1.0,4.0,0.59375
1.0,-3.0,2.0,0.0,-1.0,-1.0,-1.0,4.0,0.59375
1.0,-2.0,2.0,2.0,-1.0,3.0,3.0,4.0,0.59375
1.0,-2.0,2.0,2.0,-2.0,1.0,3.0,4.0,0.59375
1.0,-2.0,2.0,2.0,1.0,1.0,3.0,4.0,0.59375
1.0,-2.0,2.0,2.0,1.0,1.0,0.0,0.0,0.59375
0.0,0.0,0.0,0.0,0.0,0.0,1.0,2.0,0.625
0.0,0.0,0.0,0.0,0.0,-1.0,1.0,0.0,0.625
0.0,0.0,0.0,1.0,0.0,1.0,1.0,0.0,0.625
0.0,0.0,0.0,1.0,0.0,1.0,0.0,-2.0,0.625
0.0,0.0,0.0,1.0,0.0,2.0,2.0,0.0,0.625
0.0,0.0,-1.0,1.0,0.0,0.0,2.0,0.0,0.625
0.0,0.0,-1.0,1.0,0.0,0.0,3.0,2.0,0.625
0.0,-1.0,-1.0,-1.0,0.0,0.0,3.0,2.0,0.625
1.0,-1.0,1.0,-1.0,0.0,2.0,3.0,4.0,0.625
1.0,-2.0,-1.0,-1.0,0.0,2.0,3.0,4.0,0.625
1.0,-2.0,-1.0,-1.0,0.0,-1.0,3.0,0.0,0.625
1.0,-2.0,-1.0,-1.0,0.0,-1.0,4.0,2.0,0.625
1.0,-2.0,-1.0,-1.0,0.0,-1.0,1.0,0.0,0.625
1.0,-2.0,-1.0,0.0,0.0,1.0,3.0,2.0,0.625
1.0,-2.0,-1.0,0.0,0.0,1.0,2.0,-2.0,0.625
1.0,-2.0,-1.0,0.0,0.0,1.0,3.0,2.0,0.625
1.0,-3.0,-1.0,-2.0,0.0,-1.0,1.0,2.0,0.625
1.0,-2.0,-1.0,0.0,0.0,-1.0,1.0,2.0,0.625
1.0,-2.0,-1.0,-2.0,-1.0,-1.0,-1.0,-2.0,0.625
0.0,0.0,0.0,0.0,0.0,0.0,1.0,2.0,-0.125
0.0,0.0,0.0,0.0,0.0,-1.0,1.0,0.0,-0.125
0.0,0.0,0.0,1.0,0.0,1.0,1.0,0.0,-0.125
0.0,0.0,0.0,1.0,0.0,1.0,0.0,-2.0,-0.125
0.0,0.0,0.0,1.0,0.0,2.0,2.0,0.0,-0.125
0.0,0.0,-1.0,1.0,0.0,0.0,2.0,0.0,-0.125
0.0,0.0,-1.0,1.0,0.0,0.0,3.0,2.0,-0.125
0.0,-1.0,-1.0,-1.0,0.0,0.0,3.0,2.0,-0.125
1.0,-1.0,1.0,-1.0,0.0,2.0,3.0,4.0,-0.125
1.0,-2.0,-1.0,-1.0,0.0,2.0,3.0,4.0,-0.125
1.0,-2.0,-1.0,-1.0,0.0,-1.0,3.0,0.0,-0.125
1.0,-2.0,2.0,-1.0,0.0,3.0,3.0,4.0,-0.125
1.0,-2.0,2.0,-2.0,0.0,-1.0,-1.0,4.0,-0.125
1.0,-2.0,2.0,0.0,1.0,-1.0,-1.0,4.0,-0.125
0.0,-2.0,0.0,0.0,1.0,-3.0,-1.0,0.0,-0.125
0.0,-1.0,0.0,2.0,1.0,1.0,3.0,0.0,-0.125
0.0,-1.0,0.0,2.0,0.0,1.0,1.0,0.0,-0.125
0.0,-1.0,0.0,2.0,0.0,1.0,2.0,2.0,-0.125
0.0,-2.0,0.0,2.0,-2.0,-1.0,2.0,2.0,-0.125
0.0,0.0,0.0,0.0,0.0,0.0,1.0,2.0,-0.125
0.0,0.0,0.0,0.0,0.0,-1.0,1.0,0.0,-0.125
0.0,0.0,0.0,1.0,0.0,1.0,1.0,0.0,-0.125
0.0,0.0,0.0,1.0,0.0,1.0,0.0,-2.0,-0.125
0.0,0.0,0.0,1.0,0.0,2.0,0.0,2.0,-0.125
0.0,0.0,0.0,1.0,0.0,2.0,-1.0,0.0,-0.125
0.0,0.0,0.0,1.0,1.0,2.0,1.0,2.0,-0.125
0.0,0.0,0.0,1.0,0.0,2.0,-1.0,-2.0,-0.125
0.0,0.0,0.0,2.0,0.0,2.0,1.0,-2.0,-0.125
0.0,0.0,0.0,2.0,0.0,1.0,1.0,-4.0,-0.125
0.0,1.0,0.0,2.0,2.0,1.0,1.0,-4.0,-0.125
0.0,0.0,0.0,2.0,0.0,1.0,-1.0,-4.0,-0.125
0.0,0.0,0.0,2.0,1.0,1.0,1.0,0.0,-0.125
0.0,0.0,0.0,2.0,1.0,1.0,0.0,-2.0,-0.125
0.0,0.0,0.0,3.0,1.0,1.0,2.0,0.0,-0.125
0.0,-1.0,0.0,3.0,-1.0,1.0,0.0,0.0,-0.125
0.0,-1.0,0.0,4.0,-1.0,3.0,0.0,0.0,-0.125
0.0,-2.0,0.0,4.0,-3.0,3.0,-2.0,-2.0,-0.125
0.0,1.0,0.0,4.0,-3.0,3.0,-2.0,-2.0,-0.125
0.0,0.0,0.0,0.0,0.0,0.0,1.0,2.0,-0.125
0.0,0.0,0.0,0.0,0.0,-1.0,1.0,0.0,-0.125
0.0,0.0,0.0,0.0,0.0,-1.0,2.0,2.0,-0.125
0.0,0.0,0.0,0.0,0.0,-1.0,-1.0,0.0,-0.125
0.0,0.0,0.0,0.0,0.0,0.0,-1.0,2.0,-0.125
0.0,0.0,0.0,0.0,-1.0,0.0,-3.0,2.0,-0.125
0.0,0.0,0.0,1.0,-1.0,2.0,3.0,2.0,-0.125
0.0,0.0,0.0,1.0,-2.0,2.0,-3.0,0.0,-0.125
0.0,0.0,0.0,1.0,-2.0,2.0,-2.0,2.0,-0.125
0.0,0.0,0.0,1.0,-2.0,2.0,-3.0,-2.0,-0.125
0.0,0.0,0.0,1.0,-2.0,2.0,0.0,2.0,-0.125
0.0,-1.0,0.0,-1.0,-2.0,0.0,0.0,2.0,-0.125
0.0,0.0,0.0,-1.0,0.0,0.0,2.0,2.0,-0.125
0.0,0.0,0.0,-1.0,-1.0,0.0,0.0,2.0,-0.125
0.0,1.0,0.0,-1.0,1.0,0.0,0.0,2.0,-0.125
0.0,0.0,0.0,-1.0,-1.0,0.0,0.0,2.0,-0.125
0.0,1.0,0.0,-1.0,1.0,0.0,0.0,2.0,-0.125
0.0,1.0,-1.0,-1.0,1.0,-2.0,0.0,2.0,-0.125
1.0,1.0,1.0,-1.0,1.0,0.0,0.0,4.0,-0.125
0.0,0.0,0.0,0.0,0.0,0.0,1.0,2.0,-0.25
0.0,0.0,0.0,0.0,0.0,-1.0,1.0,0.0,-0.25
0.0,0.0,0.0,0.0,0.0,-1.0,2.0,2.0,-0.25
0.0,0.0,0.0,0.0,0.0,-1.0,-1.0,2.0,-0.25
0.0,0.0,0.0,0.0,1.0,-1.0,1.0,2.0,-0.25
0.0,-1.0,0.0,0.0,-1.0,-1.0,1.0,2.0,-0.25
0.0,-1.0,0.0,0.0,-1.0,-1.0,2.0,4.0,-0.25
0.0,-1.0,0.0,0.0,-1.0,-1.0,-1.0,4.0,-0.25
0.0,-1.0,0.0,0.0,0.0,-1.0,1.0,4.0,-0.25
0.0,-1.0,0.0,0.0,0.0,-1.0,-2.0,-2.0,-0.25
0.0,-1.0,0.0,0.0,1.0,-1.0,0.0,-2.0,-0.25
0.0,-2.0,0.0,0.0,-1.0,-1.0,0.0,-2.0,-0.25
0.0,-2.0,0.0,0.0,-1.0,0.0,0.0,0.0,-0.25
0.0,-2.0,0.0,-1.0,-1.0,0.0,-2.0,0.0,-0.25
0.0,-2.0,0.0,-1.0,0.0,0.0,2.0,2.0,-0.25
0.0,-3.0,0.0,-1.0,-2.0,0.0,2.0,2.0,-0.25
0.0,-2.0,0.0,1.0,-2.0,0.0,2.0,2.0,-0.25
0.0,-3.0,0.0,1.0,-4.0,0.0,-2.0,2.0,-0.25
0.0,-3.0,0.0,2.0,-4.0,2.0,2.0,4.0,-0.25
0.0,0.0,0.0,0.0,0.0,0.0,1.0,2.0,0.53125
0.0,0.0,0.0,0.0,0.0,-1.0,1.0,0.0,0.53125
0.0,0.0,0.0,1.0,0.0,1.0,1.0,0.0,0.53125
0.0,0.0,0.0,1.0,0.0,1.0,0.0,-2.0,0.53125
0.0,0.0,0.0,1.0,0.0,2.0,2.0,0.0,0.53125
0.0,0.0,-1.0,1.0,0.0,0.0,2.0,0.0,0.53125
0.0,0.0,-1.0,1.0,0.0,0.0,3.0,2.0,0.53125
0.0,-1.0,-1.0,-1.0,0.0,0.0,3.0,2.0,0.53125
1.0,-1.0,1.0,-1.0,0.0,2.0,3.0,4.0,0.53125
1.0,-2.0,-1.0,-1.0,0.0,2.0,3.0,4.0,0.53125
1.0,-2.0,-1.0,-1.0,0.0,-1.0,3.0,0.0,0.53125
1.0,-2.0,2.0,-1.0,0.0,3.0,3.0,4.0,0.53125
1.0,-2.0,2.0,-2.0,0.0,-1.0,-1.0,4.0,0.53125
1.0,-2.0,2.0,0.0,1.0,-1.0,-1.0,4.0,0.53125
0.0,-2.0,0.0,0.0,1.0,-3.0,-1.0,0.0,0.53125
0.0,-1.0,0.0,2.0,1.0,1.0,3.0,0.0,0.53125
0.0,-1.0,0.0,2.0,0.0,1.0,1.0,0.0,0.53125
0.0,-1.0,0.0,3.0,0.0,3.0,1.0,0.0,0.53125
0.0,-2.0,0.0,3.0,-2.0,1.0,1.0,0.0,0.53125
0.0,0.0,0.0,0.0,0.0,0.0,1.0,2.0,0.03125
0.0,0.0,0.0,0.0,0.0,-1.0,1.0,0.0,0.03125
0.0,0.0,0.0,1.0,0.0,1.0,1.0,0.0,0.03125
0.0,0.0,0.0,1.0,0.0,1.0,0.0,-2.0,0.03125
0.0,0.0,0.0,1.0,0.0,2.0,2.0,0.0,0.03125
0.0,0.0,-1.0,1.0,0.0,0.0,2.0,0.0,0.03125
0.0,0.0,-1.0,1.0,0.0,0.0,3.0,2.0,0.03125
0.0,-1.0,-1.0,-1.0,0.0,0.0,3.0,2.0,0.03125
1.0,-1.0,1.0,-1.0,0.0,2.0,3.0,4.0,0.03125
1.0,-2.0,-1.0,-1.0,0.0,2.0,3.0,4.0,0.03125
1.0,-2.0,-1.0,-1.0,0.0,-1.0,3.0,0.0,0.03125
1.0,-2.0,2.0,-1.0,0.0,3.0,3.0,4.0,0.03125
1.0,-2.0,2.0,-2.0,0.0,-1.0,-1.0,4.0,0.03125
1.0,-2.0,2.0,0.0,1.0,-1.0,-1.0,4.0,0.03125
0.0,-2.0,0.0,0.0,1.0,-3.0,-1.0,0.0,0.03125
0.0,-1.0,0.0,2.0,1.0,1.0,3.0,0.0,0.03125
0.0,-1.0,0.0,2.0,0.0,1.0,1.0,0.0,0.03125
0.0,-1.0,0.0,3.0,0.0,3.0,1.0,0.0,0.03125
0.0,-2.0,0.0,3.0,-2.0,1.0,1.0,0.0,0.03125
0.0,0.0,0.0,0.0,0.0,0.0,1.0,2.0,-0.46875
0.0,0.0,0.0,0.0,0.0,0.0,0.0,0.0,-0.46875
0.0,0.0,0.0,0.0,0.0,1.0,2.0,2.0,-0.46875
0.0,0.0,0.0,0.0,0.0,0.0,2.0,0.0,-0.46875
0.0,0.0,0.0,0.0,0.0,0.0,3.0,2.0,-0.46875
0.0,0.0,0.0,-1.0,0.0,-2.0,-1.0,2.0,-0.46875
0.0,0.0,1.0,-1.0,0.0,0.0,-1.0,4.0,-0.46875
0.0,0.0,1.0,-1.0,0.0,0.0,-2.0,0.0,-0.46875
0.0,1.0,1.0,1.0,0.0,2.0,2.0,0.0,-0.46875
0.0,1.0,1.0,1.0,0.0,1.0,0.0,-2.0,-0.46875
0.0,1.0,2.0,1.0,0.0,3.0,0.0,2.0,-0.46875
0.0,1.0,2.0,1.0,-1.0,3.0,-2.0,-2.0,-0.46875
0.0,1.0,2.0,1.0,-1.0,3.0,-1.0,0.0,-0.46875
-1.0,1.0,0.0,1.0,-1.0,1.0,-1.0,-2.0,-0.46875
-1.0,2.0,0.0,1.0,1.0,1.0,1.0,-2.0,-0.46875
-2.0,2.0,-2.0,1.0,1.0,-1.0,1.0,-2.0,-0.46875
-2.0,2.0,-2.0,1.0,2.0,-1.0,5.0,2.0,-0.46875
-2.0,2.0,-2.0,1.0,2.0,-2.0,1.0,2.0,-0.46875
-2.0,2.0,-2.0,2.0,2.0,0.0,3.0,2.0,-0.46875
0.0,0.0,0.0,0.0,0.0,0.0,1.0,2.0,0.65625
0.0,0.0,0.0,0.0,0.0,-1.0,1.0,0.0,0.65625
0.0,0.0,0.0,1.0,0.0,1.0,1.0,0.0,0.65625
0.0,0.0,0.0,1.0,0.0,1.0,0.0,-2.0,0.65625
0.0,0.0,0.0,1.0,0.0,2.0,2.0,0.0,0.65625
0.0,0.0,-1.0,1.0,0.0,0.0,2.0,0.0,0.65625
0.0,0.0,-1.0,1.0,0.0,0.0,3.0,2.0,0.65625
0.0,-1.0,-1.0,-1.0,0.0,0.0,3.0,2.0,0.65625
1.0,-1.0,1.0,-1.0,0.0,2.0,3.0,4.0,0.65625
1.0,-2.0,-1.0,-1.0,0.0,2.0,3.0,4.0,0.65625
1.0,-2.0,-1.0,-1.0,0.0,-1.0,3.0,0.0,0.65625
1.0,-2.0,2.0,-1.0,0.0,3.0,3.0,4.0,0.65625
1.0,-2.0,2.0,-2.0,0.0,-1.0,-1.0,4.0,0.65625
1.0,-2.0,2.0,0.0,1.0,-1.0,-1.0,4.0,0.65625
0.0,-2.0,0.0,0.0,1.0,-3.0,-1.0,0.0,0.65625
0.0,-1.0,0.0,2.0,1.0,1.0,3.0,0.0,0.65625
0.0,-1.0,0.0,2.0,0.0,1.0,1.0,0.0,0.65625
0.0,-1.0,0.0,3.0,0.0,3.0,1.0,0.0,0.65625
0.0,-2.0,0.0,3.0,-2.0,1.0,1.0,0.0,0.65625
0.0,0.0,0.0,0.0,0.0,0.0,1.0,2.0,0.0
0.0,0.0,0.0,0.0,0.0,-1.0,1.0,0.0,0.0
0.0,0.0,0.0,1.0,0.0,1.0,1.0,0.0,0.0
0.0,0.0,0.0,1.0,0.0,1.0,0.0,-2.0,0.0
0.0,0.0,0.0,1.0,0.0,2.0,0.0,2.0,0.0
0.0,0.0,0.0,1.0,0.0,2.0,-1.0,0.0,0.0
0.0,0.0,0.0,1.0,0.0,3.0,-1.0,2.0,0.0
0.0,0.0,0.0,1.0,0.0,3.0,-2.0,0.0,0.0
0.0,0.0,0.0,2.0,0.0,3.0,0.0,0.0,0.0
0.0,0.0,0.0,2.0,-1.0,3.0,-4.0,-4.0,0.0
0.0,1.0,0.0,2.0,1.0,3.0,-4.0,-4.0,0.0
0.0,0.0,0.0,0.0,1.0,1.0,-4.0,-4.0,0.0
0.0,0.0,0.0,0.0,2.0,1.0,0.0,0.0,0.0
0.0,0.0,0.0,0.0,2.0,1.0,-1.0,-4.0,0.0
0.0,0.0,1.0,0.0,2.0,3.0,-1.0,0.0,0.0
0.0,-1.0,-1.0,0.0,0.0,3.0,-1.0,0.0,0.0
1.0,-1.0,1.0,0.0,0.0,3.0,-1.0,0.0,0.0
1.0,-2.0,1.0,-2.0,0.0,3.0,-1.0,0.0,0.0
1.0,-2.0,1.0,-2.0,0.0,3.0,2.0,0.0,0.0
0.0,0.0,0.0,0.0,0.0,0.0,1.0,2.0,-0.25
0.0,0.0,0.0,0.0,0.0,-1.0,1.0,0.0,-0.25
0.0,0.0,0.0,1.0,0.0,1.0,1.0,0.0,-0.25
0.0,0.0,0.0,1.0,0.0,1.0,0.0,-2.0,-0.25
0.0,0.0,0.0,1.0,0.0,2.0,2.0,0.0,-0.25
0.0,0.0,-1.0,1.0,0.0,0.0,2.0,0.0,-0.25
0.0,0.0,-1.0,1.0,0.0,0.0,3.0,2.0,-0.25
0.0,0.0,-1.0,0.0,0.0,-2.0,-1.0,2.0,-0.25
0.0,1.0,-1.0,2.0,0.0,2.0,3.0,2.0,-0.25
0.0,1.0,-1.0,2.0,-1.0,2.0,1.0,2.0,-0.25
0.0,2.0,-1.0,2.0,1.0,2.0,3.0,4.0,-0.25
0.0,2.0,-1.0,2.0,1.0,-1.0,3.0,0.0,-0.25
0.0,2.0,-1.0,3.0,1.0,1.0,3.0,0.0,-0.25
0.0,2.0,-1.0,3.0,1.0,1.0,2.0,-2.0,-0.25
1.0,2.0,1.0,3.0,1.0,3.0,2.0,2.0,-0.25
1.0,1.0,1.0,1.0,1.0,1.0,0.0,2.0,-0.25
1.0,1.0,1.0,1.0,2.0,1.0,2.0,4.0,-0.25
1.0,1.0,1.0,0.0,2.0,-1.0,0.0,4.0,-0.25
1.0,1.0,2.0,0.0,2.0,1.0,0.0,4.0,-0.25
0.0,0.0,0.0,0.0,0.0,0.0,1.0,2.0,-0.5625
0.0,0.0,0.0,0.0,0.0,0.0,0.0,0.0,-0.5625
0.0,0.0,0.0,0.0,0.0,1.0,2.0,2.0,-0.5625
0.0,0.0,0.0,0.0,0.0,0.0,2.0,0.0,-0.5625
0.0,0.0,0.0,0.0,0.0,0.0,3.0,2.0,-0.5625
0.0,0.0,0.0,-1.0,0.0,-2.0,-1.0,2.0,-0.5625
0.0,0.0,1.0,-1.0,0.0,0.0,-1.0,2.0,-0.5625
0.0,0.0,1.0,-1.0,0.0,0.0,-2.0,0.0,-0.5625
0.0,0.0,1.0,-1.0,1.0,0.0,0.0,2.0,-0.5625
0.0,0.0,1.0,-1.0,1.0,-1.0,0.0,0.0,-0.5625
0.0,0.0,1.0,-1.0,1.0,-1.0,3.0,2.0,-0.5625
0.0,0.0,1.0,-1.0,1.0,-1.0,0.0,0.0,-0.5625
0.0,0.0,1.0,-1.0,1.0,0.0,0.0,2.0,-0.5625
0.0,0.0,1.0,-2.0,1.0,-2.0,0.0,2.0,-0.5625
0.0,0.0,1.0,-1.0,1.0,0.0,2.0,2.0,-0.5625
-1.0,0.0,-1.0,-1.0,1.0,-2.0,2.0,-2.0,-0.5625
-1.0,1.0,-1.0,1.0,1.0,0.0,4.0,-2.0,-0.5625
-1.0,0.0,-1.0,1.0,-1.0,0.0,2.0,-2.0,-0.5625
-1.0,0.0,0.0,1.0,-1.0,2.0,2.0,0.0,-0.5625
0.0,0.0,0.0,0.0,0.0,0.0,1.0,2.0,0.65625
0.0,0.0,0.0,0.0,0.0,-1.0,1.0,0.0,0.65625
0.0,0.0,0.0,1.0,0.0,1.0,1.0,0.0,0.65625
0.0,0.0,0.0,1.0,0.0,1.0,0.0,-2.0,0.65625
0.0,0.0,0.0,1.0,0.0,2.0,0.0,2.0,0.65625
0.0,-1.0,0.0,-1.0,0.0,0.0,-2.0,2.0,0.65625
0.0,-1.0,0.0,-1.0,0.0,1.0,-2.0,4.0,0.65625
0.0,-1.0,0.0,-1.0,0.0,1.0,-3.0,0.0,0.65625
0.0,-1.0,0.0,-1.0,0.0,2.0,-3.0,2.0,0.65625
0.0,-1.0,0.0,-2.0,0.0,0.0,-3.0,2.0,0.65625
0.0,-1.0,0.0,-2.0,1.0,0.0,-1.0,2.0,0.65625
0.0,-1.0,0.0,-2.0,1.0,0.0,-2.0,0.0,0.65625
0.0,-1.0,0.0,-1.0,1.0,0.0,0.0,0.0,0.65625
0.0,-2.0,0.0,-3.0,1.0,0.0,0.0,0.0,0.65625
0.0,-2.0,0.0,-3.0,1.0,0.0,3.0,0.0,0.65625
0.0,-3.0,0.0,-3.0,-1.0,0.0,1.0,0.0,0.65625
0.0,-3.0,0.0,-3.0,-1.0,0.0,4.0,4.0,0.65625
0.0,-3.0,-1.0,-3.0,-1.0,-2.0,4.0,0.0,0.65625
0.0,-3.0,-1.0,-3.0,-1.0,-2.0,5.0,2.0,0.65625
0.0,0.0,0.0,0.0,0.0,0.0,1.0,2.0,0.28125
0.0,0.0,0.0,0.0,0.0,-1.0,1.0,0.0,0.28125
0.0,0.0,0.0,0.0,0.0,-1.0,2.0,2.0,0.28125
0.0,0.0,0.0,0.0,0.0,-1.0,-1.0,2.0,0.28125
0.0,0.0,0.0,0.0,0.0,-1.0,0.0,4.0,0.28125
0.0,0.0,0.0,0.0,0.0,-1.0,-3.0,2.0,0.28125
0.0,0.0,0.0,0.0,1.0,-1.0,-1.0,2.0,0.28125
0.0,-1.0,0.0,0.0,-1.0,-1.0,-1.0,2.0,0.28125
0.0,-1.0,1.0,0.0,-1.0,1.0,-1.0,4.0,0.28125
0.0,-1.0,1.0,0.0,-1.0,1.0,-4.0,-2.0,0.28125
0.0,-1.0,1.0,0.0,0.0,1.0,-2.0,2.0,0.28125
0.0,-2.0,1.0,0.0,-2.0,1.0,-2.0,2.0,0.28125
0.0,-2.0,1.0,1.0,-2.0,1.0,0.0,4.0,0.28125
0.0,-3.0,1.0,-1.0,-2.0,-1.0,0.0,4.0,0.28125
0.0,-2.0,1.0,-1.0,0.0,-1.0,2.0,4.0,0.28125
0.0,-3.0,-1.0,-1.0,0.0,-1.0,2.0,4.0,0.28125
1.0,-3.0,1.0,-1.0,0.0,1.0,2.0,4.0,0.28125
1.0,-3.0,1.0,-1.0,-1.0,1.0,-2.0,0.0,0.28125
1.0,-2.0,1.0,1.0,-1.0,1.0,-2.0,0.0,0.28125
0.0,0.0,0.0,0.0,0.0,0.0,1.0,2.0,0.28125
0.0,0.0,0.0,0.0,0.0,-1.0,1.0,0.0,0.28125
0.0,0.0,0.0,1.0,0.0,1.0,1.0,0.0,0.28125
0.0,0.0,0.0,1.0,0.0,1.0,0.0,-2.0,0.28125
0.0,0.0,0.0,1.0,0.0,2.0,0.0,2.0,0.28125
0.0,0.0,0.0,1.0,0.0,2.0,-1.0,0.0,0.28125
0.0,0.0,0.0,1.0,0.0,3.0,1.0,0.0,0.28125
0.0,0.0,-1.0,1.0,0.0,1.0,1.0,-2.0,0.28125
0.0,0.0,-1.0,1.0,1.0,1.0,3.0,0.0,0.28125
0.0,0.0,-1.0,1.0,1.0,1.0,2.0,-2.0,0.28125
0.0,0.0,-1.0,2.0,1.0,3.0,2.0,-2.0,0.28125
0.0,-1.0,-1.0,2.0,-1.0,3.0,0.0,-2.0,0.28125
1.0,-1.0,1.0,2.0,-1.0,3.0,0.0,-2.0,0.28125
1.0,-1.0,1.0,1.0,-1.0,3.0,-2.0,-2.0,0.28125
1.0,0.0,1.0,3.0,-1.0,3.0,-2.0,-2.0,0.28125
1.0,-1.0,1.0,1.0,-1.0,1.0,-4.0,-2.0,0.28125
1.0,-1.0,1.0,1.0,-1.0,4.0,-4.0,2.0,0.28125
1.0,-2.0,-1.0,1.0,-1.0,4.0,-4.0,2.0,0.28125
1.0,-2.0,-1.0,1.0,0.0,4.0,-2.0,2.0,0.28125
0.0,0.0,0.0,0.0,0.0,0.0,1.0,2.0,-0.234375
0.0,0.0,0.0,0.0,0.0,-1.0,1.0,0.0,-0.234375
0.0,0.0,0.0,1.0,0.0,1.0,1.0,0.0,-0.234375
0.0,0.0,0.0,1.0,0.0,1.0,0.0,-2.0,-0.234375
0.0,0.0,0.0,1.0,0.0,2.0,2.0,0.0,-0.234375
0.0,0.0,-1.0,1.0,0.0,0.0,2.0,0.0,-0.234375
0.0,0.0,-1.0,1.0,0.0,0.0,3.0,2.0,-0.234375
0.0,-1.0,-1.0,-1.0,0.0,0.0,3.0,2.0,-0.234375
1.0,-1.0,1.0,-1.0,0.0,2.0,3.0,4.0,-0.234375
1.0,-2.0,-1.0,-1.0,0.0,2.0,3.0,4.0,-0.234375
1.0,-2.0,-1.0,-1.0,0.0,-1.0,3.0,0.0,-0.234375
1.0,-2.0,2.0,-1.0,0.0,3.0,3.0,4.0,-0.234375
1.0,-2.0,2.0,-2.0,0.0,-1.0,-1.0,4.0,-0.234375
1.0,-2.0,2.0,0.0,1.0,-1.0,-1.0,4.0,-0.234375
0.0,-2.0,0.0,0.0,1.0,-3.0,-1.0,0.0,-0.234375
0.0,-1.0,0.0,2.0,1.0,1.0,3.0,0.0,-0.234375
0.0,-1.0,0.0,2.0,0.0,1.0,1.0,0.0,-0.234375
0.0,-1.0,0.0,3.0,0.0,3.0,1.0,0.0,-0.234375
0.0,-2.0,0.0,3.0,-2.0,1.0,1.0,0.0,-0.234375
0.0,0.0,0.0,0.0,0.0,0.0,1.0,2.0,0.59375
0.0,0.0,0.0,0.0,0.0,-1.0,1.0,0.0,0.59375
0.0,0.0,0.0,1.0,0.0,1.0,1.0,0.0,0.59375
0.0,0.0,0.0,1.0,0.0,1.0,0.0,-2.0,0.59375
0.0,0.0,0.0,1.0,0.0,2.0,2.0,0.0,0.59375
0.0,0.0,-1.0,1.0,0.0,0.0,2.0,0.0,0.59375
0.0,0.0,-1.0,1.0,0.0,0.0,3.0,2.0,0.59375
0.0,-1.0,-1.0,-1.0,0.0,0.0,3.0,2.0,0.59375
1.0,-1.0,1.0,-1.0,0.0,2.0,3.0,4.0,0.59375
1.0,-2.0,-1.0,-1.0,0.0,2.0,3.0,4.0,0.59375
1.0,-2.0,-1.0,-1.0,0.0,-1.0,3.0,0.0,0.59375
1.0,-2.0,-1.0,-1.0,0.0,-1.0,4.0,2.0,0.59375
1.0,-2.0,-1.0,-1.0,0.0,-1.0,1.0,0.0,0.59375
1.0,-2.0,-1.0,0.0,0.0,1.0,3.0,2.0,0.59375
1.0,-2.0,-1.0,0.0,0.0,1.0,2.0,-2.0,0.59375
1.0,-2.0,-1.0,0.0,0.0,1.0,3.0,2.0,0.59375
1.0,-3.0,-1.0,-2.0,0.0,-1.0,1.0,2.0,0.59375
1.0,-2.0,-1.0,0.0,0.0,-1.0,1.0,2.0,0.59375
1.0,-2.0,-1.0,-2.0,-1.0,-1.0,-1.0,-2.0,0.59375
0.0,0.0,0.0,0.0,0.0,0.0,1.0,2.0,0.3125
0.0,0.0,0.0,0.0,0.0,-1.0,1.0,0.0,0.3125
0.0,0.0,0.0,1.0,0.0,1.0,1.0,0.0,0.3125
0.0,0.0,0.0,1.0,0.0,1.0,0.0,-2.0,0.3125
0.0,0.0,0.0,1.0,0.0,2.0,2.0,0.0,0.3125
0.0,0.0,-1.0,1.0,0.0,0.0,2.0,0.0,0.3125
0.0,0.0,-1.0,1.0,0.0,0.0,3.0,2.0,0.3125
0.0,-1.0,-1.0,-1.0,0.0,0.0,3.0,2.0,0.3125
1.0,-1.0,1.0,-1.0,0.0,2.0,3.0,4.0,0.3125
1.0,-2.0,-1.0,-1.0,0.0,2.0,3.0,4.0,0.3125
1.0,-2.0,-1.0,-1.0,0.0,-1.0,3.0,0.0,0.3125
1.0,-2.0,2.0,-1.0,0.0,3.0,3.0,4.0,0.3125
1.0,-2.0,2.0,-2.0,0.0,-1.0,-1.0,4.0,0.3125
1.0,-2.0,2.0,0.0,1.0,-1.0,-1.0,4.0,0.3125
0.0,-2.0,0.0,0.0,1.0,-3.0,-1.0,0.0,0.3125
0.0,-1.0,0.0,2.0,1.0,1.0,3.0,0.0,0.3125
0.0,-1.0,0.0,2.0,0.0,1.0,1.0,0.0,0.3125
0.0,-1.0,0.0,3.0,0.0,3.0,1.0,0.0,0.3125
0.0,-2.0,0.0,3.0,-2.0,1.0,1.0,0.0,0.3125
0.0,0.0,0.0,0.0,0.0,0.0,1.0,2.0,-0.4375
0.0,0.0,0.0,0.0,0.0,-1.0,1.0,0.0,-0.4375
0.0,0.0,0.0,1.0,0.0,1.0,1.0,0.0,-0.4375
0.0,0.0,0.0,1.0,0.0,1.0,0.0,-2.0,-0.4375
0.0,0.0,0.0,1.0,0.0,2.0,2.0,0.0,-0.4375
0.0,0.0,-1.0,1.0,0.0,0.0,2.0,0.0,-0.4375
0.0,0.0,-1.0,1.0,0.0,0.0,3.0,2.0,-0.4375
0.0,-1.0,-1.0,-1.0,0.0,0.0,3.0,2.0,-0.4375
1.0,-1.0,1.0,-1.0,0.0,2.0,3.0,4.0,-0.4375
1.0,-2.0,-1.0,-1.0,0.0,2.0,3.0,4.0,-0.4375
1.0,-2.0,-1.0,-1.0,0.0,-1.0,3.0,0.0,-0.4375
1.0,-2.0,2.0,-1.0,0.0,3.0,3.0,4.0,-0.4375
1.0,-2.0,2.0,-2.0,0.0,-1.0,-1.0,4.0,-0.4375
1.0,-2.0,2.0,0.0,1.0,-1.0,-1.0,4.0,-0.4375
0.0,-2.0,0.0,0.0,1.0,-3.0,-1.0,0.0,-0.4375
0.0,-2.0,0.0,0.0,1.0,-3.0,0.0,2.0,-0.4375
0.0,-2.0,0.0,0.0,-1.0,-3.0,-3.0,-2.0,-0.4375
0.0,-1.0,0.0,2.0,-1.0,1.0,1.0,-2.0,-0.4375
0.0,-1.0,0.0,2.0,-2.0,-1.0,-1.0,-2.0,-0.4375
0.0,0.0,0.0,0.0,0.0,0.0,1.0,2.0,0.0
0.0,0.0,0.0,0.0,0.0,-1.0,1.0,0.0,0.0
0.0,0.0,0.0,0.0,0.0,-1.0,2.0,2.0,0.0
0.0,0.0,0.0,0.0,0.0,-1.0,-1.0,2.0,0.0
0.0,0.0,0.0,0.0,1.0,-1.0,1.0,2.0,0.0
0.0,-1.0,0.0,0.0,-1.0,-1.0,1.0,2.0,0.0
0.0,-1.0,0.0,0.0,-1.0,-1.0,2.0,4.0,0.0
0.0,-1.0,0.0,0.0,-1.0,-1.0,-1.0,4.0,0.0
0.0,-1.0,0.0,1.0,-1.0,-1.0,1.0,4.0,0.0
0.0,-2.0,0.0,-1.0,-1.0,-1.0,1.0,4.0,0.0
0.0,-2.0,0.0,0.0,-1.0,1.0,3.0,4.0,0.0
0.0,-2.0,0.0,-1.0,-1.0,1.0,1.0,2.0,0.0
0.0,-2.0,0.0,-1.0,-1.0,2.0,3.0,2.0,0.0
0.0,-2.0,0.0,-2.0,-1.0,2.0,-1.0,0.0,0.0
0.0,-2.0,0.0,-2.0,0.0,2.0,1.0,2.0,0.0
0.0,-2.0,0.0,-2.0,0.0,2.0,0.0,0.0,0.0
0.0,-2.0,0.0,-1.0,0.0,2.0,2.0,0.0,0.0
0.0,-2.0,0.0,-1.0,-1.0,2.0,-2.0,0.0,0.0
0.0,-1.0,0.0,-1.0,1.0,2.0,-2.0,0.0,0.0
0.0,0.0,0.0,0.0,0.0,0.0,1.0,2.0,0.5625
0.0,0.0,0.0,0.0,0.0,-1.0,1.0,0.0,0.5625
0.0,0.0,0.0,1.0,0.0,1.0,1.0,0.0,0.5625
0.0,0.0,0.0,1.0,0.0,1.0,0.0,-2.0,0.5625
0.0,0.0,0.0,1.0,0.0,2.0,2.0,0.0,0.5625
0.0,0.0,-1.0,1.0,0.0,0.0,2.0,0.0,0.5625
0.0,0.0,-1.0,1.0,0.0,0.0,3.0,2.0,0.5625
0.0,-1.0,-1.0,-1.0,0.0,0.0,3.0,2.0,0.5625
1.0,-1.0,1.0,-1.0,0.0,2.0,3.0,4.0,0.5625
1.0,-2.0,-1.0,-1.0,0.0,2.0,3.0,4.0,0.5625
1.0,-2.0,-1.0,-1.0,0.0,-1.0,3.0,0.0,0.5625
1.0,-2.0,2.0,-1.0,0.0,3.0,3.0,4.0,0.5625
1.0,-2.0,2.0,-2.0,0.0,-1.0,-1.0,4.0,0.5625
1.0,-2.0,2.0,0.0,1.0,-1.0,-1.0,4.0,0.5625
0.0,-2.0,0.0,0.0,1.0,-3.0,-1.0,0.0,0.5625
0.0,-1.0,0.0,2.0,1.0,1.0,3.0,0.0,0.5625
0.0,-1.0,0.0,2.0,0.0,1.0,1.0,0.0,0.5625
0.0,-1.0,0.0,3.0,0.0,3.0,1.0,0.0,0.5625
0.0,-2.0,0.0,3.0,-2.0,1.0,1.0,0.0,0.5625
0.0,0.0,0.0,0.0,0.0,0.0,1.0,2.0,0.40625
0.0,0.0,0.0,0.0,0.0,-1.0,1.0,0.0,0.40625
0.0,0.0,0.0,1.0,0.0,1.0,1.0,0.0,0.40625
0.0,0.0,0.0,1.0,-1.0,1.0,-1.0,0.0,0.40625
0.0,1.0,0.0,1.0,1.0,1.0,1.0,2.0,0.40625
0.0,1.0,0.0,1.0,1.0,1.0,0.0,0.0,0.40625
0.0,1.0,0.0,1.0,1.0,1.0,3.0,2.0,0.40625
0.0,1.0,0.0,0.0,1.0,1.0,1.0,2.0,0.40625
0.0,1.0,0.0,0.0,2.0,1.0,3.0,2.0,0.40625
0.0,1.0,-1.0,0.0,2.0,-1.0,3.0,0.0,0.40625
0.0,1.0,-1.0,0.0,2.0,-1.0,4.0,2.0,0.40625
0.0,1.0,-1.0,0.0,2.0,-1.0,1.0,0.0,0.40625
0.0,1.0,-1.0,0.0,2.0,-1.0,4.0,4.0,0.40625
0.0,1.0,-1.0,0.0,2.0,-1.0,1.0,2.0,0.40625
1.0,1.0,1.0,0.0,2.0,1.0,1.0,2.0,0.40625
1.0,1.0,1.0,0.0,1.0,1.0,-1.0,2.0,0.40625
1.0,2.0,1.0,0.0,3.0,1.0,1.0,4.0,0.40625
1.0,1.0,1.0,0.0,1.0,1.0,1.0,4.0,0.40625
1.0,2.0,1.0,2.0,1.0,1.0,3.0,4.0,0.40625
0.0,0.0,0.0,0.0,0.0,0.0,1.0,2.0,-0.5625
0.0,0.0,0.0,0.0,0.0,-1.0,1.0,0.0,-0.5625
0.0,0.0,0.0,1.0,0.0,1.0,1.0,0.0,-0.5625
0.0,0.0,0.0,1.0,0.0,1.0,0.0,-2.0,-0.5625
0.0,0.0,0.0,1.0,0.0,2.0,2.0,0.0,-0.5625
0.0,0.0,0.0,1.0,0.0,2.0,1.0,-2.0,-0.5625
0.0,0.0,0.0,1.0,0.0,2.0,4.0,2.0,-0.5625
0.0,0.0,0.0,0.0,0.0,2.0,2.0,2.0,-0.5625
0.0,1.0,0.0,2.0,0.0,2.0,2.0,2.0,-0.5625
0.0,0.0,0.0,0.0,0.0,0.0,0.0,2.0,-0.5625
0.0,0.0,0.0,0.0,1.0,0.0,4.0,4.0,-0.5625
0.0,0.0,0.0,0.0,1.0,-1.0,4.0,0.0,-0.5625
0.0,0.0,0.0,0.0,1.0,-1.0,5.0,2.0,-0.5625
0.0,0.0,0.0,-1.0,1.0,-3.0,-1.0,2.0,-0.5625
0.0,1.0,0.0,1.0,1.0,-3.0,-1.0,2.0,-0.5625
-1.0,-1.0,0.0,1.0,1.0,-3.0,-1.0,2.0,-0.5625
-1.0,0.0,0.0,3.0,1.0,1.0,3.0,2.0,-0.5625
-1.0,0.0,-1.0,3.0,1.0,-1.0,3.0,0.0,-0.5625
-1.0,0.0,-1.0,3.0,1.0,-1.0,4.0,2.0,-0.5625
0.0,0.0,0.0,0.0,0.0,0.0,1.0,2.0,0.21875
0.0,0.0,0.0,0.0,0.0,-1.0,1.0,0.0,0.21875
0.0,0.0,0.0,1.0,0.0,1.0,1.0,0.0,0.21875
0.0,0.0,0.0,1.0,0.0,1.0,0.0,-2.0,0.21875
0.0,0.0,0.0,1.0,0.0,2.0,2.0,0.0,0.21875
0.0,0.0,-1.0,1.0,0.0,0.0,2.0,0.0,0.21875
0.0,0.0,-1.0,1.0,0.0,0.0,3.0,2.0,0.21875
0.0,-1.0,-1.0,-1.0,0.0,0.0,3.0,2.0,0.21875
0.0,-1.0,-1.0,-1.0,0.0,0.0,4.0,4.0,0.21875
0.0,-1.0,-1.0,-1.0,0.0,-1.0,4.0,0.0,0.21875
0.0,-1.0,-1.0,-1.0,0.0,-1.0,5.0,2.0,0.21875
0.0,-1.0,-1.0,-1.0,0.0,-1.0,2.0,0.0,0.21875
0.0,-1.0,-1.0,0.0,0.0,1.0,6.0,0.0,0.21875
0.0,-1.0,-1.0,0.0,-1.0,1.0,4.0,0.0,0.21875
1.0,-1.0,1.0,0.0,-1.0,3.0,4.0,2.0,0.21875
1.0,-2.0,1.0,-2.0,-1.0,1.0,2.0,2.0,0.21875
1.0,-1.0,1.0,-2.0,1.0,1.0,4.0,2.0,0.21875
1.0,-1.0,1.0,-3.0,1.0,-3.0,0.0,2.0,0.21875
1.0,-1.0,2.0,-1.0,1.0,-1.0,0.0,4.0,0.21875
0.0,0.0,0.0,0.0,0.0,0.0,1.0,2.0,0.21875
0.0,0.0,0.0,0.0,0.0,-1.0,1.0,0.0,0.21875
0.0,0.0,0.0,1.0,0.0,1.0,1.0,0.0,0.21875
0.0,0.0,0.0,1.0,0.0,1.0,0.0,-2.0,0.21875
0.0,0.0,0.0,1.0,0.0,2.0,2.0,0.0,0.21875
0.0,0.0,-1.0,1.0,0.0,0.0,2.0,0.0,0.21875
0.0,0.0,-1.0,1.0,0.0,0.0,3.0,2.0,0.21875
0.0,-1.0,-1.0,-1.0,0.0,0.0,3.0,2.0,0.21875
1.0,-1.0,1.0,-1.0,0.0,2.0,3.0,2.0,0.21875
1.0,-1.0,1.0,-1.0,-1.0,2.0,1.0,0.0,0.21875
1.0,-1.0,1.0,1.0,0.0,2.0,1.0,0.0,0.21875
1.0,-1.0,1.0,1.0,-2.0,2.0,0.0,-4.0,0.21875
1.0,-1.0,1.0,1.0,-2.0,3.0,2.0,0.0,0.21875
1.0,-1.0,1.0,1.0,-3.0,3.0,-4.0,-2.0,0.21875
1.0,0.0,1.0,1.0,-1.0,3.0,-2.0,-2.0,0.21875
1.0,0.0,1.0,1.0,-1.0,3.0,-3.0,-4.0,0.21875
1.0,1.0,1.0,1.0,1.0,3.0,-3.0,-4.0,0.21875
1.0,1.0,1.0,1.0,0.0,1.0,-3.0,-4.0,0.21875
1.0,1.0,2.0,1.0,0.0,3.0,-3.0,0.0,0.21875
0.0,0.0,0.0,0.0,0.0,0.0,1.0,2.0,-0.1875
0.0,0.0,0.0,0.0,0.0,-1.0,1.0,0.0,-0.1875
0.0,0.0,0.0,1.0,0.0,1.0,1.0,0.0,-0.1875
0.0,0.0,0.0,1.0,0.0,1.0,0.0,-2.0,-0.1875
0.0,0.0,0.0,1.0,0.0,2.0,2.0,0.0,-0.1875
0.0,0.0,-1.0,1.0,0.0,0.0,2.0,0.0,-0.1875
0.0,0.0,-1.0,1.0,0.0,0.0,3.0,2.0,-0.1875
0.0,-1.0,-1.0,-1.0,0.0,0.0,3.0,2.0,-0.1875
1.0,-1.0,1.0,-1.0,0.0,2.0,3.0,4.0,-0.1875
1.0,-2.0,-1.0,-1.0,0.0,2.0,3.0,4.0,-0.1875
1.0,-2.0,-1.0,-1.0,0.0,-1.0,3.0,0.0,-0.1875
1.0,-2.0,-1.0,-1.0,0.0,-1.0,4.0,2.0,-0.1875
1.0,-2.0,-1.0,-1.0,0.0,-1.0,1.0,2.0,-0.1875
1.0,-2.0,-1.0,0.0,0.0,1.0,5.0,2.0,-0.1875
1.0,-2.0,-1.0,-1.0,0.0,-1.0,-1.0,2.0,-0.1875
1.0,-2.0,-1.0,-1.0,1.0,-1.0,1.0,2.0,-0.1875
1.0,-3.0,-1.0,-3.0,1.0,-3.0,-3.0,2.0,-0.1875
1.0,-3.0,-1.0,-3.0,2.0,-3.0,-1.0,4.0,-0.1875
1.0,-4.0,-1.0,-3.0,0.0,-3.0,-1.0,4.0,-0.1875
0.0,0.0,0.0,0.0,0.0,0.0,1.0,2.0,-0.21875
0.0,0.0,0.0,0.0,0.0,-1.0,1.0,0.0,-0.21875
0.0,0.0,0.0,1.0,0.0,1.0,1.0,0.0,-0.21875
0.0,0.0,0.0,1.0,0.0,1.0,0.0,-2.0,-0.21875
0.0,0.0,0.0,1.0,0.0,2.0,2.0,0.0,-0.21875
0.0,0.0,-1.0,1.0,0.0,0.0,2.0,0.0,-0.21875
0.0,0.0,-1.0,1.0,0.0,0.0,3.0,2.0,-0.21875
0.0,-1.0,-1.0,-1.0,0.0,0.0,3.0,2.0,-0.21875
0.0,-1.0,-1.0,-1.0,0.0,0.0,4.0,4.0,-0.21875
0.0,-1.0,-1.0,-1.0,0.0,0.0,1.0,2.0,-0.21875
1.0,-1.0,1.0,-1.0,0.0,2.0,1.0,2.0,-0.21875
1.0,-1.0,1.0,-1.0,0.0,2.0,0.0,-2.0,-0.21875
1.0,-1.0,1.0,-1.0,0.0,2.0,3.0,2.0,-0.21875
1.0,-2.0,-1.0,-1.0,0.0,2.0,3.0,2.0,-0.21875
1.0,-1.0,-1.0,1.0,0.0,2.0,3.0,2.0,-0.21875
1.0,-1.0,-1.0,-1.0,-1.0,2.0,1.0,0.0,-0.21875
1.0,2.0,-1.0,-1.0,-1.0,2.0,1.0,0.0,-0.21875
1.0,2.0,-1.0,-1.0,-2.0,0.0,-3.0,0.0,-0.21875
1.0,2.0,1.0,2.0,-2.0,2.0,1.0,2.0,-0.21875
0.0,0.0,0.0,0.0,0.0,0.0,1.0,2.0,-0.03125
0.0,0.0,0.0,0.0,0.0,-1.0,1.0,0.0,-0.03125
0.0,0.0,0.0,1.0,0.0,1.0,1.0,0.0,-0.03125
0.0,0.0,0.0,1.0,0.0,1.0,0.0,-2.0,-0.03125
0.0,0.0,0.0,1.0,0.0,2.0,2.0,0.0,-0.03125
0.0,0.0,-1.0,1.0,0.0,0.0,2.0,0.0,-0.03125
0.0,0.0,-1.0,1.0,0.0,0.0,3.0,2.0,-0.03125
0.0,0.0,-1.0,1.0,0.0,-1.0,3.0,0.0,-0.03125
0.0,1.0,1.0,1.0,0.0,-1.0,3.0,0.0,-0.03125
-1.0,1.0,-1.0,1.0,0.0,-1.0,3.0,0.0,-0.03125
-1.0,1.0,-1.0,2.0,0.0,1.0,3.0,0.0,-0.03125
-1.0,1.0,-1.0,2.0,-1.0,1.0,1.0,-2.0,-0.03125
-1.0,2.0,-1.0,2.0,1.0,1.0,1.0,-2.0,-0.03125
-1.0,1.0,-1.0,2.0,-1.0,1.0,1.0,-2.0,-0.03125
-1.0,4.0,-1.0,2.0,1.0,1.0,1.0,-2.0,-0.03125
-1.0,1.0,-1.0,2.0,1.0,1.0,1.0,-2.0,-0.03125
-1.0,1.0,-1.0,2.0,1.0,1.0,4.0,2.0,-0.03125
-1.0,-6.0,-1.0,2.0,1.0,1.0,4.0,2.0,-0.03125
-1.0,-6.0,-1.0,2.0,1.0,1.0,5.0,4.0,-0.03125
0.0,0.0,0.0,0.0,0.0,0.0,1.0,2.0,0.5625
0.0,0.0,0.0,0.0,0.0,-1.0,1.0,0.0,0.5625
0.0,0.0,0.0,1.0,0.0,1.0,1.0,0.0,0.5625
0.0,0.0,0.0,1.0,0.0,1.0,0.0,-2.0,0.5625
0.0,0.0,0.0,1.0,0.0,2.0,2.0,0.0,0.5625
0.0,0.0,-1.0,1.0,0.0,0.0,2.0,0.0,0.5625
0.0,0.0,-1.0,1.0,0.0,0.0,3.0,2.0,0.5625
0.0,-1.0,-1.0,-1.0,0.0,0.0,3.0,2.0,0.5625
1.0,-1.0,1.0,-1.0,0.0,2.0,3.0,4.0,0.5625
1.0,-2.0,-1.0,-1.0,0.0,2.0,3.0,4.0,0.5625
1.0,-2.0,-1.0,-1.0,0.0,-1.0,3.0,0.0,0.5625
1.0,-2.0,2.0,-1.0,0.0,3.0,3.0,4.0,0.5625
1.0,-2.0,2.0,-2.0,0.0,-1.0,-1.0,4.0,0.5625
1.0,-2.0,2.0,0.0,1.0,-1.0,-1.0,4.0,0.5625
0.0,-2.0,0.0,0.0,1.0,-3.0,-1.0,0.0,0.5625
0.0,-1.0,0.0,2.0,1.0,1.0,3.0,0.0,0.5625
0.0,-1.0,0.0,2.0,0.0,1.0,1.0,0.0,0.5625
0.0,-1.0,0.0,3.0,0.0,3.0,1.0,0.0,0.5625
0.0,-2.0,0.0,3.0,-2.0,1.0,1.0,0.0,0.5625
0.0,0.0,0.0,0.0,0.0,0.0,1.0,2.0,0.5
0.0,0.0,0.0,0.0,0.0,-1.0,1.0,0.0,0.5
0.0,0.0,0.0,1.0,0.0,1.0,1.0,0.0,0.5
0.0,0.0,0.0,1.0,0.0,1.0,0.0,-2.0,0.5
0.0,0.0,0.0,1.0,0.0,2.0,2.0,0.0,0.5
0.0,0.0,-1.0,1.0,0.0,0.0,2.0,0.0,0.5
0.0,0.0,-1.0,1.0,0.0,0.0,3.0,2.0,0.5
0.0,-1.0,-1.0,-1.0,0.0,0.0,3.0,2.0,0.5
1.0,-1.0,1.0,-1.0,0.0,2.0,3.0,4.0,0.5
1.0,-2.0,-1.0,-1.0,0.0,2.0,3.0,4.0,0.5
1.0,-2.0,-1.0,-2.0,0.0,-2.0,-1.0,4.0,0.5
1.0,-2.0,-1.0,-2.0,1.0,-2.0,1.0,4.0,0.5
1.0,-2.0,-1.0,-3.0,1.0,-2.0,-1.0,2.0,0.5
1.0,-2.0,-1.0,-3.0,1.0,-2.0,2.0,2.0,0.5
1.0,-2.0,-1.0,-3.0,1.0,-2.0,-1.0,-2.0,0.5
1.0,-1.0,-1.0,-1.0,1.0,-2.0,1.0,0.0,0.5
1.0,-1.0,-1.0,-1.0,0.0,-2.0,-1.0,0.0,0.5
1.0,-1.0,-1.0,-1.0,1.0,-2.0,1.0,0.0,0.5
1.0,-2.0,-1.0,-1.0,-1.0,-2.0,-1.0,-2.0,0.5
0.0,0.0,0.0,0.0,0.0,0.0,1.0,2.0,0.84375
0.0,0.0,0.0,0.0,0.0,-1.0,1.0,0.0,0.84375
0.0,0.0,0.0,1.0,0.0,1.0,1.0,0.0,0.84375
0.0,0.0,0.0,1.0,0.0,1.0,0.0,-2.0,0.84375
0.0,0.0,0.0,1.0,0.0,2.0,2.0,0.0,0.84375
0.0,0.0,-1.0,1.0,0.0,0.0,2.0,0.0,0.84375
0.0,0.0,-1.0,1.0,0.0,0.0,3.0,2.0,0.84375
0.0,-1.0,-1.0,-1.0,0.0,0.0,3.0,2.0,0.84375
0.0,-1.0,-1.0,-1.0,0.0,0.0,4.0,4.0,0.84375
0.0,-1.0,-1.0,-1.0,0.0,-1.0,4.0,0.0,0.84375
0.0,-1.0,-1.0,-1.0,0.0,-1.0,5.0,2.0,0.84375
0.0,-1.0,-1.0,-1.0,0.0,-1.0,2.0,0.0,0.84375
0.0,-1.0,-1.0,0.0,0.0,1.0,6.0,0.0,0.84375
0.0,-1.0,-1.0,0.0,-1.0,1.0,4.0,0.0,0.84375
1.0,-1.0,1.0,0.0,-1.0,3.0,4.0,2.0,0.84375
1.0,-2.0,-1.0,0.0,-1.0,3.0,4.0,2.0,0.84375
1.0,-2.0,-1.0,1.0,-1.0,3.0,6.0,2.0,0.84375
1.0,-3.0,-1.0,-1.0,-1.0,-1.0,2.0,2.0,0.84375
1.0,-3.0,-1.0,-1.0,0.0,-1.0,6.0,2.0,0.84375
0.0,0.0,0.0,0.0,0.0,0.0,1.0,2.0,0.3125
0.0,0.0,0.0,0.0,0.0,-1.0,1.0,0.0,0.3125
0.0,0.0,0.0,1.0,0.0,1.0,1.0,0.0,0.3125
0.0,0.0,0.0,1.0,0.0,1.0,0.0,-2.0,0.3125
0.0,0.0,0.0,1.0,0.0,2.0,2.0,0.0,0.3125
0.0,0.0,-1.0,1.0,0.0,0.0,2.0,0.0,0.3125
0.0,0.0,-1.0,1.0,0.0,0.0,3.0,2.0,0.3125
0.0,-1.0,-1.0,-1.0,0.0,0.0,3.0,2.0,0.3125
1.0,-1.0,1.0,-1.0,0.0,2.0,3.0,4.0,0.3125
1.0,-2.0,-1.0,-1.0,0.0,2.0,3.0,4.0,0.3125
1.0,-2.0,-1.0,-1.0,0.0,-1.0,3.0,0.0,0.3125
1.0,-2.0,2.0,-1.0,0.0,3.0,3.0,4.0,0.3125
1.0,-2.0,2.0,-2.0,0.0,-1.0,-1.0,4.0,0.3125
1.0,-2.0,2.0,0.0,1.0,-1.0,-1.0,4.0,0.3125
0.0,-2.0,0.0,0.0,1.0,-3.0,-1.0,0.0,0.3125
0.0,-1.0,0.0,2.0,1.0,1.0,3.0,0.0,0.3125
0.0,-1.0,0.0,2.0,0.0,1.0,1.0,0.0,0.3125
0.0,-1.0,0.0,3.0,0.0,3.0,1.0,0.0,0.3125
0.0,-2.0,0.0,3.0,-2.0,1.0,1.0,0.0,0.3125
0.0,0.0,0.0,0.0,0.0,0.0,1.0,2.0,0.15625
0.0,0.0,0.0,0.0,0.0,-1.0,1.0,0.0,0.15625
0.0,0.0,0.0,1.0,0.0,1.0,1.0,0.0,0.15625
0.0,0.0,0.0,1.0,0.0,1.0,0.0,-2.0,0.15625
0.0,0.0,0.0,1.0,0.0,2.0,2.0,0.0,0.15625
0.0,0.0,-1.0,1.0,0.0,0.0,2.0,0.0,0.15625
0.0,0.0,-1.0,1.0,0.0,0.0,3.0,2.0,0.15625
0.0,0.0,-1.0,0.0,0.0,-2.0,-1.0,2.0,0.15625
0.0,1.0,-1.0,2.0,0.0,2.0,3.0,2.0,0.15625
0.0,1.0,-1.0,1.0,0.0,2.0,1.0,2.0,0.15625
0.0,2.0,-1.0,3.0,0.0,2.0,1.0,2.0,0.15625
0.0,1.0,-1.0,1.0,0.0,0.0,-1.0,2.0,0.15625
1.0,1.0,1.0,1.0,0.0,2.0,-1.0,4.0,0.15625
1.0,1.0,1.0,1.0,0.0,2.0,-2.0,0.0,0.15625
1.0,1.0,1.0,1.0,0.0,3.0,-2.0,2.0,0.15625
1.0,1.0,1.0,0.0,0.0,1.0,-2.0,2.0,0.15625
1.0,1.0,1.0,2.0,1.0,1.0,-2.0,2.0,0.15625
1.0,1.0,1.0,2.0,-1.0,1.0,-3.0,2.0,0.15625
1.0,2.0,1.0,4.0,-1.0,1.0,1.0,4.0,0.15625
0.0,0.0,0.0,0.0,0.0,0.0,1.0,2.0,0.03125
0.0,0.0,0.0,0.0,0.0,-1.0,1.0,0.0,0.03125
0.0,0.0,0.0,1.0,0.0,1.0,1.0,0.0,0.03125
0.0,0.0,0.0,1.0,0.0,1.0,0.0,-2.0,0.03125
0.0,0.0,0.0,1.0,0.0,2.0,2.0,0.0,0.03125
0.0,0.0,-1.0,1.0,0.0,0.0,2.0,0.0,0.03125
0.0,0.0,-1.0,1.0,0.0,0.0,3.0,2.0,0.03125
0.0,0.0,-1.0,-1.0,-1.0,0.0,3.0,2.0,0.03125
0.0,1.0,-1.0,1.0,-1.0,2.0,3.0,2.0,0.03125
0.0,1.0,-1.0,1.0,-1.0,2.0,2.0,0.0,0.03125
0.0,2.0,-1.0,1.0,1.0,2.0,2.0,0.0,0.03125
0.0,2.0,-1.0,-1.0,-2.0,2.0,2.0,0.0,0.03125
1.0,2.0,1.0,-1.0,-2.0,2.0,2.0,0.0,0.03125
1.0,2.0,1.0,-1.0,-2.0,2.0,1.0,-4.0,0.03125
1.0,2.0,1.0,2.0,2.0,2.0,1.0,-4.0,0.03125
1.0,2.0,1.0,2.0,1.0,2.0,-3.0,-4.0,0.03125
1.0,2.0,1.0,2.0,1.0,2.0,-2.0,0.0,0.03125
1.0,2.0,1.0,2.0,1.0,2.0,-3.0,-2.0,0.03125
1.0,2.0,1.0,3.0,1.0,2.0,-1.0,-2.0,0.03125
0.0,0.0,0.0,0.0,0.0,0.0,1.0,2.0,0.1875
0.0,0.0,0.0,0.0,0.0,-1.0,1.0,0.0,0.1875
0.0,0.0,0.0,1.0,0.0,1.0,1.0,0.0,0.1875
0.0,0.0,0.0,1.0,0.0,1.0,0.0,-2.0,0.1875
0.0,0.0,0.0,1.0,0.0,2.0,2.0,0.0,0.1875
0.0,0.0,-1.0,1.0,0.0,0.0,2.0,0.0,0.1875
0.0,0.0,-1.0,1.0,0.0,0.0,3.0,2.0,0.1875
0.0,-1.0,-1.0,-1.0,0.0,0.0,3.0,2.0,0.1875
1.0,-1.0,1.0,-1.0,0.0,2.0,3.0,4.0,0.1875
1.0,-2.0,-1.0,-1.0,0.0,2.0,3.0,4.0,0.1875
1.0,-2.0,-1.0,-1.0,0.0,-1.0,3.0,0.0,0.1875
1.0,-2.0,2.0,-1.0,0.0,3.0,3.0,4.0,0.1875
1.0,-2.0,2.0,-2.0,0.0,-1.0,-1.0,4.0,0.1875
1.0,-2.0,2.0,0.0,1.0,-1.0,-1.0,4.0,0.1875
0.0,-2.0,0.0,0.0,1.0,-3.0,-1.0,0.0,0.1875
0.0,-1.0,0.0,2.0,1.0,1.0,3.0,0.0,0.1875
0.0,-1.0,0.0,2.0,0.0,1.0,1.0,0.0,0.1875
0.0,-1.0,0.0,3.0,0.0,3.0,1.0,0.0,0.1875
0.0,-2.0,0.0,3.0,-2.0,1.0,1.0,0.0,0.1875
0.0,0.0,0.0,0.0,0.0,0.0,1.0,2.0,0.953125
0.0,0.0,0.0,0.0,0.0,-1.0,1.0,0.0,0.953125
0.0,0.0,0.0,1.0,0.0,1.0,1.0,0.0,0.953125
0.0,0.0,0.0,1.0,0.0,1.0,0.0,-2.0,0.953125
0.0,0.0,0.0,1.0,0.0,2.0,2.0,0.0,0.953125
0.0,0.0,-1.0,1.0,0.0,0.0,2.0,0.0,0.953125
0.0,0.0,-1.0,1.0,0.0,0.0,3.0,2.0,0.953125
0.0,-1.0,-1.0,-1.0,0.0,0.0,3.0,2.0,0.953125
1.0,-1.0,1.0,-1.0,0.0,2.0,3.0,4.0,0.953125
1.0,-2.0,-1.0,-1.0,0.0,2.0,3.0,4.0,0.953125
1.0,-2.0,-1.0,-1.0,0.0,-1.0,3.0,0.0,0.953125
1.0,-2.0,-1.0,-1.0,0.0,-1.0,4.0,2.0,0.953125
1.0,-2.0,-1.0,-1.0,0.0,-1.0,1.0,0.0,0.953125
1.0,-2.0,-1.0,-1.0,1.0,-1.0,3.0,0.0,0.953125
1.0,-2.0,-2.0,-1.0,1.0,-3.0,3.0,-2.0,0.953125
1.0,-1.0,-2.0,1.0,1.0,-3.0,3.0,-2.0,0.953125
1.0,-1.0,-2.0,1.0,0.0,-3.0,1.0,-2.0,0.953125
1.0,0.0,0.0,1.0,0.0,-3.0,1.0,-2.0,0.953125
1.0,0.0,0.0,1.0,-1.0,-3.0,-3.0,-2.0,0.953125
0.0,0.0,0.0,0.0,0.0,0.0,1.0,2.0,0.5
0.0,0.0,0.0,0.0,0.0,-1.0,1.0,0.0,0.5
0.0,0.0,0.0,1.0,0.0,1.0,1.0,0.0,0.5
0.0,0.0,0.0,1.0,0.0,1.0,0.0,-2.0,0.5
0.0,0.0,0.0,1.0,0.0,2.0,2.0,0.0,0.5
0.0,0.0,-1.0,1.0,0.0,0.0,2.0,0.0,0.5
0.0,0.0,-1.0,1.0,0.0,0.0,3.0,2.0,0.5
0.0,-1.0,-1.0,-1.0,0.0,0.0,3.0,2.0,0.5
1.0,-1.0,1.0,-1.0,0.0,2.0,3.0,4.0,0.5
1.0,-2.0,-1.0,-1.0,0.0,2.0,3.0,4.0,0.5
1.0,-2.0,-1.0,-2.0,0.0,-2.0,-1.0,4.0,0.5
1.0,-2.0,-1.0,-1.0,0.0,-2.0,1.0,4.0,0.5
1.0,-2.0,-1.0,-1.0,0.0,-2.0,0.0,2.0,0.5
1.0,-1.0,-1.0,1.0,0.0,0.0,0.0,2.0,0.5
1.0,-1.0,-1.0,1.0,0.0,0.0,-1.0,-2.0,0.5
1.0,-1.0,-1.0,1.0,0.0,1.0,1.0,2.0,0.5
1.0,-1.0,-1.0,1.0,0.0,1.0,0.0,0.0,0.5
1.0,-1.0,-1.0,1.0,1.0,1.0,4.0,0.0,0.5
1.0,-1.0,-1.0,0.0,1.0,1.0,2.0,0.0,0.5
0.0,0.0,0.0,0.0,0.0,0.0,1.0,2.0,-0.09375
0.0,0.0,0.0,0.0,0.0,-1.0,1.0,0.0,-0.09375
0.0,0.0,0.0,1.0,0.0,1.0,1.0,0.0,-0.09375
0.0,0.0,0.0,1.0,0.0,1.0,0.0,-2.0,-0.09375
0.0,0.0,0.0,1.0,0.0,2.0,2.0,0.0,-0.09375
0.0,0.0,-1.0,1.0,0.0,0.0,2.0,0.0,-0.09375
0.0,0.0,-1.0,1.0,0.0,0.0,3.0,2.0,-0.09375
0.0,-1.0,-1.0,-1.0,0.0,0.0,3.0,2.0,-0.09375
1.0,-1.0,1.0,-1.0,0.0,2.0,3.0,4.0,-0.09375
1.0,-2.0,-1.0,-1.0,0.0,2.0,3.0,4.0,-0.09375
1.0,-2.0,-1.0,-1.0,0.0,-1.0,3.0,0.0,-0.09375
1.0,-2.0,2.0,-1.0,0.0,3.0,3.0,4.0,-0.09375
1.0,-2.0,2.0,-2.0,0.0,-1.0,-1.0,4.0,-0.09375
1.0,-2.0,2.0,0.0,1.0,-1.0,-1.0,4.0,-0.09375
0.0,-2.0,0.0,0.0,1.0,-3.0,-1.0,0.0,-0.09375
0.0,-1.0,0.0,2.0,1.0,1.0,3.0,0.0,-0.09375
0.0,-1.0,0.0,2.0,0.0,1.0,1.0,0.0,-0.09375
0.0,-1.0,0.0,3.0,0.0,3.0,1.0,0.0,-0.09375
0.0,-2.0,0.0,3.0,-2.0,1.0,1.0,0.0,-0.09375
0.0,0.0,0.0,0.0,0.0,0.0,1.0,2.0,-0.28125
0.0,0.0,0.0,0.0,0.0,0.0,0.0,0.0,-0.28125
0.0,0.0,0.0,0.0,0.0,0.0,1.0,2.0,-0.28125
0.0,0.0,0.0,0.0,0.0,-1.0,1.0,0.0,-0.28125
0.0,0.0,0.0,0.0,1.0,-1.0,3.0,2.0,-0.28125
0.0,0.0,0.0,0.0,1.0,-2.0,3.0,0.0,-0.28125
0.0,0.0,0.0,0.0,1.0,-2.0,4.0,2.0,-0.28125
0.0,-1.0,0.0,0.0,-1.0,-2.0,4.0,2.0,-0.28125
0.0,-1.0,0.0,1.0,-1.0,0.0,4.0,2.0,-0.28125
0.0,-1.0,0.0,0.0,-1.0,0.0,2.0,2.0,-0.28125
0.0,-1.0,0.0,0.0,0.0,0.0,4.0,2.0,-0.28125
0.0,-1.0,0.0,0.0,-1.0,-2.0,4.0,2.0,-0.28125
0.0,0.0,0.0,2.0,-1.0,-2.0,4.0,2.0,-0.28125
0.0,0.0,-1.0,0.0,-1.0,-2.0,4.0,2.0,-0.28125
1.0,0.0,1.0,0.0,-1.0,0.0,4.0,2.0,-0.28125
1.0,-1.0,1.0,0.0,-3.0,0.0,0.0,-2.0,-0.28125
1.0,0.0,1.0,0.0,-1.0,0.0,0.0,-2.0,-0.28125
1.0,0.0,1.0,0.0,-4.0,0.0,-2.0,-2.0,-0.28125
1.0,3.0,1.0,0.0,-4.0,0.0,-2.0,-2.0,-0.28125
0.0,0.0,0.0,0.0,0.0,0.0,1.0,2.0,-0.3125
0.0,0.0,0.0,0.0,0.0,-1.0,1.0,0.0,-0.3125
0.0,0.0,0.0,1.0,0.0,1.0,1.0,0.0,-0.3125
0.0,0.0,0.0,1.0,0.0,1.0,0.0,-2.0,-0.3125
0.0,0.0,0.0,1.0,0.0,2.0,2.0,0.0,-0.3125
0.0,0.0,-1.0,1.0,0.0,0.0,2.0,0.0,-0.3125
0.0,0.0,-1.0,1.0,0.0,0.0,3.0,2.0,-0.3125
0.0,-1.0,-1.0,-1.0,0.0,0.0,3.0,2.0,-0.3125
1.0,-1.0,1.0,-1.0,0.0,2.0,3.0,4.0,-0.3125
1.0,-2.0,-1.0,-1.0,0.0,2.0,3.0,4.0,-0.3125
1.0,1.0,-1.0,-1.0,0.0,2.0,3.0,4.0,-0.3125
1.0,1.0,-1.0,-1.0,0.0,-1.0,3.0,0.0,-0.3125
1.0,1.0,2.0,-1.0,0.0,3.0,3.0,4.0,-0.3125
1.0,1.0,2.0,-2.0,0.0,-1.0,-1.0,4.0,-0.3125
1.0,1.0,2.0,0.0,1.0,-1.0,-1.0,4.0,-0.3125
1.0,0.0,2.0,0.0,-1.0,-1.0,-1.0,4.0,-0.3125
1.0,1.0,2.0,2.0,-1.0,3.0,3.0,4.0,-0.3125
1.0,1.0,2.0,2.0,-2.0,1.0,3.0,4.0,-0.3125
1.0,1.0,2.0,2.0,1.0,1.0,3.0,4.0,-0.3125
0.0,0.0,0.0,0.0,0.0,0.0,1.0,2.0,0.25
0.0,0.0,0.0,0.0,0.0,-1.0,1.0,0.0,0.25
0.0,0.0,0.0,1.0,0.0,1.0,1.0,0.0,0.25
0.0,0.0,0.0,1.0,0.0,1.0,0.0,-2.0,0.25
0.0,0.0,0.0,1.0,0.0,2.0,2.0,0.0,0.25
0.0,0.0,-1.0,1.0,0.0,0.0,2.0,0.0,0.25
0.0,0.0,-1.0,1.0,0.0,0.0,3.0,2.0,0.25
0.0,-1.0,-1.0,-1.0,0.0,0.0,3.0,2.0,0.25
1.0,-1.0,1.0,-1.0,0.0,2.0,3.0,4.0,0.25
1.0,-2.0,-1.0,-1.0,0.0,2.0,3.0,4.0,0.25
1.0,-2.0,-1.0,-1.0,0.0,-1.0,3.0,0.0,0.25
1.0,-2.0,2.0,-1.0,0.0,3.0,3.0,4.0,0.25
1.0,-2.0,2.0,-2.0,0.0,-1.0,-1.0,4.0,0.25
1.0,-2.0,2.0,0.0,1.0,-1.0,-1.0,4.0,0.25
0.0,-2.0,0.0,0.0,1.0,-3.0,-1.0,0.0,0.25
0.0,-1.0,0.0,2.0,1.0,1.0,3.0,0.0,0.25
0.0,-1.0,0.0,2.0,0.0,1.0,1.0,0.0,0.25
0.0,-1.0,0.0,3.0,0.0,3.0,1.0,0.0,0.25
0.0,-2.0,0.0,3.0,-2.0,1.0,1.0,0.0,0.25
0.0,0.0,0.0,0.0,0.0,0.0,1.0,2.0,0.59375
0.0,0.0,0.0,0.0,0.0,-1.0,1.0,0.0,0.59375
0.0,0.0,0.0,1.0,0.0,1.0,1.0,0.0,0.59375
0.0,0.0,0.0,1.0,0.0,1.0,0.0,-2.0,0.59375
0.0,0.0,0.0,1.0,0.0,2.0,2.0,0.0,0.59375
0.0,0.0,-1.0,1.0,0.0,0.0,2.0,0.0,0.59375
0.0,0.0,-1.0,1.0,0.0,0.0,3.0,2.0,0.59375
0.0,-1.0,-1.0,-1.0,0.0,0.0,3.0,2.0,0.59375
1.0,-1.0,1.0,-1.0,0.0,2.0,3.0,4.0,0.59375
1.0,-1.0,1.0,-2.0,0.0,-2.0,-1.0,4.0,0.59375
1.0,-1.0,1.0,0.0,1.0,-2.0,-1.0,4.0,0.59375
1.0,-2.0,-1.0,0.0,1.0,-2.0,-1.0,4.0,0.59375
1.0,-1.0,1.0,0.0,1.0,-2.0,-1.0,4.0,0.59375
1.0,-1.0,1.0,0.0,-1.0,-2.0,-2.0,2.0,0.59375
1.0,0.0,1.0,2.0,-1.0,2.0,2.0,2.0,0.59375
1.0,0.0,1.0,1.0,-1.0,2.0,0.0,2.0,0.59375
1.0,3.0,1.0,1.0,-1.0,2.0,0.0,2.0,0.59375
1.0,3.0,1.0,1.0,-2.0,2.0,-2.0,-2.0,0.59375
1.0,3.0,1.0,1.0,-2.0,2.0,-1.0,2.0,0.59375
0.0,0.0,0.0,0.0,0.0,0.0,1.0,2.0,0.4375
0.0,0.0,0.0,0.0,0.0,-1.0,1.0,0.0,0.4375
0.0,0.0,0.0,1.0,0.0,1.0,1.0,0.0,0.4375
0.0,0.0,0.0,1.0,0.0,1.0,0.0,-2.0,0.4375
0.0,0.0,0.0,1.0,0.0,2.0,2.0,0.0,0.4375
0.0,0.0,-1.0,1.0,0.0,0.0,2.0,0.0,0.4375
0.0,0.0,-1.0,1.0,0.0,0.0,3.0,2.0,0.4375
0.0,-1.0,-1.0,-1.0,0.0,0.0,3.0,2.0,0.4375
1.0,-1.0,1.0,-1.0,0.0,2.0,3.0,4.0,0.4375
1.0,-2.0,-1.0,-1.0,0.0,2.0,3.0,4.0,0.4375
1.0,-2.0,-1.0,-1.0,0.0,-1.0,3.0,0.0,0.4375
1.0,-2.0,2.0,-1.0,0.0,3.0,3.0,4.0,0.4375
1.0,-2.0,2.0,-2.0,0.0,-1.0,-1.0,4.0,0.4375
1.0,-2.0,2.0,-2.0,1.0,-1.0,1.0,4.0,0.4375
0.0,-2.0,0.0,-2.0,1.0,-3.0,1.0,0.0,0.4375
0.0,-2.0,0.0,-2.0,1.0,-3.0,4.0,2.0,0.4375
0.0,-2.0,0.0,-2.0,1.0,-4.0,4.0,-2.0,0.4375
0.0,-1.0,0.0,0.0,1.0,-4.0,4.0,-2.0,0.4375
0.0,-1.0,0.0,-1.0,1.0,-4.0,2.0,-2.0,0.4375
0.0,0.0,0.0,0.0,0.0,0.0,1.0,2.0,-0.4375
0.0,0.0,0.0,0.0,0.0,-1.0,1.0,0.0,-0.4375
0.0,0.0,0.0,1.0,0.0,1.0,1.0,0.0,-0.4375
0.0,0.0,0.0,1.0,0.0,1.0,0.0,-2.0,-0.4375
0.0,0.0,0.0,1.0,0.0,2.0,2.0,0.0,-0.4375
0.0,0.0,0.0,1.0,0.0,2.0,1.0,-2.0,-0.4375
0.0,0.0,0.0,1.0,0.0,2.0,2.0,0.0,-0.4375
0.0,0.0,0.0,0.0,0.0,2.0,0.0,0.0,-0.4375
0.0,0.0,0.0,0.0,1.0,2.0,2.0,2.0,-0.4375
0.0,-1.0,0.0,-2.0,1.0,0.0,0.0,2.0,-0.4375
0.0,0.0,0.0,0.0,1.0,0.0,2.0,4.0,-0.4375
0.0,0.0,0.0,0.0,1.0,0.0,1.0,2.0,-0.4375
0.0,0.0,0.0,0.0,2.0,0.0,3.0,2.0,-0.4375
0.0,0.0,0.0,0.0,2.0,-1.0,3.0,-2.0,-0.4375
0.0,0.0,0.0,1.0,2.0,-1.0,5.0,0.0,-0.4375
0.0,-1.0,0.0,-1.0,2.0,-1.0,5.0,0.0,-0.4375
0.0,-1.0,0.0,-1.0,2.0,-1.0,6.0,2.0,-0.4375
0.0,-2.0,0.0,-1.0,0.0,-1.0,4.0,0.0,-0.4375
0.0,-2.0,0.0,-1.0,0.0,0.0,6.0,2.0,-0.4375
0.0,0.0,0.0,0.0,0.0,0.0,1.0,2.0,-0.0625
0.0,0.0,0.0,0.0,0.0,-1.0,1.0,0.0,-0.0625
0.0,0.0,0.0,1.0,0.0,1.0,1.0,0.0,-0.0625
0.0,0.0,0.0,1.0,0.0,1.0,0.0,-2.0,-0.0625
0.0,0.0,0.0,1.0,0.0,2.0,2.0,0.0,-0.0625
0.0,0.0,-1.0,1.0,0.0,0.0,2.0,0.0,-0.0625
0.0,0.0,-1.0,1.0,0.0,0.0,3.0,2.0,-0.0625
0.0,-1.0,-1.0,-1.0,0.0,0.0,3.0,2.0,-0.0625
1.0,-1.0,1.0,-1.0,0.0,2.0,3.0,4.0,-0.0625
1.0,-2.0,-1.0,-1.0,0.0,2.0,3.0,4.0,-0.0625
1.0,-2.0,-1.0,-2.0,0.0,-2.0,-1.0,4.0,-0.0625
1.0,-2.0,-1.0,-1.0,0.0,-2.0,1.0,4.0,-0.0625
1.0,-2.0,-1.0,-3.0,-1.0,-2.0,1.0,4.0,-0.0625
1.0,-1.0,-1.0,-1.0,-1.0,-2.0,1.0,4.0,-0.0625
1.0,-2.0,-1.0,-3.0,-1.0,-2.0,1.0,4.0,-0.0625
1.0,3.0,-1.0,-3.0,-1.0,-2.0,1.0,4.0,-0.0625
1.0,3.0,-1.0,-3.0,-1.0,-2.0,0.0,2.0,-0.0625
1.0,4.0,-1.0,1.0,-1.0,-2.0,0.0,2.0,-0.0625
1.0,4.0,-1.0,1.0,-1.0,-2.0,-1.0,0.0,-0.0625
0.0,0.0,0.0,0.0,0.0,0.0,1.0,2.0,0.1875
0.0,0.0,0.0,0.0,0.0,-1.0,1.0,0.0,0.1875
0.0,0.0,0.0,1.0,0.0,1.0,1.0,0.0,0.1875
0.0,0.0,0.0,1.0,0.0,1.0,0.0,-2.0,0.1875
0.0,0.0,0.0,1.0,0.0,2.0,2.0,0.0,0.1875
0.0,0.0,-1.0,1.0,0.0,0.0,2.0,0.0,0.1875
0.0,0.0,-1.0,1.0,0.0,0.0,3.0,2.0,0.1875
0.0,-1.0,-1.0,-1.0,0.0,0.0,3.0,2.0,0.1875
1.0,-1.0,1.0,-1.0,0.0,2.0,3.0,4.0,0.1875
1.0,-2.0,-1.0,-1.0,0.0,2.0,3.0,4.0,0.1875
1.0,-2.0,-1.0,-1.0,0.0,-1.0,3.0,0.0,0.1875
1.0,-2.0,2.0,-1.0,0.0,3.0,3.0,4.0,0.1875
1.0,-2.0,2.0,-2.0,0.0,-1.0,-1.0,4.0,0.1875
1.0,-2.0,2.0,0.0,1.0,-1.0,-1.0,4.0,0.1875
0.0,-2.0,0.0,0.0,1.0,-3.0,-1.0,0.0,0.1875
0.0,-1.0,0.0,2.0,1.0,1.0,3.0,0.0,0.1875
0.0,-1.0,0.0,2.0,0.0,1.0,1.0,0.0,0.1875
0.0,-1.0,0.0,3.0,0.0,3.0,1.0,0.0,0.1875
0.0,-2.0,0.0,3.0,-2.0,1.0,1.0,0.0,0.1875
0.0,0.0,0.0,0.0,0.0,0.0,1.0,2.0,-0.09375
0.0,0.0,0.0,0.0,0.0,-1.0,1.0,0.0,-0.09375
0.0,0.0,0.0,1.0,0.0,1.0,1.0,0.0,-0.09375
0.0,0.0,0.0,1.0,0.0,1.0,0.0,-2.0,-0.09375
0.0,0.0,0.0,1.0,0.0,2.0,2.0,0.0,-0.09375
0.0,0.0,-1.0,1.0,0.0,0.0,2.0,0.0,-0.09375
0.0,0.0,-1.0,1.0,0.0,0.0,3.0,2.0,-0.09375
0.0,-1.0,-1.0,-1.0,0.0,0.0,3.0,2.0,-0.09375
1.0,-1.0,1.0,-1.0,0.0,2.0,3.0,4.0,-0.09375
1.0,-2.0,-1.0,-1.0,0.0,2.0,3.0,4.0,-0.09375
1.0,-2.0,-1.0,-1.0,0.0,-1.0,3.0,0.0,-0.09375
1.0,-2.0,2.0,-1.0,0.0,3.0,3.0,4.0,-0.09375
1.0,-2.0,2.0,-2.0,0.0,-1.0,-1.0,4.0,-0.09375
1.0,-2.0,3.0,-2.0,0.0,1.0,-1.0,4.0,-0.09375
0.0,-2.0,1.0,-2.0,0.0,-1.0,-1.0,0.0,-0.09375
0.0,-2.0,1.0,-2.0,1.0,-1.0,1.0,2.0,-0.09375
0.0,-2.0,1.0,-2.0,1.0,-1.0,0.0,-2.0,-0.09375
0.0,-2.0,1.0,-2.0,1.0,-1.0,1.0,2.0,-0.09375
0.0,-2.0,1.0,-3.0,1.0,-1.0,-1.0,2.0,-0.09375
0.0,0.0,0.0,0.0,0.0,0.0,1.0,2.0,-0.125
0.0,0.0,0.0,0.0,0.0,-1.0,1.0,0.0,-0.125
0.0,0.0,0.0,1.0,0.0,1.0,1.0,0.0,-0.125
0.0,0.0,0.0,1.0,0.0,1.0,0.0,-2.0,-0.125
0.0,0.0,0.0,1.0,0.0,2.0,2.0,0.0,-0.125
0.0,0.0,0.0,0.0,0.0,2.0,0.0,0.0,-0.125
0.0,0.0,0.0,0.0,0.0,3.0,0.0,4.0,-0.125
0.0,-1.0,0.0,-2.0,0.0,1.0,-2.0,4.0,-0.125
0.0,0.0,0.0,0.0,0.0,1.0,0.0,4.0,-0.125
0.0,0.0,0.0,-1.0,0.0,-1.0,-2.0,4.0,-0.125
0.0,0.0,0.0,0.0,0.0,-1.0,0.0,4.0,-0.125
0.0,0.0,0.0,0.0,0.0,-2.0,0.0,0.0,-0.125
0.0,0.0,0.0,0.0,0.0,-2.0,1.0,2.0,-0.125
0.0,-1.0,0.0,-2.0,0.0,-2.0,-1.0,2.0,-0.125
0.0,0.0,0.0,0.0,0.0,-2.0,-1.0,2.0,-0.125
0.0,0.0,0.0,0.0,0.0,-2.0,-2.0,0.0,-0.125
0.0,0.0,0.0,1.0,0.0,-2.0,0.0,0.0,-0.125
0.0,0.0,0.0,1.0,-1.0,-2.0,-2.0,-2.0,-0.125
0.0,0.0,0.0,1.0,-1.0,-2.0,-1.0,0.0,-0.125
0.0,0.0,0.0,0.0,0.0,0.0,1.0,2.0,-0.40625
0.0,0.0,0.0,0.0,0.0,-1.0,1.0,0.0,-0.40625
0.0,0.0,0.0,1.0,0.0,1.0,1.0,0.0,-0.40625
0.0,0.0,0.0,1.0,0.0,1.0,0.0,-2.0,-0.40625
0.0,0.0,0.0,1.0,0.0,2.0,2.0,0.0,-0.40625
0.0,0.0,-1.0,1.0,0.0,0.0,2.0,0.0,-0.40625
0.0,0.0,-1.0,1.0,0.0,0.0,3.0,2.0,-0.40625
0.0,-1.0,-1.0,-1.0,0.0,0.0,3.0,2.0,-0.40625
0.0,-1.0,-1.0,-1.0,0.0,0.0,4.0,4.0,-0.40625
0.0,-1.0,-1.0,-1.0,0.0,-1.0,4.0,0.0,-0.40625
0.0,-1.0,-1.0,-1.0,0.0,-1.0,5.0,2.0,-0.40625
0.0,-1.0,-1.0,-1.0,0.0,-1.0,2.0,0.0,-0.40625
0.0,-1.0,-1.0,0.0,0.0,1.0,6.0,0.0,-0.40625
0.0,-1.0,-1.0,0.0,-1.0,1.0,4.0,0.0,-0.40625
1.0,-1.0,1.0,0.0,-1.0,3.0,4.0,2.0,-0.40625
1.0,-2.0,1.0,-2.0,-1.0,1.0,2.0,2.0,-0.40625
1.0,-1.0,1.0,-2.0,1.0,1.0,4.0,2.0,-0.40625
1.0,-1.0,1.0,-3.0,1.0,-3.0,0.0,2.0,-0.40625
1.0,-1.0,2.0,-1.0,1.0,-1.0,0.0,4.0,-0.40625
0.0,0.0,0.0,0.0,0.0,0.0,1.0,2.0,0.0
0.0,0.0,0.0,0.0,0.0,-1.0,1.0,0.0,0.0
0.0,0.0,0.0,1.0,0.0,1.0,1.0,0.0,0.0
0.0,0.0,0.0,1.0,0.0,1.0,0.0,-2.0,0.0
0.0,0.0,0.0,1.0,0.0,2.0,2.0,0.0,0.0
0.0,0.0,-1.0,1.0,0.0,0.0,2.0,0.0,0.0
0.0,0.0,-1.0,1.0,0.0,0.0,3.0,2.0,0.0
0.0,0.0,-1.0,1.0,0.0,0.0,2.0,0.0,0.0
0.0,0.0,-1.0,1.0,0.0,0.0,3.0,2.0,0.0
0.0,0.0,-1.0,1.0,0.0,-1.0,3.0,-2.0,0.0
0.0,0.0,-1.0,1.0,1.0,-1.0,5.0,2.0,0.0
0.0,-1.0,-1.0,-1.0,1.0,-1.0,5.0,2.0,0.0
1.0,-1.0,1.0,-1.0,1.0,1.0,5.0,2.0,0.0
1.0,-1.0,1.0,-1.0,1.0,1.0,2.0,0.0,0.0
1.0,-1.0,1.0,-1.0,1.0,1.0,5.0,4.0,0.0
1.0,-2.0,-1.0,-1.0,1.0,1.0,5.0,4.0,0.0
1.0,-1.0,-1.0,1.0,1.0,1.0,5.0,4.0,0.0
1.0,-1.0,-1.0,-2.0,1.0,-3.0,1.0,4.0,0.0
1.0,2.0,-1.0,-2.0,1.0,-3.0,1.0,4.0,0.0
0.0,0.0,0.0,0.0,0.0,0.0,1.0,2.0,-0.28125
0.0,0.0,0.0,0.0,0.0,-1.0,1.0,0.0,-0.28125
0.0,0.0,0.0,1.0,0.0,1.0,1.0,0.0,-0.28125
0.0,0.0,0.0,1.0,0.0,1.0,0.0,-2.0,-0.28125
0.0,0.0,0.0,1.0,0.0,2.0,2.0,0.0,-0.28125
0.0,0.0,-1.0,1.0,0.0,0.0,2.0,0.0,-0.28125
0.0,0.0,-1.0,1.0,0.0,0.0,3.0,2.0,-0.28125
0.0,-1.0,-1.0,-1.0,0.0,0.0,3.0,2.0,-0.28125
1.0,-1.0,1.0,-1.0,0.0,2.0,3.0,4.0,-0.28125
1.0,-2.0,-1.0,-1.0,0.0,2.0,3.0,4.0,-0.28125
1.0,-2.0,-1.0,-1.0,0.0,-1.0,3.0,0.0,-0.28125
1.0,-2.0,2.0,-1.0,0.0,3.0,3.0,4.0,-0.28125
1.0,-3.0,0.0,-1.0,0.0,3.0,3.0,4.0,-0.28125
1.0,2.0,0.0,-1.0,0.0,3.0,3.0,4.0,-0.28125
0.0,2.0,-2.0,-1.0,0.0,-1.0,3.0,0.0,-0.28125
0.0,2.0,0.0,1.0,1.0,-1.0,3.0,0.0,-0.28125
0.0,1.0,0.0,1.0,-1.0,-1.0,3.0,0.0,-0.28125
0.0,1.0,0.0,1.0,-1.0,-1.0,4.0,2.0,-0.28125
0.0,1.0,0.0,1.0,-2.0,-1.0,2.0,2.0,-0.28125
0.0,0.0,0.0,0.0,0.0,0.0,1.0,2.0,-0.09375
0.0,0.0,0.0,0.0,0.0,-1.0,1.0,0.0,-0.09375
0.0,0.0,0.0,1.0,0.0,1.0,1.0,0.0,-0.09375
0.0,0.0,0.0,1.0,0.0,1.0,0.0,-2.0,-0.09375
0.0,0.0,0.0,1.0,0.0,2.0,2.0,0.0,-0.09375
0.0,0.0,-1.0,1.0,0.0,0.0,2.0,0.0,-0.09375
0.0,0.0,-1.0,1.0,0.0,0.0,3.0,2.0,-0.09375
0.0,-1.0,-1.0,-1.0,0.0,0.0,3.0,2.0,-0.09375
1.0,-1.0,1.0,-1.0,0.0,2.0,3.0,4.0,-0.09375
1.0,-2.0,-1.0,-1.0,0.0,2.0,3.0,4.0,-0.09375
1.0,-2.0,-1.0,-1.0,0.0,-1.0,3.0,0.0,-0.09375
1.0,-2.0,2.0,-1.0,0.0,3.0,3.0,4.0,-0.09375
1.0,-2.0,2.0,-2.0,0.0,-1.0,-1.0,4.0,-0.09375
1.0,-2.0,2.0,0.0,1.0,-1.0,-1.0,4.0,-0.09375
0.0,-2.0,0.0,0.0,1.0,-3.0,-1.0,0.0,-0.09375
0.0,-2.0,0.0,0.0,2.0,-3.0,1.0,0.0,-0.09375
0.0,-3.0,0.0,0.0,0.0,-3.0,1.0,0.0,-0.09375
0.0,-3.0,0.0,0.0,3.0,-3.0,1.0,0.0,-0.09375
0.0,-3.0,0.0,0.0,-1.0,-3.0,0.0,-2.0,-0.09375
0.0,0.0,0.0,0.0,0.0,0.0,1.0,2.0,0.625
0.0,0.0,0.0,0.0,0.0,0.0,0.0,0.0,0.625
0.0,0.0,0.0,0.0,0.0,0.0,1.0,2.0,0.625
0.0,0.0,0.0,0.0,0.0,-1.0,1.0,0.0,0.625
0.0,0.0,0.0,0.0,1.0,-1.0,3.0,2.0,0.625
0.0,0.0,0.0,0.0,1.0,-2.0,3.0,0.0,0.625
0.0,0.0,0.0,0.0,1.0,-2.0,4.0,2.0,0.625
0.0,-1.0,0.0,0.0,-1.0,-2.0,4.0,2.0,0.625
0.0,-1.0,0.0,1.0,-1.0,0.0,4.0,2.0,0.625
0.0,-1.0,0.0,1.0,-1.0,0.0,1.0,-2.0,0.625
0.0,-1.0,0.0,2.0,-1.0,0.0,3.0,0.0,0.625
0.0,-2.0,0.0,0.0,-1.0,0.0,3.0,0.0,0.625
0.0,-2.0,0.0,0.0,0.0,0.0,5.0,0.0,0.625
0.0,-2.0,0.0,0.0,0.0,-3.0,1.0,0.0,0.625
0.0,-2.0,0.0,0.0,1.0,-3.0,5.0,2.0,0.625
0.0,-3.0,0.0,-2.0,1.0,-3.0,5.0,2.0,0.625
0.0,-3.0,1.0,-2.0,1.0,-1.0,5.0,2.0,0.625
0.0,-3.0,1.0,-3.0,1.0,-1.0,1.0,0.0,0.625
0.0,-3.0,1.0,-3.0,1.0,-1.0,2.0,2.0,0.625
0.0,0.0,0.0,0.0,0.0,0.0,1.0,2.0,-0.09375
0.0,0.0,0.0,0.0,0.0,-1.0,1.0,0.0,-0.09375
0.0,0.0,0.0,1.0,0.0,1.0,1.0,0.0,-0.09375
0.0,0.0,0.0,1.0,0.0,1.0,0.0,-2.0,-0.09375
0.0,0.0,0.0,1.0,0.0,2.0,2.0,0.0,-0.09375
0.0,0.0,-1.0,1.0,0.0,0.0,2.0,0.0,-0.09375
0.0,0.0,-1.0,1.0,0.0,0.0,3.0,2.0,-0.09375
0.0,-1.0,-1.0,-1.0,0.0,0.0,3.0,2.0,-0.09375
0.0,-1.0,-1.0,-1.0,0.0,0.0,4.0,4.0,-0.09375
0.0,-1.0,-1.0,-1.0,0.0,-1.0,4.0,0.0,-0.09375
0.0,-1.0,-1.0,-1.0,0.0,-1.0,5.0,2.0,-0.09375
0.0,-1.0,-1.0,-1.0,0.0,-1.0,2.0,0.0,-0.09375
0.0,-1.0,-1.0,-1.0,1.0,-1.0,4.0,0.0,-0.09375
0.0,-2.0,-1.0,-1.0,-1.0,-1.0,4.0,0.0,-0.09375
1.0,-2.0,1.0,-1.0,-1.0,1.0,4.0,2.0,-0.09375
1.0,-3.0,-1.0,-1.0,-1.0,1.0,4.0,2.0,-0.09375
1.0,-3.0,-1.0,-1.0,0.0,1.0,6.0,2.0,-0.09375
1.0,-3.0,-1.0,-1.0,-1.0,1.0,2.0,2.0,-0.09375
1.0,-3.0,-1.0,0.0,-1.0,3.0,6.0,2.0,-0.09375
0.0,0.0,0.0,0.0,0.0,0.0,1.0,2.0,0.375
0.0,0.0,0.0,0.0,0.0,-1.0,1.0,0.0,0.375
0.0,0.0,0.0,1.0,0.0,1.0,1.0,0.0,0.375
0.0,0.0,0.0,1.0,0.0,1.0,0.0,-2.0,0.375
0.0,0.0,0.0,1.0,0.0,2.0,2.0,0.0,0.375
0.0,0.0,-1.0,1.0,0.0,0.0,2.0,0.0,0.375
0.0,0.0,-1.0,1.0,0.0,0.0,3.0,2.0,0.375
0.0,-1.0,-1.0,-1.0,0.0,0.0,3.0,2.0,0.375
1.0,-1.0,1.0,-1.0,0.0,2.0,3.0,4.0,0.375
1.0,-2.0,-1.0,-1.0,0.0,2.0,3.0,4.0,0.375
1.0,-2.0,-1.0,-1.0,0.0,-1.0,3.0,0.0,0.375
1.0,-2.0,2.0,-1.0,0.0,3.0,3.0,4.0,0.375
1.0,-2.0,2.0,-2.0,0.0,-1.0,-1.0,4.0,0.375
1.0,-2.0,2.0,0.0,1.0,-1.0,-1.0,4.0,0.375
0.0,-2.0,0.0,0.0,1.0,-3.0,-1.0,0.0,0.375
0.0,-1.0,0.0,2.0,1.0,1.0,3.0,0.0,0.375
0.0,-1.0,0.0,2.0,0.0,1.0,1.0,0.0,0.375
0.0,-1.0,0.0,3.0,0.0,3.0,1.0,0.0,0.375
0.0,-2.0,0.0,3.0,-2.0,1.0,1.0,0.0,0.375
0.0,0.0,0.0,0.0,0.0,0.0,1.0,2.0,0.125
0.0,0.0,0.0,0.0,0.0,-1.0,1.0,0.0,0.125
0.0,0.0,0.0,1.0,0.0,1.0,1.0,0.0,0.125
0.0,0.0,0.0,1.0,0.0,1.0,0.0,-2.0,0.125
0.0,0.0,0.0,1.0,0.0,2.0,2.0,0.0,0.125
0.0,0.0,-1.0,1.0,0.0,0.0,2.0,0.0,0.125
0.0,0.0,-1.0,1.0,0.0,0.0,3.0,2.0,0.125
0.0,-1.0,-1.0,-1.0,0.0,0.0,3.0,2.0,0.125
1.0,-1.0,1.0,-1.0,0.0,2.0,3.0,4.0,0.125
1.0,-2.0,-1.0,-1.0,0.0,2.0,3.0,4.0,0.125
1.0,-2.0,-1.0,-2.0,0.0,-2.0,-1.0,4.0,0.125
1.0,-2.0,-1.0,-1.0,0.0,-2.0,1.0,4.0,0.125
1.0,-2.0,-1.0,-1.0,0.0,-3.0,1.0,0.0,0.125
1.0,-1.0,1.0,-1.0,0.0,-3.0,1.0,0.0,0.125
1.0,-1.0,1.0,-1.0,-1.0,-3.0,-1.0,-2.0,0.125
1.0,2.0,1.0,1.0,-1.0,-3.0,-1.0,-2.0,0.125
1.0,2.0,1.0,1.0,-1.0,-3.0,-2.0,-4.0,0.125
1.0,3.0,1.0,3.0,-1.0,-1.0,0.0,-4.0,0.125
1.0,3.0,1.0,3.0,-2.0,-1.0,-2.0,-4.0,0.125
0.0,0.0,0.0,0.0,0.0,0.0,1.0,2.0,0.03125
0.0,0.0,0.0,0.0,0.0,-1.0,1.0,0.0,0.03125
0.0,0.0,0.0,1.0,0.0,1.0,1.0,0.0,0.03125
0.0,0.0,0.0,1.0,0.0,1.0,0.0,-2.0,0.03125
0.0,0.0,0.0,1.0,0.0,2.0,2.0,0.0,0.03125
0.0,0.0,0.0,1.0,-1.0,2.0,0.0,-2.0,0.03125
0.0,0.0,0.0,1.0,-1.0,3.0,0.0,2.0,0.03125
0.0,-1.0,0.0,-1.0,-1.0,1.0,-2.0,2.0,0.03125
0.0,0.0,0.0,-1.0,1.0,1.0,0.0,4.0,0.03125
0.0,0.0,0.0,-1.0,1.0,1.0,-1.0,0.0,0.03125
0.0,0.0,0.0,-1.0,1.0,1.0,2.0,2.0,0.03125
0.0,0.0,0.0,-1.0,1.0,1.0,-1.0,2.0,0.03125
0.0,0.0,0.0,-1.0,2.0,1.0,3.0,4.0,0.03125
0.0,0.0,-1.0,-1.0,2.0,-1.0,3.0,0.0,0.03125
0.0,0.0,-1.0,-1.0,2.0,-1.0,4.0,2.0,0.03125
0.0,0.0,-1.0,-1.0,2.0,-1.0,3.0,-2.0,0.03125
0.0,0.0,-1.0,-1.0,3.0,-1.0,5.0,2.0,0.03125
0.0,-1.0,-1.0,-1.0,1.0,-1.0,3.0,0.0,0.03125
1.0,-1.0,1.0,-1.0,1.0,1.0,3.0,2.0,0.03125
0.0,0.0,0.0,0.0,0.0,0.0,1.0,2.0,0.4375
0.0,0.0,0.0,0.0,0.0,-1.0,1.0,0.0,0.4375
0.0,0.0,0.0,1.0,0.0,1.0,1.0,0.0,0.4375
0.0,0.0,0.0,1.0,0.0,1.0,0.0,-2.0,0.4375
0.0,0.0,0.0,1.0,0.0,2.0,2.0,0.0,0.4375
0.0,0.0,-1.0,1.0,0.0,0.0,2.0,0.0,0.4375
0.0,0.0,-1.0,1.0,0.0,0.0,3.0,2.0,0.4375
0.0,-1.0,-1.0,-1.0,0.0,0.0,3.0,2.0,0.4375
1.0,-1.0,1.0,-1.0,0.0,2.0,3.0,4.0,0.4375
1.0,-2.0,-1.0,-1.0,0.0,2.0,3.0,4.0,0.4375
1.0,-2.0,-1.0,-1.0,0.0,-1.0,3.0,0.0,0.4375
1.0,-2.0,2.0,-1.0,0.0,3.0,3.0,4.0,0.4375
1.0,-2.0,2.0,-2.0,0.0,-1.0,-1.0,4.0,0.4375
1.0,-2.0,2.0,0.0,1.0,-1.0,-1.0,4.0,0.4375
0.0,-2.0,0.0,0.0,1.0,-3.0,-1.0,0.0,0.4375
0.0,-1.0,0.0,2.0,1.0,1.0,3.0,0.0,0.4375
0.0,-1.0,0.0,2.0,0.0,1.0,1.0,0.0,0.4375
0.0,-1.0,0.0,3.0,0.0,3.0,1.0,0.0,0.4375
0.0,-2.0,0.0,3.0,-2.0,1.0,1.0,0.0,0.4375
0.0,0.0,0.0,0.0,0.0,0.0,1.0,2.0,0.03125
0.0,0.0,0.0,0.0,0.0,-1.0,1.0,0.0,0.03125
0.0,0.0,0.0,1.0,0.0,1.0,1.0,0.0,0.03125
0.0,0.0,0.0,1.0,0.0,1.0,0.0,-2.0,0.03125
0.0,0.0,0.0,1.0,0.0,2.0,2.0,0.0,0.03125
0.0,0.0,-1.0,1.0,0.0,0.0,2.0,0.0,0.03125
0.0,0.0,-1.0,1.0,0.0,0.0,3.0,2.0,0.03125
0.0,-1.0,-1.0,-1.0,0.0,0.0,3.0,2.0,0.03125
1.0,-1.0,1.0,-1.0,0.0,2.0,3.0,4.0,0.03125
1.0,-2.0,-1.0,-1.0,0.0,2.0,3.0,4.0,0.03125
1.0,-2.0,-1.0,-1.0,0.0,-1.0,3.0,0.0,0.03125
1.0,-2.0,2.0,-1.0,0.0,3.0,3.0,4.0,0.03125
1.0,-2.0,2.0,-2.0,0.0,-1.0,-1.0,4.0,0.03125
1.0,-2.0,2.0,0.0,1.0,-1.0,-1.0,4.0,0.03125
0.0,-2.0,0.0,0.0,1.0,-3.0,-1.0,0.0,0.03125
0.0,-1.0,0.0,2.0,1.0,1.0,3.0,0.0,0.03125
0.0,-1.0,0.0,2.0,0.0,1.0,1.0,0.0,0.03125
0.0,-1.0,0.0,3.0,0.0,3.0,1.0,0.0,0.03125
0.0,-2.0,0.0,3.0,-2.0,1.0,1.0,0.0,0.03125
0.0,0.0,0.0,0.0,0.0,0.0,1.0,2.0,0.65625
0.0,0.0,0.0,0.0,0.0,-1.0,1.0,0.0,0.65625
0.0,0.0,0.0,1.0,0.0,1.0,1.0,0.0,0.65625
0.0,0.0,0.0,1.0,0.0,1.0,0.0,-2.0,0.65625
0.0,0.0,0.0,1.0,0.0,2.0,2.0,0.0,0.65625
0.0,0.0,-1.0,1.0,0.0,0.0,2.0,0.0,0.65625
0.0,0.0,-1.0,1.0,0.0,0.0,3.0,2.0,0.65625
0.0,-1.0,-1.0,-1.0,0.0,0.0,3.0,2.0,0.65625
0.0,-1.0,-1.0,-1.0,0.0,0.0,4.0,4.0,0.65625
0.0,-1.0,-1.0,-1.0,0.0,0.0,1.0,2.0,0.65625
1.0,-1.0,1.0,-1.0,0.0,2.0,1.0,2.0,0.65625
1.0,-1.0,1.0,-1.0,-1.0,2.0,-1.0,2.0,0.65625
1.0,-1.0,1.0,-1.0,-1.0,2.0,2.0,4.0,0.65625
1.0,-2.0,-1.0,-1.0,-1.0,2.0,2.0,4.0,0.65625
1.0,-1.0,-1.0,1.0,-1.0,2.0,2.0,4.0,0.65625
1.0,-1.0,-1.0,1.0,-1.0,-1.0,2.0,0.0,0.65625
1.0,0.0,1.0,1.0,-1.0,-1.0,2.0,0.0,0.65625
1.0,0.0,1.0,1.0,-2.0,-1.0,0.0,-2.0,0.65625
1.0,0.0,1.0,2.0,-2.0,-1.0,2.0,0.0,0.65625
0.0,0.0,0.0,0.0,0.0,0.0,1.0,2.0,0.46875
0.0,0.0,0.0,0.0,0.0,-1.0,1.0,0.0,0.46875
0.0,0.0,0.0,1.0,0.0,1.0,1.0,0.0,0.46875
0.0,0.0,0.0,1.0,0.0,1.0,0.0,-2.0,0.46875
0.0,0.0,0.0,1.0,0.0,2.0,2.0,0.0,0.46875
0.0,0.0,-1.0,1.0,0.0,0.0,2.0,0.0,0.46875
0.0,0.0,-1.0,1.0,0.0,0.0,3.0,2.0,0.46875
0.0,-1.0,-1.0,-1.0,0.0,0.0,3.0,2.0,0.46875
1.0,-1.0,1.0,-1.0,0.0,2.0,3.0,4.0,0.46875
1.0,-2.0,-1.0,-1.0,0.0,2.0,3.0,4.0,0.46875
1.0,-2.0,-1.0,-1.0,0.0,-1.0,3.0,0.0,0.46875
1.0,-2.0,2.0,-1.0,0.0,3.0,3.0,4.0,0.46875
1.0,-2.0,2.0,-2.0,0.0,-1.0,-1.0,4.0,0.46875
1.0,-2.0,2.0,-2.0,1.0,-1.0,1.0,4.0,0.46875
0.0,-2.0,0.0,-2.0,1.0,-3.0,1.0,0.0,0.46875
0.0,-2.0,0.0,-2.0,1.0,-3.0,4.0,2.0,0.46875
0.0,-2.0,0.0,-2.0,1.0,-3.0,1.0,0.0,0.46875
0.0,-2.0,0.0,-2.0,1.0,-2.0,1.0,2.0,0.46875
0.0,-3.0,0.0,-2.0,-1.0,-2.0,-1.0,0.0,0.46875
0.0,0.0,0.0,0.0,0.0,0.0,1.0,2.0,-0.25
0.0,0.0,0.0,0.0,0.0,-1.0,1.0,0.0,-0.25
0.0,0.0,0.0,1.0,0.0,1.0,1.0,0.0,-0.25
0.0,0.0,0.0,1.0,0.0,1.0,0.0,-2.0,-0.25
0.0,0.0,0.0,1.0,0.0,2.0,2.0,0.0,-0.25
0.0,0.0,-1.0,1.0,0.0,0.0,2.0,0.0,-0.25
0.0,0.0,-1.0,1.0,0.0,0.0,3.0,2.0,-0.25
0.0,-1.0,-1.0,-1.0,0.0,0.0,3.0,2.0,-0.25
1.0,-1.0,1.0,-1.0,0.0,2.0,3.0,4.0,-0.25
1.0,-2.0,-1.0,-1.0,0.0,2.0,3.0,4.0,-0.25
1.0,-2.0,-1.0,-1.0,0.0,-1.0,3.0,0.0,-0.25
1.0,-2.0,2.0,-1.0,0.0,3.0,3.0,4.0,-0.25
1.0,-2.0,2.0,-2.0,0.0,-1.0,-1.0,4.0,-0.25
1.0,-2.0,2.0,-2.0,1.0,-1.0,1.0,4.0,-0.25
0.0,-2.0,0.0,-2.0,1.0,-3.0,1.0,0.0,-0.25
0.0,-2.0,0.0,0.0,2.0,-1.0,1.0,0.0,-0.25
0.0,-3.0,0.0,0.0,0.0,-1.0,-1.0,0.0,-0.25
0.0,-3.0,0.0,0.0,0.0,-1.0,0.0,2.0,-0.25
0.0,-3.0,0.0,-1.0,0.0,-1.0,-2.0,0.0,-0.25
0.0,0.0,0.0,0.0,0.0,0.0,1.0,2.0,0.921875
0.0,0.0,0.0,0.0,0.0,-1.0,1.0,0.0,0.921875
0.0,0.0,0.0,1.0,0.0,1.0,1.0,0.0,0.921875
0.0,0.0,0.0,1.0,0.0,1.0,0.0,-2.0,0.921875
0.0,0.0,0.0,1.0,0.0,2.0,2.0,0.0,0.921875
0.0,0.0,-1.0,1.0,0.0,0.0,2.0,0.0,0.921875
0.0,0.0,-1.0,1.0,0.0,0.0,3.0,2.0,0.921875
0.0,-1.0,-1.0,-1.0,0.0,0.0,3.0,2.0,0.921875
1.0,-1.0,1.0,-1.0,0.0,2.0,3.0,4.0,0.921875
1.0,-2.0,-1.0,-1.0,0.0,2.0,3.0,4.0,0.921875
1.0,-2.0,-1.0,-2.0,0.0,-2.0,-1.0,4.0,0.921875
1.0,-2.0,-1.0,-1.0,0.0,-2.0,1.0,4.0,0.921875
1.0,-2.0,-1.0,-1.0,0.0,-2.0,0.0,2.0,0.921875
1.0,-1.0,1.0,-1.0,0.0,-2.0,0.0,2.0,0.921875
1.0,-1.0,1.0,-1.0,-1.0,-2.0,-2.0,-2.0,0.921875
1.0,-1.0,1.0,1.0,-1.0,0.0,-1.0,0.0,0.921875
1.0,-1.0,1.0,1.0,-2.0,0.0,-3.0,-2.0,0.921875
1.0,2.0,1.0,1.0,-2.0,0.0,-3.0,-2.0,0.921875
1.0,2.0,1.0,1.0,-3.0,-2.0,-5.0,-2.0,0.921875
0.0,0.0,0.0,0.0,0.0,0.0,1.0,2.0,0.46875
0.0,0.0,0.0,0.0,0.0,-1.0,1.0,0.0,0.46875
0.0,0.0,0.0,1.0,0.0,1.0,1.0,0.0,0.46875
0.0,0.0,0.0,1.0,0.0,1.0,0.0,-2.0,0.46875
0.0,0.0,0.0,1.0,0.0,2.0,2.0,0.0,0.46875
0.0,0.0,-1.0,1.0,0.0,0.0,2.0,0.0,0.46875
0.0,0.0,-1.0,1.0,0.0,0.0,3.0,2.0,0.46875
0.0,-1.0,-1.0,-1.0,0.0,0.0,3.0,2.0,0.46875
1.0,-1.0,1.0,-1.0,0.0,2.0,3.0,4.0,0.46875
1.0,-2.0,-1.0,-1.0,0.0,2.0,3.0,4.0,0.46875
1.0,-2.0,-1.0,-1.0,0.0,-1.0,3.0,0.0,0.46875
1.0,-2.0,2.0,-1.0,0.0,3.0,3.0,4.0,0.46875
1.0,-2.0,2.0,-2.0,0.0,-1.0,-1.0,4.0,0.46875
1.0,-2.0,2.0,0.0,1.0,-1.0,-1.0,4.0,0.46875
0.0,-2.0,0.0,0.0,1.0,-3.0,-1.0,0.0,0.46875
0.0,-1.0,0.0,2.0,1.0,1.0,3.0,0.0,0.46875
0.0,-1.0,0.0,2.0,0.0,1.0,1.0,0.0,0.46875
0.0,-1.0,0.0,3.0,0.0,3.0,1.0,0.0,0.46875
0.0,-2.0,0.0,3.0,-2.0,1.0,1.0,0.0,0.46875
0.0,0.0,0.0,0.0,0.0,0.0,1.0,2.0,0.46875
0.0,0.0,0.0,0.0,0.0,-1.0,1.0,0.0,0.46875
0.0,0.0,0.0,1.0,0.0,1.0,1.0,0.0,0.46875
0.0,0.0,0.0,1.0,0.0,1.0,0.0,-2.0,0.46875
0.0,0.0,0.0,1.0,0.0,2.0,2.0,0.0,0.46875
0.0,0.0,-1.0,1.0,0.0,0.0,2.0,0.0,0.46875
0.0,0.0,-1.0,1.0,0.0,0.0,3.0,2.0,0.46875
0.0,-1.0,-1.0,-1.0,0.0,0.0,3.0,2.0,0.46875
1.0,-1.0,1.0,-1.0,0.0,2.0,3.0,4.0,0.46875
1.0,-2.0,-1.0,-1.0,0.0,2.0,3.0,4.0,0.46875
1.0,-2.0,-1.0,-2.0,0.0,-2.0,-1.0,4.0,0.46875
1.0,-2.0,-1.0,-1.0,0.0,-2.0,1.0,4.0,0.46875
1.0,-2.0,-1.0,-1.0,0.0,-2.0,0.0,2.0,0.46875
1.0,-2.0,-1.0,-1.0,0.0,0.0,1.0,4.0,0.46875
1.0,-3.0,-1.0,-3.0,0.0,0.0,1.0,4.0,0.46875
1.0,-2.0,-1.0,-1.0,0.0,0.0,1.0,4.0,0.46875
1.0,-2.0,-1.0,-1.0,0.0,-3.0,1.0,0.0,0.46875
1.0,-1.0,1.0,1.0,0.0,-3.0,1.0,0.0,0.46875
1.0,-2.0,1.0,-3.0,0.0,-3.0,1.0,0.0,0.46875
0.0,0.0,0.0,0.0,0.0,0.0,1.0,2.0,0.4375
0.0,0.0,0.0,0.0,0.0,-1.0,1.0,0.0,0.4375
0.0,0.0,0.0,1.0,0.0,1.0,1.0,0.0,0.4375
0.0,0.0,0.0,1.0,0.0,1.0,0.0,-2.0,0.4375
0.0,0.0,0.0,1.0,0.0,2.0,2.0,0.0,0.4375
0.0,0.0,-1.0,1.0,0.0,0.0,2.0,0.0,0.4375
0.0,0.0,-1.0,1.0,0.0,0.0,3.0,2.0,0.4375
0.0,-1.0,-1.0,-1.0,0.0,0.0,3.0,2.0,0.4375
1.0,-1.0,1.0,-1.0,0.0,2.0,3.0,4.0,0.4375
1.0,-2.0,-1.0,-1.0,0.0,2.0,3.0,4.0,0.4375
1.0,-2.0,-1.0,-1.0,0.0,-1.0,3.0,0.0,0.4375
1.0,-2.0,2.0,-1.0,0.0,3.0,3.0,4.0,0.4375
1.0,-2.0,2.0,-2.0,0.0,-1.0,-1.0,4.0,0.4375
1.0,-2.0,2.0,0.0,1.0,-1.0,-1.0,4.0,0.4375
0.0,-2.0,0.0,0.0,1.0,-3.0,-1.0,0.0,0.4375
0.0,-1.0,0.0,2.0,1.0,1.0,3.0,0.0,0.4375
0.0,-1.0,0.0,2.0,0.0,1.0,1.0,0.0,0.4375
0.0,-1.0,0.0,3.0,0.0,3.0,1.0,0.0,0.4375
0.0,-2.0,0.0,3.0,-2.0,1.0,1.0,0.0,0.4375
0.0,0.0,0.0,0.0,0.0,0.0,1.0,2.0,-0.15625
0.0,0.0,0.0,0.0,0.0,-1.0,1.0,0.0,-0.15625
0.0,0.0,0.0,0.0,0.0,-1.0,2.0,2.0,-0.15625
0.0,0.0,0.0,0.0,-1.0,-1.0,0.0,2.0,-0.15625
0.0,1.0,0.0,0.0,1.0,-1.0,2.0,4.0,-0.15625
0.0,0.0,0.0,0.0,-1.0,-1.0,2.0,4.0,-0.15625
0.0,3.0,0.0,0.0,-1.0,-1.0,2.0,4.0,-0.15625
0.0,3.0,0.0,0.0,-1.0,-1.0,-1.0,4.0,-0.15625
0.0,3.0,0.0,0.0,0.0,-1.0,1.0,4.0,-0.15625
0.0,3.0,0.0,0.0,0.0,-2.0,-1.0,4.0,-0.15625
0.0,3.0,0.0,0.0,3.0,0.0,-1.0,4.0,-0.15625
0.0,2.0,0.0,0.0,1.0,0.0,-1.0,4.0,-0.15625
0.0,5.0,0.0,0.0,1.0,0.0,-1.0,4.0,-0.15625
0.0,4.0,0.0,0.0,-1.0,-2.0,-1.0,4.0,-0.15625
0.0,4.0,0.0,1.0,1.0,-2.0,1.0,4.0,-0.15625
0.0,4.0,0.0,1.0,1.0,-3.0,1.0,0.0,-0.15625
0.0,4.0,0.0,1.0,2.0,-1.0,1.0,0.0,-0.15625
0.0,4.0,0.0,1.0,2.0,-1.0,-2.0,-2.0,-0.15625
0.0,4.0,0.0,1.0,3.0,-1.0,0.0,2.0,-0.15625
0.0,0.0,0.0,0.0,0.0,0.0,1.0,2.0,0.40625
0.0,0.0,0.0,0.0,0.0,-1.0,1.0,0.0,0.40625
0.0,0.0,0.0,1.0,0.0,1.0,1.0,0.0,0.40625
0.0,0.0,0.0,1.0,0.0,1.0,0.0,-2.0,0.40625
0.0,0.0,0.0,1.0,0.0,2.0,2.0,0.0,0.40625
0.0,0.0,-1.0,1.0,0.0,0.0,2.0,0.0,0.40625
0.0,0.0,-1.0,1.0,0.0,0.0,3.0,2.0,0.40625
0.0,-1.0,-1.0,-1.0,0.0,0.0,3.0,2.0,0.40625
0.0,-1.0,-1.0,-1.0,0.0,0.0,4.0,4.0,0.40625
0.0,-1.0,-1.0,-1.0,0.0,0.0,1.0,2.0,0.40625
1.0,-1.0,1.0,-1.0,0.0,2.0,1.0,2.0,0.40625
1.0,-1.0,1.0,-1.0,-1.0,2.0,-1.0,2.0,0.40625
1.0,-1.0,1.0,-1.0,-1.0,2.0,2.0,4.0,0.40625
1.0,-1.0,1.0,-2.0,-1.0,-2.0,-2.0,4.0,0.40625
1.0,0.0,1.0,0.0,-1.0,-2.0,-2.0,4.0,0.40625
1.0,-1.0,-1.0,0.0,-1.0,-2.0,-2.0,4.0,0.40625
1.0,0.0,1.0,0.0,-1.0,-2.0,-2.0,4.0,0.40625
1.0,0.0,1.0,0.0,-1.0,-3.0,-6.0,0.0,0.40625
1.0,3.0,1.0,0.0,-1.0,-3.0,-6.0,0.0,0.40625
0.0,0.0,0.0,0.0,0.0,0.0,1.0,2.0,0.1875
0.0,0.0,0.0,0.0,0.0,-1.0,1.0,0.0,0.1875
0.0,0.0,0.0,1.0,0.0,1.0,1.0,0.0,0.1875
0.0,0.0,-1.0,1.0,0.0,-1.0,1.0,0.0,0.1875
0.0,0.0,-1.0,1.0,0.0,-1.0,2.0,2.0,0.1875
0.0,0.0,-1.0,1.0,0.0,-1.0,-1.0,0.0,0.1875
1.0,0.0,1.0,1.0,0.0,1.0,-1.0,0.0,0.1875
1.0,0.0,1.0,1.0,-1.0,1.0,-3.0,-2.0,0.1875
1.0,0.0,1.0,1.0,-1.0,2.0,1.0,0.0,0.1875
1.0,0.0,1.0,1.0,-2.0,2.0,-3.0,-2.0,0.1875
1.0,0.0,1.0,1.0,-2.0,3.0,-3.0,2.0,0.1875
1.0,0.0,1.0,1.0,-2.0,3.0,-4.0,-2.0,0.1875
1.0,1.0,1.0,1.0,0.0,3.0,-2.0,0.0,0.1875
1.0,1.0,1.0,1.0,0.0,3.0,-3.0,-4.0,0.1875
1.0,1.0,1.0,1.0,0.0,4.0,-3.0,0.0,0.1875
1.0,1.0,1.0,1.0,0.0,4.0,-4.0,-2.0,0.1875
1.0,1.0,1.0,1.0,0.0,4.0,-1.0,2.0,0.1875
1.0,0.0,1.0,-1.0,0.0,2.0,-1.0,2.0,0.1875
1.0,1.0,1.0,1.0,0.0,2.0,1.0,2.0,0.1875
0.0,0.0,0.0,0.0,0.0,0.0,1.0,2.0,-0.1875
0.0,0.0,0.0,0.0,0.0,-1.0,1.0,0.0,-0.1875
0.0,0.0,0.0,1.0,0.0,1.0,1.0,0.0,-0.1875
0.0,0.0,0.0,1.0,0.0,1.0,0.0,-2.0,-0.1875
0.0,0.0,0.0,1.0,0.0,2.0,2.0,0.0,-0.1875
0.0,0.0,-1.0,1.0,0.0,0.0,2.0,0.0,-0.1875
0.0,0.0,-1.0,1.0,0.0,0.0,3.0,2.0,-0.1875
0.0,-1.0,-1.0,-1.0,0.0,0.0,3.0,2.0,-0.1875
1.0,-1.0,1.0,-1.0,0.0,2.0,3.0,4.0,-0.1875
1.0,-2.0,-1.0,-1.0,0.0,2.0,3.0,4.0,-0.1875
1.0,-2.0,-1.0,-1.0,0.0,-1.0,3.0,0.0,-0.1875
1.0,-2.0,2.0,-1.0,0.0,3.0,3.0,4.0,-0.1875
1.0,-2.0,2.0,-2.0,0.0,-1.0,-1.0,4.0,-0.1875
1.0,-2.0,2.0,0.0,1.0,-1.0,-1.0,4.0,-0.1875
0.0,-2.0,0.0,0.0,1.0,-3.0,-1.0,0.0,-0.1875
0.0,-1.0,0.0,2.0,1.0,1.0,3.0,0.0,-0.1875
0.0,-1.0,0.0,2.0,0.0,1.0,1.0,0.0,-0.1875
0.0,-1.0,0.0,3.0,0.0,3.0,1.0,0.0,-0.1875
0.0,-2.0,0.0,3.0,-2.0,1.0,1.0,0.0,-0.1875
0.0,0.0,0.0,0.0,0.0,0.0,1.0,2.0,0.34375
0.0,0.0,0.0,0.0,0.0,-1.0,1.0,0.0,0.34375
0.0,0.0,0.0,1.0,0.0,1.0,1.0,0.0,0.34375
0.0,0.0,0.0,1.0,0.0,1.0,0.0,-2.0,0.34375
0.0,0.0,0.0,1.0,0.0,2.0,2.0,0.0,0.34375
0.0,0.0,-1.0,1.0,0.0,0.0,2.0,0.0,0.34375
0.0,0.0,-1.0,1.0,0.0,0.0,3.0,2.0,0.34375
0.0,-1.0,-1.0,-1.0,0.0,0.0,3.0,2.0,0.34375
1.0,-1.0,1.0,-1.0,0.0,2.0,3.0,4.0,0.34375
1.0,-2.0,-1.0,-1.0,0.0,2.0,3.0,4.0,0.34375
1.0,-2.0,-1.0,-1.0,0.0,-1.0,3.0,0.0,0.34375
1.0,-2.0,2.0,-1.0,0.0,3.0,3.0,4.0,0.34375
1.0,-3.0,0.0,-1.0,0.0,3.0,3.0,4.0,0.34375
1.0,2.0,0.0,-1.0,0.0,3.0,3.0,4.0,0.34375
0.0,2.0,-2.0,-1.0,0.0,-1.0,3.0,0.0,0.34375
0.0,2.0,0.0,1.0,1.0,-1.0,3.0,0.0,0.34375
0.0,1.0,0.0,1.0,-1.0,-1.0,3.0,0.0,0.34375
0.0,1.0,0.0,1.0,-1.0,-1.0,4.0,2.0,0.34375
0.0,1.0,0.0,1.0,-2.0,-1.0,2.0,2.0,0.34375
0.0,0.0,0.0,0.0,0.0,0.0,1.0,2.0,-0.1875
0.0,0.0,0.0,0.0,0.0,-1.0,1.0,0.0,-0.1875
0.0,0.0,0.0,1.0,0.0,1.0,1.0,0.0,-0.1875
0.0,0.0,0.0,1.0,0.0,1.0,0.0,-2.0,-0.1875
0.0,0.0,0.0,1.0,0.0,2.0,2.0,0.0,-0.1875
0.0,0.0,-1.0,1.0,0.0,0.0,2.0,0.0,-0.1875
0.0,0.0,-1.0,1.0,0.0,0.0,3.0,2.0,-0.1875
0.0,-1.0,-1.0,-1.0,0.0,0.0,3.0,2.0,-0.1875
1.0,-1.0,1.0,-1.0,0.0,2.0,3.0,4.0,-0.1875
1.0,-2.0,-1.0,-1.0,0.0,2.0,3.0,4.0,-0.1875
1.0,1.0,-1.0,-1.0,0.0,2.0,3.0,4.0,-0.1875
1.0,1.0,-1.0,-1.0,0.0,-1.0,3.0,0.0,-0.1875
1.0,1.0,2.0,-1.0,0.0,3.0,3.0,4.0,-0.1875
1.0,1.0,2.0,-2.0,0.0,-1.0,-1.0,4.0,-0.1875
1.0,1.0,2.0,0.0,1.0,-1.0,-1.0,4.0,-0.1875
1.0,0.0,2.0,0.0,-1.0,-1.0,-1.0,4.0,-0.1875
1.0,0.0,2.0,1.0,-1.0,-1.0,1.0,4.0,-0.1875
1.0,0.0,2.0,1.0,-1.0,-2.0,1.0,0.0,-0.1875
1.0,1.0,2.0,3.0,-1.0,0.0,1.0,0.0,-0.1875
0.0,0.0,0.0,0.0,0.0,0.0,1.0,2.0,-0.53125
0.0,0.0,0.0,0.0,0.0,0.0,0.0,0.0,-0.53125
0.0,0.0,0.0,0.0,0.0,1.0,2.0,2.0,-0.53125
0.0,0.0,0.0,0.0,0.0,0.0,2.0,0.0,-0.53125
0.0,0.0,0.0,0.0,0.0,0.0,3.0,2.0,-0.53125
0.0,0.0,0.0,-1.0,0.0,-2.0,-1.0,2.0,-0.53125
0.0,0.0,1.0,-1.0,0.0,0.0,-1.0,4.0,-0.53125
0.0,0.0,1.0,-1.0,0.0,0.0,-2.0,0.0,-0.53125
0.0,1.0,1.0,1.0,0.0,2.0,2.0,0.0,-0.53125
0.0,1.0,1.0,1.0,0.0,1.0,0.0,-2.0,-0.53125
0.0,1.0,2.0,1.0,0.0,3.0,0.0,2.0,-0.53125
0.0,1.0,2.0,1.0,-1.0,3.0,-2.0,-2.0,-0.53125
0.0,1.0,2.0,1.0,-1.0,3.0,-1.0,0.0,-0.53125
0.0,1.0,1.0,1.0,-1.0,1.0,-1.0,-2.0,-0.53125
0.0,2.0,3.0,1.0,1.0,1.0,-1.0,-2.0,-0.53125
-1.0,2.0,1.0,1.0,1.0,-1.0,-1.0,-4.0,-0.53125
-1.0,2.0,1.0,1.0,1.0,2.0,3.0,0.0,-0.53125
-1.0,2.0,1.0,1.0,1.0,2.0,2.0,-2.0,-0.53125
-1.0,2.0,1.0,2.0,1.0,4.0,2.0,-2.0,-0.53125
0.0,0.0,0.0,0.0,0.0,0.0,1.0,2.0,0.46875
0.0,0.0,0.0,0.0,0.0,-1.0,1.0,0.0,0.46875
0.0,0.0,0.0,1.0,0.0,1.0,1.0,0.0,0.46875
0.0,0.0,0.0,1.0,0.0,1.0,0.0,-2.0,0.46875
0.0,0.0,0.0,1.0,0.0,2.0,2.0,0.0,0.46875
0.0,0.0,-1.0,1.0,0.0,0.0,2.0,0.0,0.46875
0.0,0.0,-1.0,1.0,0.0,0.0,3.0,2.0,0.46875
0.0,-1.0,-1.0,-1.0,0.0,0.0,3.0,2.0,0.46875
1.0,-1.0,1.0,-1.0,0.0,2.0,3.0,4.0,0.46875
1.0,-2.0,-1.0,-1.0,0.0,2.0,3.0,4.0,0.46875
1.0,-2.0,-1.0,-1.0,0.0,-1.0,3.0,0.0,0.46875
1.0,-2.0,2.0,-1.0,0.0,3.0,3.0,4.0,0.46875
1.0,-2.0,2.0,-2.0,0.0,-1.0,-1.0,4.0,0.46875
1.0,-2.0,2.0,0.0,1.0,-1.0,-1.0,4.0,0.46875
1.0,-2.0,2.0,0.0,1.0,-1.0,-2.0,0.0,0.46875
1.0,-1.0,2.0,2.0,1.0,3.0,2.0,0.0,0.46875
0.0,-1.0,0.0,2.0,1.0,1.0,2.0,-2.0,0.46875
0.0,-1.0,0.0,2.0,2.0,1.0,4.0,2.0,0.46875
0.0,-1.0,0.0,1.0,2.0,1.0,2.0,2.0,0.46875
0.0,0.0,0.0,0.0,0.0,0.0,1.0,2.0,-0.40625
0.0,0.0,0.0,0.0,0.0,-1.0,1.0,0.0,-0.40625
0.0,0.0,0.0,1.0,0.0,1.0,1.0,0.0,-0.40625
0.0,0.0,0.0,1.0,0.0,1.0,0.0,-2.0,-0.40625
0.0,0.0,0.0,1.0,0.0,2.0,2.0,0.0,-0.40625
0.0,0.0,-1.0,1.0,0.0,0.0,2.0,0.0,-0.40625
0.0,0.0,-1.0,1.0,0.0,0.0,3.0,2.0,-0.40625
0.0,-1.0,-1.0,-1.0,0.0,0.0,3.0,2.0,-0.40625
1.0,-1.0,1.0,-1.0,0.0,2.0,3.0,4.0,-0.40625
1.0,-2.0,-1.0,-1.0,0.0,2.0,3.0,4.0,-0.40625
1.0,-2.0,-1.0,-1.0,0.0,-1.0,3.0,0.0,-0.40625
1.0,-2.0,-1.0,0.0,0.0,1.0,3.0,0.0,-0.40625
1.0,-2.0,-1.0,0.0,-1.0,1.0,1.0,-2.0,-0.40625
1.0,-1.0,-1.0,0.0,1.0,1.0,1.0,-2.0,-0.40625
1.0,-2.0,-1.0,0.0,-1.0,1.0,1.0,-2.0,-0.40625
1.0,1.0,-1.0,0.0,1.0,1.0,1.0,-2.0,-0.40625
1.0,1.0,-1.0,0.0,1.0,1.0,0.0,-4.0,-0.40625
1.0,4.0,-1.0,0.0,1.0,1.0,0.0,-4.0,-0.40625
1.0,4.0,-1.0,0.0,0.0,1.0,-2.0,-4.0,-0.40625
0.0,0.0,0.0,0.0,0.0,0.0,1.0,2.0,0.6875
0.0,0.0,0.0,0.0,0.0,-1.0,1.0,0.0,0.6875
0.0,0.0,0.0,1.0,0.0,1.0,1.0,0.0,0.6875
0.0,0.0,0.0,1.0,0.0,1.0,0.0,-2.0,0.6875
0.0,0.0,0.0,1.0,0.0,2.0,0.0,2.0,0.6875
0.0,0.0,0.0,1.0,0.0,2.0,-1.0,0.0,0.6875
0.0,0.0,0.0,1.0,0.0,3.0,-1.0,2.0,0.6875
0.0,0.0,-1.0,1.0,0.0,1.0,-1.0,0.0,0.6875
1.0,0.0,1.0,1.0,0.0,3.0,-1.0,4.0,0.6875
1.0,0.0,1.0,1.0,0.0,3.0,-2.0,0.0,0.6875
1.0,0.0,1.0,1.0,0.0,4.0,-2.0,2.0,0.6875
1.0,0.0,1.0,0.0,0.0,2.0,-2.0,2.0,0.6875
1.0,0.0,2.0,0.0,0.0,4.0,-2.0,2.0,0.6875
1.0,0.0,2.0,0.0,-1.0,4.0,-4.0,2.0,0.6875
1.0,1.0,2.0,0.0,1.0,4.0,-4.0,2.0,0.6875
1.0,0.0,2.0,0.0,-1.0,4.0,-4.0,2.0,0.6875
1.0,0.0,2.0,2.0,2.0,4.0,-2.0,4.0,0.6875
1.0,0.0,2.0,1.0,2.0,2.0,-2.0,4.0,0.6875
1.0,0.0,2.0,1.0,2.0,2.0,1.0,4.0,0.6875
0.0,0.0,0.0,0.0,0.0,0.0,1.0,2.0,-0.1875
0.0,0.0,0.0,0.0,0.0,-1.0,1.0,0.0,-0.1875
0.0,0.0,0.0,1.0,0.0,1.0,1.0,0.0,-0.1875
0.0,0.0,0.0,1.0,0.0,1.0,0.0,-2.0,-0.1875
0.0,0.0,0.0,1.0,0.0,2.0,2.0,0.0,-0.1875
0.0,0.0,-1.0,1.0,0.0,0.0,2.0,0.0,-0.1875
0.0,0.0,-1.0,1.0,0.0,0.0,3.0,2.0,-0.1875
0.0,-1.0,-1.0,-1.0,0.0,0.0,3.0,2.0,-0.1875
1.0,-1.0,1.0,-1.0,0.0,2.0,3.0,4.0,-0.1875
1.0,-2.0,-1.0,-1.0,0.0,2.0,3.0,4.0,-0.1875
1.0,-2.0,-1.0,-1.0,0.0,-1.0,3.0,0.0,-0.1875
1.0,-2.0,2.0,-1.0,0.0,3.0,3.0,4.0,-0.1875
1.0,-2.0,2.0,-2.0,0.0,-1.0,-1.0,4.0,-0.1875
1.0,-2.0,2.0,0.0,1.0,-1.0,-1.0,4.0,-0.1875
0.0,-2.0,0.0,0.0,1.0,-3.0,-1.0,0.0,-0.1875
0.0,-1.0,0.0,2.0,1.0,1.0,3.0,0.0,-0.1875
0.0,-1.0,0.0,2.0,0.0,1.0,1.0,0.0,-0.1875
0.0,-1.0,0.0,3.0,0.0,3.0,1.0,0.0,-0.1875
0.0,-1.0,0.0,1.0,-1.0,3.0,1.0,0.0,-0.1875
0.0,0.0,0.0,0.0,0.0,0.0,1.0,2.0,-0.09375
0.0,0.0,0.0,0.0,0.0,-1.0,1.0,0.0,-0.09375
0.0,0.0,0.0,1.0,0.0,1.0,1.0,0.0,-0.09375
0.0,0.0,0.0,1.0,0.0,1.0,0.0,-2.0,-0.09375
0.0,0.0,0.0,1.0,0.0,2.0,2.0,0.0,-0.09375
0.0,0.0,-1.0,1.0,0.0,0.0,2.0,0.0,-0.09375
0.0,0.0,-1.0,1.0,0.0,0.0,3.0,2.0,-0.09375
0.0,-1.0,-1.0,-1.0,0.0,0.0,3.0,2.0,-0.09375
1.0,-1.0,1.0,-1.0,0.0,2.0,3.0,4.0,-0.09375
1.0,-2.0,-1.0,-1.0,0.0,2.0,3.0,4.0,-0.09375
1.0,-2.0,-1.0,-1.0,0.0,-1.0,3.0,0.0,-0.09375
1.0,-2.0,2.0,-1.0,0.0,3.0,3.0,4.0,-0.09375
1.0,-2.0,2.0,-2.0,0.0,-1.0,-1.0,4.0,-0.09375
1.0,-2.0,2.0,0.0,1.0,-1.0,-1.0,4.0,-0.09375
0.0,-2.0,0.0,0.0,1.0,-3.0,-1.0,0.0,-0.09375
0.0,-2.0,0.0,0.0,2.0,-1.0,1.0,2.0,-0.09375
0.0,-2.0,0.0,0.0,2.0,-2.0,1.0,-2.0,-0.09375
0.0,-2.0,0.0,0.0,2.0,-2.0,2.0,2.0,-0.09375
0.0,-2.0,0.0,0.0,0.0,-2.0,-1.0,2.0,-0.09375
0.0,0.0,0.0,0.0,0.0,0.0,1.0,2.0,-0.4375
0.0,0.0,0.0,0.0,0.0,-1.0,1.0,0.0,-0.4375
0.0,0.0,0.0,1.0,0.0,1.0,1.0,0.0,-0.4375
0.0,0.0,0.0,1.0,0.0,1.0,0.0,-2.0,-0.4375
0.0,0.0,0.0,1.0,0.0,1.0,1.0,2.0,-0.4375
0.0,-1.0,0.0,-1.0,0.0,-1.0,-1.0,2.0,-0.4375
0.0,-1.0,0.0,-1.0,1.0,-1.0,1.0,4.0,-0.4375
0.0,-2.0,0.0,-1.0,-1.0,-1.0,1.0,4.0,-0.4375
0.0,-2.0,0.0,-1.0,0.0,-1.0,3.0,4.0,-0.4375
0.0,-2.0,0.0,-1.0,0.0,-1.0,0.0,0.0,-0.4375
0.0,-2.0,0.0,-1.0,0.0,0.0,0.0,2.0,-0.4375
0.0,-3.0,0.0,-1.0,-2.0,0.0,0.0,2.0,-0.4375
0.0,-3.0,0.0,-1.0,-2.0,0.0,3.0,2.0,-0.4375
0.0,-3.0,0.0,-2.0,-2.0,0.0,1.0,0.0,-0.4375
0.0,-3.0,0.0,-2.0,-1.0,0.0,3.0,0.0,-0.4375
0.0,-3.0,-1.0,-2.0,-1.0,-2.0,3.0,-2.0,-0.4375
0.0,-2.0,-1.0,-2.0,1.0,-2.0,3.0,-2.0,-0.4375
0.0,-5.0,-1.0,-2.0,1.0,-2.0,3.0,-2.0,-0.4375
0.0,-4.0,-1.0,0.0,1.0,-2.0,3.0,-2.0,-0.4375
0.0,0.0,0.0,0.0,0.0,0.0,1.0,2.0,-0.53125
0.0,0.0,0.0,0.0,0.0,0.0,0.0,0.0,-0.53125
0.0,0.0,0.0,0.0,0.0,1.0,2.0,2.0,-0.53125
0.0,0.0,0.0,0.0,0.0,0.0,2.0,0.0,-0.53125
0.0,0.0,0.0,0.0,0.0,0.0,3.0,2.0,-0.53125
0.0,0.0,0.0,-1.0,0.0,-2.0,-1.0,2.0,-0.53125
0.0,0.0,1.0,-1.0,0.0,0.0,-1.0,4.0,-0.53125
0.0,0.0,1.0,-1.0,0.0,0.0,-2.0,0.0,-0.53125
0.0,1.0,1.0,1.0,0.0,2.0,2.0,0.0,-0.53125
0.0,1.0,1.0,1.0,0.0,1.0,0.0,-2.0,-0.53125
0.0,1.0,2.0,1.0,0.0,3.0,0.0,2.0,-0.53125
0.0,1.0,2.0,1.0,-1.0,3.0,-2.0,-2.0,-0.53125
0.0,1.0,2.0,1.0,-1.0,3.0,-1.0,0.0,-0.53125
-1.0,1.0,0.0,1.0,-1.0,1.0,-1.0,-2.0,-0.53125
-1.0,2.0,0.0,1.0,1.0,1.0,1.0,-2.0,-0.53125
-1.0,2.0,0.0,0.0,1.0,-1.0,1.0,-2.0,-0.53125
-1.0,2.0,0.0,0.0,2.0,-1.0,3.0,0.0,-0.53125
-1.0,2.0,0.0,-1.0,2.0,-1.0,-1.0,-2.0,-0.53125
-1.0,2.0,0.0,-1.0,2.0,-1.0,2.0,2.0,-0.53125
0.0,0.0,0.0,0.0,0.0,0.0,1.0,2.0,0.28125
0.0,0.0,0.0,0.0,0.0,-1.0,1.0,0.0,0.28125
0.0,0.0,0.0,1.0,0.0,1.0,1.0,0.0,0.28125
0.0,0.0,0.0,1.0,0.0,1.0,0.0,-2.0,0.28125
0.0,0.0,0.0,1.0,0.0,2.0,2.0,0.0,0.28125
0.0,0.0,-1.0,1.0,0.0,0.0,2.0,0.0,0.28125
0.0,0.0,-1.0,1.0,0.0,0.0,3.0,2.0,0.28125
0.0,-1.0,-1.0,-1.0,0.0,0.0,3.0,2.0,0.28125
1.0,-1.0,1.0,-1.0,0.0,2.0,3.0,4.0,0.28125
1.0,-2.0,-1.0,-1.0,0.0,2.0,3.0,4.0,0.28125
1.0,-2.0,-1.0,-1.0,0.0,-1.0,3.0,0.0,0.28125
1.0,-2.0,-1.0,-1.0,0.0,-1.0,4.0,2.0,0.28125
1.0,-2.0,-1.0,-1.0,0.0,-1.0,1.0,0.0,0.28125
1.0,-2.0,-1.0,-1.0,1.0,-1.0,3.0,0.0,0.28125
1.0,-2.0,-1.0,-1.0,0.0,-1.0,1.0,-2.0,0.28125
1.0,-1.0,-1.0,1.0,0.0,-1.0,1.0,-2.0,0.28125
1.0,-1.0,-2.0,1.0,0.0,-3.0,1.0,-2.0,0.28125
1.0,0.0,0.0,1.0,0.0,-3.0,1.0,-2.0,0.28125
1.0,0.0,0.0,1.0,-1.0,-3.0,-1.0,-2.0,0.28125
0.0,0.0,0.0,0.0,0.0,0.0,1.0,2.0,0.125
0.0,0.0,0.0,0.0,0.0,-1.0,1.0,0.0,0.125
0.0,0.0,0.0,1.0,0.0,1.0,1.0,0.0,0.125
0.0,0.0,0.0,1.0,0.0,1.0,0.0,-2.0,0.125
0.0,0.0,0.0,1.0,0.0,2.0,2.0,0.0,0.125
0.0,0.0,-1.0,1.0,0.0,0.0,2.0,0.0,0.125
0.0,0.0,-1.0,1.0,0.0,0.0,3.0,2.0,0.125
0.0,-1.0,-1.0,-1.0,0.0,0.0,3.0,2.0,0.125
1.0,-1.0,1.0,-1.0,0.0,2.0,3.0,4.0,0.125
1.0,-2.0,-1.0,-1.0,0.0,2.0,3.0,4.0,0.125
1.0,-2.0,-1.0,-1.0,0.0,-1.0,3.0,0.0,0.125
1.0,-2.0,2.0,-1.0,0.0,3.0,3.0,4.0,0.125
1.0,-2.0,2.0,-2.0,0.0,-1.0,-1.0,4.0,0.125
1.0,-2.0,2.0,0.0,1.0,-1.0,-1.0,4.0,0.125
0.0,-2.0,0.0,0.0,1.0,-3.0,-1.0,0.0,0.125
0.0,-1.0,0.0,2.0,1.0,1.0,3.0,0.0,0.125
0.0,-1.0,0.0,2.0,0.0,1.0,1.0,0.0,0.125
0.0,-1.0,0.0,3.0,0.0,3.0,1.0,0.0,0.125
0.0,-2.0,0.0,3.0,-2.0,1.0,1.0,0.0,0.125
0.0,0.0,0.0,0.0,0.0,0.0,1.0,2.0,0.375
0.0,0.0,0.0,0.0,0.0,-1.0,1.0,0.0,0.375
0.0,0.0,0.0,1.0,0.0,1.0,1.0,0.0,0.375
0.0,0.0,0.0,1.0,-1.0,1.0,-1.0,0.0,0.375
0.0,1.0,0.0,1.0,1.0,1.0,1.0,2.0,0.375
0.0,1.0,0.0,1.0,1.0,1.0,0.0,0.0,0.375
0.0,1.0,0.0,1.0,1.0,1.0,3.0,2.0,0.375
0.0,1.0,0.0,0.0,1.0,1.0,1.0,2.0,0.375
0.0,1.0,0.0,0.0,2.0,1.0,3.0,2.0,0.375
0.0,1.0,-1.0,0.0,2.0,-1.0,3.0,0.0,0.375
0.0,1.0,-1.0,0.0,2.0,-1.0,4.0,2.0,0.375
0.0,1.0,-1.0,0.0,2.0,-1.0,1.0,0.0,0.375
0.0,1.0,-1.0,0.0,2.0,-1.0,4.0,4.0,0.375
0.0,1.0,-1.0,0.0,2.0,-1.0,1.0,2.0,0.375
1.0,1.0,1.0,0.0,2.0,1.0,1.0,2.0,0.375
1.0,1.0,1.0,-1.0,2.0,1.0,-1.0,0.0,0.375
1.0,1.0,1.0,-1.0,2.0,2.0,3.0,0.0,0.375
1.0,0.0,1.0,-3.0,2.0,0.0,1.0,0.0,0.375
1.0,1.0,1.0,-1.0,2.0,0.0,1.0,0.0,0.375
0.0,0.0,0.0,0.0,0.0,0.0,1.0,2.0,0.09375
0.0,0.0,0.0,0.0,0.0,-1.0,1.0,0.0,0.09375
0.0,0.0,0.0,1.0,0.0,1.0,1.0,0.0,0.09375
0.0,0.0,0.0,1.0,0.0,1.0,0.0,-2.0,0.09375
0.0,0.0,0.0,1.0,0.0,1.0,1.0,2.0,0.09375
0.0,-1.0,0.0,-1.0,0.0,-1.0,-1.0,2.0,0.09375
0.0,-1.0,0.0,-1.0,1.0,-1.0,1.0,4.0,0.09375
0.0,-2.0,0.0,-1.0,-1.0,-1.0,1.0,4.0,0.09375
0.0,-2.0,0.0,-1.0,0.0,-1.0,3.0,4.0,0.09375
0.0,-2.0,0.0,-1.0,0.0,-1.0,0.0,0.0,0.09375
0.0,-2.0,0.0,-1.0,0.0,0.0,0.0,2.0,0.09375
0.0,-3.0,0.0,-1.0,-2.0,0.0,0.0,2.0,0.09375
0.0,-3.0,0.0,-1.0,-2.0,0.0,3.0,2.0,0.09375
0.0,-3.0,0.0,-2.0,-2.0,0.0,1.0,0.0,0.09375
0.0,-3.0,0.0,-2.0,-1.0,0.0,3.0,0.0,0.09375
0.0,-3.0,-1.0,-2.0,-1.0,-2.0,3.0,-2.0,0.09375
0.0,-2.0,-1.0,-2.0,1.0,-2.0,5.0,2.0,0.09375
0.0,-5.0,-1.0,-2.0,-1.0,-2.0,5.0,2.0,0.09375
1.0,-5.0,1.0,-2.0,-1.0,0.0,5.0,2.0,0.09375
0.0,0.0,0.0,0.0,0.0,0.0,1.0,2.0,-0.53125
0.0,0.0,0.0,0.0,0.0,-1.0,1.0,0.0,-0.53125
0.0,0.0,0.0,1.0,0.0,1.0,1.0,0.0,-0.53125
0.0,0.0,0.0,1.0,0.0,1.0,0.0,-2.0,-0.53125
0.0,0.0,0.0,1.0,0.0,2.0,2.0,0.0,-0.53125
0.0,0.0,0.0,0.0,0.0,2.0,0.0,0.0,-0.53125
0.0,0.0,0.0,0.0,0.0,3.0,0.0,4.0,-0.53125
0.0,-1.0,0.0,-2.0,0.0,1.0,-2.0,4.0,-0.53125
0.0,0.0,0.0,0.0,0.0,1.0,0.0,4.0,-0.53125
0.0,0.0,0.0,-1.0,0.0,-1.0,-2.0,4.0,-0.53125
0.0,0.0,0.0,0.0,0.0,-1.0,0.0,4.0,-0.53125
0.0,0.0,-1.0,0.0,0.0,-3.0,0.0,0.0,-0.53125
0.0,1.0,-1.0,2.0,0.0,-1.0,2.0,0.0,-0.53125
0.0,0.0,-1.0,0.0,0.0,-1.0,2.0,0.0,-0.53125
0.0,0.0,-1.0,0.0,0.0,-1.0,3.0,2.0,-0.53125
0.0,0.0,-1.0,0.0,-1.0,-1.0,1.0,0.0,-0.53125
1.0,0.0,1.0,0.0,-1.0,1.0,1.0,2.0,-0.53125
1.0,0.0,1.0,0.0,-1.0,1.0,-2.0,-2.0,-0.53125
1.0,0.0,1.0,0.0,-1.0,1.0,-1.0,2.0,-0.53125
0.0,0.0,0.0,0.0,0.0,0.0,1.0,2.0,0.3125
0.0,0.0,0.0,0.0,0.0,-1.0,1.0,0.0,0.3125
0.0,0.0,0.0,1.0,0.0,1.0,1.0,0.0,0.3125
0.0,0.0,0.0,1.0,0.0,1.0,0.0,-2.0,0.3125
0.0,0.0,0.0,1.0,0.0,2.0,2.0,0.0,0.3125
0.0,0.0,-1.0,1.0,0.0,0.0,2.0,0.0,0.3125
0.0,0.0,-1.0,1.0,0.0,0.0,3.0,2.0,0.3125
0.0,-1.0,-1.0,-1.0,0.0,0.0,3.0,2.0,0.3125
1.0,-1.0,1.0,-1.0,0.0,2.0,3.0,4.0,0.3125
1.0,-2.0,-1.0,-1.0,0.0,2.0,3.0,4.0,0.3125
1.0,-2.0,-1.0,-1.0,0.0,-1.0,3.0,0.0,0.3125
1.0,-2.0,-1.0,0.0,0.0,1.0,3.0,0.0,0.3125
1.0,-2.0,-1.0,0.0,-1.0,1.0,1.0,-2.0,0.3125
1.0,-1.0,-1.0,0.0,1.0,1.0,1.0,-2.0,0.3125
1.0,-4.0,-1.0,0.0,-1.0,1.0,1.0,-2.0,0.3125
1.0,-3.0,-1.0,0.0,1.0,1.0,1.0,-2.0,0.3125
1.0,-6.0,-1.0,0.0,1.0,1.0,1.0,-2.0,0.3125
1.0,-6.0,-1.0,0.0,1.0,1.0,4.0,2.0,0.3125
1.0,-6.0,-1.0,0.0,1.0,1.0,3.0,0.0,0.3125
0.0,0.0,0.0,0.0,0.0,0.0,1.0,2.0,0.921875
0.0,0.0,0.0,0.0,0.0,-1.0,1.0,0.0,0.921875
0.0,0.0,0.0,1.0,0.0,1.0,1.0,0.0,0.921875
0.0,0.0,0.0,1.0,0.0,1.0,0.0,-2.0,0.921875
0.0,0.0,0.0,1.0,0.0,2.0,2.0,0.0,0.921875
0.0,0.0,-1.0,1.0,0.0,0.0,2.0,0.0,0.921875
0.0,0.0,-1.0,1.0,0.0,0.0,3.0,2.0,0.921875
0.0,-1.0,-1.0,-1.0,0.0,0.0,3.0,2.0,0.921875
1.0,-1.0,1.0,-1.0,0.0,2.0,3.0,4.0,0.921875
1.0,-2.0,-1.0,-1.0,0.0,2.0,3.0,4.0,0.921875
1.0,-2.0,-1.0,-1.0,0.0,-1.0,3.0,0.0,0.921875
1.0,-2.0,-1.0,-1.0,0.0,-1.0,4.0,2.0,0.921875
1.0,-2.0,-1.0,-1.0,0.0,-1.0,1.0,2.0,0.921875
1.0,-2.0,-1.0,0.0,0.0,1.0,5.0,2.0,0.921875
1.0,-2.0,-1.0,-1.0,0.0,-1.0,-1.0,2.0,0.921875
1.0,-2.0,-1.0,0.0,0.0,-1.0,1.0,2.0,0.921875
1.0,-3.0,-1.0,-2.0,0.0,-1.0,1.0,2.0,0.921875
1.0,-2.0,-1.0,0.0,0.0,-1.0,1.0,2.0,0.921875
1.0,-2.0,-1.0,-2.0,-1.0,-1.0,1.0,2.0,0.921875
0.0,0.0,0.0,0.0,0.0,0.0,1.0,2.0,0.65625
0.0,0.0,0.0,0.0,0.0,-1.0,1.0,0.0,0.65625
0.0,0.0,0.0,1.0,0.0,1.0,1.0,0.0,0.65625
0.0,0.0,0.0,1.0,0.0,1.0,0.0,-2.0,0.65625
0.0,0.0,0.0,1.0,0.0,2.0,0.0,0.0,0.65625
0.0,0.0,0.0,1.0,0.0,2.0,-1.0,-2.0,0.65625
0.0,0.0,0.0,1.0,0.0,3.0,1.0,0.0,0.65625
0.0,0.0,-1.0,1.0,0.0,1.0,1.0,0.0,0.65625
0.0,0.0,-1.0,2.0,0.0,1.0,3.0,2.0,0.65625
0.0,-1.0,-1.0,0.0,0.0,1.0,3.0,2.0,0.65625
0.0,-1.0,-1.0,0.0,0.0,2.0,3.0,4.0,0.65625
0.0,-1.0,-2.0,0.0,0.0,0.0,3.0,0.0,0.65625
0.0,-1.0,-2.0,0.0,0.0,0.0,4.0,2.0,0.65625
0.0,-1.0,-2.0,0.0,0.0,0.0,1.0,0.0,0.65625
1.0,-1.0,0.0,0.0,0.0,2.0,1.0,2.0,0.65625
1.0,-1.0,0.0,0.0,-1.0,2.0,-3.0,-2.0,0.65625
1.0,-1.0,0.0,1.0,-1.0,2.0,-1.0,-2.0,0.65625
1.0,-1.0,0.0,0.0,-1.0,0.0,-3.0,-2.0,0.65625
2.0,-1.0,2.0,0.0,-1.0,2.0,-3.0,-2.0,0.65625
0.0,0.0,0.0,0.0,0.0,0.0,1.0,2.0,0.3125
0.0,0.0,0.0,0.0,0.0,-1.0,1.0,0.0,0.3125
0.0,0.0,0.0,0.0,0.0,-1.0,2.0,2.0,0.3125
0.0,0.0,0.0,0.0,0.0,-1.0,-1.0,0.0,0.3125
0.0,0.0,0.0,0.0,0.0,0.0,-1.0,2.0,0.3125
0.0,0.0,0.0,0.0,-1.0,0.0,-3.0,2.0,0.3125
0.0,0.0,0.0,0.0,0.0,0.0,-1.0,2.0,0.3125
0.0,-1.0,0.0,0.0,-2.0,0.0,-3.0,0.0,0.3125
0.0,-1.0,0.0,1.0,-2.0,2.0,3.0,0.0,0.3125
0.0,-1.0,0.0,1.0,-2.0,1.0,3.0,-2.0,0.3125
0.0,0.0,0.0,1.0,0.0,1.0,3.0,-2.0,0.3125
0.0,-1.0,0.0,1.0,-2.0,1.0,3.0,-2.0,0.3125
0.0,-1.0,0.0,1.0,-2.0,2.0,3.0,0.0,0.3125
0.0,-1.0,0.0,1.0,-2.0,2.0,2.0,-2.0,0.3125
0.0,-1.0,0.0,2.0,-2.0,2.0,4.0,0.0,0.3125
0.0,-1.0,0.0,2.0,-3.0,0.0,4.0,0.0,0.3125
0.0,0.0,0.0,2.0,-1.0,0.0,4.0,0.0,0.3125
0.0,-1.0,0.0,0.0,-1.0,-2.0,0.0,0.0,0.3125
0.0,2.0,0.0,0.0,-1.0,-2.0,0.0,0.0,0.3125
0.0,0.0,0.0,0.0,0.0,0.0,1.0,2.0,0.3125
0.0,0.0,0.0,0.0,0.0,-1.0,1.0,0.0,0.3125
0.0,0.0,0.0,1.0,0.0,1.0,1.0,0.0,0.3125
0.0,0.0,0.0,1.0,0.0,1.0,0.0,-2.0,0.3125
0.0,0.0,0.0,1.0,0.0,2.0,2.0,0.0,0.3125
0.0,0.0,-1.0,1.0,0.0,0.0,2.0,0.0,0.3125
0.0,0.0,-1.0,1.0,0.0,0.0,3.0,2.0,0.3125
0.0,-1.0,-1.0,-1.0,0.0,0.0,3.0,2.0,0.3125
1.0,-1.0,1.0,-1.0,0.0,2.0,3.0,4.0,0.3125
1.0,-2.0,-1.0,-1.0,0.0,2.0,3.0,4.0,0.3125
1.0,-2.0,-1.0,-1.0,0.0,-1.0,3.0,0.0,0.3125
1.0,-2.0,2.0,-1.0,0.0,3.0,3.0,4.0,0.3125
1.0,-2.0,2.0,-2.0,0.0,-1.0,-1.0,4.0,0.3125
1.0,-2.0,2.0,0.0,1.0,-1.0,-1.0,4.0,0.3125
0.0,-2.0,0.0,0.0,1.0,-3.0,-1.0,0.0,0.3125
0.0,-1.0,0.0,2.0,1.0,1.0,3.0,0.0,0.3125
0.0,-1.0,0.0,2.0,0.0,1.0,1.0,0.0,0.3125
0.0,-1.0,0.0,3.0,0.0,3.0,1.0,0.0,0.3125
0.0,-2.0,0.0,3.0,-2.0,1.0,1.0,0.0,0.3125
0.0,0.0,0.0,0.0,0.0,0.0,1.0,2.0,-0.5
0.0,0.0,0.0,0.0,0.0,-1.0,1.0,0.0,-0.5
0.0,0.0,0.0,1.0,0.0,1.0,1.0,0.0,-0.5
0.0,0.0,0.0,1.0,0.0,1.0,0.0,-2.0,-0.5
0.0,0.0,0.0,1.0,0.0,2.0,2.0,0.0,-0.5
0.0,0.0,-1.0,1.0,0.0,0.0,2.0,0.0,-0.5
0.0,0.0,-1.0,1.0,0.0,0.0,3.0,2.0,-0.5
0.0,-1.0,-1.0,-1.0,0.0,0.0,3.0,2.0,-0.5
1.0,-1.0,1.0,-1.0,0.0,2.0,3.0,4.0,-0.5
1.0,-2.0,-1.0,-1.0,0.0,2.0,3.0,4.0,-0.5
1.0,-2.0,-1.0,-1.0,0.0,-1.0,3.0,0.0,-0.5
1.0,-2.0,2.0,-1.0,0.0,3.0,3.0,4.0,-0.5
1.0,-2.0,2.0,-2.0,0.0,-1.0,-1.0,4.0,-0.5
1.0,-2.0,2.0,0.0,1.0,-1.0,-1.0,4.0,-0.5
0.0,-2.0,0.0,0.0,1.0,-3.0,-1.0,0.0,-0.5
0.0,-1.0,0.0,2.0,1.0,1.0,3.0,0.0,-0.5
0.0,-1.0,0.0,2.0,0.0,1.0,1.0,0.0,-0.5
0.0,-1.0,0.0,2.0,0.0,1.0,2.0,2.0,-0.5
0.0,-1.0,0.0,1.0,0.0,1.0,0.0,0.0,-0.5
0.0,0.0,0.0,0.0,0.0,0.0,1.0,2.0,0.25
0.0,0.0,0.0,0.0,0.0,-1.0,1.0,0.0,0.25
0.0,0.0,0.0,1.0,0.0,1.0,1.0,0.0,0.25
0.0,0.0,0.0,1.0,0.0,1.0,0.0,-2.0,0.25
0.0,0.0,0.0,1.0,0.0,2.0,2.0,0.0,0.25
0.0,0.0,-1.0,1.0,0.0,0.0,2.0,0.0,0.25
0.0,0.0,-1.0,1.0,0.0,0.0,3.0,2.0,0.25
0.0,-1.0,-1.0,-1.0,0.0,0.0,3.0,2.0,0.25
1.0,-1.0,1.0,-1.0,0.0,2.0,3.0,4.0,0.25
1.0,-2.0,-1.0,-1.0,0.0,2.0,3.0,4.0,0.25
1.0,-2.0,-1.0,-1.0,0.0,-1.0,3.0,0.0,0.25
1.0,-2.0,2.0,-1.0,0.0,3.0,3.0,4.0,0.25
1.0,-2.0,2.0,-2.0,0.0,-1.0,-1.0,4.0,0.25
1.0,-2.0,2.0,0.0,1.0,-1.0,-1.0,4.0,0.25
0.0,-2.0,0.0,0.0,1.0,-3.0,-1.0,0.0,0.25
0.0,-1.0,0.0,2.0,1.0,1.0,3.0,0.0,0.25
0.0,-1.0,0.0,2.0,0.0,1.0,1.0,0.0,0.25
0.0,-1.0,0.0,3.0,0.0,3.0,1.0,0.0,0.25
0.0,-2.0,0.0,3.0,-2.0,1.0,1.0,0.0,0.25
0.0,0.0,0.0,0.0,0.0,0.0,1.0,2.0,0.15625
0.0,0.0,0.0,0.0,0.0,-1.0,1.0,0.0,0.15625
0.0,0.0,0.0,1.0,0.0,1.0,1.0,0.0,0.15625
0.0,0.0,0.0,1.0,0.0,1.0,0.0,-2.0,0.15625
0.0,0.0,0.0,1.0,0.0,2.0,2.0,0.0,0.15625
0.0,0.0,0.0,1.0,0.0,2.0,1.0,-2.0,0.15625
0.0,0.0,0.0,1.0,1.0,2.0,3.0,2.0,0.15625
0.0,0.0,0.0,1.0,0.0,2.0,1.0,0.0,0.15625
0.0,0.0,0.0,1.0,0.0,3.0,1.0,2.0,0.15625
0.0,-1.0,0.0,-1.0,0.0,1.0,-1.0,2.0,0.15625
0.0,0.0,0.0,-1.0,2.0,1.0,1.0,4.0,0.15625
0.0,-1.0,0.0,-1.0,0.0,1.0,-1.0,0.0,0.15625
0.0,-1.0,0.0,-1.0,0.0,1.0,0.0,4.0,0.15625
0.0,-1.0,0.0,-1.0,-1.0,1.0,-2.0,4.0,0.15625
0.0,-1.0,0.0,-1.0,0.0,1.0,0.0,4.0,0.15625
0.0,-1.0,0.0,-1.0,0.0,1.0,-1.0,0.0,0.15625
0.0,-1.0,0.0,0.0,0.0,1.0,1.0,0.0,0.15625
0.0,-1.0,-1.0,0.0,0.0,-1.0,1.0,-2.0,0.15625
0.0,-1.0,-1.0,0.0,0.0,-1.0,4.0,0.0,0.15625
0.0,0.0,0.0,0.0,0.0,0.0,1.0,2.0,0.5
0.0,0.0,0.0,0.0,0.0,-1.0,1.0,0.0,0.5
0.0,0.0,0.0,1.0,0.0,1.0,1.0,0.0,0.5
0.0,0.0,0.0,1.0,0.0,1.0,0.0,-2.0,0.5
0.0,0.0,0.0,1.0,0.0,2.0,2.0,0.0,0.5
0.0,0.0,-1.0,1.0,0.0,0.0,2.0,0.0,0.5
0.0,0.0,-1.0,1.0,0.0,0.0,3.0,2.0,0.5
0.0,-1.0,-1.0,-1.0,0.0,0.0,3.0,2.0,0.5
1.0,-1.0,1.0,-1.0,0.0,2.0,3.0,2.0,0.5
1.0,-1.0,1.0,-1.0,0.0,2.0,0.0,0.0,0.5
1.0,-1.0,1.0,-1.0,0.0,2.0,3.0,0.0,0.5
1.0,-2.0,-1.0,-1.0,0.0,2.0,3.0,0.0,0.5
1.0,-1.0,-1.0,1.0,0.0,2.0,3.0,0.0,0.5
1.0,-1.0,-1.0,-2.0,0.0,-2.0,-1.0,0.0,0.5
1.0,2.0,-1.0,-2.0,0.0,-2.0,-1.0,0.0,0.5
1.0,2.0,-1.0,-2.0,0.0,-3.0,-5.0,0.0,0.5
1.0,3.0,-1.0,2.0,0.0,1.0,-1.0,0.0,0.5
1.0,3.0,-1.0,0.0,-1.0,1.0,-1.0,0.0,0.5
1.0,4.0,-1.0,0.0,1.0,1.0,-1.0,0.0,0.5
0.0,0.0,0.0,0.0,0.0,0.0,1.0,2.0,-0.375
0.0,0.0,0.0,0.0,0.0,-1.0,1.0,0.0,-0.375
0.0,0.0,0.0,1.0,0.0,1.0,1.0,0.0,-0.375
0.0,0.0,0.0,1.0,0.0,1.0,0.0,-2.0,-0.375
0.0,0.0,0.0,1.0,0.0,2.0,2.0,0.0,-0.375
0.0,0.0,-1.0,1.0,0.0,0.0,2.0,0.0,-0.375
0.0,0.0,-1.0,1.0,0.0,0.0,3.0,2.0,-0.375
0.0,-1.0,-1.0,-1.0,0.0,0.0,3.0,2.0,-0.375
1.0,-1.0,1.0,-1.0,0.0,2.0,3.0,4.0,-0.375
1.0,-2.0,-1.0,-1.0,0.0,2.0,3.0,4.0,-0.375
1.0,-2.0,-1.0,-1.0,0.0,-1.0,3.0,0.0,-0.375
1.0,-2.0,2.0,-1.0,0.0,3.0,3.0,4.0,-0.375
1.0,-2.0,2.0,-2.0,0.0,-1.0,-1.0,4.0,-0.375
1.0,-2.0,2.0,0.0,1.0,-1.0,-1.0,4.0,-0.375
0.0,-2.0,0.0,0.0,1.0,-3.0,-1.0,0.0,-0.375
0.0,-1.0,0.0,2.0,1.0,1.0,3.0,0.0,-0.375
0.0,-1.0,0.0,2.0,0.0,1.0,1.0,0.0,-0.375
0.0,-1.0,0.0,3.0,0.0,3.0,1.0,0.0,-0.375
0.0,-2.0,0.0,3.0,-2.0,1.0,1.0,0.0,-0.375
0.0,0.0,0.0,0.0,0.0,0.0,1.0,2.0,0.40625
0.0,0.0,0.0,0.0,0.0,-1.0,1.0,0.0,0.40625
0.0,0.0,0.0,1.0,0.0,1.0,1.0,0.0,0.40625
0.0,0.0,0.0,1.0,0.0,1.0,0.0,-2.0,0.40625
0.0,0.0,0.0,1.0,0.0,2.0,2.0,0.0,0.40625
0.0,0.0,-1.0,1.0,0.0,0.0,2.0,0.0,0.40625
0.0,0.0,-1.0,1.0,0.0,0.0,3.0,2.0,0.40625
0.0,-1.0,-1.0,-1.0,0.0,0.0,3.0,2.0,0.40625
0.0,-1.0,-1.0,-1.0,0.0,0.0,4.0,4.0,0.40625
0.0,-1.0,-1.0,-1.0,0.0,0.0,1.0,2.0,0.40625
1.0,-1.0,1.0,-1.0,0.0,2.0,1.0,2.0,0.40625
1.0,-1.0,1.0,-1.0,-1.0,2.0,-1.0,2.0,0.40625
1.0,-1.0,1.0,-1.0,-1.0,2.0,2.0,4.0,0.40625
1.0,-2.0,-1.0,-1.0,-1.0,2.0,2.0,4.0,0.40625
1.0,-1.0,-1.0,1.0,-1.0,2.0,2.0,4.0,0.40625
1.0,-1.0,-1.0,1.0,-1.0,-1.0,2.0,0.0,0.40625
1.0,0.0,1.0,1.0,-1.0,-1.0,2.0,0.0,0.40625
1.0,0.0,1.0,1.0,-2.0,-1.0,0.0,-2.0,0.40625
1.0,1.0,1.0,1.0,0.0,-1.0,0.0,-2.0,0.40625
0.0,0.0,0.0,0.0,0.0,0.0,1.0,2.0,0.4375
0.0,0.0,0.0,0.0,0.0,-1.0,1.0,0.0,0.4375
0.0,0.0,0.0,1.0,0.0,1.0,1.0,0.0,0.4375
0.0,0.0,0.0,1.0,0.0,1.0,0.0,-2.0,0.4375
0.0,0.0,0.0,1.0,0.0,2.0,2.0,0.0,0.4375
0.0,0.0,-1.0,1.0,0.0,0.0,2.0,0.0,0.4375
0.0,0.0,-1.0,1.0,0.0,0.0,3.0,2.0,0.4375
0.0,-1.0,-1.0,-1.0,0.0,0.0,3.0,2.0,0.4375
1.0,-1.0,1.0,-1.0,0.0,2.0,3.0,4.0,0.4375
1.0,-2.0,-1.0,-1.0,0.0,2.0,3.0,4.0,0.4375
1.0,-2.0,-1.0,-1.0,0.0,-1.0,3.0,0.0,0.4375
1.0,-2.0,2.0,-1.0,0.0,3.0,3.0,4.0,0.4375
1.0,-2.0,2.0,-2.0,0.0,-1.0,-1.0,4.0,0.4375
1.0,-2.0,2.0,0.0,1.0,-1.0,-1.0,4.0,0.4375
0.0,-2.0,0.0,0.0,1.0,-3.0,-1.0,0.0,0.4375
0.0,-1.0,0.0,2.0,1.0,1.0,3.0,0.0,0.4375
0.0,-1.0,0.0,2.0,0.0,1.0,1.0,0.0,0.4375
0.0,-1.0,0.0,3.0,0.0,3.0,1.0,0.0,0.4375
0.0,-2.0,0.0,3.0,-2.0,1.0,1.0,0.0,0.4375
0.0,0.0,0.0,0.0,0.0,0.0,1.0,2.0,0.375
0.0,0.0,0.0,0.0,0.0,-1.0,1.0,0.0,0.375
0.0,0.0,0.0,1.0,0.0,1.0,1.0,0.0,0.375
0.0,0.0,0.0,1.0,0.0,1.0,0.0,-2.0,0.375
0.0,0.0,0.0,1.0,0.0,2.0,2.0,0.0,0.375
0.0,0.0,-1.0,1.0,0.0,0.0,2.0,0.0,0.375
0.0,0.0,-1.0,1.0,0.0,0.0,3.0,2.0,0.375
0.0,-1.0,-1.0,-1.0,0.0,0.0,3.0,2.0,0.375
1.0,-1.0,1.0,-1.0,0.0,2.0,3.0,4.0,0.375
1.0,-2.0,-1.0,-1.0,0.0,2.0,3.0,4.0,0.375
1.0,-2.0,-1.0,-1.0,0.0,-1.0,3.0,0.0,0.375
1.0,-2.0,2.0,-1.0,0.0,3.0,3.0,4.0,0.375
1.0,-2.0,2.0,-2.0,0.0,-1.0,-1.0,4.0,0.375
1.0,-2.0,2.0,0.0,1.0,-1.0,-1.0,4.0,0.375
0.0,-2.0,0.0,0.0,1.0,-3.0,-1.0,0.0,0.375
0.0,-1.0,0.0,2.0,1.0,1.0,3.0,0.0,0.375
0.0,-1.0,0.0,2.0,0.0,1.0,1.0,0.0,0.375
0.0,-1.0,0.0,3.0,0.0,3.0,1.0,0.0,0.375
0.0,-2.0,0.0,3.0,-2.0,1.0,1.0,0.0,0.375
0.0,0.0,0.0,0.0,0.0,0.0,1.0,2.0,0.0625
0.0,0.0,0.0,0.0,0.0,-1.0,1.0,0.0,0.0625
0.0,0.0,0.0,0.0,0.0,-1.0,2.0,2.0,0.0625
0.0,0.0,0.0,0.0,0.0,-1.0,-1.0,2.0,0.0625
0.0,0.0,0.0,0.0,0.0,-1.0,0.0,4.0,0.0625
0.0,0.0,0.0,0.0,0.0,-1.0,-3.0,2.0,0.0625
0.0,0.0,0.0,0.0,1.0,-1.0,-1.0,2.0,0.0625
0.0,-1.0,0.0,0.0,-1.0,-1.0,-1.0,2.0,0.0625
0.0,-1.0,1.0,0.0,-1.0,1.0,-1.0,4.0,0.0625
0.0,-1.0,1.0,0.0,-1.0,1.0,-4.0,-2.0,0.0625
0.0,-1.0,1.0,0.0,0.0,1.0,-2.0,2.0,0.0625
0.0,-2.0,1.0,0.0,-2.0,1.0,-2.0,2.0,0.0625
0.0,-2.0,1.0,0.0,-2.0,2.0,2.0,4.0,0.0625
0.0,-2.0,1.0,0.0,-3.0,2.0,-2.0,0.0,0.0625
0.0,-2.0,1.0,0.0,-3.0,3.0,-2.0,2.0,0.0625
0.0,-2.0,1.0,-1.0,-3.0,1.0,-2.0,2.0,0.0625
0.0,-2.0,1.0,-1.0,-3.0,1.0,-1.0,4.0,0.0625
-1.0,-2.0,-1.0,-1.0,-3.0,-1.0,-1.0,0.0,0.0625
-1.0,-1.0,-1.0,-1.0,-1.0,-1.0,-1.0,0.0,0.0625
0.0,0.0,0.0,0.0,0.0,0.0,1.0,2.0,0.21875
0.0,0.0,0.0,0.0,0.0,0.0,0.0,0.0,0.21875
0.0,0.0,0.0,0.0,0.0,0.0,1.0,2.0,0.21875
0.0,0.0,0.0,0.0,0.0,-1.0,1.0,0.0,0.21875
0.0,0.0,0.0,0.0,1.0,-1.0,3.0,2.0,0.21875
0.0,0.0,0.0,0.0,1.0,-2.0,3.0,0.0,0.21875
0.0,0.0,0.0,0.0,1.0,-2.0,4.0,2.0,0.21875
0.0,-1.0,0.0,0.0,-1.0,-2.0,4.0,2.0,0.21875
0.0,-1.0,0.0,1.0,-1.0,0.0,4.0,2.0,0.21875
0.0,-1.0,0.0,0.0,-1.0,0.0,2.0,2.0,0.21875
0.0,-1.0,0.0,0.0,0.0,0.0,4.0,2.0,0.21875
0.0,-1.0,0.0,0.0,-1.0,-2.0,4.0,2.0,0.21875
0.0,0.0,0.0,2.0,-1.0,-2.0,4.0,2.0,0.21875
0.0,-1.0,0.0,2.0,-3.0,-2.0,0.0,-2.0,0.21875
0.0,-1.0,0.0,2.0,-3.0,-2.0,3.0,0.0,0.21875
0.0,-2.0,0.0,0.0,-3.0,-2.0,1.0,0.0,0.21875
0.0,-2.0,0.0,0.0,0.0,-2.0,1.0,0.0,0.21875
0.0,-2.0,0.0,0.0,0.0,-3.0,-1.0,-2.0,0.21875
0.0,-1.0,0.0,0.0,2.0,-3.0,1.0,2.0,0.21875
0.0,0.0,0.0,0.0,0.0,0.0,1.0,2.0,-0.5625
0.0,0.0,0.0,0.0,0.0,0.0,0.0,0.0,-0.5625
0.0,0.0,0.0,0.0,0.0,0.0,1.0,2.0,-0.5625
0.0,0.0,0.0,0.0,0.0,-1.0,1.0,0.0,-0.5625
0.0,0.0,0.0,0.0,1.0,-1.0,3.0,2.0,-0.5625
0.0,0.0,0.0,-1.0,1.0,-1.0,1.0,2.0,-0.5625
0.0,0.0,0.0,-1.0,1.0,-1.0,2.0,4.0,-0.5625
0.0,0.0,0.0,-1.0,1.0,-2.0,2.0,0.0,-0.5625
0.0,0.0,0.0,-1.0,1.0,-2.0,3.0,2.0,-0.5625
0.0,-1.0,0.0,-1.0,-1.0,-2.0,1.0,2.0,-0.5625
0.0,0.0,0.0,1.0,-1.0,-2.0,3.0,2.0,-0.5625
0.0,0.0,0.0,1.0,-1.0,-3.0,-1.0,2.0,-0.5625
0.0,0.0,0.0,1.0,-1.0,-1.0,0.0,4.0,-0.5625
0.0,0.0,0.0,1.0,-1.0,-1.0,-3.0,-2.0,-0.5625
0.0,0.0,0.0,1.0,-1.0,0.0,-3.0,0.0,-0.5625
0.0,0.0,0.0,0.0,-1.0,-2.0,-5.0,0.0,-0.5625
0.0,0.0,0.0,1.0,-1.0,2.0,-1.0,0.0,-0.5625
0.0,0.0,0.0,1.0,-1.0,2.0,-2.0,-2.0,-0.5625
0.0,1.0,0.0,3.0,-1.0,2.0,-2.0,-2.0,-0.5625
0.0,0.0,0.0,0.0,0.0,0.0,1.0,2.0,-0.6875
0.0,0.0,0.0,0.0,0.0,-1.0,1.0,0.0,-0.6875
0.0,0.0,0.0,1.0,0.0,1.0,1.0,0.0,-0.6875
0.0,0.0,0.0,1.0,0.0,1.0,0.0,-2.0,-0.6875
0.0,0.0,0.0,1.0,0.0,2.0,2.0,0.0,-0.6875
0.0,0.0,-1.0,1.0,0.0,0.0,2.0,0.0,-0.6875
0.0,0.0,-1.0,1.0,0.0,0.0,3.0,2.0,-0.6875
0.0,-1.0,-1.0,-1.0,0.0,0.0,3.0,2.0,-0.6875
1.0,-1.0,1.0,-1.0,0.0,2.0,3.0,4.0,-0.6875
1.0,-2.0,-1.0,-1.0,0.0,2.0,3.0,4.0,-0.6875
1.0,-2.0,-1.0,-1.0,0.0,-1.0,3.0,0.0,-0.6875
1.0,-2.0,2.0,-1.0,0.0,3.0,3.0,4.0,-0.6875
1.0,-2.0,2.0,-2.0,0.0,-1.0,-1.0,4.0,-0.6875
1.0,-2.0,2.0,0.0,1.0,-1.0,-1.0,4.0,-0.6875
0.0,-2.0,0.0,0.0,1.0,-3.0,-1.0,0.0,-0.6875
0.0,-1.0,0.0,2.0,1.0,1.0,3.0,0.0,-0.6875
0.0,-1.0,0.0,2.0,0.0,1.0,1.0,0.0,-0.6875
0.0,-1.0,0.0,3.0,0.0,3.0,1.0,0.0,-0.6875
0.0,-2.0,0.0,3.0,-2.0,1.0,1.0,0.0,-0.6875
0.0,0.0,0.0,0.0,0.0,0.0,1.0,2.0,0.28125
0.0,0.0,0.0,0.0,0.0,-1.0,1.0,0.0,0.28125
0.0,0.0,0.0,1.0,0.0,1.0,1.0,0.0,0.28125
0.0,0.0,0.0,1.0,0.0,1.0,0.0,-2.0,0.28125
0.0,0.0,0.0,1.0,0.0,2.0,2.0,0.0,0.28125
0.0,0.0,-1.0,1.0,0.0,0.0,2.0,0.0,0.28125
0.0,0.0,-1.0,1.0,0.0,0.0,3.0,2.0,0.28125
0.0,-1.0,-1.0,-1.0,0.0,0.0,3.0,2.0,0.28125
1.0,-1.0,1.0,-1.0,0.0,2.0,3.0,4.0,0.28125
1.0,-2.0,-1.0,-1.0,0.0,2.0,3.0,4.0,0.28125
1.0,-2.0,-1.0,-1.0,0.0,-1.0,3.0,0.0,0.28125
1.0,-2.0,2.0,-1.0,0.0,3.0,3.0,4.0,0.28125
1.0,-2.0,2.0,-2.0,0.0,-1.0,-1.0,4.0,0.28125
1.0,-2.0,2.0,0.0,1.0,-1.0,-1.0,4.0,0.28125
0.0,-2.0,0.0,0.0,1.0,-3.0,-1.0,0.0,0.28125
0.0,-2.0,0.0,1.0,1.0,-1.0,-1.0,0.0,0.28125
0.0,-3.0,0.0,1.0,-1.0,-1.0,-1.0,0.0,0.28125
0.0,-2.0,0.0,3.0,-1.0,3.0,3.0,0.0,0.28125
0.0,-2.0,0.0,3.0,-2.0,3.0,1.0,-2.0,0.28125
0.0,0.0,0.0,0.0,0.0,0.0,1.0,2.0,0.15625
0.0,0.0,0.0,0.0,0.0,-1.0,1.0,0.0,0.15625
0.0,0.0,0.0,1.0,0.0,1.0,1.0,0.0,0.15625
0.0,0.0,0.0,1.0,0.0,1.0,0.0,-2.0,0.15625
0.0,0.0,0.0,1.0,0.0,2.0,2.0,0.0,0.15625
0.0,0.0,-1.0,1.0,0.0,0.0,2.0,0.0,0.15625
0.0,0.0,-1.0,1.0,0.0,0.0,3.0,2.0,0.15625
0.0,-1.0,-1.0,-1.0,0.0,0.0,3.0,2.0,0.15625
1.0,-1.0,1.0,-1.0,0.0,2.0,3.0,4.0,0.15625
1.0,-2.0,-1.0,-1.0,0.0,2.0,3.0,4.0,0.15625
1.0,-2.0,-1.0,-1.0,0.0,-1.0,3.0,0.0,0.15625
1.0,-2.0,2.0,-1.0,0.0,3.0,3.0,4.0,0.15625
1.0,-2.0,2.0,-2.0,0.0,-1.0,-1.0,4.0,0.15625
1.0,-2.0,2.0,0.0,1.0,-1.0,-1.0,4.0,0.15625
0.0,-2.0,0.0,0.0,1.0,-3.0,-1.0,0.0,0.15625
0.0,-1.0,0.0,2.0,1.0,1.0,3.0,0.0,0.15625
0.0,-1.0,0.0,2.0,0.0,1.0,1.0,0.0,0.15625
0.0,-1.0,0.0,3.0,0.0,3.0,1.0,0.0,0.15625
0.0,-2.0,0.0,3.0,-2.0,1.0,1.0,0.0,0.15625
0.0,0.0,0.0,0.0,0.0,0.0,1.0,2.0,-0.28125
0.0,0.0,0.0,0.0,0.0,-1.0,1.0,0.0,-0.28125
0.0,0.0,0.0,1.0,0.0,1.0,1.0,0.0,-0.28125
0.0,0.0,0.0,1.0,0.0,1.0,0.0,-2.0,-0.28125
0.0,0.0,0.0,1.0,0.0,2.0,2.0,0.0,-0.28125
0.0,0.0,-1.0,1.0,0.0,0.0,2.0,0.0,-0.28125
0.0,0.0,-1.0,1.0,0.0,0.0,3.0,2.0,-0.28125
0.0,-1.0,-1.0,-1.0,0.0,0.0,3.0,2.0,-0.28125
1.0,-1.0,1.0,-1.0,0.0,2.0,3.0,4.0,-0.28125
1.0,-2.0,-1.0,-1.0,0.0,2.0,3.0,4.0,-0.28125
1.0,-2.0,-1.0,-1.0,0.0,-1.0,3.0,0.0,-0.28125
1.0,-2.0,2.0,-1.0,0.0,3.0,3.0,4.0,-0.28125
1.0,-2.0,2.0,-2.0,0.0,-1.0,-1.0,4.0,-0.28125
1.0,-2.0,2.0,0.0,1.0,-1.0,-1.0,4.0,-0.28125
0.0,-2.0,0.0,0.0,1.0,-3.0,-1.0,0.0,-0.28125
0.0,-1.0,0.0,2.0,1.0,1.0,3.0,0.0,-0.28125
0.0,-1.0,0.0,2.0,0.0,1.0,1.0,0.0,-0.28125
0.0,-1.0,0.0,3.0,0.0,3.0,1.0,0.0,-0.28125
0.0,-2.0,0.0,3.0,-2.0,1.0,1.0,0.0,-0.28125
0.0,0.0,0.0,0.0,0.0,0.0,1.0,2.0,-0.125
0.0,0.0,0.0,0.0,0.0,-1.0,1.0,0.0,-0.125
0.0,0.0,0.0,1.0,0.0,1.0,1.0,0.0,-0.125
0.0,0.0,0.0,1.0,0.0,1.0,0.0,-2.0,-0.125
0.0,0.0,0.0,1.0,0.0,2.0,2.0,0.0,-0.125
0.0,0.0,0.0,1.0,-1.0,2.0,0.0,0.0,-0.125
0.0,1.0,0.0,1.0,1.0,2.0,2.0,2.0,-0.125
0.0,1.0,0.0,1.0,0.0,2.0,0.0,0.0,-0.125
0.0,1.0,0.0,2.0,2.0,2.0,2.0,0.0,-0.125
0.0,1.0,0.0,1.0,2.0,2.0,0.0,0.0,-0.125
0.0,2.0,0.0,3.0,2.0,2.0,0.0,0.0,-0.125
0.0,1.0,0.0,1.0,2.0,0.0,0.0,0.0,-0.125
0.0,1.0,0.0,1.0,2.0,0.0,3.0,4.0,-0.125
0.0,1.0,0.0,1.0,2.0,-1.0,3.0,0.0,-0.125
0.0,1.0,0.0,1.0,2.0,1.0,4.0,2.0,-0.125
0.0,0.0,0.0,1.0,0.0,1.0,2.0,0.0,-0.125
0.0,3.0,0.0,1.0,2.0,1.0,2.0,0.0,-0.125
0.0,3.0,0.0,1.0,2.0,1.0,-1.0,-2.0,-0.125
0.0,3.0,0.0,2.0,2.0,3.0,-1.0,-2.0,-0.125
0.0,0.0,0.0,0.0,0.0,0.0,1.0,2.0,0.09375
0.0,0.0,0.0,0.0,0.0,-1.0,1.0,0.0,0.09375
0.0,0.0,0.0,1.0,0.0,1.0,1.0,0.0,0.09375
0.0,0.0,0.0,1.0,0.0,1.0,0.0,-2.0,0.09375
0.0,0.0,0.0,1.0,0.0,2.0,2.0,0.0,0.09375
0.0,0.0,-1.0,1.0,0.0,0.0,2.0,0.0,0.09375
0.0,0.0,-1.0,1.0,0.0,0.0,3.0,2.0,0.09375
0.0,-1.0,-1.0,-1.0,0.0,0.0,3.0,2.0,0.09375
1.0,-1.0,1.0,-1.0,0.0,2.0,3.0,4.0,0.09375
1.0,-2.0,-1.0,-1.0,0.0,2.0,3.0,4.0,0.09375
1.0,-2.0,-1.0,-1.0,0.0,-1.0,3.0,0.0,0.09375
1.0,-2.0,2.0,-1.0,0.0,3.0,3.0,4.0,0.09375
1.0,-2.0,2.0,-2.0,0.0,-1.0,-1.0,4.0,0.09375
1.0,-2.0,2.0,0.0,1.0,-1.0,-1.0,4.0,0.09375
0.0,-2.0,0.0,0.0,1.0,-3.0,-1.0,0.0,0.09375
0.0,-2.0,1.0,0.0,1.0,-1.0,-1.0,0.0,0.09375
0.0,-3.0,1.0,0.0,-1.0,-1.0,-1.0,0.0,0.09375
0.0,-3.0,1.0,0.0,0.0,-1.0,1.0,2.0,0.09375
0.0,-3.0,1.0,0.0,0.0,-1.0,0.0,-2.0,0.09375
0.0,0.0,0.0,0.0,0.0,0.0,1.0,2.0,-0.15625
0.0,0.0,0.0,0.0,0.0,-1.0,1.0,0.0,-0.15625
0.0,0.0,0.0,1.0,0.0,1.0,1.0,0.0,-0.15625
0.0,0.0,0.0,1.0,0.0,1.0,0.0,-2.0,-0.15625
0.0,0.0,0.0,1.0,0.0,2.0,2.0,0.0,-0.15625
0.0,0.0,0.0,1.0,0.0,2.0,1.0,-2.0,-0.15625
0.0,0.0,0.0,1.0,0.0,2.0,2.0,0.0,-0.15625
0.0,0.0,0.0,0.0,0.0,2.0,0.0,0.0,-0.15625
0.0,0.0,0.0,0.0,0.0,3.0,0.0,2.0,-0.15625
0.0,-1.0,0.0,-2.0,0.0,1.0,-2.0,2.0,-0.15625
0.0,-1.0,0.0,-2.0,1.0,1.0,0.0,2.0,-0.15625
0.0,-1.0,0.0,-2.0,0.0,1.0,-2.0,-2.0,-0.15625
0.0,0.0,0.0,0.0,0.0,1.0,0.0,0.0,-0.15625
0.0,-1.0,0.0,0.0,-2.0,1.0,-2.0,-2.0,-0.15625
0.0,0.0,0.0,0.0,0.0,1.0,-2.0,-2.0,-0.15625
0.0,0.0,0.0,-1.0,0.0,-1.0,-2.0,-2.0,-0.15625
0.0,1.0,0.0,-1.0,2.0,-1.0,0.0,2.0,-0.15625
0.0,1.0,0.0,-2.0,2.0,-1.0,-2.0,2.0,-0.15625
0.0,1.0,1.0,-2.0,2.0,1.0,-2.0,4.0,-0.15625
0.0,0.0,0.0,0.0,0.0,0.0,1.0,2.0,-0.25
0.0,0.0,0.0,0.0,0.0,-1.0,1.0,0.0,-0.25
0.0,0.0,0.0,0.0,0.0,-1.0,2.0,2.0,-0.25
0.0,0.0,0.0,0.0,0.0,-1.0,-1.0,0.0,-0.25
0.0,0.0,0.0,0.0,0.0,0.0,-1.0,2.0,-0.25
0.0,0.0,0.0,0.0,-1.0,0.0,-3.0,2.0,-0.25
0.0,0.0,0.0,1.0,-1.0,2.0,3.0,2.0,-0.25
0.0,0.0,0.0,1.0,-2.0,2.0,-3.0,0.0,-0.25
0.0,0.0,0.0,1.0,-2.0,3.0,-3.0,2.0,-0.25
0.0,0.0,0.0,1.0,-2.0,3.0,-4.0,-2.0,-0.25
0.0,0.0,0.0,1.0,-2.0,3.0,-1.0,0.0,-0.25
0.0,0.0,0.0,1.0,-2.0,2.0,-1.0,-2.0,-0.25
0.0,1.0,0.0,1.0,0.0,2.0,1.0,2.0,-0.25
0.0,1.0,0.0,0.0,0.0,0.0,-3.0,2.0,-0.25
0.0,1.0,0.0,1.0,0.0,0.0,-1.0,2.0,-0.25
0.0,0.0,0.0,-1.0,0.0,-2.0,-1.0,2.0,-0.25
0.0,1.0,0.0,-1.0,2.0,-2.0,3.0,2.0,-0.25
0.0,0.0,0.0,-3.0,2.0,-2.0,3.0,2.0,-0.25
0.0,0.0,1.0,-3.0,2.0,0.0,3.0,4.0,-0.25
0.0,0.0,0.0,0.0,0.0,0.0,1.0,2.0,-0.25
0.0,0.0,0.0,0.0,0.0,-1.0,1.0,0.0,-0.25
0.0,0.0,0.0,1.0,0.0,1.0,1.0,0.0,-0.25
0.0,0.0,0.0,1.0,0.0,1.0,0.0,-2.0,-0.25
0.0,0.0,0.0,1.0,0.0,2.0,2.0,0.0,-0.25
0.0,0.0,-1.0,1.0,0.0,0.0,2.0,0.0,-0.25
0.0,0.0,-1.0,1.0,0.0,0.0,3.0,2.0,-0.25
0.0,-1.0,-1.0,-1.0,0.0,0.0,3.0,2.0,-0.25
1.0,-1.0,1.0,-1.0,0.0,2.0,3.0,4.0,-0.25
1.0,-2.0,-1.0,-1.0,0.0,2.0,3.0,4.0,-0.25
1.0,-2.0,-1.0,-1.0,0.0,-1.0,3.0,0.0,-0.25
1.0,-2.0,2.0,-1.0,0.0,3.0,3.0,4.0,-0.25
1.0,-2.0,2.0,-2.0,0.0,-1.0,-1.0,4.0,-0.25
1.0,-2.0,2.0,-2.0,1.0,-1.0,1.0,4.0,-0.25
0.0,-2.0,0.0,-2.0,1.0,-3.0,1.0,0.0,-0.25
0.0,-2.0,0.0,0.0,2.0,-1.0,1.0,0.0,-0.25
0.0,-2.0,0.0,0.0,0.0,-1.0,0.0,-2.0,-0.25
0.0,-1.0,0.0,0.0,2.0,-1.0,0.0,-2.0,-0.25
0.0,-2.0,0.0,0.0,0.0,-1.0,-2.0,-2.0,-0.25
0.0,0.0,0.0,0.0,0.0,0.0,1.0,2.0,-0.375
0.0,0.0,0.0,0.0,0.0,-1.0,1.0,0.0,-0.375
0.0,0.0,0.0,1.0,0.0,1.0,1.0,0.0,-0.375
0.0,0.0,0.0,1.0,0.0,1.0,0.0,-2.0,-0.375
0.0,0.0,0.0,1.0,0.0,2.0,2.0,0.0,-0.375
0.0,0.0,0.0,1.0,-1.0,2.0,0.0,-2.0,-0.375
0.0,0.0,0.0,1.0,-1.0,3.0,0.0,2.0,-0.375
0.0,-1.0,0.0,-1.0,-1.0,1.0,-2.0,2.0,-0.375
0.0,0.0,0.0,-1.0,1.0,1.0,0.0,4.0,-0.375
0.0,0.0,0.0,-1.0,1.0,1.0,-1.0,0.0,-0.375
0.0,0.0,0.0,-1.0,1.0,1.0,2.0,2.0,-0.375
0.0,0.0,0.0,-1.0,1.0,1.0,-1.0,2.0,-0.375
0.0,0.0,0.0,-1.0,2.0,1.0,3.0,4.0,-0.375
0.0,0.0,0.0,-1.0,2.0,0.0,-1.0,4.0,-0.375
0.0,0.0,0.0,-1.0,3.0,2.0,1.0,4.0,-0.375
0.0,-1.0,0.0,-1.0,1.0,2.0,1.0,4.0,-0.375
0.0,-1.0,0.0,0.0,1.0,4.0,5.0,4.0,-0.375
0.0,-2.0,0.0,0.0,-1.0,2.0,5.0,4.0,-0.375
0.0,-1.0,0.0,0.0,1.0,2.0,5.0,4.0,-0.375
0.0,0.0,0.0,0.0,0.0,0.0,1.0,2.0,0.71875
0.0,0.0,0.0,0.0,0.0,-1.0,1.0,0.0,0.71875
0.0,0.0,0.0,1.0,0.0,1.0,1.0,0.0,0.71875
0.0,0.0,0.0,1.0,0.0,1.0,0.0,-2.0,0.71875
0.0,0.0,0.0,1.0,0.0,2.0,2.0,0.0,0.71875
0.0,0.0,-1.0,1.0,0.0,0.0,2.0,0.0,0.71875
0.0,0.0,-1.0,1.0,0.0,0.0,3.0,2.0,0.71875
0.0,-1.0,-1.0,-1.0,0.0,0.0,3.0,2.0,0.71875
1.0,-1.0,1.0,-1.0,0.0,2.0,3.0,2.0,0.71875
1.0,-1.0,1.0,-1.0,0.0,2.0,0.0,0.0,0.71875
1.0,-1.0,1.0,-1.0,0.0,2.0,3.0,0.0,0.71875
1.0,-2.0,-1.0,-1.0,0.0,2.0,3.0,0.0,0.71875
1.0,-1.0,-1.0,1.0,0.0,2.0,3.0,0.0,0.71875
1.0,-1.0,-1.0,-1.0,-1.0,2.0,3.0,0.0,0.71875
1.0,2.0,-1.0,-1.0,1.0,2.0,3.0,0.0,0.71875
1.0,2.0,-1.0,-1.0,-2.0,2.0,1.0,0.0,0.71875
1.0,3.0,-1.0,-1.0,0.0,2.0,1.0,0.0,0.71875
1.0,3.0,-1.0,-2.0,0.0,2.0,-1.0,-2.0,0.71875
1.0,4.0,1.0,0.0,0.0,2.0,-1.0,-2.0,0.71875
0.0,0.0,0.0,0.0,0.0,0.0,1.0,2.0,0.59375
0.0,0.0,0.0,0.0,0.0,-1.0,1.0,0.0,0.59375
0.0,0.0,0.0,1.0,0.0,1.0,1.0,0.0,0.59375
0.0,0.0,0.0,1.0,0.0,1.0,0.0,-2.0,0.59375
0.0,0.0,0.0,1.0,0.0,2.0,2.0,0.0,0.59375
0.0,0.0,-1.0,1.0,0.0,0.0,2.0,0.0,0.59375
0.0,0.0,-1.0,1.0,0.0,0.0,3.0,2.0,0.59375
0.0,-1.0,-1.0,-1.0,0.0,0.0,3.0,2.0,0.59375
1.0,-1.0,1.0,-1.0,0.0,2.0,3.0,4.0,0.59375
1.0,-2.0,-1.0,-1.0,0.0,2.0,3.0,4.0,0.59375
1.0,-2.0,-1.0,-1.0,0.0,-1.0,3.0,0.0,0.59375
1.0,-2.0,2.0,-1.0,0.0,3.0,3.0,4.0,0.59375
1.0,-2.0,2.0,-2.0,0.0,-1.0,-1.0,4.0,0.59375
1.0,-2.0,2.0,0.0,1.0,-1.0,-1.0,4.0,0.59375
0.0,-2.0,0.0,0.0,1.0,-3.0,-1.0,0.0,0.59375
0.0,-1.0,0.0,2.0,1.0,1.0,3.0,0.0,0.59375
0.0,-1.0,0.0,2.0,0.0,1.0,1.0,0.0,0.59375
0.0,-1.0,0.0,3.0,0.0,3.0,1.0,0.0,0.59375
0.0,-2.0,0.0,3.0,-2.0,1.0,1.0,0.0,0.59375
0.0,0.0,0.0,0.0,0.0,0.0,1.0,2.0,-0.25
0.0,0.0,0.0,0.0,0.0,-1.0,1.0,0.0,-0.25
0.0,0.0,0.0,1.0,0.0,1.0,1.0,0.0,-0.25
0.0,0.0,0.0,1.0,0.0,1.0,0.0,-2.0,-0.25
0.0,0.0,0.0,1.0,0.0,2.0,2.0,0.0,-0.25
0.0,0.0,-1.0,1.0,0.0,0.0,2.0,0.0,-0.25
0.0,0.0,-1.0,1.0,0.0,0.0,3.0,2.0,-0.25
0.0,-1.0,-1.0,-1.0,0.0,0.0,3.0,2.0,-0.25
0.0,-1.0,-1.0,-1.0,0.0,0.0,4.0,4.0,-0.25
0.0,-1.0,-1.0,-1.0,0.0,0.0,1.0,2.0,-0.25
0.0,-1.0,-1.0,-1.0,0.0,1.0,1.0,4.0,-0.25
0.0,-1.0,-1.0,-1.0,0.0,0.0,1.0,0.0,-0.25
0.0,-1.0,-1.0,-1.0,1.0,0.0,3.0,2.0,-0.25
0.0,-1.0,-1.0,-1.0,1.0,0.0,0.0,0.0,-0.25
1.0,-1.0,1.0,-1.0,1.0,2.0,0.0,2.0,-0.25
1.0,-1.0,1.0,-1.0,1.0,2.0,-3.0,-4.0,-0.25
1.0,-1.0,1.0,-1.0,2.0,2.0,-1.0,-4.0,-0.25
1.0,-1.0,1.0,-1.0,1.0,2.0,-5.0,-4.0,-0.25
1.0,0.0,1.0,1.0,1.0,2.0,-5.0,-4.0,-0.25
0.0,0.0,0.0,0.0,0.0,0.0,1.0,2.0,-0.1875
0.0,0.0,0.0,0.0,0.0,-1.0,1.0,0.0,-0.1875
0.0,0.0,0.0,1.0,0.0,1.0,1.0,0.0,-0.1875
0.0,0.0,0.0,1.0,0.0,1.0,0.0,-2.0,-0.1875
0.0,0.0,0.0,1.0,0.0,2.0,2.0,0.0,-0.1875
0.0,0.0,-1.0,1.0,0.0,0.0,2.0,0.0,-0.1875
0.0,0.0,-1.0,1.0,0.0,0.0,3.0,2.0,-0.1875
0.0,-1.0,-1.0,-1.0,0.0,0.0,3.0,2.0,-0.1875
1.0,-1.0,1.0,-1.0,0.0,2.0,3.0,4.0,-0.1875
1.0,-2.0,-1.0,-1.0,0.0,2.0,3.0,4.0,-0.1875
1.0,-2.0,-1.0,-1.0,0.0,-1.0,3.0,0.0,-0.1875
1.0,-2.0,2.0,-1.0,0.0,3.0,3.0,4.0,-0.1875
1.0,-2.0,2.0,-2.0,0.0,-1.0,-1.0,4.0,-0.1875
1.0,-2.0,2.0,0.0,1.0,-1.0,-1.0,4.0,-0.1875
0.0,-2.0,0.0,0.0,1.0,-3.0,-1.0,0.0,-0.1875
0.0,-1.0,0.0,2.0,1.0,1.0,3.0,0.0,-0.1875
0.0,-1.0,0.0,2.0,0.0,1.0,1.0,0.0,-0.1875
0.0,-1.0,0.0,3.0,0.0,3.0,1.0,0.0,-0.1875
0.0,-2.0,0.0,3.0,-2.0,1.0,1.0,0.0,-0.1875
0.0,0.0,0.0,0.0,0.0,0.0,1.0,2.0,-0.6875
0.0,0.0,0.0,0.0,0.0,-1.0,1.0,0.0,-0.6875
0.0,0.0,0.0,1.0,0.0,1.0,1.0,0.0,-0.6875
0.0,0.0,0.0,1.0,0.0,1.0,0.0,-2.0,-0.6875
0.0,0.0,0.0,1.0,0.0,2.0,2.0,0.0,-0.6875
0.0,0.0,-1.0,1.0,0.0,0.0,2.0,0.0,-0.6875
0.0,1.0,1.0,1.0,0.0,0.0,2.0,0.0,-0.6875
0.0,1.0,1.0,1.0,-1.0,0.0,0.0,-2.0,-0.6875
0.0,1.0,1.0,1.0,-1.0,0.0,1.0,2.0,-0.6875
-1.0,1.0,-1.0,1.0,-1.0,0.0,1.0,2.0,-0.6875
-1.0,2.0,-1.0,1.0,1.0,0.0,3.0,2.0,-0.6875
-1.0,2.0,-1.0,1.0,1.0,0.0,2.0,0.0,-0.6875
-1.0,2.0,-1.0,1.0,1.0,0.0,3.0,4.0,-0.6875
-1.0,-1.0,-1.0,1.0,1.0,0.0,3.0,4.0,-0.6875
-1.0,-1.0,-1.0,1.0,2.0,0.0,5.0,4.0,-0.6875
-1.0,-2.0,-1.0,-1.0,2.0,0.0,5.0,4.0,-0.6875
-1.0,-2.0,-1.0,-2.0,2.0,-2.0,1.0,4.0,-0.6875
-1.0,-2.0,-1.0,-2.0,2.0,-2.0,4.0,4.0,-0.6875
-1.0,-3.0,-1.0,-2.0,0.0,-2.0,4.0,4.0,-0.6875
0.0,0.0,0.0,0.0,0.0,0.0,1.0,2.0,-0.453125
0.0,0.0,0.0,0.0,0.0,-1.0,1.0,0.0,-0.453125
0.0,0.0,0.0,1.0,0.0,1.0,1.0,0.0,-0.453125
0.0,0.0,0.0,1.0,0.0,1.0,0.0,-2.0,-0.453125
0.0,0.0,0.0,1.0,0.0,2.0,2.0,0.0,-0.453125
0.0,0.0,-1.0,1.0,0.0,0.0,2.0,0.0,-0.453125
0.0,0.0,-1.0,1.0,0.0,0.0,3.0,2.0,-0.453125
0.0,-1.0,-1.0,-1.0,0.0,0.0,3.0,2.0,-0.453125
1.0,-1.0,1.0,-1.0,0.0,2.0,3.0,4.0,-0.453125
1.0,-2.0,-1.0,-1.0,0.0,2.0,3.0,4.0,-0.453125
1.0,-2.0,-1.0,-1.0,0.0,-1.0,3.0,0.0,-0.453125
1.0,-2.0,2.0,-1.0,0.0,3.0,3.0,4.0,-0.453125
1.0,-2.0,2.0,-2.0,0.0,-1.0,-1.0,4.0,-0.453125
1.0,-2.0,2.0,0.0,1.0,-1.0,-1.0,4.0,-0.453125
0.0,-2.0,0.0,0.0,1.0,-3.0,-1.0,0.0,-0.453125
0.0,-2.0,0.0,0.0,1.0,-3.0,0.0,2.0,-0.453125
0.0,-3.0,0.0,0.0,-1.0,-3.0,0.0,2.0,-0.453125
0.0,-2.0,0.0,2.0,-1.0,1.0,4.0,2.0,-0.453125
0.0,-2.0,0.0,2.0,-2.0,-1.0,2.0,2.0,-0.453125
0.0,0.0,0.0,0.0,0.0,0.0,1.0,2.0,0.46875
0.0,0.0,0.0,0.0,0.0,-1.0,1.0,0.0,0.46875
0.0,0.0,0.0,0.0,0.0,-1.0,2.0,2.0,0.46875
0.0,0.0,0.0,0.0,0.0,-1.0,1.0,0.0,0.46875
0.0,0.0,0.0,1.0,0.0,1.0,1.0,0.0,0.46875
0.0,0.0,0.0,1.0,0.0,0.0,-1.0,-2.0,0.46875
0.0,0.0,0.0,1.0,0.0,1.0,-1.0,0.0,0.46875
0.0,0.0,0.0,1.0,0.0,1.0,-2.0,-2.0,0.46875
0.0,0.0,0.0,2.0,0.0,3.0,2.0,-2.0,0.46875
0.0,0.0,0.0,2.0,-1.0,3.0,0.0,-2.0,0.46875
0.0,1.0,0.0,2.0,1.0,3.0,0.0,-2.0,0.46875
0.0,0.0,0.0,0.0,1.0,1.0,-2.0,-2.0,0.46875
0.0,0.0,0.0,0.0,2.0,1.0,0.0,0.0,0.46875
0.0,-1.0,0.0,-2.0,2.0,-1.0,-2.0,0.0,0.46875
0.0,-1.0,0.0,-2.0,3.0,-1.0,4.0,2.0,0.46875
0.0,-2.0,0.0,-2.0,1.0,-1.0,4.0,2.0,0.46875
0.0,-1.0,0.0,-2.0,3.0,-1.0,4.0,2.0,0.46875
0.0,-1.0,0.0,-2.0,2.0,-1.0,2.0,2.0,0.46875
0.0,-1.0,0.0,-2.0,3.0,1.0,2.0,2.0,0.46875
0.0,0.0,0.0,0.0,0.0,0.0,1.0,2.0,-0.34375
0.0,0.0,0.0,0.0,0.0,-1.0,1.0,0.0,-0.34375
0.0,0.0,0.0,0.0,0.0,-1.0,2.0,2.0,-0.34375
0.0,0.0,0.0,0.0,0.0,-1.0,-1.0,0.0,-0.34375
0.0,0.0,0.0,0.0,0.0,0.0,-1.0,2.0,-0.34375
0.0,0.0,0.0,0.0,-1.0,0.0,-3.0,2.0,-0.34375
0.0,0.0,0.0,1.0,-1.0,2.0,3.0,2.0,-0.34375
0.0,0.0,0.0,1.0,-2.0,2.0,-3.0,0.0,-0.34375
0.0,0.0,0.0,1.0,-2.0,2.0,-2.0,2.0,-0.34375
0.0,0.0,0.0,1.0,-2.0,2.0,-3.0,-2.0,-0.34375
0.0,0.0,0.0,1.0,-2.0,2.0,0.0,2.0,-0.34375
0.0,-1.0,0.0,-1.0,-2.0,0.0,0.0,2.0,-0.34375
0.0,0.0,0.0,-1.0,0.0,0.0,2.0,2.0,-0.34375
0.0,0.0,0.0,-1.0,-1.0,0.0,0.0,2.0,-0.34375
0.0,1.0,0.0,-1.0,1.0,0.0,0.0,2.0,-0.34375
0.0,0.0,0.0,-1.0,-1.0,0.0,0.0,2.0,-0.34375
0.0,1.0,0.0,-1.0,1.0,0.0,0.0,2.0,-0.34375
0.0,1.0,0.0,-1.0,1.0,-1.0,-4.0,0.0,-0.34375
0.0,1.0,0.0,-1.0,2.0,-1.0,-2.0,0.0,-0.34375
0.0,0.0,0.0,0.0,0.0,0.0,1.0,2.0,0.875
0.0,0.0,0.0,0.0,0.0,-1.0,1.0,0.0,0.875
0.0,0.0,0.0,1.0,0.0,1.0,1.0,0.0,0.875
0.0,0.0,0.0,1.0,0.0,1.0,0.0,-2.0,0.875
0.0,0.0,0.0,1.0,0.0,2.0,2.0,0.0,0.875
0.0,0.0,-1.0,1.0,0.0,0.0,2.0,0.0,0.875
0.0,0.0,-1.0,1.0,0.0,0.0,3.0,2.0,0.875
0.0,-1.0,-1.0,-1.0,0.0,0.0,3.0,2.0,0.875
1.0,-1.0,1.0,-1.0,0.0,2.0,3.0,4.0,0.875
1.0,-2.0,-1.0,-1.0,0.0,2.0,3.0,4.0,0.875
1.0,-2.0,-1.0,-2.0,0.0,-2.0,-1.0,4.0,0.875
1.0,-2.0,-1.0,-1.0,0.0,-2.0,1.0,4.0,0.875
1.0,-2.0,-1.0,-3.0,-1.0,-2.0,1.0,4.0,0.875
1.0,-1.0,-1.0,-1.0,-1.0,-2.0,1.0,4.0,0.875
1.0,-2.0,-1.0,-3.0,-1.0,-2.0,1.0,4.0,0.875
1.0,3.0,-1.0,-3.0,-1.0,-2.0,1.0,4.0,0.875
1.0,3.0,-1.0,-3.0,-2.0,-2.0,-1.0,0.0,0.875
1.0,4.0,-1.0,1.0,-2.0,-2.0,-1.0,0.0,0.875
1.0,4.0,-1.0,-1.0,-3.0,-2.0,-1.0,0.0,0.875
0.0,0.0,0.0,0.0,0.0,0.0,1.0,2.0,0.375
0.0,0.0,0.0,0.0,0.0,-1.0,1.0,0.0,0.375
0.0,0.0,0.0,1.0,0.0,1.0,1.0,0.0,0.375
0.0,0.0,0.0,1.0,0.0,1.0,0.0,-2.0,0.375
0.0,0.0,0.0,1.0,0.0,2.0,2.0,0.0,0.375
0.0,0.0,-1.0,1.0,0.0,0.0,2.0,0.0,0.375
0.0,0.0,-1.0,1.0,0.0,0.0,3.0,2.0,0.375
0.0,-1.0,-1.0,-1.0,0.0,0.0,3.0,2.0,0.375
1.0,-1.0,1.0,-1.0,0.0,2.0,3.0,4.0,0.375
1.0,-2.0,-1.0,-1.0,0.0,2.0,3.0,4.0,0.375
1.0,-2.0,-1.0,-1.0,0.0,-1.0,3.0,0.0,0.375
1.0,-2.0,2.0,-1.0,0.0,3.0,3.0,4.0,0.375
1.0,-2.0,2.0,-2.0,0.0,-1.0,-1.0,4.0,0.375
1.0,-2.0,2.0,0.0,1.0,-1.0,-1.0,4.0,0.375
0.0,-2.0,0.0,0.0,1.0,-3.0,-1.0,0.0,0.375
0.0,-1.0,0.0,2.0,1.0,1.0,3.0,0.0,0.375
0.0,-1.0,0.0,2.0,0.0,1.0,1.0,0.0,0.375
0.0,-1.0,0.0,3.0,0.0,3.0,1.0,0.0,0.375
0.0,-2.0,0.0,3.0,-2.0,1.0,1.0,0.0,0.375
0.0,0.0,0.0,0.0,0.0,0.0,1.0,2.0,0.5
0.0,0.0,0.0,0.0,0.0,-1.0,1.0,0.0,0.5
0.0,0.0,0.0,1.0,0.0,1.0,1.0,0.0,0.5
0.0,0.0,0.0,1.0,0.0,1.0,0.0,-2.0,0.5
0.0,0.0,0.0,1.0,0.0,2.0,2.0,0.0,0.5
0.0,0.0,0.0,1.0,0.0,2.0,1.0,-2.0,0.5
0.0,0.0,0.0,1.0,0.0,2.0,2.0,0.0,0.5
0.0,0.0,-1.0,1.0,0.0,0.0,2.0,0.0,0.5
1.0,0.0,1.0,1.0,0.0,2.0,2.0,2.0,0.5
1.0,0.0,0.0,1.0,0.0,0.0,2.0,0.0,0.5
1.0,0.0,0.0,1.0,1.0,0.0,4.0,2.0,0.5
1.0,-1.0,0.0,-1.0,1.0,-2.0,0.0,2.0,0.5
2.0,-1.0,2.0,-1.0,1.0,0.0,0.0,4.0,0.5
2.0,-1.0,2.0,-1.0,0.0,0.0,-2.0,0.0,0.5
2.0,-1.0,2.0,-1.0,0.0,1.0,-2.0,2.0,0.5
2.0,-2.0,0.0,-1.0,0.0,1.0,-2.0,2.0,0.5
2.0,-1.0,0.0,-1.0,2.0,1.0,0.0,2.0,0.5
2.0,-1.0,0.0,-2.0,2.0,-1.0,0.0,2.0,0.5
2.0,-1.0,0.0,-1.0,2.0,-1.0,2.0,2.0,0.5
0.0,0.0,0.0,0.0,0.0,0.0,1.0,2.0,-0.03125
0.0,0.0,0.0,0.0,0.0,-1.0,1.0,0.0,-0.03125
0.0,0.0,0.0,1.0,0.0,1.0,1.0,0.0,-0.03125
0.0,0.0,0.0,1.0,0.0,1.0,0.0,-2.0,-0.03125
0.0,0.0,0.0,1.0,0.0,2.0,2.0,0.0,-0.03125
0.0,0.0,-1.0,1.0,0.0,0.0,2.0,0.0,-0.03125
0.0,0.0,-1.0,1.0,0.0,0.0,3.0,2.0,-0.03125
0.0,-1.0,-1.0,-1.0,0.0,0.0,3.0,2.0,-0.03125
1.0,-1.0,1.0,-1.0,0.0,2.0,3.0,4.0,-0.03125
1.0,-2.0,-1.0,-1.0,0.0,2.0,3.0,4.0,-0.03125
1.0,-2.0,-1.0,-1.0,0.0,-1.0,3.0,0.0,-0.03125
1.0,-2.0,2.0,-1.0,0.0,3.0,3.0,4.0,-0.03125
1.0,-2.0,2.0,-2.0,0.0,-1.0,-1.0,4.0,-0.03125
1.0,-2.0,2.0,0.0,1.0,-1.0,-1.0,4.0,-0.03125
0.0,-2.0,0.0,0.0,1.0,-3.0,-1.0,0.0,-0.03125
0.0,-1.0,0.0,2.0,1.0,1.0,3.0,0.0,-0.03125
0.0,-1.0,0.0,2.0,0.0,1.0,1.0,0.0,-0.03125
0.0,-1.0,0.0,3.0,0.0,3.0,1.0,0.0,-0.03125
0.0,-2.0,0.0,3.0,-2.0,1.0,1.0,0.0,-0.03125
0.0,0.0,0.0,0.0,0.0,0.0,1.0,2.0,0.53125
0.0,0.0,0.0,0.0,0.0,-1.0,1.0,0.0,0.53125
0.0,0.0,0.0,1.0,0.0,1.0,1.0,0.0,0.53125
0.0,0.0,0.0,1.0,-1.0,1.0,-1.0,0.0,0.53125
0.0,1.0,0.0,1.0,1.0,1.0,1.0,2.0,0.53125
0.0,1.0,0.0,1.0,1.0,1.0,0.0,0.0,0.53125
0.0,1.0,0.0,1.0,1.0,1.0,3.0,2.0,0.53125
0.0,1.0,0.0,0.0,1.0,1.0,1.0,2.0,0.53125
0.0,1.0,0.0,0.0,2.0,1.0,3.0,2.0,0.53125
0.0,1.0,-1.0,0.0,2.0,-1.0,3.0,0.0,0.53125
0.0,1.0,-1.0,0.0,2.0,-1.0,4.0,2.0,0.53125
0.0,1.0,-1.0,0.0,2.0,-1.0,1.0,0.0,0.53125
0.0,1.0,-1.0,0.0,2.0,-1.0,4.0,4.0,0.53125
0.0,1.0,-1.0,0.0,2.0,-1.0,1.0,2.0,0.53125
1.0,1.0,1.0,0.0,2.0,1.0,1.0,2.0,0.53125
1.0,1.0,1.0,-1.0,2.0,1.0,-1.0,0.0,0.53125
1.0,1.0,1.0,-1.0,2.0,2.0,3.0,0.0,0.53125
1.0,0.0,1.0,-3.0,2.0,0.0,1.0,0.0,0.53125
1.0,1.0,1.0,-1.0,2.0,0.0,1.0,0.0,0.53125
0.0,0.0,0.0,0.0,0.0,0.0,1.0,2.0,0.25
0.0,0.0,0.0,0.0,0.0,-1.0,1.0,0.0,0.25
0.0,0.0,0.0,1.0,0.0,1.0,1.0,0.0,0.25
0.0,0.0,0.0,1.0,0.0,1.0,0.0,-2.0,0.25
0.0,0.0,0.0,1.0,0.0,2.0,2.0,0.0,0.25
0.0,0.0,-1.0,1.0,0.0,0.0,2.0,0.0,0.25
0.0,0.0,-1.0,1.0,0.0,0.0,3.0,2.0,0.25
0.0,-1.0,-1.0,-1.0,0.0,0.0,3.0,2.0,0.25
1.0,-1.0,1.0,-1.0,0.0,2.0,3.0,4.0,0.25
1.0,-2.0,-1.0,-1.0,0.0,2.0,3.0,4.0,0.25
1.0,-2.0,-1.0,-1.0,0.0,-1.0,3.0,0.0,0.25
1.0,-2.0,2.0,-1.0,0.0,3.0,3.0,4.0,0.25
1.0,-2.0,2.0,-2.0,0.0,-1.0,-1.0,4.0,0.25
1.0,-2.0,3.0,-2.0,0.0,1.0,-1.0,4.0,0.25
0.0,-2.0,1.0,-2.0,0.0,-1.0,-1.0,0.0,0.25
0.0,-2.0,1.0,-2.0,1.0,-1.0,1.0,0.0,0.25
0.0,-2.0,1.0,-3.0,1.0,-1.0,-1.0,-2.0,0.25
0.0,-2.0,1.0,-3.0,1.0,-1.0,2.0,-2.0,0.25
0.0,-2.0,1.0,-3.0,1.0,-1.0,-1.0,-4.0,0.25
0.0,0.0,0.0,0.0,0.0,0.0,1.0,2.0,-0.390625
0.0,0.0,0.0,0.0,0.0,0.0,0.0,0.0,-0.390625
0.0,0.0,0.0,0.0,0.0,1.0,2.0,2.0,-0.390625
0.0,0.0,0.0,0.0,0.0,0.0,2.0,0.0,-0.390625
0.0,0.0,0.0,0.0,0.0,0.0,3.0,2.0,-0.390625
0.0,0.0,0.0,-1.0,0.0,-2.0,-1.0,2.0,-0.390625
0.0,0.0,1.0,-1.0,0.0,0.0,-1.0,4.0,-0.390625
0.0,0.0,1.0,-1.0,0.0,0.0,-2.0,0.0,-0.390625
0.0,1.0,1.0,1.0,0.0,2.0,2.0,0.0,-0.390625
0.0,1.0,1.0,1.0,0.0,1.0,0.0,-2.0,-0.390625
0.0,1.0,1.0,1.0,0.0,2.0,0.0,0.0,-0.390625
-1.0,1.0,-1.0,1.0,0.0,0.0,0.0,0.0,-0.390625
-1.0,1.0,-1.0,1.0,0.0,0.0,1.0,2.0,-0.390625
-1.0,1.0,-1.0,0.0,0.0,-2.0,1.0,2.0,-0.390625
-1.0,1.0,-1.0,1.0,0.0,0.0,3.0,2.0,-0.390625
-1.0,1.0,-1.0,1.0,0.0,0.0,2.0,-2.0,-0.390625
-1.0,1.0,-1.0,1.0,0.0,0.0,3.0,0.0,-0.390625
-1.0,1.0,-1.0,1.0,-1.0,0.0,-1.0,-4.0,-0.390625
-1.0,1.0,-1.0,2.0,-1.0,2.0,3.0,-2.0,-0.390625
0.0,0.0,0.0,0.0,0.0,0.0,1.0,2.0,0.09375
0.0,0.0,0.0,0.0,0.0,-1.0,1.0,0.0,0.09375
0.0,0.0,0.0,1.0,0.0,1.0,1.0,0.0,0.09375
0.0,0.0,-1.0,1.0,0.0,-1.0,1.0,0.0,0.09375
0.0,0.0,-1.0,1.0,0.0,-1.0,2.0,2.0,0.09375
0.0,0.0,-1.0,1.0,0.0,-1.0,-1.0,0.0,0.09375
1.0,0.0,1.0,1.0,0.0,1.0,-1.0,0.0,0.09375
1.0,0.0,1.0,1.0,-1.0,1.0,-3.0,-2.0,0.09375
1.0,0.0,1.0,1.0,-1.0,2.0,1.0,0.0,0.09375
1.0,0.0,1.0,1.0,-2.0,2.0,-3.0,-2.0,0.09375
1.0,0.0,1.0,1.0,-2.0,3.0,-3.0,2.0,0.09375
1.0,-1.0,1.0,-1.0,-2.0,3.0,-3.0,2.0,0.09375
1.0,0.0,1.0,-1.0,0.0,3.0,-1.0,4.0,0.09375
1.0,0.0,1.0,-2.0,0.0,1.0,-3.0,4.0,0.09375
1.0,1.0,1.0,0.0,0.0,3.0,1.0,4.0,0.09375
1.0,1.0,1.0,0.0,0.0,3.0,0.0,0.0,0.09375
1.0,4.0,1.0,2.0,0.0,3.0,0.0,0.0,0.09375
1.0,4.0,1.0,1.0,0.0,1.0,-2.0,0.0,0.09375
1.0,4.0,1.0,1.0,2.0,1.0,1.0,0.0,0.09375
0.0,0.0,0.0,0.0,0.0,0.0,1.0,2.0,0.09375
0.0,0.0,0.0,0.0,0.0,-1.0,1.0,0.0,0.09375
0.0,0.0,0.0,1.0,0.0,1.0,1.0,0.0,0.09375
0.0,0.0,0.0,1.0,0.0,1.0,0.0,-2.0,0.09375
0.0,0.0,0.0,1.0,0.0,2.0,2.0,0.0,0.09375
0.0,0.0,-1.0,1.0,0.0,0.0,2.0,0.0,0.09375
0.0,0.0,-1.0,1.0,0.0,0.0,3.0,2.0,0.09375
0.0,-1.0,-1.0,-1.0,0.0,0.0,3.0,2.0,0.09375
1.0,-1.0,1.0,-1.0,0.0,2.0,3.0,4.0,0.09375
1.0,-2.0,-1.0,-1.0,0.0,2.0,3.0,4.0,0.09375
1.0,-2.0,-1.0,-1.0,0.0,-1.0,3.0,0.0,0.09375
1.0,-2.0,2.0,-1.0,0.0,3.0,3.0,4.0,0.09375
1.0,-2.0,2.0,-2.0,0.0,-1.0,-1.0,4.0,0.09375
1.0,-2.0,2.0,0.0,1.0,-1.0,-1.0,4.0,0.09375
0.0,-2.0,0.0,0.0,1.0,-3.0,-1.0,0.0,0.09375
0.0,-1.0,0.0,2.0,1.0,1.0,3.0,0.0,0.09375
0.0,-1.0,0.0,2.0,0.0,1.0,1.0,0.0,0.09375
0.0,-1.0,0.0,2.0,0.0,1.0,2.0,2.0,0.09375
0.0,-2.0,0.0,2.0,-2.0,-1.0,2.0,2.0,0.09375
0.0,0.0,0.0,0.0,0.0,0.0,1.0,2.0,0.375
0.0,0.0,0.0,0.0,0.0,-1.0,1.0,0.0,0.375
0.0,0.0,0.0,1.0,0.0,1.0,1.0,0.0,0.375
0.0,0.0,0.0,1.0,0.0,1.0,0.0,-2.0,0.375
0.0,0.0,0.0,1.0,0.0,2.0,2.0,0.0,0.375
0.0,0.0,-1.0,1.0,0.0,0.0,2.0,0.0,0.375
0.0,0.0,-1.0,1.0,0.0,0.0,3.0,2.0,0.375
0.0,-1.0,-1.0,-1.0,0.0,0.0,3.0,2.0,0.375
1.0,-1.0,1.0,-1.0,0.0,2.0,3.0,4.0,0.375
1.0,-2.0,-1.0,-1.0,0.0,2.0,3.0,4.0,0.375
1.0,-2.0,-1.0,-1.0,0.0,-1.0,3.0,0.0,0.375
1.0,-2.0,2.0,-1.0,0.0,3.0,3.0,4.0,0.375
1.0,-2.0,2.0,-2.0,0.0,-1.0,-1.0,4.0,0.375
1.0,-2.0,2.0,0.0,1.0,-1.0,-1.0,4.0,0.375
0.0,-2.0,0.0,0.0,1.0,-3.0,-1.0,0.0,0.375
0.0,-1.0,0.0,2.0,1.0,1.0,3.0,0.0,0.375
0.0,-1.0,0.0,2.0,0.0,1.0,1.0,0.0,0.375
0.0,-1.0,0.0,3.0,0.0,3.0,1.0,0.0,0.375
0.0,-2.0,0.0,3.0,-2.0,1.0,1.0,0.0,0.375
0.0,0.0,0.0,0.0,0.0,0.0,1.0,2.0,0.25
0.0,0.0,0.0,0.0,0.0,-1.0,1.0,0.0,0.25
0.0,0.0,0.0,1.0,0.0,1.0,1.0,0.0,0.25
0.0,0.0,0.0,1.0,0.0,1.0,0.0,-2.0,0.25
0.0,0.0,0.0,1.0,0.0,2.0,2.0,0.0,0.25
0.0,0.0,-1.0,1.0,0.0,0.0,2.0,0.0,0.25
0.0,0.0,-1.0,1.0,0.0,0.0,3.0,2.0,0.25
0.0,-1.0,-1.0,-1.0,0.0,0.0,3.0,2.0,0.25
1.0,-1.0,1.0,-1.0,0.0,2.0,3.0,4.0,0.25
1.0,-2.0,-1.0,-1.0,0.0,2.0,3.0,4.0,0.25
1.0,-2.0,-1.0,-1.0,0.0,-1.0,3.0,0.0,0.25
1.0,-2.0,2.0,-1.0,0.0,3.0,3.0,4.0,0.25
1.0,-2.0,2.0,-2.0,0.0,-1.0,-1.0,4.0,0.25
1.0,-2.0,2.0,0.0,1.0,-1.0,-1.0,4.0,0.25
0.0,-2.0,0.0,0.0,1.0,-3.0,-1.0,0.0,0.25
0.0,-1.0,0.0,2.0,1.0,1.0,3.0,0.0,0.25
0.0,-1.0,0.0,2.0,0.0,1.0,1.0,0.0,0.25
0.0,-1.0,0.0,3.0,0.0,3.0,1.0,0.0,0.25
0.0,-2.0,0.0,3.0,-2.0,1.0,1.0,0.0,0.25
0.0,0.0,0.0,0.0,0.0,0.0,1.0,2.0,0.375
0.0,0.0,0.0,0.0,0.0,-1.0,1.0,0.0,0.375
0.0,0.0,0.0,1.0,0.0,1.0,1.0,0.0,0.375
0.0,0.0,0.0,1.0,0.0,1.0,0.0,-2.0,0.375
0.0,0.0,0.0,1.0,0.0,2.0,0.0,0.0,0.375
0.0,0.0,0.0,1.0,0.0,2.0,-1.0,-2.0,0.375
0.0,0.0,0.0,1.0,0.0,2.0,2.0,-2.0,0.375
0.0,-1.0,0.0,-1.0,0.0,0.0,0.0,-2.0,0.375
0.0,-1.0,0.0,-1.0,0.0,0.0,1.0,0.0,0.375
0.0,-1.0,0.0,-1.0,-1.0,0.0,-1.0,0.0,0.375
0.0,-1.0,0.0,0.0,-1.0,0.0,1.0,0.0,0.375
0.0,-1.0,-1.0,0.0,-1.0,-2.0,1.0,-2.0,0.375
0.0,-1.0,-1.0,0.0,0.0,-2.0,5.0,2.0,0.375
0.0,-1.0,-1.0,0.0,0.0,-3.0,1.0,-2.0,0.375
1.0,-1.0,1.0,0.0,0.0,-1.0,1.0,-2.0,0.375
1.0,-2.0,1.0,0.0,-2.0,-1.0,-3.0,-2.0,0.375
1.0,-2.0,1.0,1.0,-2.0,1.0,1.0,-2.0,0.375
1.0,-2.0,1.0,1.0,-3.0,-1.0,-1.0,-2.0,0.375
1.0,-2.0,1.0,1.0,-3.0,-1.0,0.0,2.0,0.375
0.0,0.0,0.0,0.0,0.0,0.0,1.0,2.0,0.0
0.0,0.0,0.0,0.0,0.0,-1.0,1.0,0.0,0.0
0.0,0.0,0.0,1.0,0.0,1.0,1.0,0.0,0.0
0.0,0.0,0.0,1.0,0.0,1.0,0.0,-2.0,0.0
0.0,0.0,0.0,1.0,0.0,2.0,2.0,0.0,0.0
0.0,0.0,0.0,1.0,-1.0,2.0,0.0,-2.0,0.0
0.0,0.0,0.0,1.0,-1.0,3.0,0.0,2.0,0.0
0.0,-1.0,0.0,-1.0,-1.0,1.0,-2.0,2.0,0.0
0.0,0.0,0.0,-1.0,1.0,1.0,0.0,4.0,0.0
0.0,0.0,0.0,-1.0,1.0,1.0,-1.0,0.0,0.0
0.0,0.0,0.0,-1.0,1.0,1.0,2.0,2.0,0.0
0.0,0.0,0.0,-1.0,1.0,1.0,-1.0,2.0,0.0
0.0,0.0,0.0,-1.0,2.0,1.0,3.0,4.0,0.0
0.0,0.0,-1.0,-1.0,2.0,-1.0,3.0,0.0,0.0
0.0,0.0,-1.0,-1.0,2.0,-1.0,4.0,2.0,0.0
0.0,0.0,-1.0,-1.0,2.0,-1.0,3.0,-2.0,0.0
0.0,0.0,-1.0,-1.0,3.0,-1.0,5.0,2.0,0.0
0.0,0.0,-1.0,-1.0,3.0,-2.0,1.0,2.0,0.0
1.0,0.0,1.0,-1.0,3.0,0.0,1.0,4.0,0.0
0.0,0.0,0.0,0.0,0.0,0.0,1.0,2.0,-0.0625
0.0,0.0,0.0,0.0,0.0,-1.0,1.0,0.0,-0.0625
0.0,0.0,0.0,1.0,0.0,1.0,1.0,0.0,-0.0625
0.0,0.0,0.0,1.0,0.0,1.0,0.0,-2.0,-0.0625
0.0,0.0,0.0,1.0,0.0,2.0,2.0,0.0,-0.0625
0.0,0.0,-1.0,1.0,0.0,0.0,2.0,0.0,-0.0625
0.0,0.0,-1.0,1.0,0.0,0.0,3.0,2.0,-0.0625
0.0,-1.0,-1.0,-1.0,0.0,0.0,3.0,2.0,-0.0625
1.0,-1.0,1.0,-1.0,0.0,2.0,3.0,4.0,-0.0625
1.0,-2.0,-1.0,-1.0,0.0,2.0,3.0,4.0,-0.0625
1.0,-2.0,-1.0,-1.0,0.0,-1.0,3.0,0.0,-0.0625
1.0,-2.0,2.0,-1.0,0.0,3.0,3.0,4.0,-0.0625
1.0,-3.0,0.0,-1.0,0.0,3.0,3.0,4.0,-0.0625
1.0,2.0,0.0,-1.0,0.0,3.0,3.0,4.0,-0.0625
0.0,2.0,-2.0,-1.0,0.0,-1.0,3.0,0.0,-0.0625
0.0,2.0,-2.0,-1.0,0.0,-1.0,4.0,2.0,-0.0625
0.0,2.0,-2.0,-1.0,0.0,-1.0,1.0,0.0,-0.0625
0.0,2.0,-2.0,0.0,0.0,-1.0,3.0,0.0,-0.0625
0.0,2.0,-2.0,0.0,-1.0,-1.0,1.0,0.0,-0.0625
0.0,0.0,0.0,0.0,0.0,0.0,1.0,2.0,-0.125
0.0,0.0,0.0,0.0,0.0,-1.0,1.0,0.0,-0.125
0.0,0.0,0.0,1.0,0.0,1.0,1.0,0.0,-0.125
0.0,0.0,0.0,1.0,0.0,1.0,0.0,-2.0,-0.125
0.0,0.0,0.0,1.0,0.0,2.0,2.0,0.0,-0.125
0.0,0.0,-1.0,1.0,0.0,0.0,2.0,0.0,-0.125
0.0,1.0,1.0,1.0,0.0,0.0,2.0,0.0,-0.125
-1.0,1.0,-1.0,1.0,0.0,0.0,2.0,0.0,-0.125
-1.0,1.0,-1.0,1.0,0.0,0.0,3.0,2.0,-0.125
-1.0,-2.0,-1.0,1.0,0.0,0.0,3.0,2.0,-0.125
-1.0,-2.0,-1.0,1.0,0.0,1.0,3.0,4.0,-0.125
-1.0,-3.0,-1.0,-1.0,0.0,1.0,3.0,4.0,-0.125
-1.0,-3.0,-1.0,-2.0,0.0,-1.0,-1.0,4.0,-0.125
-1.0,-3.0,-1.0,-2.0,1.0,-1.0,1.0,4.0,-0.125
-1.0,-3.0,-2.0,-2.0,1.0,-3.0,1.0,0.0,-0.125
-1.0,-2.0,-2.0,0.0,1.0,-1.0,3.0,0.0,-0.125
-1.0,-3.0,-2.0,0.0,-1.0,-1.0,1.0,0.0,-0.125
-1.0,-3.0,-2.0,0.0,-1.0,-1.0,2.0,2.0,-0.125
-1.0,-3.0,-2.0,0.0,-1.0,-1.0,-1.0,0.0,-0.125
0.0,0.0,0.0,0.0,0.0,0.0,1.0,2.0,0.8125
0.0,0.0,0.0,0.0,0.0,-1.0,1.0,0.0,0.8125
0.0,0.0,0.0,1.0,0.0,1.0,1.0,0.0,0.8125
0.0,0.0,0.0,1.0,0.0,1.0,0.0,-2.0,0.8125
0.0,0.0,0.0,1.0,0.0,2.0,2.0,0.0,0.8125
0.0,0.0,0.0,1.0,0.0,2.0,1.0,-2.0,0.8125
0.0,0.0,0.0,1.0,0.0,2.0,2.0,0.0,0.8125
0.0,-1.0,0.0,-1.0,0.0,2.0,0.0,0.0,0.8125
0.0,-1.0,0.0,-1.0,1.0,2.0,2.0,0.0,0.8125
0.0,-1.0,0.0,-2.0,1.0,-2.0,-2.0,0.0,0.8125
0.0,-1.0,0.0,-1.0,1.0,0.0,0.0,0.0,0.8125
0.0,-2.0,0.0,-3.0,1.0,0.0,0.0,0.0,0.8125
0.0,-1.0,0.0,-1.0,1.0,0.0,0.0,0.0,0.8125
0.0,-1.0,-1.0,-1.0,1.0,-2.0,0.0,-2.0,0.8125
0.0,0.0,-1.0,1.0,1.0,0.0,0.0,-2.0,0.8125
0.0,-3.0,-1.0,-3.0,-1.0,0.0,-2.0,-2.0,0.8125
1.0,-3.0,1.0,-3.0,-1.0,0.0,-2.0,-2.0,0.8125
1.0,-3.0,1.0,-3.0,-2.0,0.0,-4.0,-2.0,0.8125
1.0,-2.0,1.0,-1.0,-2.0,0.0,-4.0,-2.0,0.8125
0.0,0.0,0.0,0.0,0.0,0.0,1.0,2.0,-0.34375
0.0,0.0,0.0,0.0,0.0,-1.0,1.0,0.0,-0.34375
0.0,0.0,0.0,1.0,0.0,1.0,1.0,0.0,-0.34375
0.0,0.0,0.0,1.0,0.0,1.0,0.0,-2.0,-0.34375
0.0,0.0,0.0,1.0,0.0,2.0,2.0,0.0,-0.34375
0.0,0.0,0.0,1.0,0.0,2.0,1.0,-2.0,-0.34375
0.0,0.0,0.0,1.0,0.0,2.0,4.0,2.0,-0.34375
0.0,0.0,0.0,0.0,0.0,2.0,2.0,2.0,-0.34375
0.0,1.0,0.0,2.0,0.0,2.0,2.0,2.0,-0.34375
0.0,0.0,0.0,0.0,0.0,0.0,0.0,2.0,-0.34375
0.0,0.0,0.0,0.0,1.0,0.0,4.0,4.0,-0.34375
0.0,0.0,0.0,0.0,1.0,-1.0,4.0,0.0,-0.34375
0.0,0.0,0.0,0.0,1.0,-1.0,5.0,2.0,-0.34375
0.0,0.0,0.0,-1.0,1.0,-3.0,-1.0,2.0,-0.34375
0.0,1.0,0.0,1.0,1.0,-3.0,-1.0,2.0,-0.34375
-1.0,-1.0,0.0,1.0,1.0,-3.0,-1.0,2.0,-0.34375
-1.0,0.0,0.0,3.0,1.0,1.0,3.0,2.0,-0.34375
-1.0,0.0,-1.0,3.0,1.0,-1.0,3.0,0.0,-0.34375
-1.0,0.0,-1.0,3.0,1.0,-1.0,6.0,2.0,-0.34375
0.0,0.0,0.0,0.0,0.0,0.0,1.0,2.0,-0.21875
0.0,0.0,0.0,0.0,0.0,-1.0,1.0,0.0,-0.21875
0.0,0.0,0.0,1.0,0.0,1.0,1.0,0.0,-0.21875
0.0,0.0,0.0,1.0,0.0,1.0,0.0,-2.0,-0.21875
0.0,0.0,0.0,1.0,0.0,2.0,2.0,0.0,-0.21875
0.0,0.0,-1.0,1.0,0.0,0.0,2.0,0.0,-0.21875
0.0,0.0,-1.0,1.0,0.0,0.0,3.0,2.0,-0.21875
0.0,-1.0,-1.0,-1.0,0.0,0.0,3.0,2.0,-0.21875
1.0,-1.0,1.0,-1.0,0.0,2.0,3.0,4.0,-0.21875
1.0,-2.0,-1.0,-1.0,0.0,2.0,3.0,4.0,-0.21875
1.0,-2.0,-1.0,-1.0,0.0,-1.0,3.0,0.0,-0.21875
1.0,-2.0,2.0,-1.0,0.0,3.0,3.0,4.0,-0.21875
1.0,-2.0,2.0,-2.0,0.0,-1.0,-1.0,4.0,-0.21875
1.0,-2.0,2.0,0.0,1.0,-1.0,-1.0,4.0,-0.21875
0.0,-2.0,0.0,0.0,1.0,-3.0,-1.0,0.0,-0.21875
0.0,-1.0,0.0,2.0,1.0,1.0,3.0,0.0,-0.21875
0.0,-1.0,0.0,2.0,0.0,1.0,1.0,0.0,-0.21875
0.0,-1.0,0.0,3.0,0.0,3.0,1.0,0.0,-0.21875
0.0,-2.0,0.0,3.0,-2.0,1.0,1.0,0.0,-0.21875
0.0,0.0,0.0,0.0,0.0,0.0,1.0,2.0,-0.1875
0.0,0.0,0.0,0.0,0.0,0.0,0.0,0.0,-0.1875
0.0,0.0,0.0,0.0,0.0,1.0,2.0,2.0,-0.1875
0.0,0.0,0.0,0.0,0.0,0.0,2.0,0.0,-0.1875
0.0,0.0,0.0,0.0,0.0,0.0,3.0,2.0,-0.1875
0.0,0.0,0.0,-1.0,0.0,-2.0,-1.0,2.0,-0.1875
0.0,0.0,1.0,-1.0,0.0,0.0,-1.0,4.0,-0.1875
0.0,0.0,1.0,-1.0,0.0,0.0,-2.0,0.0,-0.1875
0.0,1.0,1.0,1.0,0.0,2.0,2.0,0.0,-0.1875
0.0,1.0,1.0,1.0,0.0,1.0,0.0,-2.0,-0.1875
0.0,1.0,2.0,1.0,0.0,3.0,0.0,2.0,-0.1875
0.0,1.0,2.0,1.0,-1.0,3.0,-2.0,-2.0,-0.1875
0.0,1.0,2.0,1.0,-1.0,3.0,-1.0,0.0,-0.1875
-1.0,1.0,0.0,1.0,-1.0,1.0,-1.0,-2.0,-0.1875
-1.0,2.0,0.0,1.0,1.0,1.0,1.0,-2.0,-0.1875
-2.0,2.0,-2.0,1.0,1.0,-1.0,1.0,-2.0,-0.1875
-2.0,2.0,-2.0,1.0,2.0,-1.0,5.0,2.0,-0.1875
-2.0,2.0,-2.0,1.0,2.0,-2.0,1.0,2.0,-0.1875
-2.0,2.0,-2.0,2.0,2.0,0.0,3.0,2.0,-0.1875
0.0,0.0,0.0,0.0,0.0,0.0,1.0,2.0,-0.4375
0.0,0.0,0.0,0.0,0.0,-1.0,1.0,0.0,-0.4375
0.0,0.0,0.0,1.0,0.0,1.0,1.0,0.0,-0.4375
0.0,0.0,0.0,1.0,0.0,1.0,0.0,-2.0,-0.4375
0.0,0.0,0.0,1.0,0.0,1.0,1.0,2.0,-0.4375
0.0,-1.0,0.0,-1.0,0.0,-1.0,-1.0,2.0,-0.4375
0.0,-1.0,0.0,-1.0,1.0,-1.0,1.0,4.0,-0.4375
0.0,-2.0,0.0,-1.0,-1.0,-1.0,1.0,4.0,-0.4375
0.0,-2.0,1.0,-1.0,-1.0,1.0,1.0,4.0,-0.4375
0.0,-2.0,1.0,-1.0,-1.0,1.0,-2.0,0.0,-0.4375
0.0,-2.0,1.0,-1.0,-1.0,1.0,-1.0,2.0,-0.4375
0.0,-2.0,1.0,-1.0,-2.0,1.0,-3.0,0.0,-0.4375
0.0,-1.0,1.0,1.0,-2.0,1.0,-3.0,0.0,-0.4375
-1.0,-3.0,-1.0,1.0,-2.0,-1.0,-3.0,-2.0,-0.4375
-1.0,-2.0,1.0,1.0,-2.0,-1.0,-3.0,-2.0,-0.4375
-1.0,-2.0,-1.0,0.0,-2.0,-1.0,-3.0,-2.0,-0.4375
-1.0,-2.0,-1.0,0.0,-2.0,0.0,-3.0,0.0,-0.4375
-1.0,-2.0,-1.0,-1.0,-2.0,-2.0,-3.0,0.0,-0.4375
-1.0,-1.0,-1.0,-1.0,0.0,-2.0,-1.0,2.0,-0.4375
0.0,0.0,0.0,0.0,0.0,0.0,1.0,2.0,-0.21875
0.0,0.0,0.0,0.0,0.0,-1.0,1.0,0.0,-0.21875
0.0,0.0,0.0,1.0,0.0,1.0,1.0,0.0,-0.21875
0.0,0.0,0.0,1.0,0.0,1.0,0.0,-2.0,-0.21875
0.0,0.0,0.0,1.0,0.0,2.0,0.0,2.0,-0.21875
0.0,0.0,0.0,1.0,0.0,2.0,-1.0,0.0,-0.21875
0.0,0.0,0.0,1.0,0.0,3.0,-1.0,2.0,-0.21875
0.0,0.0,0.0,1.0,0.0,3.0,-2.0,0.0,-0.21875
0.0,0.0,0.0,2.0,0.0,3.0,0.0,0.0,-0.21875
0.0,0.0,0.0,2.0,-1.0,3.0,-4.0,-4.0,-0.21875
0.0,1.0,0.0,2.0,1.0,3.0,-4.0,-4.0,-0.21875
0.0,0.0,0.0,0.0,1.0,1.0,-4.0,-4.0,-0.21875
0.0,0.0,0.0,0.0,2.0,1.0,0.0,0.0,-0.21875
0.0,0.0,0.0,0.0,2.0,1.0,-1.0,-4.0,-0.21875
0.0,0.0,1.0,0.0,2.0,3.0,-1.0,0.0,-0.21875
0.0,0.0,1.0,-1.0,2.0,1.0,-3.0,-2.0,-0.21875
0.0,0.0,1.0,-1.0,3.0,3.0,-3.0,-2.0,-0.21875
-1.0,0.0,-1.0,-1.0,3.0,1.0,-3.0,-4.0,-0.21875
-1.0,1.0,-1.0,1.0,3.0,1.0,-3.0,-4.0,-0.21875
0.0,0.0,0.0,0.0,0.0,0.0,1.0,2.0,-0.125
0.0,0.0,0.0,0.0,0.0,-1.0,1.0,0.0,-0.125
0.0,0.0,0.0,0.0,0.0,-1.0,2.0,2.0,-0.125
0.0,0.0,0.0,0.0,0.0,-1.0,-1.0,2.0,-0.125
0.0,0.0,0.0,0.0,0.0,-1.0,0.0,4.0,-0.125
0.0,0.0,0.0,0.0,0.0,-1.0,-3.0,2.0,-0.125
0.0,0.0,0.0,0.0,1.0,-1.0,-1.0,2.0,-0.125
0.0,-1.0,0.0,0.0,-1.0,-1.0,-1.0,2.0,-0.125
0.0,-1.0,1.0,0.0,-1.0,1.0,-1.0,4.0,-0.125
0.0,-1.0,1.0,0.0,-1.0,1.0,-4.0,-2.0,-0.125
0.0,-1.0,1.0,0.0,0.0,1.0,-2.0,2.0,-0.125
0.0,-2.0,1.0,0.0,-2.0,1.0,-2.0,2.0,-0.125
0.0,-2.0,1.0,0.0,-2.0,2.0,2.0,4.0,-0.125
0.0,-2.0,1.0,0.0,-3.0,2.0,-2.0,0.0,-0.125
0.0,-2.0,1.0,0.0,-3.0,3.0,-2.0,2.0,-0.125
0.0,-2.0,1.0,-1.0,-3.0,1.0,-2.0,2.0,-0.125
0.0,-1.0,1.0,-1.0,-1.0,1.0,0.0,2.0,-0.125
-1.0,-1.0,-1.0,-1.0,-1.0,-1.0,0.0,-2.0,-0.125
-1.0,0.0,-1.0,1.0,-1.0,1.0,0.0,-2.0,-0.125
0.0,0.0,0.0,0.0,0.0,0.0,1.0,2.0,0.0625
0.0,0.0,0.0,0.0,0.0,-1.0,1.0,0.0,0.0625
0.0,0.0,0.0,1.0,0.0,1.0,1.0,0.0,0.0625
0.0,0.0,0.0,1.0,0.0,1.0,0.0,-2.0,0.0625
0.0,0.0,0.0,1.0,0.0,2.0,2.0,0.0,0.0625
0.0,0.0,-1.0,1.0,0.0,0.0,2.0,0.0,0.0625
0.0,0.0,-1.0,1.0,0.0,0.0,3.0,2.0,0.0625
0.0,-1.0,-1.0,-1.0,0.0,0.0,3.0,2.0,0.0625
1.0,-1.0,1.0,-1.0,0.0,2.0,3.0,4.0,0.0625
1.0,-2.0,-1.0,-1.0,0.0,2.0,3.0,4.0,0.0625
1.0,-2.0,-1.0,-1.0,0.0,-1.0,3.0,0.0,0.0625
1.0,-2.0,2.0,-1.0,0.0,3.0,3.0,4.0,0.0625
1.0,-2.0,2.0,-2.0,0.0,-1.0,-1.0,4.0,0.0625
1.0,-2.0,2.0,0.0,1.0,-1.0,-1.0,4.0,0.0625
0.0,-2.0,0.0,0.0,1.0,-3.0,-1.0,0.0,0.0625
0.0,-1.0,0.0,2.0,1.0,1.0,3.0,0.0,0.0625
0.0,-1.0,0.0,2.0,0.0,1.0,1.0,0.0,0.0625
0.0,-1.0,0.0,3.0,0.0,3.0,1.0,0.0,0.0625
0.0,-2.0,0.0,3.0,-2.0,1.0,1.0,0.0,0.0625
0.0,0.0,0.0,0.0,0.0,0.0,1.0,2.0,0.4375
0.0,0.0,0.0,0.0,0.0,-1.0,1.0,0.0,0.4375
0.0,0.0,0.0,1.0,0.0,1.0,1.0,0.0,0.4375
0.0,0.0,0.0,1.0,0.0,1.0,0.0,-2.0,0.4375
0.0,0.0,0.0,1.0,0.0,2.0,2.0,0.0,0.4375
0.0,0.0,-1.0,1.0,0.0,0.0,2.0,0.0,0.4375
0.0,0.0,-1.0,1.0,0.0,0.0,3.0,2.0,0.4375
0.0,-1.0,-1.0,-1.0,0.0,0.0,3.0,2.0,0.4375
1.0,-1.0,1.0,-1.0,0.0,2.0,3.0,4.0,0.4375
1.0,-2.0,-1.0,-1.0,0.0,2.0,3.0,4.0,0.4375
1.0,-2.0,-1.0,-1.0,0.0,-1.0,3.0,0.0,0.4375
1.0,-2.0,2.0,-1.0,0.0,3.0,3.0,4.0,0.4375
1.0,-2.0,2.0,-2.0,0.0,-1.0,-1.0,4.0,0.4375
1.0,-2.0,2.0,0.0,1.0,-1.0,-1.0,4.0,0.4375
0.0,-2.0,0.0,0.0,1.0,-3.0,-1.0,0.0,0.4375
0.0,-1.0,0.0,2.0,1.0,1.0,3.0,0.0,0.4375
0.0,-1.0,0.0,2.0,0.0,1.0,1.0,0.0,0.4375
0.0,-1.0,0.0,3.0,0.0,3.0,1.0,0.0,0.4375
0.0,-2.0,0.0,3.0,-2.0,1.0,1.0,0.0,0.4375
0.0,0.0,0.0,0.0,0.0,0.0,1.0,2.0,-0.125
0.0,0.0,0.0,0.0,0.0,-1.0,1.0,0.0,-0.125
0.0,0.0,0.0,1.0,0.0,1.0,1.0,0.0,-0.125
0.0,0.0,0.0,1.0,0.0,1.0,0.0,-2.0,-0.125
0.0,0.0,0.0,1.0,0.0,2.0,2.0,0.0,-0.125
0.0,0.0,-1.0,1.0,0.0,0.0,2.0,0.0,-0.125
0.0,0.0,-1.0,1.0,0.0,0.0,3.0,2.0,-0.125
0.0,-1.0,-1.0,-1.0,0.0,0.0,3.0,2.0,-0.125
1.0,-1.0,1.0,-1.0,0.0,2.0,3.0,4.0,-0.125
1.0,-2.0,-1.0,-1.0,0.0,2.0,3.0,4.0,-0.125
1.0,-2.0,-1.0,-1.0,0.0,-1.0,3.0,0.0,-0.125
1.0,-2.0,2.0,-1.0,0.0,3.0,3.0,4.0,-0.125
1.0,-2.0,2.0,-2.0,0.0,-1.0,-1.0,4.0,-0.125
1.0,-2.0,2.0,0.0,1.0,-1.0,-1.0,4.0,-0.125
0.0,-2.0,0.0,0.0,1.0,-3.0,-1.0,0.0,-0.125
0.0,-2.0,0.0,0.0,1.0,-3.0,0.0,2.0,-0.125
0.0,-3.0,0.0,0.0,-1.0,-3.0,0.0,2.0,-0.125
0.0,-2.0,0.0,2.0,-1.0,1.0,4.0,2.0,-0.125
0.0,-2.0,0.0,2.0,-2.0,-1.0,2.0,2.0,-0.125
0.0,0.0,0.0,0.0,0.0,0.0,1.0,2.0,-0.1875
0.0,0.0,0.0,0.0,0.0,-1.0,1.0,0.0,-0.1875
0.0,0.0,0.0,1.0,0.0,1.0,1.0,0.0,-0.1875
0.0,0.0,0.0,1.0,0.0,1.0,0.0,-2.0,-0.1875
0.0,0.0,0.0,1.0,0.0,2.0,2.0,0.0,-0.1875
0.0,0.0,-1.0,1.0,0.0,0.0,2.0,0.0,-0.1875
0.0,0.0,-1.0,1.0,0.0,0.0,3.0,2.0,-0.1875
0.0,-1.0,-1.0,-1.0,0.0,0.0,3.0,2.0,-0.1875
1.0,-1.0,1.0,-1.0,0.0,2.0,3.0,4.0,-0.1875
1.0,-2.0,-1.0,-1.0,0.0,2.0,3.0,4.0,-0.1875
1.0,-2.0,-1.0,-1.0,0.0,-1.0,3.0,0.0,-0.1875
1.0,-2.0,2.0,-1.0,0.0,3.0,3.0,4.0,-0.1875
1.0,-2.0,2.0,-2.0,0.0,-1.0,-1.0,4.0,-0.1875
1.0,-2.0,2.0,0.0,1.0,-1.0,-1.0,4.0,-0.1875
0.0,-2.0,0.0,0.0,1.0,-3.0,-1.0,0.0,-0.1875
0.0,-1.0,0.0,2.0,1.0,1.0,3.0,0.0,-0.1875
0.0,-1.0,0.0,1.0,1.0,1.0,1.0,0.0,-0.1875
0.0,0.0,0.0,3.0,1.0,1.0,1.0,0.0,-0.1875
0.0,0.0,0.0,3.0,1.0,1.0,-2.0,-2.0,-0.1875
0.0,0.0,0.0,0.0,0.0,0.0,1.0,2.0,0.75
0.0,0.0,0.0,0.0,0.0,-1.0,1.0,0.0,0.75
0.0,0.0,0.0,1.0,0.0,1.0,1.0,0.0,0.75
0.0,0.0,0.0,1.0,0.0,1.0,0.0,-2.0,0.75
0.0,0.0,0.0,1.0,0.0,2.0,2.0,0.0,0.75
0.0,0.0,-1.0,1.0,0.0,0.0,2.0,0.0,0.75
0.0,0.0,-1.0,1.0,0.0,0.0,3.0,2.0,0.75
0.0,-1.0,-1.0,-1.0,0.0,0.0,3.0,2.0,0.75
1.0,-1.0,1.0,-1.0,0.0,2.0,3.0,4.0,0.75
1.0,-2.0,-1.0,-1.0,0.0,2.0,3.0,4.0,0.75
1.0,1.0,-1.0,-1.0,0.0,2.0,3.0,4.0,0.75
1.0,1.0,-1.0,-1.0,0.0,-1.0,3.0,0.0,0.75
1.0,1.0,-1.0,0.0,0.0,1.0,3.0,0.0,0.75
1.0,1.0,-1.0,0.0,0.0,1.0,2.0,-2.0,0.75
1.0,1.0,-1.0,0.0,0.0,1.0,3.0,2.0,0.75
1.0,0.0,-1.0,-2.0,0.0,-1.0,1.0,2.0,0.75
1.0,0.0,-1.0,-1.0,0.0,1.0,3.0,2.0,0.75
1.0,0.0,-1.0,-2.0,0.0,-1.0,1.0,2.0,0.75
1.0,0.0,0.0,-2.0,0.0,1.0,1.0,2.0,0.75
0.0,0.0,0.0,0.0,0.0,0.0,1.0,2.0,0.0625
0.0,0.0,0.0,0.0,0.0,-1.0,1.0,0.0,0.0625
0.0,0.0,0.0,1.0,0.0,1.0,1.0,0.0,0.0625
0.0,0.0,0.0,1.0,0.0,1.0,0.0,-2.0,0.0625
0.0,0.0,0.0,1.0,0.0,2.0,2.0,0.0,0.0625
0.0,0.0,-1.0,1.0,0.0,0.0,2.0,0.0,0.0625
0.0,0.0,-1.0,1.0,0.0,0.0,3.0,2.0,0.0625
0.0,-1.0,-1.0,-1.0,0.0,0.0,3.0,2.0,0.0625
1.0,-1.0,1.0,-1.0,0.0,2.0,3.0,4.0,0.0625
1.0,-2.0,-1.0,-1.0,0.0,2.0,3.0,4.0,0.0625
1.0,-2.0,-1.0,-1.0,0.0,-1.0,3.0,0.0,0.0625
1.0,-2.0,2.0,-1.0,0.0,3.0,3.0,4.0,0.0625
1.0,-2.0,2.0,-2.0,0.0,-1.0,-1.0,4.0,0.0625
1.0,-2.0,2.0,0.0,1.0,-1.0,-1.0,4.0,0.0625
0.0,-2.0,0.0,0.0,1.0,-3.0,-1.0,0.0,0.0625
0.0,-2.0,0.0,1.0,1.0,-1.0,-1.0,0.0,0.0625
0.0,-3.0,0.0,1.0,-1.0,-1.0,-1.0,0.0,0.0625
0.0,-2.0,0.0,3.0,-1.0,3.0,3.0,0.0,0.0625
0.0,-2.0,0.0,3.0,-2.0,3.0,1.0,-2.0,0.0625
0.0,0.0,0.0,0.0,0.0,0.0,1.0,2.0,-0.21875
0.0,0.0,0.0,0.0,0.0,-1.0,1.0,0.0,-0.21875
0.0,0.0,0.0,1.0,0.0,1.0,1.0,0.0,-0.21875
0.0,0.0,0.0,1.0,0.0,1.0,0.0,-2.0,-0.21875
0.0,0.0,0.0,1.0,0.0,2.0,2.0,0.0,-0.21875
0.0,0.0,-1.0,1.0,0.0,0.0,2.0,0.0,-0.21875
0.0,0.0,-1.0,1.0,0.0,0.0,3.0,2.0,-0.21875
0.0,-1.0,-1.0,-1.0,0.0,0.0,3.0,2.0,-0.21875
1.0,-1.0,1.0,-1.0,0.0,2.0,3.0,4.0,-0.21875
1.0,-2.0,-1.0,-1.0,0.0,2.0,3.0,4.0,-0.21875
1.0,-2.0,-1.0,-1.0,0.0,-1.0,3.0,0.0,-0.21875
1.0,-2.0,2.0,-1.0,0.0,3.0,3.0,4.0,-0.21875
1.0,-2.0,2.0,-2.0,0.0,-1.0,-1.0,4.0,-0.21875
1.0,-2.0,2.0,0.0,1.0,-1.0,-1.0,4.0,-0.21875
0.0,-2.0,0.0,0.0,1.0,-3.0,-1.0,0.0,-0.21875
0.0,-1.0,0.0,2.0,1.0,1.0,3.0,0.0,-0.21875
0.0,-1.0,0.0,2.0,0.0,1.0,1.0,0.0,-0.21875
0.0,-1.0,0.0,3.0,0.0,3.0,1.0,0.0,-0.21875
0.0,-2.0,0.0,3.0,-2.0,1.0,1.0,0.0,-0.21875
0.0,0.0,0.0,0.0,0.0,0.0,1.0,2.0,0.03125
0.0,0.0,0.0,0.0,0.0,0.0,0.0,0.0,0.03125
0.0,0.0,0.0,0.0,0.0,1.0,2.0,2.0,0.03125
0.0,0.0,0.0,0.0,0.0,0.0,2.0,0.0,0.03125
0.0,0.0,0.0,0.0,0.0,0.0,3.0,2.0,0.03125
0.0,0.0,0.0,-1.0,0.0,-2.0,-1.0,2.0,0.03125
0.0,0.0,0.0,0.0,0.0,-2.0,1.0,2.0,0.03125
0.0,-1.0,0.0,-2.0,0.0,-2.0,1.0,2.0,0.03125
0.0,0.0,0.0,0.0,0.0,0.0,3.0,2.0,0.03125
0.0,0.0,0.0,0.0,0.0,-1.0,3.0,0.0,0.03125
0.0,0.0,0.0,0.0,0.0,-1.0,4.0,2.0,0.03125
0.0,0.0,0.0,0.0,0.0,-1.0,1.0,2.0,0.03125
0.0,0.0,0.0,0.0,1.0,-1.0,5.0,4.0,0.03125
0.0,0.0,0.0,0.0,1.0,-2.0,1.0,4.0,0.03125
0.0,0.0,0.0,0.0,2.0,0.0,1.0,4.0,0.03125
0.0,0.0,-1.0,0.0,2.0,-2.0,1.0,0.0,0.03125
0.0,0.0,-1.0,1.0,2.0,0.0,3.0,0.0,0.03125
0.0,0.0,-2.0,1.0,2.0,-2.0,3.0,0.0,0.03125
0.0,0.0,-2.0,1.0,2.0,-2.0,4.0,2.0,0.03125
0.0,0.0,0.0,0.0,0.0,0.0,1.0,2.0,0.6875
0.0,0.0,0.0,0.0,0.0,0.0,0.0,0.0,0.6875
0.0,0.0,0.0,0.0,0.0,1.0,2.0,2.0,0.6875
0.0,0.0,0.0,0.0,0.0,0.0,2.0,0.0,0.6875
0.0,0.0,0.0,1.0,0.0,2.0,2.0,0.0,0.6875
0.0,0.0,-1.0,1.0,0.0,0.0,2.0,0.0,0.6875
0.0,0.0,-1.0,1.0,0.0,0.0,3.0,2.0,0.6875
0.0,0.0,-1.0,1.0,0.0,0.0,2.0,0.0,0.6875
1.0,0.0,1.0,1.0,0.0,2.0,2.0,2.0,0.6875
1.0,0.0,1.0,1.0,0.0,1.0,2.0,0.0,0.6875
1.0,0.0,1.0,2.0,0.0,1.0,4.0,0.0,0.6875
1.0,0.0,1.0,2.0,-1.0,1.0,2.0,-2.0,0.6875
1.0,0.0,1.0,3.0,-1.0,1.0,4.0,0.0,0.6875
1.0,0.0,1.0,3.0,-2.0,1.0,-2.0,-2.0,0.6875
1.0,0.0,1.0,3.0,1.0,1.0,0.0,-2.0,0.6875
1.0,-1.0,1.0,3.0,-1.0,1.0,-2.0,-2.0,0.6875
1.0,-1.0,1.0,3.0,-1.0,2.0,2.0,2.0,0.6875
1.0,-2.0,1.0,1.0,-1.0,0.0,2.0,2.0,0.6875
1.0,-1.0,1.0,1.0,1.0,0.0,2.0,2.0,0.6875
0.0,0.0,0.0,0.0,0.0,0.0,1.0,2.0,-0.28125
0.0,0.0,0.0,0.0,0.0,-1.0,1.0,0.0,-0.28125
0.0,0.0,0.0,1.0,0.0,1.0,1.0,0.0,-0.28125
0.0,0.0,0.0,1.0,0.0,1.0,0.0,-2.0,-0.28125
0.0,0.0,0.0,1.0,0.0,2.0,2.0,0.0,-0.28125
0.0,0.0,-1.0,1.0,0.0,0.0,2.0,0.0,-0.28125
0.0,0.0,-1.0,1.0,0.0,0.0,3.0,2.0,-0.28125
0.0,-1.0,-1.0,-1.0,0.0,0.0,3.0,2.0,-0.28125
1.0,-1.0,1.0,-1.0,0.0,2.0,3.0,4.0,-0.28125
1.0,-1.0,1.0,-2.0,0.0,-2.0,-1.0,4.0,-0.28125
1.0,-1.0,1.0,0.0,1.0,-2.0,-1.0,4.0,-0.28125
1.0,-2.0,-1.0,0.0,1.0,-2.0,-1.0,4.0,-0.28125
1.0,-1.0,1.0,0.0,1.0,-2.0,-1.0,4.0,-0.28125
1.0,-1.0,1.0,0.0,-1.0,-2.0,-2.0,2.0,-0.28125
1.0,2.0,1.0,0.0,-1.0,-2.0,-2.0,2.0,-0.28125
1.0,2.0,1.0,0.0,-1.0,-2.0,-3.0,-2.0,-0.28125
1.0,3.0,1.0,2.0,-1.0,2.0,1.0,-2.0,-0.28125
1.0,3.0,1.0,2.0,-2.0,0.0,-1.0,-2.0,-0.28125
1.0,3.0,1.0,3.0,-2.0,0.0,1.0,0.0,-0.28125
0.0,0.0,0.0,0.0,0.0,0.0,1.0,2.0,0.1875
0.0,0.0,0.0,0.0,0.0,-1.0,1.0,0.0,0.1875
0.0,0.0,0.0,1.0,0.0,1.0,1.0,0.0,0.1875
0.0,0.0,0.0,1.0,0.0,1.0,0.0,-2.0,0.1875
0.0,0.0,0.0,1.0,0.0,2.0,2.0,0.0,0.1875
0.0,0.0,0.0,1.0,-1.0,2.0,0.0,-2.0,0.1875
0.0,0.0,0.0,1.0,-1.0,3.0,0.0,2.0,0.1875
0.0,-1.0,0.0,-1.0,-1.0,1.0,-2.0,2.0,0.1875
0.0,0.0,0.0,-1.0,1.0,1.0,0.0,4.0,0.1875
0.0,0.0,0.0,-1.0,1.0,1.0,-1.0,0.0,0.1875
0.0,0.0,0.0,-1.0,1.0,1.0,2.0,2.0,0.1875
0.0,0.0,0.0,-1.0,1.0,1.0,-1.0,2.0,0.1875
0.0,0.0,0.0,-1.0,2.0,1.0,3.0,4.0,0.1875
0.0,0.0,-1.0,-1.0,2.0,-1.0,3.0,0.0,0.1875
0.0,0.0,-1.0,-1.0,2.0,-1.0,4.0,2.0,0.1875
0.0,0.0,-1.0,-1.0,2.0,-1.0,3.0,-2.0,0.1875
0.0,0.0,-1.0,-1.0,3.0,-1.0,5.0,2.0,0.1875
0.0,0.0,-1.0,-2.0,3.0,-3.0,-1.0,2.0,0.1875
1.0,0.0,1.0,-2.0,3.0,-1.0,-1.0,4.0,0.1875
0.0,0.0,0.0,0.0,0.0,0.0,1.0,2.0,0.21875
0.0,0.0,0.0,0.0,0.0,-1.0,1.0,0.0,0.21875
0.0,0.0,0.0,0.0,0.0,-1.0,2.0,2.0,0.21875
0.0,0.0,0.0,0.0,0.0,-1.0,-1.0,0.0,0.21875
0.0,0.0,0.0,0.0,0.0,0.0,-1.0,2.0,0.21875
0.0,0.0,0.0,0.0,-1.0,0.0,-3.0,2.0,0.21875
0.0,0.0,0.0,1.0,-1.0,2.0,3.0,2.0,0.21875
0.0,0.0,0.0,1.0,-2.0,2.0,-3.0,0.0,0.21875
0.0,0.0,0.0,1.0,-2.0,2.0,-2.0,2.0,0.21875
0.0,0.0,0.0,1.0,-2.0,2.0,-3.0,-2.0,0.21875
0.0,0.0,0.0,1.0,-2.0,2.0,0.0,2.0,0.21875
0.0,0.0,0.0,0.0,-2.0,2.0,-2.0,0.0,0.21875
0.0,0.0,0.0,0.0,-1.0,2.0,0.0,0.0,0.21875
0.0,-1.0,0.0,0.0,-3.0,2.0,-2.0,-2.0,0.21875
0.0,-1.0,0.0,0.0,-2.0,2.0,0.0,-2.0,0.21875
0.0,-1.0,0.0,0.0,-3.0,0.0,0.0,-2.0,0.21875
0.0,0.0,0.0,0.0,-1.0,0.0,2.0,2.0,0.21875
0.0,-1.0,0.0,0.0,-3.0,0.0,-2.0,2.0,0.21875
0.0,0.0,0.0,2.0,-3.0,0.0,0.0,4.0,0.21875
0.0,0.0,0.0,0.0,0.0,0.0,1.0,2.0,0.34375
0.0,0.0,0.0,0.0,0.0,-1.0,1.0,0.0,0.34375
0.0,0.0,0.0,1.0,0.0,1.0,1.0,0.0,0.34375
0.0,0.0,0.0,1.0,0.0,1.0,0.0,-2.0,0.34375
0.0,0.0,0.0,1.0,0.0,2.0,2.0,0.0,0.34375
0.0,0.0,-1.0,1.0,0.0,0.0,2.0,0.0,0.34375
0.0,0.0,-1.0,1.0,0.0,0.0,3.0,2.0,0.34375
0.0,-1.0,-1.0,-1.0,0.0,0.0,3.0,2.0,0.34375
1.0,-1.0,1.0,-1.0,0.0,2.0,3.0,4.0,0.34375
1.0,-2.0,-1.0,-1.0,0.0,2.0,3.0,4.0,0.34375
1.0,-2.0,-1.0,-1.0,0.0,-1.0,3.0,0.0,0.34375
1.0,-2.0,-1.0,-1.0,0.0,-1.0,4.0,2.0,0.34375
1.0,-2.0,-1.0,-1.0,0.0,-1.0,1.0,0.0,0.34375
1.0,-2.0,0.0,-1.0,0.0,1.0,1.0,0.0,0.34375
1.0,-2.0,0.0,-2.0,0.0,-1.0,-3.0,0.0,0.34375
1.0,-1.0,0.0,0.0,0.0,-1.0,-1.0,0.0,0.34375
0.0,-1.0,-2.0,0.0,0.0,-3.0,-1.0,-2.0,0.34375
0.0,-1.0,-1.0,0.0,0.0,-1.0,-1.0,0.0,0.34375
0.0,-2.0,-1.0,-2.0,0.0,-3.0,-1.0,0.0,0.34375
0.0,0.0,0.0,0.0,0.0,0.0,1.0,2.0,-0.34375
0.0,0.0,0.0,0.0,0.0,-1.0,1.0,0.0,-0.34375
0.0,0.0,0.0,1.0,0.0,1.0,1.0,0.0,-0.34375
0.0,0.0,0.0,1.0,0.0,1.0,0.0,-2.0,-0.34375
0.0,0.0,0.0,1.0,0.0,2.0,2.0,0.0,-0.34375
0.0,0.0,-1.0,1.0,0.0,0.0,2.0,0.0,-0.34375
0.0,0.0,-1.0,1.0,0.0,0.0,3.0,2.0,-0.34375
0.0,-1.0,-1.0,-1.0,0.0,0.0,3.0,2.0,-0.34375
1.0,-1.0,1.0,-1.0,0.0,2.0,3.0,4.0,-0.34375
1.0,-2.0,-1.0,-1.0,0.0,2.0,3.0,4.0,-0.34375
1.0,-2.0,-1.0,-1.0,0.0,-1.0,3.0,0.0,-0.34375
1.0,-2.0,2.0,-1.0,0.0,3.0,3.0,4.0,-0.34375
1.0,-2.0,2.0,-2.0,0.0,-1.0,-1.0,4.0,-0.34375
1.0,-2.0,2.0,0.0,1.0,-1.0,-1.0,4.0,-0.34375
0.0,-2.0,0.0,0.0,1.0,-3.0,-1.0,0.0,-0.34375
0.0,-2.0,0.0,0.0,1.0,-3.0,0.0,2.0,-0.34375
0.0,-3.0,0.0,0.0,-1.0,-3.0,0.0,2.0,-0.34375
0.0,-2.0,0.0,2.0,-1.0,1.0,4.0,2.0,-0.34375
0.0,-2.0,0.0,2.0,-2.0,-1.0,2.0,2.0,-0.34375
0.0,0.0,0.0,0.0,0.0,0.0,1.0,2.0,0.21875
0.0,0.0,0.0,0.0,0.0,-1.0,1.0,0.0,0.21875
0.0,0.0,0.0,0.0,0.0,-1.0,2.0,2.0,0.21875
0.0,0.0,0.0,0.0,0.0,-1.0,-1.0,2.0,0.21875
0.0,0.0,0.0,0.0,1.0,-1.0,1.0,2.0,0.21875
0.0,-1.0,0.0,0.0,-1.0,-1.0,1.0,2.0,0.21875
0.0,-1.0,0.0,0.0,-1.0,-1.0,2.0,4.0,0.21875
0.0,-1.0,0.0,0.0,-1.0,-1.0,-1.0,4.0,0.21875
0.0,-1.0,0.0,1.0,-1.0,-1.0,1.0,4.0,0.21875
0.0,-2.0,0.0,-1.0,-1.0,-1.0,1.0,4.0,0.21875
0.0,-2.0,0.0,0.0,-1.0,1.0,3.0,4.0,0.21875
0.0,-2.0,0.0,0.0,-1.0,1.0,0.0,0.0,0.21875
0.0,-2.0,0.0,0.0,-1.0,2.0,2.0,0.0,0.21875
0.0,-3.0,0.0,-2.0,-1.0,2.0,0.0,-2.0,0.21875
0.0,-3.0,0.0,-2.0,0.0,2.0,2.0,-2.0,0.21875
0.0,-3.0,0.0,-3.0,0.0,2.0,0.0,-2.0,0.21875
0.0,-3.0,0.0,-3.0,0.0,3.0,0.0,0.0,0.21875
0.0,-4.0,0.0,-3.0,-2.0,3.0,0.0,0.0,0.21875
0.0,-3.0,0.0,-3.0,0.0,3.0,0.0,0.0,0.21875
0.0,0.0,0.0,0.0,0.0,0.0,1.0,2.0,0.71875
0.0,0.0,0.0,0.0,0.0,-1.0,1.0,0.0,0.71875
0.0,0.0,0.0,1.0,0.0,1.0,1.0,0.0,0.71875
0.0,0.0,0.0,1.0,0.0,1.0,0.0,-2.0,0.71875
0.0,0.0,0.0,1.0,0.0,2.0,0.0,2.0,0.71875
0.0,0.0,0.0,1.0,0.0,2.0,-1.0,0.0,0.71875
0.0,0.0,0.0,1.0,1.0,2.0,1.0,2.0,0.71875
0.0,0.0,0.0,1.0,0.0,2.0,-1.0,-2.0,0.71875
0.0,0.0,0.0,2.0,0.0,2.0,1.0,-2.0,0.71875
0.0,0.0,0.0,2.0,0.0,1.0,1.0,-4.0,0.71875
0.0,0.0,0.0,3.0,0.0,3.0,1.0,-4.0,0.71875
0.0,-1.0,0.0,1.0,0.0,3.0,-1.0,-4.0,0.71875
0.0,0.0,0.0,3.0,0.0,3.0,-1.0,-4.0,0.71875
0.0,0.0,-1.0,1.0,0.0,1.0,-1.0,-4.0,0.71875
1.0,0.0,1.0,1.0,0.0,3.0,-1.0,0.0,0.71875
1.0,-1.0,1.0,-1.0,0.0,1.0,-1.0,0.0,0.71875
1.0,2.0,1.0,-1.0,0.0,1.0,-1.0,0.0,0.71875
1.0,1.0,1.0,-1.0,-2.0,1.0,-3.0,0.0,0.71875
1.0,1.0,1.0,1.0,-2.0,3.0,-2.0,0.0,0.71875
0.0,0.0,0.0,0.0,0.0,0.0,1.0,2.0,0.4375
0.0,0.0,0.0,0.0,0.0,-1.0,1.0,0.0,0.4375
0.0,0.0,0.0,1.0,0.0,1.0,1.0,0.0,0.4375
0.0,0.0,0.0,1.0,0.0,1.0,0.0,-2.0,0.4375
0.0,0.0,0.0,1.0,0.0,2.0,0.0,2.0,0.4375
0.0,-1.0,0.0,-1.0,0.0,0.0,-2.0,2.0,0.4375
0.0,-1.0,0.0,-1.0,1.0,0.0,0.0,2.0,0.4375
0.0,-1.0,0.0,-1.0,1.0,-1.0,0.0,0.0,0.4375
0.0,-1.0,0.0,-1.0,1.0,-1.0,3.0,2.0,0.4375
0.0,-1.0,0.0,-1.0,1.0,-2.0,-1.0,0.0,0.4375
0.0,-1.0,0.0,0.0,1.0,0.0,1.0,0.0,0.4375
0.0,-1.0,0.0,0.0,1.0,0.0,0.0,-2.0,0.4375
0.0,-1.0,0.0,0.0,1.0,0.0,1.0,2.0,0.4375
0.0,-2.0,0.0,-2.0,1.0,-2.0,-1.0,2.0,0.4375
0.0,-2.0,0.0,-2.0,2.0,-2.0,3.0,2.0,0.4375
0.0,-3.0,0.0,-2.0,0.0,-2.0,3.0,2.0,0.4375
0.0,-3.0,0.0,-1.0,0.0,0.0,3.0,2.0,0.4375
0.0,-3.0,0.0,-1.0,0.0,0.0,2.0,0.0,0.4375
0.0,-3.0,0.0,-1.0,1.0,0.0,4.0,4.0,0.4375
0.0,0.0,0.0,0.0,0.0,0.0,1.0,2.0,0.03125
0.0,0.0,0.0,0.0,0.0,-1.0,1.0,0.0,0.03125
0.0,0.0,0.0,1.0,0.0,1.0,1.0,0.0,0.03125
0.0,0.0,0.0,1.0,0.0,1.0,0.0,-2.0,0.03125
0.0,0.0,0.0,1.0,0.0,2.0,2.0,0.0,0.03125
0.0,0.0,-1.0,1.0,0.0,0.0,2.0,0.0,0.03125
0.0,0.0,-1.0,1.0,0.0,0.0,3.0,2.0,0.03125
0.0,0.0,-1.0,-1.0,-1.0,0.0,3.0,2.0,0.03125
0.0,1.0,-1.0,1.0,-1.0,2.0,3.0,2.0,0.03125
0.0,1.0,-1.0,1.0,-1.0,2.0,2.0,0.0,0.03125
0.0,2.0,-1.0,1.0,1.0,2.0,2.0,0.0,0.03125
0.0,2.0,-1.0,-1.0,-2.0,2.0,2.0,0.0,0.03125
1.0,2.0,1.0,-1.0,-2.0,2.0,2.0,0.0,0.03125
1.0,2.0,1.0,-1.0,-2.0,2.0,1.0,-4.0,0.03125
1.0,2.0,1.0,2.0,2.0,2.0,1.0,-4.0,0.03125
1.0,2.0,1.0,2.0,1.0,2.0,-3.0,-4.0,0.03125
1.0,2.0,1.0,2.0,1.0,2.0,-2.0,0.0,0.03125
1.0,2.0,1.0,2.0,1.0,2.0,-3.0,-2.0,0.03125
1.0,2.0,1.0,3.0,1.0,2.0,-1.0,-2.0,0.03125
0.0,0.0,0.0,0.0,0.0,0.0,1.0,2.0,0.125
0.0,0.0,0.0,0.0,0.0,-1.0,1.0,0.0,0.125
0.0,0.0,0.0,1.0,0.0,1.0,1.0,0.0,0.125
0.0,0.0,0.0,1.0,0.0,1.0,0.0,-2.0,0.125
0.0,0.0,0.0,1.0,0.0,2.0,2.0,0.0,0.125
0.0,0.0,-1.0,1.0,0.0,0.0,2.0,0.0,0.125
0.0,0.0,-1.0,1.0,0.0,0.0,3.0,2.0,0.125
0.0,-1.0,-1.0,-1.0,0.0,0.0,3.0,2.0,0.125
1.0,-1.0,1.0,-1.0,0.0,2.0,3.0,4.0,0.125
1.0,-2.0,-1.0,-1.0,0.0,2.0,3.0,4.0,0.125
1.0,-2.0,-1.0,-1.0,0.0,-1.0,3.0,0.0,0.125
1.0,-2.0,2.0,-1.0,0.0,3.0,3.0,4.0,0.125
1.0,-2.0,2.0,-2.0,0.0,-1.0,-1.0,4.0,0.125
1.0,-2.0,2.0,0.0,1.0,-1.0,-1.0,4.0,0.125
0.0,-2.0,0.0,0.0,1.0,-3.0,-1.0,0.0,0.125
0.0,-1.0,0.0,2.0,1.0,1.0,3.0,0.0,0.125
0.0,-1.0,0.0,2.0,0.0,1.0,1.0,0.0,0.125
0.0,-1.0,0.0,3.0,0.0,3.0,1.0,0.0,0.125
0.0,-2.0,0.0,3.0,-2.0,1.0,1.0,0.0,0.125
0.0,0.0,0.0,0.0,0.0,0.0,1.0,2.0,0.53125
0.0,0.0,0.0,0.0,0.0,0.0,0.0,0.0,0.53125
0.0,0.0,0.0,0.0,0.0,0.0,1.0,2.0,0.53125
0.0,0.0,0.0,0.0,0.0,-1.0,1.0,0.0,0.53125
0.0,0.0,0.0,1.0,0.0,-1.0,3.0,0.0,0.53125
0.0,0.0,0.0,0.0,0.0,-1.0,1.0,0.0,0.53125
0.0,0.0,0.0,0.0,0.0,-1.0,2.0,2.0,0.53125
0.0,0.0,0.0,0.0,-1.0,-1.0,0.0,2.0,0.53125
0.0,0.0,0.0,0.0,0.0,-1.0,2.0,2.0,0.53125
0.0,0.0,0.0,0.0,-3.0,-1.0,0.0,2.0,0.53125
0.0,1.0,0.0,0.0,-1.0,-1.0,2.0,2.0,0.53125
0.0,1.0,0.0,0.0,-2.0,-1.0,0.0,0.0,0.53125
0.0,1.0,0.0,0.0,-2.0,0.0,0.0,2.0,0.53125
0.0,1.0,0.0,0.0,-3.0,-2.0,0.0,2.0,0.53125
0.0,2.0,0.0,0.0,-1.0,-2.0,2.0,2.0,0.53125
0.0,2.0,0.0,0.0,-1.0,-2.0,-1.0,2.0,0.53125
0.0,3.0,0.0,0.0,1.0,-2.0,1.0,2.0,0.53125
0.0,2.0,0.0,0.0,-1.0,-2.0,1.0,2.0,0.53125
0.0,3.0,0.0,0.0,1.0,0.0,1.0,2.0,0.53125
0.0,0.0,0.0,0.0,0.0,0.0,1.0,2.0,-0.375
0.0,0.0,0.0,0.0,0.0,0.0,0.0,0.0,-0.375
0.0,0.0,0.0,0.0,0.0,1.0,2.0,2.0,-0.375
0.0,0.0,0.0,0.0,0.0,0.0,2.0,0.0,-0.375
0.0,0.0,0.0,0.0,0.0,0.0,3.0,2.0,-0.375
0.0,0.0,0.0,-1.0,0.0,-2.0,-1.0,2.0,-0.375
0.0,0.0,1.0,-1.0,0.0,0.0,-1.0,4.0,-0.375
0.0,0.0,1.0,-1.0,0.0,0.0,-2.0,0.0,-0.375
0.0,1.0,1.0,1.0,0.0,2.0,2.0,0.0,-0.375
0.0,1.0,1.0,1.0,0.0,1.0,0.0,-2.0,-0.375
0.0,1.0,2.0,1.0,0.0,3.0,0.0,2.0,-0.375
0.0,1.0,2.0,1.0,-1.0,3.0,-2.0,-2.0,-0.375
0.0,1.0,2.0,1.0,-1.0,3.0,-1.0,0.0,-0.375
-1.0,1.0,0.0,1.0,-1.0,1.0,-1.0,-2.0,-0.375
-1.0,2.0,0.0,1.0,1.0,1.0,1.0,-2.0,-0.375
-2.0,2.0,-2.0,1.0,1.0,-1.0,1.0,-2.0,-0.375
-2.0,2.0,-2.0,1.0,2.0,-1.0,5.0,2.0,-0.375
-2.0,2.0,-2.0,1.0,2.0,-2.0,1.0,2.0,-0.375
-2.0,2.0,-2.0,2.0,2.0,0.0,1.0,2.0,-0.375
0.0,0.0,0.0,0.0,0.0,0.0,1.0,2.0,0.1875
0.0,0.0,0.0,0.0,0.0,-1.0,1.0,0.0,0.1875
0.0,0.0,0.0,1.0,0.0,1.0,1.0,0.0,0.1875
0.0,0.0,0.0,1.0,0.0,1.0,0.0,-2.0,0.1875
0.0,0.0,0.0,1.0,0.0,2.0,0.0,2.0,0.1875
0.0,0.0,0.0,1.0,0.0,2.0,-1.0,0.0,0.1875
0.0,0.0,0.0,1.0,0.0,3.0,-1.0,2.0,0.1875
0.0,0.0,0.0,1.0,0.0,3.0,-2.0,0.0,0.1875
0.0,0.0,0.0,2.0,0.0,3.0,0.0,0.0,0.1875
0.0,0.0,0.0,2.0,-1.0,3.0,-4.0,-4.0,0.1875
0.0,0.0,0.0,2.0,-1.0,3.0,-1.0,-2.0,0.1875
0.0,-1.0,0.0,0.0,-1.0,1.0,-1.0,-2.0,0.1875
0.0,0.0,0.0,0.0,1.0,1.0,1.0,-2.0,0.1875
0.0,-1.0,0.0,0.0,-1.0,1.0,-1.0,-2.0,0.1875
0.0,2.0,0.0,0.0,-1.0,1.0,-1.0,-2.0,0.1875
0.0,1.0,0.0,-2.0,-1.0,1.0,-1.0,-2.0,0.1875
0.0,1.0,0.0,-2.0,-1.0,2.0,1.0,2.0,0.1875
0.0,1.0,0.0,-3.0,-1.0,0.0,-3.0,2.0,0.1875
0.0,1.0,0.0,-2.0,-1.0,0.0,-1.0,2.0,0.1875
0.0,0.0,0.0,0.0,0.0,0.0,1.0,2.0,-0.5625
0.0,0.0,0.0,0.0,0.0,-1.0,1.0,0.0,-0.5625
0.0,0.0,0.0,1.0,0.0,1.0,1.0,0.0,-0.5625
0.0,0.0,0.0,1.0,0.0,1.0,0.0,-2.0,-0.5625
0.0,0.0,0.0,1.0,0.0,2.0,2.0,0.0,-0.5625
0.0,0.0,-1.0,1.0,0.0,0.0,2.0,0.0,-0.5625
0.0,0.0,-1.0,1.0,0.0,0.0,3.0,2.0,-0.5625
0.0,-1.0,-1.0,-1.0,0.0,0.0,3.0,2.0,-0.5625
1.0,-1.0,1.0,-1.0,0.0,2.0,3.0,4.0,-0.5625
1.0,-2.0,-1.0,-1.0,0.0,2.0,3.0,4.0,-0.5625
1.0,-2.0,-1.0,-1.0,0.0,-1.0,3.0,0.0,-0.5625
1.0,-2.0,2.0,-1.0,0.0,3.0,3.0,4.0,-0.5625
1.0,-2.0,2.0,-2.0,0.0,-1.0,-1.0,4.0,-0.5625
1.0,-2.0,2.0,0.0,1.0,-1.0,-1.0,4.0,-0.5625
0.0,-2.0,0.0,0.0,1.0,-3.0,-1.0,0.0,-0.5625
0.0,-1.0,0.0,2.0,1.0,1.0,3.0,0.0,-0.5625
0.0,-1.0,0.0,2.0,0.0,1.0,1.0,0.0,-0.5625
0.0,-1.0,0.0,3.0,0.0,3.0,1.0,0.0,-0.5625
0.0,-2.0,0.0,3.0,-2.0,1.0,1.0,0.0,-0.5625
0.0,0.0,0.0,0.0,0.0,0.0,1.0,2.0,0.625
0.0,0.0,0.0,0.0,0.0,-1.0,1.0,0.0,0.625
0.0,0.0,0.0,1.0,0.0,1.0,1.0,0.0,0.625
0.0,0.0,0.0,1.0,0.0,1.0,0.0,-2.0,0.625
0.0,0.0,0.0,1.0,0.0,2.0,2.0,0.0,0.625
0.0,0.0,-1.0,1.0,0.0,0.0,2.0,0.0,0.625
0.0,0.0,-1.0,1.0,0.0,0.0,3.0,2.0,0.625
0.0,-1.0,-1.0,-1.0,0.0,0.0,3.0,2.0,0.625
1.0,-1.0,1.0,-1.0,0.0,2.0,3.0,4.0,0.625
1.0,-1.0,1.0,-2.0,0.0,-2.0,-1.0,4.0,0.625
1.0,-1.0,1.0,0.0,1.0,-2.0,-1.0,4.0,0.625
1.0,-2.0,-1.0,0.0,1.0,-2.0,-1.0,4.0,0.625
1.0,-1.0,1.0,0.0,1.0,-2.0,-1.0,4.0,0.625
1.0,-1.0,1.0,0.0,-1.0,-2.0,-2.0,2.0,0.625
1.0,0.0,1.0,2.0,-1.0,2.0,2.0,2.0,0.625
1.0,0.0,1.0,1.0,-1.0,2.0,0.0,2.0,0.625
1.0,3.0,1.0,1.0,-1.0,2.0,0.0,2.0,0.625
1.0,3.0,1.0,1.0,-2.0,2.0,-2.0,-2.0,0.625
1.0,3.0,1.0,1.0,-2.0,2.0,-1.0,2.0,0.625
0.0,0.0,0.0,0.0,0.0,0.0,1.0,2.0,0.59375
0.0,0.0,0.0,0.0,0.0,-1.0,1.0,0.0,0.59375
0.0,0.0,0.0,1.0,0.0,1.0,1.0,0.0,0.59375
0.0,0.0,0.0,1.0,0.0,1.0,0.0,-2.0,0.59375
0.0,0.0,0.0,1.0,0.0,2.0,2.0,0.0,0.59375
0.0,0.0,-1.0,1.0,0.0,0.0,2.0,0.0,0.59375
0.0,0.0,-1.0,1.0,0.0,0.0,3.0,2.0,0.59375
0.0,-1.0,-1.0,-1.0,0.0,0.0,3.0,2.0,0.59375
1.0,-1.0,1.0,-1.0,0.0,2.0,3.0,4.0,0.59375
1.0,-2.0,-1.0,-1.0,0.0,2.0,3.0,4.0,0.59375
1.0,-2.0,-1.0,-1.0,0.0,-1.0,3.0,0.0,0.59375
1.0,-2.0,2.0,-1.0,0.0,3.0,3.0,4.0,0.59375
1.0,-2.0,2.0,-2.0,0.0,-1.0,-1.0,4.0,0.59375
1.0,-2.0,2.0,0.0,1.0,-1.0,-1.0,4.0,0.59375
0.0,-2.0,0.0,0.0,1.0,-3.0,-1.0,0.0,0.59375
0.0,-1.0,0.0,2.0,1.0,1.0,3.0,0.0,0.59375
0.0,-1.0,0.0,2.0,0.0,1.0,1.0,0.0,0.59375
0.0,-1.0,0.0,3.0,0.0,3.0,1.0,0.0,0.59375
0.0,-2.0,0.0,3.0,-2.0,1.0,1.0,0.0,0.59375
0.0,0.0,0.0,0.0,0.0,0.0,1.0,2.0,-0.0625
0.0,0.0,0.0,0.0,0.0,-1.0,1.0,0.0,-0.0625
0.0,0.0,0.0,1.0,0.0,1.0,1.0,0.0,-0.0625
0.0,0.0,0.0,1.0,0.0,1.0,0.0,-2.0,-0.0625
0.0,0.0,0.0,1.0,0.0,2.0,2.0,0.0,-0.0625
0.0,0.0,-1.0,1.0,0.0,0.0,2.0,0.0,-0.0625
0.0,0.0,-1.0,1.0,0.0,0.0,3.0,2.0,-0.0625
0.0,-1.0,-1.0,-1.0,0.0,0.0,3.0,2.0,-0.0625
1.0,-1.0,1.0,-1.0,0.0,2.0,3.0,4.0,-0.0625
1.0,-2.0,-1.0,-1.0,0.0,2.0,3.0,4.0,-0.0625
1.0,-2.0,-1.0,-2.0,0.0,-2.0,-1.0,4.0,-0.0625
1.0,-2.0,-1.0,-1.0,0.0,-2.0,1.0,4.0,-0.0625
1.0,-2.0,-1.0,-1.0,0.0,-2.0,0.0,2.0,-0.0625
1.0,-1.0,1.0,-1.0,0.0,-2.0,0.0,2.0,-0.0625
1.0,-1.0,1.0,-1.0,-1.0,-2.0,-2.0,-2.0,-0.0625
1.0,2.0,1.0,1.0,-1.0,-2.0,-2.0,-2.0,-0.0625
1.0,2.0,1.0,1.0,-2.0,-2.0,-4.0,-2.0,-0.0625
1.0,2.0,1.0,1.0,-2.0,0.0,-3.0,0.0,-0.0625
1.0,2.0,1.0,1.0,-3.0,-2.0,-3.0,0.0,-0.0625
0.0,0.0,0.0,0.0,0.0,0.0,1.0,2.0,0.21875
0.0,0.0,0.0,0.0,0.0,-1.0,1.0,0.0,0.21875
0.0,0.0,0.0,1.0,0.0,1.0,1.0,0.0,0.21875
0.0,0.0,0.0,1.0,0.0,1.0,0.0,-2.0,0.21875
0.0,0.0,0.0,1.0,0.0,2.0,0.0,2.0,0.21875
0.0,-1.0,0.0,-1.0,0.0,0.0,-2.0,2.0,0.21875
0.0,-1.0,0.0,-1.0,0.0,1.0,-2.0,4.0,0.21875
0.0,-1.0,0.0,-1.0,0.0,1.0,-3.0,0.0,0.21875
0.0,-1.0,0.0,0.0,0.0,1.0,-1.0,0.0,0.21875
0.0,-1.0,0.0,0.0,0.0,1.0,-2.0,-2.0,0.21875
0.0,-1.0,0.0,0.0,0.0,1.0,1.0,-2.0,0.21875
0.0,-1.0,0.0,-1.0,0.0,-1.0,1.0,-2.0,0.21875
0.0,-1.0,1.0,-1.0,0.0,1.0,1.0,0.0,0.21875
0.0,-2.0,1.0,-3.0,0.0,1.0,-3.0,-2.0,0.21875
0.0,-2.0,1.0,-1.0,1.0,1.0,-3.0,-2.0,0.21875
-1.0,-2.0,-1.0,-1.0,1.0,-1.0,-3.0,-4.0,0.21875
-1.0,-1.0,-1.0,1.0,1.0,3.0,1.0,-4.0,0.21875
-1.0,-1.0,-1.0,1.0,0.0,3.0,-3.0,-4.0,0.21875
-1.0,0.0,-1.0,1.0,2.0,3.0,-3.0,-4.0,0.21875
0.0,0.0,0.0,0.0,0.0,0.0,1.0,2.0,0.4375
0.0,0.0,0.0,0.0,0.0,-1.0,1.0,0.0,0.4375
0.0,0.0,0.0,1.0,0.0,1.0,1.0,0.0,0.4375
0.0,0.0,0.0,1.0,0.0,1.0,0.0,-2.0,0.4375
0.0,0.0,0.0,1.0,0.0,2.0,2.0,0.0,0.4375
0.0,0.0,-1.0,1.0,0.0,0.0,2.0,0.0,0.4375
0.0,0.0,-1.0,1.0,0.0,0.0,3.0,2.0,0.4375
0.0,-1.0,-1.0,-1.0,0.0,0.0,3.0,2.0,0.4375
1.0,-1.0,1.0,-1.0,0.0,2.0,3.0,4.0,0.4375
1.0,-2.0,-1.0,-1.0,0.0,2.0,3.0,4.0,0.4375
1.0,-2.0,-1.0,-2.0,0.0,-2.0,-1.0,4.0,0.4375
1.0,-2.0,-1.0,-1.0,0.0,-2.0,1.0,4.0,0.4375
1.0,-2.0,-1.0,-3.0,-1.0,-2.0,1.0,4.0,0.4375
1.0,-1.0,-1.0,-1.0,-1.0,-2.0,1.0,4.0,0.4375
1.0,-2.0,-1.0,-3.0,-1.0,-2.0,1.0,4.0,0.4375
1.0,3.0,-1.0,-3.0,-1.0,-2.0,1.0,4.0,0.4375
1.0,3.0,-1.0,-3.0,-2.0,-2.0,-1.0,0.0,0.4375
1.0,4.0,-1.0,1.0,-2.0,-2.0,-1.0,0.0,0.4375
1.0,4.0,-1.0,-1.0,-3.0,-2.0,-1.0,0.0,0.4375
0.0,0.0,0.0,0.0,0.0,0.0,1.0,2.0,0.03125
0.0,0.0,0.0,0.0,0.0,-1.0,1.0,0.0,0.03125
0.0,0.0,0.0,1.0,0.0,1.0,1.0,0.0,0.03125
0.0,0.0,0.0,1.0,0.0,1.0,0.0,-2.0,0.03125
0.0,0.0,0.0,1.0,0.0,2.0,2.0,0.0,0.03125
0.0,0.0,-1.0,1.0,0.0,0.0,2.0,0.0,0.03125
0.0,0.0,-1.0,1.0,0.0,0.0,3.0,2.0,0.03125
0.0,-1.0,-1.0,-1.0,0.0,0.0,3.0,2.0,0.03125
1.0,-1.0,1.0,-1.0,0.0,2.0,3.0,4.0,0.03125
1.0,-2.0,-1.0,-1.0,0.0,2.0,3.0,4.0,0.03125
1.0,-2.0,-1.0,-1.0,0.0,-1.0,3.0,0.0,0.03125
1.0,-2.0,2.0,-1.0,0.0,3.0,3.0,4.0,0.03125
1.0,-2.0,2.0,-2.0,0.0,-1.0,-1.0,4.0,0.03125
1.0,-2.0,2.0,0.0,1.0,-1.0,-1.0,4.0,0.03125
0.0,-2.0,0.0,0.0,1.0,-3.0,-1.0,0.0,0.03125
0.0,-1.0,0.0,2.0,1.0,1.0,3.0,0.0,0.03125
0.0,-1.0,0.0,2.0,0.0,1.0,1.0,0.0,0.03125
0.0,-1.0,0.0,3.0,0.0,3.0,1.0,0.0,0.03125
0.0,-2.0,0.0,3.0,-2.0,1.0,1.0,0.0,0.03125
0.0,0.0,0.0,0.0,0.0,0.0,1.0,2.0,0.46875
0.0,0.0,0.0,0.0,0.0,-1.0,1.0,0.0,0.46875
0.0,0.0,0.0,1.0,0.0,1.0,1.0,0.0,0.46875
0.0,0.0,0.0,1.0,0.0,1.0,0.0,-2.0,0.46875
0.0,0.0,0.0,1.0,0.0,2.0,2.0,0.0,0.46875
0.0,0.0,-1.0,1.0,0.0,0.0,2.0,0.0,0.46875
0.0,0.0,-1.0,1.0,0.0,0.0,3.0,2.0,0.46875
0.0,-1.0,-1.0,-1.0,0.0,0.0,3.0,2.0,0.46875
1.0,-1.0,1.0,-1.0,0.0,2.0,3.0,4.0,0.46875
1.0,-2.0,-1.0,-1.0,0.0,2.0,3.0,4.0,0.46875
1.0,-2.0,-1.0,-1.0,0.0,-1.0,3.0,0.0,0.46875
1.0,-2.0,2.0,-1.0,0.0,3.0,3.0,4.0,0.46875
1.0,-2.0,2.0,-2.0,0.0,-1.0,-1.0,4.0,0.46875
1.0,-2.0,2.0,0.0,1.0,-1.0,-1.0,4.0,0.46875
0.0,-2.0,0.0,0.0,1.0,-3.0,-1.0,0.0,0.46875
0.0,-1.0,0.0,2.0,1.0,1.0,3.0,0.0,0.46875
0.0,-1.0,0.0,2.0,0.0,1.0,1.0,0.0,0.46875
0.0,0.0,0.0,2.0,2.0,1.0,3.0,2.0,0.46875
0.0,-3.0,0.0,2.0,2.0,1.0,3.0,2.0,0.46875
0.0,0.0,0.0,0.0,0.0,0.0,1.0,2.0,-0.5
0.0,0.0,0.0,0.0,0.0,-1.0,1.0,0.0,-0.5
0.0,0.0,0.0,0.0,0.0,-1.0,2.0,2.0,-0.5
0.0,0.0,0.0,0.0,0.0,-1.0,-1.0,2.0,-0.5
0.0,0.0,0.0,0.0,1.0,-1.0,1.0,2.0,-0.5
0.0,-1.0,0.0,0.0,-1.0,-1.0,1.0,2.0,-0.5
0.0,-1.0,0.0,0.0,-1.0,-1.0,2.0,4.0,-0.5
0.0,-1.0,0.0,0.0,-1.0,-1.0,-1.0,4.0,-0.5
0.0,-1.0,0.0,1.0,-1.0,-1.0,1.0,4.0,-0.5
0.0,-2.0,0.0,-1.0,-1.0,-1.0,1.0,4.0,-0.5
0.0,-2.0,0.0,0.0,-1.0,1.0,3.0,4.0,-0.5
0.0,-3.0,0.0,-2.0,-1.0,1.0,3.0,4.0,-0.5
0.0,-2.0,0.0,0.0,-1.0,1.0,3.0,4.0,-0.5
0.0,-5.0,0.0,0.0,-1.0,1.0,3.0,4.0,-0.5
0.0,-5.0,0.0,0.0,-1.0,2.0,5.0,4.0,-0.5
0.0,-5.0,0.0,-2.0,-1.0,-1.0,1.0,4.0,-0.5
0.0,-5.0,1.0,-2.0,-1.0,1.0,1.0,4.0,-0.5
0.0,-5.0,1.0,-2.0,-2.0,1.0,-1.0,4.0,-0.5
0.0,-5.0,1.0,-1.0,-2.0,3.0,3.0,4.0,-0.5
0.0,0.0,0.0,0.0,0.0,0.0,1.0,2.0,0.59375
0.0,0.0,0.0,0.0,0.0,-1.0,1.0,0.0,0.59375
0.0,0.0,0.0,1.0,0.0,1.0,1.0,0.0,0.59375
0.0,0.0,0.0,1.0,0.0,1.0,0.0,-2.0,0.59375
0.0,0.0,0.0,1.0,0.0,2.0,2.0,0.0,0.59375
0.0,0.0,-1.0,1.0,0.0,0.0,2.0,0.0,0.59375
0.0,0.0,-1.0,1.0,0.0,0.0,3.0,2.0,0.59375
0.0,-1.0,-1.0,-1.0,0.0,0.0,3.0,2.0,0.59375
1.0,-1.0,1.0,-1.0,0.0,2.0,3.0,4.0,0.59375
1.0,-2.0,-1.0,-1.0,0.0,2.0,3.0,4.0,0.59375
1.0,-2.0,-1.0,-1.0,0.0,-1.0,3.0,0.0,0.59375
1.0,-2.0,-1.0,-1.0,0.0,-1.0,4.0,2.0,0.59375
1.0,-2.0,-1.0,-1.0,0.0,-1.0,1.0,0.0,0.59375
1.0,-2.0,-1.0,-1.0,1.0,-1.0,3.0,0.0,0.59375
1.0,-2.0,-1.0,-1.0,0.0,-1.0,1.0,-2.0,0.59375
1.0,-1.0,-1.0,1.0,0.0,-1.0,1.0,-2.0,0.59375
1.0,-1.0,-2.0,1.0,0.0,-3.0,1.0,-2.0,0.59375
1.0,0.0,0.0,1.0,0.0,-3.0,1.0,-2.0,0.59375
1.0,0.0,0.0,1.0,-1.0,-3.0,-1.0,-2.0,0.59375
0.0,0.0,0.0,0.0,0.0,0.0,1.0,2.0,0.0625
0.0,0.0,0.0,0.0,0.0,-1.0,1.0,0.0,0.0625
0.0,0.0,0.0,1.0,0.0,1.0,1.0,0.0,0.0625
0.0,0.0,0.0,1.0,0.0,1.0,0.0,-2.0,0.0625
0.0,0.0,0.0,1.0,0.0,2.0,2.0,0.0,0.0625
0.0,0.0,-1.0,1.0,0.0,0.0,2.0,0.0,0.0625
0.0,0.0,-1.0,1.0,0.0,0.0,3.0,2.0,0.0625
0.0,-1.0,-1.0,-1.0,0.0,0.0,3.0,2.0,0.0625
1.0,-1.0,1.0,-1.0,0.0,2.0,3.0,4.0,0.0625
1.0,-2.0,-1.0,-1.0,0.0,2.0,3.0,4.0,0.0625
1.0,-2.0,-1.0,-2.0,0.0,-2.0,-1.0,4.0,0.0625
1.0,-2.0,-1.0,-1.0,0.0,-2.0,1.0,4.0,0.0625
1.0,-2.0,-1.0,-3.0,-1.0,-2.0,1.0,4.0,0.0625
1.0,-2.0,-1.0,-2.0,-1.0,-2.0,3.0,4.0,0.0625
1.0,-3.0,-1.0,-4.0,-1.0,-2.0,3.0,4.0,0.0625
1.0,-2.0,-1.0,-2.0,-1.0,-2.0,3.0,4.0,0.0625
1.0,-2.0,-1.0,-2.0,-1.0,-2.0,0.0,0.0,0.0625
1.0,-1.0,1.0,-2.0,-1.0,-2.0,0.0,0.0,0.0625
1.0,-1.0,1.0,-3.0,-1.0,-2.0,-2.0,0.0,0.0625
0.0,0.0,0.0,0.0,0.0,0.0,1.0,2.0,0.75
0.0,0.0,0.0,0.0,0.0,-1.0,1.0,0.0,0.75
0.0,0.0,0.0,1.0,0.0,1.0,1.0,0.0,0.75
0.0,0.0,0.0,1.0,0.0,1.0,0.0,-2.0,0.75
0.0,0.0,0.0,1.0,0.0,2.0,2.0,0.0,0.75
0.0,0.0,-1.0,1.0,0.0,0.0,2.0,0.0,0.75
0.0,0.0,-1.0,1.0,0.0,0.0,3.0,2.0,0.75
0.0,-1.0,-1.0,-1.0,0.0,0.0,3.0,2.0,0.75
0.0,-1.0,-1.0,-1.0,0.0,0.0,4.0,4.0,0.75
0.0,-1.0,-1.0,-1.0,0.0,-1.0,4.0,0.0,0.75
0.0,-1.0,-1.0,-1.0,0.0,-1.0,5.0,2.0,0.75
0.0,-1.0,-1.0,-2.0,0.0,-1.0,1.0,0.0,0.75
0.0,0.0,-1.0,0.0,0.0,1.0,1.0,0.0,0.75
0.0,0.0,-2.0,0.0,0.0,-1.0,1.0,-2.0,0.75
0.0,0.0,-2.0,0.0,0.0,-1.0,2.0,4.0,0.75
0.0,0.0,-2.0,0.0,-1.0,-1.0,-2.0,0.0,0.75
1.0,0.0,0.0,0.0,-1.0,1.0,-2.0,0.0,0.75
1.0,-1.0,-2.0,0.0,-1.0,1.0,-2.0,0.0,0.75
1.0,0.0,-2.0,2.0,-1.0,1.0,0.0,0.0,0.75
0.0,0.0,0.0,0.0,0.0,0.0,1.0,2.0,0.875
0.0,0.0,0.0,0.0,0.0,-1.0,1.0,0.0,0.875
0.0,0.0,0.0,1.0,0.0,1.0,1.0,0.0,0.875
0.0,0.0,0.0,1.0,0.0,1.0,0.0,-2.0,0.875
0.0,0.0,0.0,1.0,0.0,2.0,2.0,0.0,0.875
0.0,0.0,-1.0,1.0,0.0,0.0,2.0,0.0,0.875
0.0,0.0,-1.0,1.0,0.0,0.0,3.0,2.0,0.875
0.0,-1.0,-1.0,-1.0,0.0,0.0,3.0,2.0,0.875
1.0,-1.0,1.0,-1.0,0.0,2.0,3.0,2.0,0.875
1.0,-1.0,1.0,-1.0,0.0,2.0,0.0,0.0,0.875
1.0,-1.0,1.0,-1.0,0.0,2.0,3.0,0.0,0.875
1.0,-2.0,-1.0,-1.0,0.0,2.0,3.0,0.0,0.875
1.0,-1.0,-1.0,1.0,0.0,2.0,3.0,0.0,0.875
1.0,-1.0,-1.0,-2.0,0.0,-2.0,-1.0,0.0,0.875
1.0,2.0,-1.0,-2.0,0.0,-2.0,-1.0,0.0,0.875
1.0,2.0,-1.0,-2.0,0.0,-3.0,-5.0,0.0,0.875
1.0,3.0,-1.0,2.0,0.0,1.0,-1.0,0.0,0.875
1.0,3.0,-1.0,0.0,-1.0,1.0,-1.0,0.0,0.875
1.0,4.0,-1.0,0.0,1.0,1.0,-1.0,0.0,0.875
0.0,0.0,0.0,0.0,0.0,0.0,1.0,2.0,-0.21875
0.0,0.0,0.0,0.0,0.0,-1.0,1.0,0.0,-0.21875
0.0,0.0,0.0,1.0,0.0,1.0,1.0,0.0,-0.21875
0.0,0.0,0.0,1.0,0.0,1.0,0.0,-2.0,-0.21875
0.0,0.0,0.0,1.0,0.0,2.0,2.0,0.0,-0.21875
0.0,0.0,-1.0,1.0,0.0,0.0,2.0,0.0,-0.21875
0.0,0.0,-1.0,1.0,0.0,0.0,3.0,2.0,-0.21875
0.0,-1.0,-1.0,-1.0,0.0,0.0,3.0,2.0,-0.21875
1.0,-1.0,1.0,-1.0,0.0,2.0,3.0,4.0,-0.21875
1.0,-2.0,-1.0,-1.0,0.0,2.0,3.0,4.0,-0.21875
1.0,-2.0,-1.0,-1.0,0.0,-1.0,3.0,0.0,-0.21875
1.0,-2.0,2.0,-1.0,0.0,3.0,3.0,4.0,-0.21875
1.0,-2.0,2.0,-2.0,0.0,-1.0,-1.0,4.0,-0.21875
1.0,-2.0,2.0,0.0,1.0,-1.0,-1.0,4.0,-0.21875
0.0,-2.0,0.0,0.0,1.0,-3.0,-1.0,0.0,-0.21875
0.0,-1.0,0.0,2.0,1.0,1.0,3.0,0.0,-0.21875
0.0,-1.0,0.0,2.0,0.0,1.0,1.0,0.0,-0.21875
0.0,-1.0,0.0,3.0,0.0,3.0,1.0,0.0,-0.21875
0.0,-2.0,0.0,3.0,-2.0,1.0,1.0,0.0,-0.21875
0.0,0.0,0.0,0.0,0.0,0.0,1.0,2.0,0.15625
0.0,0.0,0.0,0.0,0.0,-1.0,1.0,0.0,0.15625
0.0,0.0,0.0,1.0,0.0,1.0,1.0,0.0,0.15625
0.0,0.0,0.0,1.0,0.0,1.0,0.0,-2.0,0.15625
0.0,0.0,0.0,1.0,0.0,2.0,2.0,0.0,0.15625
0.0,0.0,-1.0,1.0,0.0,0.0,2.0,0.0,0.15625
0.0,0.0,-1.0,1.0,0.0,0.0,3.0,2.0,0.15625
0.0,-1.0,-1.0,-1.0,0.0,0.0,3.0,2.0,0.15625
1.0,-1.0,1.0,-1.0,0.0,2.0,3.0,4.0,0.15625
1.0,-2.0,-1.0,-1.0,0.0,2.0,3.0,4.0,0.15625
1.0,-2.0,-1.0,-1.0,0.0,-1.0,3.0,0.0,0.15625
1.0,-2.0,2.0,-1.0,0.0,3.0,3.0,4.0,0.15625
1.0,-2.0,2.0,-2.0,0.0,-1.0,-1.0,4.0,0.15625
1.0,-2.0,2.0,0.0,1.0,-1.0,-1.0,4.0,0.15625
0.0,-2.0,0.0,0.0,1.0,-3.0,-1.0,0.0,0.15625
0.0,-1.0,0.0,2.0,1.0,1.0,3.0,0.0,0.15625
0.0,-1.0,0.0,2.0,0.0,1.0,1.0,0.0,0.15625
0.0,-1.0,0.0,3.0,0.0,3.0,1.0,0.0,0.15625
0.0,-2.0,0.0,3.0,-2.0,1.0,1.0,0.0,0.15625
0.0,0.0,0.0,0.0,0.0,0.0,1.0,2.0,-0.3125
0.0,0.0,0.0,0.0,0.0,-1.0,1.0,0.0,-0.3125
0.0,0.0,0.0,1.0,0.0,1.0,1.0,0.0,-0.3125
0.0,0.0,0.0,1.0,0.0,1.0,0.0,-2.0,-0.3125
0.0,0.0,0.0,1.0,0.0,2.0,2.0,0.0,-0.3125
0.0,0.0,-1.0,1.0,0.0,0.0,2.0,0.0,-0.3125
0.0,0.0,-1.0,1.0,0.0,0.0,3.0,2.0,-0.3125
0.0,-1.0,-1.0,-1.0,0.0,0.0,3.0,2.0,-0.3125
1.0,-1.0,1.0,-1.0,0.0,2.0,3.0,4.0,-0.3125
1.0,-2.0,-1.0,-1.0,0.0,2.0,3.0,4.0,-0.3125
1.0,-2.0,-1.0,-1.0,0.0,-1.0,3.0,0.0,-0.3125
1.0,-2.0,2.0,-1.0,0.0,3.0,3.0,4.0,-0.3125
1.0,-2.0,2.0,-2.0,0.0,-1.0,-1.0,4.0,-0.3125
1.0,-2.0,2.0,0.0,1.0,-1.0,-1.0,4.0,-0.3125
0.0,-2.0,0.0,0.0,1.0,-3.0,-1.0,0.0,-0.3125
0.0,-1.0,0.0,2.0,1.0,1.0,3.0,0.0,-0.3125
0.0,-1.0,0.0,2.0,0.0,1.0,1.0,0.0,-0.3125
0.0,-1.0,0.0,2.0,0.0,1.0,2.0,2.0,-0.3125
0.0,-1.0,0.0,1.0,0.0,1.0,0.0,0.0,-0.3125
0.0,0.0,0.0,0.0,0.0,0.0,1.0,2.0,-0.875
0.0,0.0,0.0,0.0,0.0,0.0,0.0,0.0,-0.875
0.0,0.0,0.0,0.0,0.0,1.0,2.0,2.0,-0.875
0.0,0.0,0.0,0.0,0.0,0.0,2.0,0.0,-0.875
0.0,0.0,0.0,0.0,0.0,0.0,3.0,2.0,-0.875
0.0,0.0,0.0,-1.0,0.0,-2.0,-1.0,2.0,-0.875
0.0,0.0,1.0,-1.0,0.0,0.0,-1.0,4.0,-0.875
0.0,0.0,1.0,-1.0,0.0,0.0,-2.0,0.0,-0.875
0.0,1.0,1.0,1.0,0.0,2.0,2.0,0.0,-0.875
0.0,1.0,1.0,1.0,0.0,1.0,0.0,-2.0,-0.875
0.0,1.0,2.0,1.0,0.0,3.0,0.0,2.0,-0.875
0.0,1.0,2.0,1.0,-1.0,3.0,-2.0,-2.0,-0.875
0.0,1.0,2.0,1.0,-1.0,3.0,-1.0,0.0,-0.875
-1.0,1.0,0.0,1.0,-1.0,1.0,-1.0,-2.0,-0.875
-1.0,2.0,0.0,1.0,1.0,1.0,1.0,-2.0,-0.875
-2.0,2.0,-2.0,1.0,1.0,-1.0,1.0,-2.0,-0.875
-2.0,2.0,-2.0,1.0,2.0,-1.0,5.0,2.0,-0.875
-2.0,2.0,-2.0,1.0,2.0,-2.0,1.0,2.0,-0.875
-2.0,2.0,-2.0,2.0,2.0,0.0,3.0,2.0,-0.875
0.0,0.0,0.0,0.0,0.0,0.0,1.0,2.0,-0.78125
0.0,0.0,0.0,0.0,0.0,-1.0,1.0,0.0,-0.78125
0.0,0.0,0.0,1.0,0.0,1.0,1.0,0.0,-0.78125
0.0,0.0,0.0,1.0,0.0,1.0,0.0,-2.0,-0.78125
0.0,0.0,0.0,1.0,0.0,2.0,2.0,0.0,-0.78125
0.0,0.0,-1.0,1.0,0.0,0.0,2.0,0.0,-0.78125
0.0,0.0,-1.0,1.0,0.0,0.0,3.0,2.0,-0.78125
0.0,0.0,-1.0,-1.0,-1.0,0.0,3.0,2.0,-0.78125
0.0,1.0,-1.0,1.0,-1.0,2.0,3.0,2.0,-0.78125
0.0,1.0,-1.0,1.0,-1.0,2.0,2.0,0.0,-0.78125
0.0,2.0,-1.0,1.0,1.0,2.0,2.0,0.0,-0.78125
0.0,2.0,-1.0,-1.0,-2.0,2.0,2.0,0.0,-0.78125
1.0,2.0,1.0,-1.0,-2.0,2.0,2.0,0.0,-0.78125
1.0,2.0,1.0,-1.0,-2.0,2.0,1.0,-4.0,-0.78125
1.0,2.0,1.0,2.0,2.0,2.0,1.0,-4.0,-0.78125
1.0,2.0,1.0,2.0,1.0,2.0,-3.0,-4.0,-0.78125
1.0,2.0,1.0,2.0,1.0,2.0,-2.0,0.0,-0.78125
1.0,2.0,1.0,2.0,1.0,2.0,-3.0,-2.0,-0.78125
1.0,2.0,1.0,3.0,1.0,2.0,-1.0,-2.0,-0.78125
0.0,0.0,0.0,0.0,0.0,0.0,1.0,2.0,0.65625
0.0,0.0,0.0,0.0,0.0,-1.0,1.0,0.0,0.65625
0.0,0.0,0.0,1.0,0.0,1.0,1.0,0.0,0.65625
0.0,0.0,0.0,1.0,0.0,1.0,0.0,-2.0,0.65625
0.0,0.0,0.0,1.0,0.0,2.0,2.0,0.0,0.65625
0.0,0.0,-1.0,1.0,0.0,0.0,2.0,0.0,0.65625
0.0,0.0,-1.0,1.0,0.0,0.0,3.0,2.0,0.65625
0.0,-1.0,-1.0,-1.0,0.0,0.0,3.0,2.0,0.65625
1.0,-1.0,1.0,-1.0,0.0,2.0,3.0,4.0,0.65625
1.0,-2.0,-1.0,-1.0,0.0,2.0,3.0,4.0,0.65625
1.0,-2.0,-1.0,-1.0,0.0,-1.0,3.0,0.0,0.65625
1.0,-2.0,2.0,-1.0,0.0,3.0,3.0,4.0,0.65625
1.0,-2.0,2.0,-2.0,0.0,-1.0,-1.0,4.0,0.65625
1.0,-2.0,2.0,0.0,1.0,-1.0,-1.0,4.0,0.65625
0.0,-2.0,0.0,0.0,1.0,-3.0,-1.0,0.0,0.65625
0.0,-1.0,0.0,2.0,1.0,1.0,3.0,0.0,0.65625
0.0,-1.0,0.0,2.0,0.0,1.0,1.0,0.0,0.65625
0.0,-1.0,0.0,3.0,0.0,3.0,1.0,0.0,0.65625
0.0,-2.0,0.0,3.0,-2.0,1.0,1.0,0.0,0.65625
0.0,0.0,0.0,0.0,0.0,0.0,1.0,2.0,-0.09375
0.0,0.0,0.0,0.0,0.0,-1.0,1.0,0.0,-0.09375
0.0,0.0,0.0,1.0,0.0,1.0,1.0,0.0,-0.09375
0.0,0.0,0.0,1.0,0.0,1.0,0.0,-2.0,-0.09375
0.0,0.0,0.0,1.0,0.0,2.0,2.0,0.0,-0.09375
0.0,0.0,-1.0,1.0,0.0,0.0,2.0,0.0,-0.09375
0.0,0.0,-1.0,1.0,0.0,0.0,3.0,2.0,-0.09375
0.0,-1.0,-1.0,-1.0,0.0,0.0,3.0,2.0,-0.09375
1.0,-1.0,1.0,-1.0,0.0,2.0,3.0,4.0,-0.09375
1.0,-2.0,-1.0,-1.0,0.0,2.0,3.0,4.0,-0.09375
1.0,-2.0,-1.0,-1.0,0.0,-1.0,3.0,0.0,-0.09375
1.0,-2.0,2.0,-1.0,0.0,3.0,3.0,4.0,-0.09375
1.0,-2.0,2.0,-2.0,0.0,-1.0,-1.0,4.0,-0.09375
1.0,-2.0,2.0,0.0,1.0,-1.0,-1.0,4.0,-0.09375
0.0,-2.0,0.0,0.0,1.0,-3.0,-1.0,0.0,-0.09375
0.0,-1.0,0.0,2.0,1.0,1.0,3.0,0.0,-0.09375
0.0,-1.0,0.0,2.0,-1.0,1.0,2.0,-2.0,-0.09375
0.0,0.0,0.0,2.0,1.0,1.0,2.0,-2.0,-0.09375
0.0,0.0,0.0,2.0,0.0,1.0,0.0,-2.0,-0.09375
0.0,0.0,0.0,0.0,0.0,0.0,1.0,2.0,0.59375
0.0,0.0,0.0,0.0,0.0,-1.0,1.0,0.0,0.59375
0.0,0.0,0.0,1.0,0.0,1.0,1.0,0.0,0.59375
0.0,0.0,0.0,1.0,0.0,1.0,0.0,-2.0,0.59375
0.0,0.0,0.0,1.0,0.0,2.0,2.0,0.0,0.59375
0.0,0.0,-1.0,1.0,0.0,0.0,2.0,0.0,0.59375
0.0,0.0,-1.0,1.0,0.0,0.0,3.0,2.0,0.59375
0.0,-1.0,-1.0,-1.0,0.0,0.0,3.0,2.0,0.59375
1.0,-1.0,1.0,-1.0,0.0,2.0,3.0,4.0,0.59375
1.0,-1.0,1.0,-2.0,0.0,-2.0,-1.0,4.0,0.59375
1.0,-1.0,1.0,0.0,1.0,-2.0,-1.0,4.0,0.59375
1.0,-2.0,-1.0,0.0,1.0,-2.0,-1.0,4.0,0.59375
1.0,-1.0,1.0,0.0,1.0,-2.0,-1.0,4.0,0.59375
1.0,-1.0,1.0,0.0,-1.0,-2.0,-2.0,2.0,0.59375
1.0,0.0,1.0,2.0,-1.0,2.0,2.0,2.0,0.59375
1.0,0.0,1.0,1.0,-1.0,2.0,0.0,2.0,0.59375
1.0,3.0,1.0,1.0,-1.0,2.0,0.0,2.0,0.59375
1.0,3.0,1.0,1.0,-2.0,2.0,-2.0,-2.0,0.59375
1.0,3.0,1.0,1.0,-2.0,2.0,-1.0,2.0,0.59375
0.0,0.0,0.0,0.0,0.0,0.0,1.0,2.0,-0.15625
0.0,0.0,0.0,0.0,0.0,-1.0,1.0,0.0,-0.15625
0.0,0.0,0.0,1.0,0.0,1.0,1.0,0.0,-0.15625
0.0,0.0,0.0,1.0,0.0,1.0,0.0,-2.0,-0.15625
0.0,0.0,0.0,1.0,0.0,2.0,2.0,0.0,-0.15625
0.0,0.0,-1.0,1.0,0.0,0.0,2.0,0.0,-0.15625
0.0,0.0,-1.0,1.0,0.0,0.0,3.0,2.0,-0.15625
0.0,-1.0,-1.0,-1.0,0.0,0.0,3.0,2.0,-0.15625
1.0,-1.0,1.0,-1.0,0.0,2.0,3.0,4.0,-0.15625
1.0,-2.0,-1.0,-1.0,0.0,2.0,3.0,4.0,-0.15625
1.0,-2.0,-1.0,-1.0,0.0,-1.0,3.0,0.0,-0.15625
1.0,-2.0,2.0,-1.0,0.0,3.0,3.0,4.0,-0.15625
1.0,-2.0,2.0,-2.0,0.0,-1.0,-1.0,4.0,-0.15625
1.0,-2.0,2.0,0.0,1.0,-1.0,-1.0,4.0,-0.15625
0.0,-2.0,0.0,0.0,1.0,-3.0,-1.0,0.0,-0.15625
0.0,-1.0,0.0,2.0,1.0,1.0,3.0,0.0,-0.15625
0.0,-1.0,0.0,2.0,0.0,1.0,1.0,0.0,-0.15625
0.0,-1.0,0.0,3.0,0.0,3.0,1.0,0.0,-0.15625
0.0,-2.0,0.0,3.0,-2.0,1.0,1.0,0.0,-0.15625
0.0,0.0,0.0,0.0,0.0,0.0,1.0,2.0,0.125
0.0,0.0,0.0,0.0,0.0,-1.0,1.0,0.0,0.125
0.0,0.0,0.0,1.0,0.0,1.0,1.0,0.0,0.125
0.0,0.0,0.0,1.0,0.0,1.0,0.0,-2.0,0.125
0.0,0.0,0.0,1.0,0.0,2.0,2.0,0.0,0.125
0.0,0.0,-1.0,1.0,0.0,0.0,2.0,0.0,0.125
0.0,0.0,-1.0,1.0,0.0,0.0,3.0,2.0,0.125
0.0,-1.0,-1.0,-1.0,0.0,0.0,3.0,2.0,0.125
1.0,-1.0,1.0,-1.0,0.0,2.0,3.0,4.0,0.125
1.0,-2.0,-1.0,-1.0,0.0,2.0,3.0,4.0,0.125
1.0,-2.0,-1.0,-1.0,0.0,-1.0,3.0,0.0,0.125
1.0,-2.0,2.0,-1.0,0.0,3.0,3.0,4.0,0.125
1.0,-2.0,2.0,-2.0,0.0,-1.0,-1.0,4.0,0.125
1.0,-2.0,2.0,0.0,1.0,-1.0,-1.0,4.0,0.125
0.0,-2.0,0.0,0.0,1.0,-3.0,-1.0,0.0,0.125
0.0,-1.0,0.0,2.0,1.0,1.0,3.0,0.0,0.125
0.0,-1.0,0.0,2.0,0.0,1.0,1.0,0.0,0.125
0.0,-1.0,0.0,2.0,0.0,1.0,2.0,2.0,0.125
0.0,-1.0,0.0,1.0,0.0,1.0,0.0,0.0,0.125
0.0,0.0,0.0,0.0,0.0,0.0,1.0,2.0,-0.125
0.0,0.0,0.0,0.0,0.0,-1.0,1.0,0.0,-0.125
0.0,0.0,0.0,1.0,0.0,1.0,1.0,0.0,-0.125
0.0,0.0,0.0,1.0,0.0,1.0,0.0,-2.0,-0.125
0.0,0.0,0.0,1.0,0.0,2.0,2.0,0.0,-0.125
0.0,0.0,-1.0,1.0,0.0,0.0,2.0,0.0,-0.125
0.0,0.0,-1.0,1.0,0.0,0.0,3.0,2.0,-0.125
0.0,-1.0,-1.0,-1.0,0.0,0.0,3.0,2.0,-0.125
1.0,-1.0,1.0,-1.0,0.0,2.0,3.0,4.0,-0.125
1.0,-2.0,-1.0,-1.0,0.0,2.0,3.0,4.0,-0.125
1.0,-2.0,-1.0,-1.0,0.0,-1.0,3.0,0.0,-0.125
1.0,-2.0,2.0,-1.0,0.0,3.0,3.0,4.0,-0.125
1.0,-2.0,2.0,-2.0,0.0,-1.0,-1.0,4.0,-0.125
1.0,-2.0,2.0,0.0,1.0,-1.0,-1.0,4.0,-0.125
0.0,-2.0,0.0,0.0,1.0,-3.0,-1.0,0.0,-0.125
0.0,-1.0,0.0,2.0,1.0,1.0,3.0,0.0,-0.125
0.0,-1.0,0.0,2.0,0.0,1.0,1.0,0.0,-0.125
0.0,-1.0,0.0,3.0,0.0,3.0,1.0,0.0,-0.125
0.0,-2.0,0.0,3.0,-2.0,1.0,1.0,0.0,-0.125
0.0,0.0,0.0,0.0,0.0,0.0,1.0,2.0,0.28125
0.0,0.0,0.0,0.0,0.0,-1.0,1.0,0.0,0.28125
0.0,0.0,0.0,1.0,0.0,1.0,1.0,0.0,0.28125
0.0,0.0,0.0,1.0,0.0,1.0,0.0,-2.0,0.28125
0.0,0.0,0.0,1.0,0.0,2.0,2.0,0.0,0.28125
0.0,0.0,-1.0,1.0,0.0,0.0,2.0,0.0,0.28125
0.0,0.0,-1.0,1.0,0.0,0.0,3.0,2.0,0.28125
0.0,-1.0,-1.0,-1.0,0.0,0.0,3.0,2.0,0.28125
1.0,-1.0,1.0,-1.0,0.0,2.0,3.0,4.0,0.28125
1.0,-2.0,-1.0,-1.0,0.0,2.0,3.0,4.0,0.28125
1.0,-2.0,-1.0,-1.0,0.0,-1.0,3.0,0.0,0.28125
1.0,-2.0,2.0,-1.0,0.0,3.0,3.0,4.0,0.28125
1.0,-2.0,2.0,-2.0,0.0,-1.0,-1.0,4.0,0.28125
1.0,-2.0,2.0,0.0,1.0,-1.0,-1.0,4.0,0.28125
0.0,-2.0,0.0,0.0,1.0,-3.0,-1.0,0.0,0.28125
0.0,-1.0,0.0,2.0,1.0,1.0,3.0,0.0,0.28125
0.0,-1.0,0.0,2.0,0.0,1.0,1.0,0.0,0.28125
0.0,-1.0,0.0,2.0,0.0,1.0,2.0,2.0,0.28125
0.0,-2.0,0.0,2.0,-2.0,-1.0,2.0,2.0,0.28125
0.0,0.0,0.0,0.0,0.0,0.0,1.0,2.0,-0.09375
0.0,0.0,0.0,0.0,0.0,-1.0,1.0,0.0,-0.09375
0.0,0.0,0.0,1.0,0.0,1.0,1.0,0.0,-0.09375
0.0,0.0,0.0,1.0,0.0,1.0,0.0,-2.0,-0.09375
0.0,0.0,0.0,1.0,0.0,2.0,2.0,0.0,-0.09375
0.0,0.0,-1.0,1.0,0.0,0.0,2.0,0.0,-0.09375
0.0,0.0,-1.0,1.0,0.0,0.0,3.0,2.0,-0.09375
0.0,-1.0,-1.0,-1.0,0.0,0.0,3.0,2.0,-0.09375
1.0,-1.0,1.0,-1.0,0.0,2.0,3.0,4.0,-0.09375
1.0,-2.0,-1.0,-1.0,0.0,2.0,3.0,4.0,-0.09375
1.0,-2.0,-1.0,-1.0,0.0,-1.0,3.0,0.0,-0.09375
1.0,-2.0,2.0,-1.0,0.0,3.0,3.0,4.0,-0.09375
1.0,-2.0,2.0,-2.0,0.0,-1.0,-1.0,4.0,-0.09375
1.0,-2.0,2.0,0.0,1.0,-1.0,-1.0,4.0,-0.09375
0.0,-2.0,0.0,0.0,1.0,-3.0,-1.0,0.0,-0.09375
0.0,-1.0,0.0,2.0,1.0,1.0,3.0,0.0,-0.09375
0.0,-1.0,0.0,2.0,0.0,1.0,1.0,0.0,-0.09375
0.0,-1.0,0.0,3.0,0.0,3.0,1.0,0.0,-0.09375
0.0,-2.0,0.0,3.0,-2.0,1.0,1.0,0.0,-0.09375
0.0,0.0,0.0,0.0,0.0,0.0,1.0,2.0,0.34375
0.0,0.0,0.0,0.0,0.0,-1.0,1.0,0.0,0.34375
0.0,0.0,0.0,0.0,0.0,-1.0,2.0,2.0,0.34375
0.0,0.0,0.0,0.0,0.0,-1.0,-1.0,0.0,0.34375
0.0,0.0,0.0,0.0,0.0,0.0,-1.0,2.0,0.34375
0.0,0.0,0.0,0.0,-1.0,0.0,-3.0,2.0,0.34375
0.0,0.0,0.0,1.0,-1.0,2.0,3.0,2.0,0.34375
0.0,0.0,0.0,1.0,-2.0,2.0,-3.0,0.0,0.34375
0.0,0.0,0.0,1.0,-2.0,2.0,-2.0,2.0,0.34375
0.0,0.0,0.0,1.0,-2.0,2.0,-3.0,-2.0,0.34375
0.0,0.0,0.0,1.0,-2.0,2.0,0.0,2.0,0.34375
0.0,-1.0,0.0,-1.0,-2.0,0.0,0.0,2.0,0.34375
0.0,0.0,0.0,-1.0,0.0,0.0,2.0,2.0,0.34375
0.0,0.0,0.0,-1.0,-1.0,0.0,0.0,2.0,0.34375
0.0,1.0,0.0,-1.0,1.0,0.0,0.0,2.0,0.34375
0.0,1.0,0.0,-1.0,0.0,0.0,-2.0,0.0,0.34375
0.0,2.0,0.0,-1.0,2.0,0.0,-2.0,0.0,0.34375
0.0,1.0,0.0,-1.0,0.0,0.0,-2.0,0.0,0.34375
0.0,1.0,0.0,-1.0,1.0,0.0,0.0,0.0,0.34375
0.0,0.0,0.0,0.0,0.0,0.0,1.0,2.0,0.46875
0.0,0.0,0.0,0.0,0.0,-1.0,1.0,0.0,0.46875
0.0,0.0,0.0,1.0,0.0,1.0,1.0,0.0,0.46875
0.0,0.0,0.0,1.0,0.0,1.0,0.0,-2.0,0.46875
0.0,0.0,0.0,1.0,0.0,2.0,2.0,0.0,0.46875
0.0,0.0,-1.0,1.0,0.0,0.0,2.0,0.0,0.46875
0.0,0.0,-1.0,1.0,0.0,0.0,3.0,2.0,0.46875
0.0,0.0,-1.0,-1.0,-1.0,0.0,3.0,2.0,0.46875
0.0,1.0,-1.0,1.0,-1.0,2.0,3.0,2.0,0.46875
0.0,1.0,-1.0,0.0,-1.0,2.0,1.0,2.0,0.46875
1.0,1.0,1.0,0.0,-1.0,2.0,1.0,2.0,0.46875
1.0,1.0,1.0,0.0,-1.0,0.0,0.0,0.0,0.46875
1.0,2.0,1.0,0.0,1.0,0.0,0.0,0.0,0.46875
1.0,2.0,1.0,0.0,1.0,0.0,-1.0,-4.0,0.46875
1.0,2.0,1.0,0.0,1.0,1.0,-1.0,0.0,0.46875
1.0,2.0,1.0,0.0,1.0,1.0,-2.0,-2.0,0.46875
1.0,2.0,1.0,0.0,1.0,1.0,-1.0,0.0,0.46875
1.0,1.0,1.0,-2.0,1.0,1.0,-1.0,0.0,0.46875
1.0,2.0,1.0,0.0,1.0,3.0,1.0,0.0,0.46875
0.0,0.0,0.0,0.0,0.0,0.0,1.0,2.0,0.53125
0.0,0.0,0.0,0.0,0.0,-1.0,1.0,0.0,0.53125
0.0,0.0,0.0,1.0,0.0,1.0,1.0,0.0,0.53125
0.0,0.0,0.0,1.0,0.0,1.0,0.0,-2.0,0.53125
0.0,0.0,0.0,1.0,0.0,2.0,2.0,0.0,0.53125
0.0,0.0,-1.0,1.0,0.0,0.0,2.0,0.0,0.53125
0.0,0.0,-1.0,1.0,0.0,0.0,3.0,2.0,0.53125
0.0,-1.0,-1.0,-1.0,0.0,0.0,3.0,2.0,0.53125
1.0,-1.0,1.0,-1.0,0.0,2.0,3.0,4.0,0.53125
1.0,-2.0,-1.0,-1.0,0.0,2.0,3.0,4.0,0.53125
1.0,-2.0,-1.0,-1.0,0.0,-1.0,3.0,0.0,0.53125
1.0,-2.0,2.0,-1.0,0.0,3.0,3.0,4.0,0.53125
1.0,-2.0,2.0,-2.0,0.0,-1.0,-1.0,4.0,0.53125
1.0,-2.0,2.0,0.0,1.0,-1.0,-1.0,4.0,0.53125
0.0,-2.0,0.0,0.0,1.0,-3.0,-1.0,0.0,0.53125
0.0,-1.0,0.0,2.0,1.0,1.0,3.0,0.0,0.53125
0.0,-1.0,0.0,2.0,0.0,1.0,1.0,0.0,0.53125
0.0,-1.0,0.0,3.0,0.0,3.0,1.0,0.0,0.53125
0.0,-2.0,0.0,3.0,-2.0,1.0,1.0,0.0,0.53125
0.0,0.0,0.0,0.0,0.0,0.0,1.0,2.0,0.15625
0.0,0.0,0.0,0.0,0.0,-1.0,1.0,0.0,0.15625
0.0,0.0,0.0,1.0,0.0,1.0,1.0,0.0,0.15625
0.0,0.0,0.0,1.0,0.0,1.0,0.0,-2.0,0.15625
0.0,0.0,0.0,1.0,0.0,2.0,2.0,0.0,0.15625
0.0,0.0,-1.0,1.0,0.0,0.0,2.0,0.0,0.15625
0.0,0.0,-1.0,1.0,0.0,0.0,3.0,2.0,0.15625
0.0,-1.0,-1.0,-1.0,0.0,0.0,3.0,2.0,0.15625
1.0,-1.0,1.0,-1.0,0.0,2.0,3.0,4.0,0.15625
1.0,-2.0,-1.0,-1.0,0.0,2.0,3.0,4.0,0.15625
1.0,-2.0,-1.0,-1.0,0.0,-1.0,3.0,0.0,0.15625
1.0,-2.0,2.0,-1.0,0.0,3.0,3.0,4.0,0.15625
1.0,-2.0,2.0,-2.0,0.0,-1.0,-1.0,4.0,0.15625
1.0,-2.0,2.0,0.0,1.0,-1.0,-1.0,4.0,0.15625
0.0,-2.0,0.0,0.0,1.0,-3.0,-1.0,0.0,0.15625
0.0,-1.0,0.0,2.0,1.0,1.0,3.0,0.0,0.15625
0.0,-1.0,0.0,2.0,0.0,1.0,1.0,0.0,0.15625
0.0,-1.0,0.0,3.0,0.0,3.0,1.0,0.0,0.15625
0.0,-2.0,0.0,3.0,-2.0,1.0,1.0,0.0,0.15625
0.0,0.0,0.0,0.0,0.0,0.0,1.0,2.0,0.0
0.0,0.0,0.0,0.0,0.0,-1.0,1.0,0.0,0.0
0.0,0.0,0.0,1.0,0.0,1.0,1.0,0.0,0.0
0.0,0.0,0.0,1.0,0.0,1.0,0.0,-2.0,0.0
0.0,0.0,0.0,1.0,0.0,2.0,0.0,2.0,0.0
0.0,0.0,0.0,1.0,0.0,2.0,-1.0,0.0,0.0
0.0,0.0,0.0,1.0,1.0,2.0,1.0,2.0,0.0
0.0,0.0,0.0,1.0,0.0,2.0,-1.0,-2.0,0.0
0.0,0.0,0.0,2.0,0.0,2.0,1.0,-2.0,0.0
0.0,0.0,0.0,2.0,0.0,1.0,1.0,-4.0,0.0
0.0,1.0,0.0,2.0,2.0,1.0,1.0,-4.0,0.0
0.0,0.0,0.0,2.0,0.0,1.0,-1.0,-4.0,0.0
0.0,0.0,0.0,2.0,1.0,1.0,1.0,0.0,0.0
0.0,0.0,0.0,2.0,1.0,1.0,0.0,-2.0,0.0
0.0,0.0,0.0,2.0,1.0,1.0,1.0,0.0,0.0
0.0,-1.0,0.0,2.0,-1.0,1.0,-1.0,0.0,0.0
0.0,-1.0,0.0,3.0,-1.0,3.0,1.0,0.0,0.0
0.0,-1.0,0.0,3.0,-1.0,3.0,-2.0,0.0,0.0
0.0,-1.0,0.0,3.0,-1.0,4.0,2.0,2.0,0.0
0.0,0.0,0.0,0.0,0.0,0.0,1.0,2.0,0.375
0.0,0.0,0.0,0.0,0.0,-1.0,1.0,0.0,0.375
0.0,0.0,0.0,1.0,0.0,1.0,1.0,0.0,0.375
0.0,0.0,0.0,1.0,0.0,1.0,0.0,-2.0,0.375
0.0,0.0,0.0,1.0,0.0,2.0,2.0,0.0,0.375
0.0,0.0,-1.0,1.0,0.0,0.0,2.0,0.0,0.375
0.0,0.0,-1.0,1.0,0.0,0.0,3.0,2.0,0.375
0.0,-1.0,-1.0,-1.0,0.0,0.0,3.0,2.0,0.375
1.0,-1.0,1.0,-1.0,0.0,2.0,3.0,4.0,0.375
1.0,-2.0,-1.0,-1.0,0.0,2.0,3.0,4.0,0.375
1.0,-2.0,-1.0,-1.0,0.0,-1.0,3.0,0.0,0.375
1.0,-2.0,2.0,-1.0,0.0,3.0,3.0,4.0,0.375
1.0,-2.0,2.0,-2.0,0.0,-1.0,-1.0,4.0,0.375
1.0,-2.0,2.0,0.0,1.0,-1.0,-1.0,4.0,0.375
1.0,-3.0,2.0,0.0,-1.0,-1.0,-1.0,4.0,0.375
1.0,-2.0,2.0,2.0,-1.0,3.0,3.0,4.0,0.375
1.0,-2.0,2.0,2.0,-2.0,1.0,3.0,4.0,0.375
1.0,-2.0,2.0,2.0,1.0,1.0,3.0,4.0,0.375
1.0,-2.0,2.0,2.0,-3.0,1.0,2.0,4.0,0.375
0.0,0.0,0.0,0.0,0.0,0.0,1.0,2.0,0.4375
0.0,0.0,0.0,0.0,0.0,-1.0,1.0,0.0,0.4375
0.0,0.0,0.0,1.0,0.0,1.0,1.0,0.0,0.4375
0.0,0.0,0.0,1.0,0.0,1.0,0.0,-2.0,0.4375
0.0,0.0,0.0,1.0,0.0,2.0,2.0,0.0,0.4375
0.0,0.0,0.0,1.0,-1.0,2.0,0.0,-2.0,0.4375
0.0,0.0,0.0,1.0,-1.0,3.0,0.0,2.0,0.4375
0.0,0.0,0.0,1.0,-1.0,2.0,0.0,0.0,0.4375
0.0,0.0,0.0,2.0,-1.0,2.0,2.0,0.0,0.4375
0.0,0.0,0.0,2.0,-2.0,0.0,2.0,0.0,0.4375
0.0,1.0,0.0,2.0,0.0,0.0,2.0,0.0,0.4375
0.0,0.0,0.0,0.0,0.0,-2.0,-2.0,0.0,0.4375
0.0,0.0,0.0,0.0,0.0,-2.0,-1.0,2.0,0.4375
0.0,-1.0,0.0,-2.0,0.0,-2.0,-1.0,2.0,0.4375
0.0,-1.0,0.0,-1.0,0.0,0.0,-1.0,2.0,0.4375
0.0,-1.0,0.0,-1.0,-1.0,0.0,-3.0,-2.0,0.4375
0.0,0.0,0.0,-1.0,1.0,0.0,-3.0,-2.0,0.4375
0.0,-1.0,0.0,-3.0,1.0,-2.0,-3.0,-2.0,0.4375
0.0,0.0,0.0,-3.0,3.0,0.0,-3.0,-2.0,0.4375
0.0,0.0,0.0,0.0,0.0,0.0,1.0,2.0,0.15625
0.0,0.0,0.0,0.0,0.0,-1.0,1.0,0.0,0.15625
0.0,0.0,0.0,1.0,0.0,1.0,1.0,0.0,0.15625
0.0,0.0,0.0,1.0,0.0,1.0,0.0,-2.0,0.15625
0.0,0.0,0.0,1.0,0.0,2.0,2.0,0.0,0.15625
0.0,0.0,-1.0,1.0,0.0,0.0,2.0,0.0,0.15625
0.0,0.0,-1.0,1.0,0.0,0.0,3.0,2.0,0.15625
0.0,-1.0,-1.0,-1.0,0.0,0.0,3.0,2.0,0.15625
1.0,-1.0,1.0,-1.0,0.0,2.0,3.0,4.0,0.15625
1.0,-2.0,-1.0,-1.0,0.0,2.0,3.0,4.0,0.15625
1.0,-2.0,-1.0,-1.0,0.0,-1.0,3.0,0.0,0.15625
1.0,-2.0,2.0,-1.0,0.0,3.0,3.0,4.0,0.15625
1.0,-2.0,2.0,-2.0,0.0,-1.0,-1.0,4.0,0.15625
1.0,-2.0,2.0,0.0,1.0,-1.0,-1.0,4.0,0.15625
0.0,-2.0,0.0,0.0,1.0,-3.0,-1.0,0.0,0.15625
0.0,-1.0,0.0,2.0,1.0,1.0,3.0,0.0,0.15625
0.0,-1.0,0.0,2.0,0.0,1.0,1.0,0.0,0.15625
0.0,-1.0,0.0,3.0,0.0,3.0,1.0,0.0,0.15625
0.0,-1.0,0.0,3.0,0.0,3.0,-2.0,-2.0,0.15625
0.0,0.0,0.0,0.0,0.0,0.0,1.0,2.0,-0.5625
0.0,0.0,0.0,0.0,0.0,-1.0,1.0,0.0,-0.5625
0.0,0.0,0.0,1.0,0.0,1.0,1.0,0.0,-0.5625
0.0,0.0,0.0,1.0,0.0,1.0,0.0,-2.0,-0.5625
0.0,0.0,0.0,1.0,0.0,2.0,2.0,0.0,-0.5625
0.0,0.0,-1.0,1.0,0.0,0.0,2.0,0.0,-0.5625
0.0,0.0,-1.0,1.0,0.0,0.0,3.0,2.0,-0.5625
0.0,-1.0,-1.0,-1.0,0.0,0.0,3.0,2.0,-0.5625
1.0,-1.0,1.0,-1.0,0.0,2.0,3.0,4.0,-0.5625
1.0,-2.0,-1.0,-1.0,0.0,2.0,3.0,4.0,-0.5625
1.0,-2.0,-1.0,-1.0,0.0,-1.0,3.0,0.0,-0.5625
1.0,-2.0,2.0,-1.0,0.0,3.0,3.0,4.0,-0.5625
1.0,-2.0,2.0,-2.0,0.0,-1.0,-1.0,4.0,-0.5625
1.0,-2.0,2.0,-1.0,0.0,-1.0,1.0,4.0,-0.5625
0.0,-2.0,0.0,-1.0,0.0,-3.0,1.0,0.0,-0.5625
0.0,-1.0,0.0,1.0,0.0,-1.0,3.0,0.0,-0.5625
0.0,-1.0,0.0,1.0,-1.0,-1.0,1.0,-2.0,-0.5625
0.0,-1.0,0.0,1.0,-1.0,1.0,2.0,-2.0,-0.5625
0.0,-1.0,0.0,1.0,-1.0,1.0,-1.0,-4.0,-0.5625
0.0,0.0,0.0,0.0,0.0,0.0,1.0,2.0,-0.59375
0.0,0.0,0.0,0.0,0.0,-1.0,1.0,0.0,-0.59375
0.0,0.0,0.0,1.0,0.0,1.0,1.0,0.0,-0.59375
0.0,0.0,0.0,1.0,0.0,1.0,0.0,-2.0,-0.59375
0.0,0.0,0.0,1.0,0.0,2.0,2.0,0.0,-0.59375
0.0,0.0,0.0,1.0,0.0,2.0,1.0,-2.0,-0.59375
0.0,0.0,0.0,1.0,0.0,2.0,4.0,2.0,-0.59375
0.0,0.0,0.0,0.0,0.0,2.0,2.0,2.0,-0.59375
0.0,1.0,0.0,2.0,0.0,2.0,2.0,2.0,-0.59375
0.0,0.0,0.0,0.0,0.0,0.0,0.0,2.0,-0.59375
0.0,0.0,0.0,0.0,1.0,0.0,4.0,4.0,-0.59375
0.0,0.0,0.0,0.0,1.0,-1.0,4.0,0.0,-0.59375
0.0,0.0,0.0,0.0,1.0,-1.0,5.0,2.0,-0.59375
0.0,0.0,0.0,-1.0,1.0,-3.0,-1.0,2.0,-0.59375
0.0,1.0,0.0,1.0,1.0,-3.0,-1.0,2.0,-0.59375
-1.0,-1.0,0.0,1.0,1.0,-3.0,-1.0,2.0,-0.59375
-1.0,0.0,0.0,3.0,1.0,1.0,3.0,2.0,-0.59375
-1.0,0.0,-1.0,3.0,1.0,-1.0,3.0,0.0,-0.59375
-1.0,0.0,-1.0,3.0,1.0,-1.0,6.0,2.0,-0.59375
0.0,0.0,0.0,0.0,0.0,0.0,1.0,2.0,0.125
0.0,0.0,0.0,0.0,0.0,-1.0,1.0,0.0,0.125
0.0,0.0,0.0,0.0,0.0,-1.0,2.0,2.0,0.125
0.0,0.0,0.0,0.0,0.0,-1.0,-1.0,2.0,0.125
0.0,0.0,0.0,0.0,1.0,-1.0,1.0,2.0,0.125
0.0,-1.0,0.0,0.0,-1.0,-1.0,1.0,2.0,0.125
0.0,-1.0,0.0,0.0,-1.0,-1.0,2.0,4.0,0.125
0.0,-1.0,0.0,0.0,-1.0,-1.0,-1.0,4.0,0.125
0.0,-1.0,0.0,0.0,0.0,-1.0,1.0,4.0,0.125
0.0,-1.0,0.0,0.0,0.0,-1.0,-2.0,-2.0,0.125
0.0,-1.0,0.0,0.0,0.0,0.0,-2.0,0.0,0.125
0.0,-2.0,0.0,0.0,-2.0,0.0,-4.0,0.0,0.125
0.0,-2.0,0.0,0.0,-1.0,0.0,-2.0,0.0,0.125
0.0,-2.0,0.0,-1.0,-1.0,0.0,-4.0,0.0,0.125
0.0,-1.0,0.0,-1.0,1.0,0.0,-2.0,2.0,0.125
0.0,-4.0,0.0,-1.0,1.0,0.0,-2.0,2.0,0.125
0.0,-3.0,0.0,1.0,1.0,0.0,0.0,2.0,0.125
0.0,-3.0,0.0,1.0,-1.0,-1.0,-2.0,0.0,0.125
0.0,-3.0,0.0,1.0,0.0,-1.0,0.0,0.0,0.125
0.0,0.0,0.0,0.0,0.0,0.0,1.0,2.0,0.21875
0.0,0.0,0.0,0.0,0.0,-1.0,1.0,0.0,0.21875
0.0,0.0,0.0,1.0,0.0,1.0,1.0,0.0,0.21875
0.0,0.0,0.0,1.0,0.0,1.0,0.0,-2.0,0.21875
0.0,0.0,0.0,1.0,0.0,2.0,2.0,0.0,0.21875
0.0,0.0,-1.0,1.0,0.0,0.0,2.0,0.0,0.21875
0.0,0.0,-1.0,1.0,0.0,0.0,3.0,2.0,0.21875
0.0,-1.0,-1.0,-1.0,0.0,0.0,3.0,2.0,0.21875
1.0,-1.0,1.0,-1.0,0.0,2.0,3.0,4.0,0.21875
1.0,-2.0,-1.0,-1.0,0.0,2.0,3.0,4.0,0.21875
1.0,-2.0,-1.0,-1.0,0.0,-1.0,3.0,0.0,0.21875
1.0,-2.0,2.0,-1.0,0.0,3.0,3.0,4.0,0.21875
1.0,-2.0,2.0,-2.0,0.0,-1.0,-1.0,4.0,0.21875
1.0,-2.0,2.0,0.0,1.0,-1.0,-1.0,4.0,0.21875
0.0,-2.0,0.0,0.0,1.0,-3.0,-1.0,0.0,0.21875
0.0,-1.0,0.0,2.0,1.0,1.0,3.0,0.0,0.21875
0.0,-1.0,0.0,2.0,0.0,1.0,1.0,0.0,0.21875
0.0,-1.0,0.0,3.0,0.0,3.0,1.0,0.0,0.21875
0.0,-2.0,0.0,3.0,-2.0,1.0,1.0,0.0,0.21875
0.0,0.0,0.0,0.0,0.0,0.0,1.0,2.0,0.5625
0.0,0.0,0.0,0.0,0.0,-1.0,1.0,0.0,0.5625
0.0,0.0,0.0,1.0,0.0,1.0,1.0,0.0,0.5625
0.0,0.0,0.0,1.0,0.0,1.0,0.0,-2.0,0.5625
0.0,0.0,0.0,1.0,0.0,2.0,2.0,0.0,0.5625
0.0,0.0,-1.0,1.0,0.0,0.0,2.0,0.0,0.5625
0.0,0.0,-1.0,1.0,0.0,0.0,3.0,2.0,0.5625
0.0,-1.0,-1.0,-1.0,0.0,0.0,3.0,2.0,0.5625
1.0,-1.0,1.0,-1.0,0.0,2.0,3.0,4.0,0.5625
1.0,-2.0,-1.0,-1.0,0.0,2.0,3.0,4.0,0.5625
1.0,-2.0,-1.0,-1.0,0.0,-1.0,3.0,0.0,0.5625
1.0,-2.0,-1.0,-1.0,0.0,-1.0,4.0,2.0,0.5625
1.0,-2.0,-1.0,-1.0,-1.0,-1.0,2.0,0.0,0.5625
1.0,-2.0,-1.0,0.0,-1.0,-1.0,4.0,0.0,0.5625
1.0,-2.0,-2.0,-2.0,-1.0,-3.0,4.0,0.0,0.5625
2.0,-2.0,0.0,-2.0,-1.0,-1.0,4.0,2.0,0.5625
2.0,-2.0,0.0,-2.0,-1.0,-3.0,1.0,2.0,0.5625
2.0,-1.0,0.0,-2.0,1.0,-3.0,1.0,2.0,0.5625
2.0,-1.0,0.0,-2.0,1.0,-4.0,1.0,-2.0,0.5625
0.0,0.0,0.0,0.0,0.0,0.0,1.0,2.0,-0.28125
0.0,0.0,0.0,0.0,0.0,-1.0,1.0,0.0,-0.28125
0.0,0.0,0.0,1.0,0.0,1.0,1.0,0.0,-0.28125
0.0,0.0,0.0,1.0,0.0,1.0,0.0,-2.0,-0.28125
0.0,0.0,0.0,1.0,0.0,2.0,2.0,0.0,-0.28125
0.0,0.0,-1.0,1.0,0.0,0.0,2.0,0.0,-0.28125
0.0,0.0,-1.0,1.0,0.0,0.0,3.0,2.0,-0.28125
0.0,-1.0,-1.0,-1.0,0.0,0.0,3.0,2.0,-0.28125
1.0,-1.0,1.0,-1.0,0.0,2.0,3.0,4.0,-0.28125
1.0,-2.0,-1.0,-1.0,0.0,2.0,3.0,4.0,-0.28125
1.0,-2.0,-1.0,-1.0,0.0,-1.0,3.0,0.0,-0.28125
1.0,-2.0,2.0,-1.0,0.0,3.0,3.0,4.0,-0.28125
1.0,-2.0,2.0,-2.0,0.0,-1.0,-1.0,4.0,-0.28125
1.0,-2.0,2.0,0.0,1.0,-1.0,-1.0,4.0,-0.28125
0.0,-2.0,0.0,0.0,1.0,-3.0,-1.0,0.0,-0.28125
0.0,-1.0,0.0,2.0,1.0,1.0,3.0,0.0,-0.28125
0.0,-1.0,0.0,2.0,0.0,1.0,1.0,0.0,-0.28125
0.0,-1.0,0.0,2.0,0.0,1.0,2.0,2.0,-0.28125
0.0,-1.0,0.0,1.0,0.0,1.0,0.0,0.0,-0.28125
0.0,0.0,0.0,0.0,0.0,0.0,1.0,2.0,0.21875
0.0,0.0,0.0,0.0,0.0,-1.0,1.0,0.0,0.21875
0.0,0.0,0.0,1.0,0.0,1.0,1.0,0.0,0.21875
0.0,0.0,0.0,1.0,0.0,1.0,0.0,-2.0,0.21875
0.0,0.0,0.0,1.0,0.0,2.0,2.0,0.0,0.21875
0.0,0.0,-1.0,1.0,0.0,0.0,2.0,0.0,0.21875
0.0,0.0,-1.0,1.0,0.0,0.0,3.0,2.0,0.21875
0.0,-1.0,-1.0,-1.0,0.0,0.0,3.0,2.0,0.21875
1.0,-1.0,1.0,-1.0,0.0,2.0,3.0,4.0,0.21875
1.0,-2.0,-1.0,-1.0,0.0,2.0,3.0,4.0,0.21875
1.0,-2.0,-1.0,-1.0,0.0,-1.0,3.0,0.0,0.21875
1.0,-2.0,2.0,-1.0,0.0,3.0,3.0,4.0,0.21875
1.0,-2.0,2.0,-2.0,0.0,-1.0,-1.0,4.0,0.21875
1.0,-2.0,3.0,-2.0,0.0,1.0,-1.0,4.0,0.21875
0.0,-2.0,1.0,-2.0,0.0,-1.0,-1.0,0.0,0.21875
0.0,-2.0,1.0,-2.0,1.0,-1.0,1.0,2.0,0.21875
0.0,-2.0,1.0,-2.0,1.0,-1.0,0.0,-2.0,0.21875
0.0,-2.0,1.0,-2.0,1.0,-1.0,1.0,2.0,0.21875
0.0,-2.0,1.0,-3.0,1.0,-1.0,-1.0,2.0,0.21875
0.0,0.0,0.0,0.0,0.0,0.0,1.0,2.0,0.3125
0.0,0.0,0.0,0.0,0.0,-1.0,1.0,0.0,0.3125
0.0,0.0,0.0,1.0,0.0,1.0,1.0,0.0,0.3125
0.0,0.0,0.0,1.0,0.0,1.0,0.0,-2.0,0.3125
0.0,0.0,0.0,1.0,0.0,2.0,2.0,0.0,0.3125
0.0,0.0,-1.0,1.0,0.0,0.0,2.0,0.0,0.3125
0.0,0.0,-1.0,1.0,0.0,0.0,3.0,2.0,0.3125
0.0,-1.0,-1.0,-1.0,0.0,0.0,3.0,2.0,0.3125
1.0,-1.0,1.0,-1.0,0.0,2.0,3.0,4.0,0.3125
1.0,-2.0,-1.0,-1.0,0.0,2.0,3.0,4.0,0.3125
1.0,-2.0,-1.0,-1.0,0.0,-1.0,3.0,0.0,0.3125
1.0,-2.0,2.0,-1.0,0.0,3.0,3.0,4.0,0.3125
1.0,-2.0,2.0,-2.0,0.0,-1.0,-1.0,4.0,0.3125
1.0,-2.0,2.0,0.0,1.0,-1.0,-1.0,4.0,0.3125
0.0,-2.0,0.0,0.0,1.0,-3.0,-1.0,0.0,0.3125
0.0,-2.0,0.0,0.0,2.0,-1.0,1.0,2.0,0.3125
0.0,-2.0,0.0,0.0,2.0,-2.0,1.0,-2.0,0.3125
0.0,-2.0,0.0,0.0,2.0,-2.0,2.0,2.0,0.3125
0.0,-2.0,0.0,0.0,2.0,-2.0,-1.0,0.0,0.3125
0.0,0.0,0.0,0.0,0.0,0.0,1.0,2.0,0.5
0.0,0.0,0.0,0.0,0.0,-1.0,1.0,0.0,0.5
0.0,0.0,0.0,1.0,0.0,1.0,1.0,0.0,0.5
0.0,0.0,0.0,1.0,0.0,1.0,0.0,-2.0,0.5
0.0,0.0,0.0,1.0,0.0,2.0,2.0,0.0,0.5
0.0,0.0,-1.0,1.0,0.0,0.0,2.0,0.0,0.5
0.0,0.0,-1.0,1.0,0.0,0.0,3.0,2.0,0.5
0.0,-1.0,-1.0,-1.0,0.0,0.0,3.0,2.0,0.5
1.0,-1.0,1.0,-1.0,0.0,2.0,3.0,4.0,0.5
1.0,-2.0,-1.0,-1.0,0.0,2.0,3.0,4.0,0.5
1.0,-2.0,-1.0,-2.0,0.0,-2.0,-1.0,4.0,0.5
1.0,-2.0,-1.0,-1.0,0.0,-2.0,1.0,4.0,0.5
1.0,-2.0,-1.0,-3.0,-1.0,-2.0,1.0,4.0,0.5
1.0,-1.0,-1.0,-1.0,-1.0,-2.0,1.0,4.0,0.5
1.0,-2.0,-1.0,-3.0,-1.0,-2.0,1.0,4.0,0.5
1.0,3.0,-1.0,-3.0,-1.0,-2.0,1.0,4.0,0.5
1.0,3.0,-1.0,-3.0,-2.0,-2.0,-1.0,0.0,0.5
1.0,4.0,-1.0,1.0,-2.0,-2.0,-1.0,0.0,0.5
1.0,4.0,-1.0,-1.0,-3.0,-2.0,-1.0,0.0,0.5
0.0,0.0,0.0,0.0,0.0,0.0,1.0,2.0,0.1875
0.0,0.0,0.0,0.0,0.0,-1.0,1.0,0.0,0.1875
0.0,0.0,0.0,1.0,0.0,1.0,1.0,0.0,0.1875
0.0,0.0,0.0,1.0,0.0,1.0,0.0,-2.0,0.1875
0.0,0.0,0.0,1.0,0.0,2.0,2.0,0.0,0.1875
0.0,0.0,-1.0,1.0,0.0,0.0,2.0,0.0,0.1875
0.0,0.0,-1.0,1.0,0.0,0.0,3.0,2.0,0.1875
0.0,-1.0,-1.0,-1.0,0.0,0.0,3.0,2.0,0.1875
1.0,-1.0,1.0,-1.0,0.0,2.0,3.0,4.0,0.1875
1.0,-2.0,-1.0,-1.0,0.0,2.0,3.0,4.0,0.1875
1.0,-2.0,-1.0,-1.0,0.0,-1.0,3.0,0.0,0.1875
1.0,-2.0,2.0,-1.0,0.0,3.0,3.0,4.0,0.1875
1.0,-2.0,2.0,-2.0,0.0,-1.0,-1.0,4.0,0.1875
1.0,-2.0,2.0,0.0,1.0,-1.0,-1.0,4.0,0.1875
0.0,-2.0,0.0,0.0,1.0,-3.0,-1.0,0.0,0.1875
0.0,-1.0,0.0,2.0,1.0,1.0,3.0,0.0,0.1875
0.0,-1.0,0.0,2.0,0.0,1.0,1.0,0.0,0.1875
0.0,-1.0,0.0,3.0,0.0,3.0,1.0,0.0,0.1875
0.0,-2.0,0.0,3.0,-2.0,1.0,1.0,0.0,0.1875
0.0,0.0,0.0,0.0,0.0,0.0,1.0,2.0,0.53125
0.0,0.0,0.0,0.0,0.0,-1.0,1.0,0.0,0.53125
0.0,0.0,0.0,1.0,0.0,1.0,1.0,0.0,0.53125
0.0,0.0,0.0,1.0,0.0,1.0,0.0,-2.0,0.53125
0.0,0.0,0.0,1.0,0.0,2.0,2.0,0.0,0.53125
0.0,0.0,-1.0,1.0,0.0,0.0,2.0,0.0,0.53125
0.0,0.0,-1.0,1.0,0.0,0.0,3.0,2.0,0.53125
0.0,-1.0,-1.0,-1.0,0.0,0.0,3.0,2.0,0.53125
1.0,-1.0,1.0,-1.0,0.0,2.0,3.0,4.0,0.53125
1.0,-2.0,-1.0,-1.0,0.0,2.0,3.0,4.0,0.53125
1.0,-2.0,-1.0,-1.0,0.0,-1.0,3.0,0.0,0.53125
1.0,-2.0,2.0,-1.0,0.0,3.0,3.0,4.0,0.53125
1.0,-2.0,2.0,-2.0,0.0,-1.0,-1.0,4.0,0.53125
1.0,-2.0,2.0,0.0,1.0,-1.0,-1.0,4.0,0.53125
0.0,-2.0,0.0,0.0,1.0,-3.0,-1.0,0.0,0.53125
0.0,-1.0,0.0,2.0,1.0,1.0,3.0,0.0,0.53125
0.0,-1.0,0.0,2.0,0.0,1.0,1.0,0.0,0.53125
0.0,-1.0,0.0,3.0,0.0,3.0,1.0,0.0,0.53125
0.0,-2.0,0.0,3.0,-2.0,1.0,1.0,0.0,0.53125
0.0,0.0,0.0,0.0,0.0,0.0,1.0,2.0,-0.09375
0.0,0.0,0.0,0.0,0.0,-1.0,1.0,0.0,-0.09375
0.0,0.0,0.0,0.0,0.0,-1.0,2.0,2.0,-0.09375
0.0,0.0,0.0,0.0,0.0,-1.0,-1.0,2.0,-0.09375
0.0,0.0,0.0,0.0,1.0,-1.0,1.0,2.0,-0.09375
0.0,-1.0,0.0,0.0,-1.0,-1.0,1.0,2.0,-0.09375
0.0,-1.0,0.0,0.0,-1.0,-1.0,2.0,4.0,-0.09375
0.0,-1.0,0.0,0.0,-1.0,-1.0,-1.0,4.0,-0.09375
0.0,-1.0,0.0,1.0,-1.0,-1.0,1.0,4.0,-0.09375
0.0,-2.0,0.0,-1.0,-1.0,-1.0,1.0,4.0,-0.09375
0.0,-2.0,0.0,0.0,-1.0,1.0,3.0,4.0,-0.09375
0.0,-2.0,0.0,0.0,-1.0,1.0,0.0,0.0,-0.09375
0.0,-2.0,0.0,0.0,-1.0,2.0,2.0,0.0,-0.09375
0.0,-3.0,0.0,-2.0,-1.0,2.0,0.0,-2.0,-0.09375
0.0,-3.0,0.0,-2.0,0.0,2.0,2.0,-2.0,-0.09375
0.0,-3.0,0.0,-3.0,0.0,2.0,0.0,-2.0,-0.09375
0.0,-3.0,0.0,-3.0,0.0,3.0,0.0,0.0,-0.09375
0.0,-4.0,0.0,-3.0,-2.0,3.0,0.0,0.0,-0.09375
0.0,-3.0,0.0,-3.0,0.0,3.0,0.0,0.0,-0.09375
0.0,0.0,0.0,0.0,0.0,0.0,1.0,2.0,0.75
0.0,0.0,0.0,0.0,0.0,-1.0,1.0,0.0,0.75
0.0,0.0,0.0,1.0,0.0,1.0,1.0,0.0,0.75
0.0,0.0,0.0,1.0,0.0,1.0,0.0,-2.0,0.75
0.0,0.0,0.0,1.0,0.0,2.0,2.0,0.0,0.75
0.0,0.0,-1.0,1.0,0.0,0.0,2.0,0.0,0.75
0.0,0.0,-1.0,1.0,0.0,0.0,3.0,2.0,0.75
0.0,-1.0,-1.0,-1.0,0.0,0.0,3.0,2.0,0.75
1.0,-1.0,1.0,-1.0,0.0,2.0,3.0,4.0,0.75
1.0,-2.0,-1.0,-1.0,0.0,2.0,3.0,4.0,0.75
1.0,-2.0,-1.0,-1.0,0.0,-1.0,3.0,0.0,0.75
1.0,-2.0,2.0,-1.0,0.0,3.0,3.0,4.0,0.75
1.0,-2.0,2.0,-2.0,0.0,-1.0,-1.0,4.0,0.75
1.0,-2.0,2.0,0.0,1.0,-1.0,-1.0,4.0,0.75
0.0,-2.0,0.0,0.0,1.0,-3.0,-1.0,0.0,0.75
0.0,-1.0,0.0,2.0,1.0,1.0,3.0,0.0,0.75
0.0,-1.0,0.0,2.0,0.0,1.0,1.0,0.0,0.75
0.0,-1.0,0.0,3.0,0.0,3.0,1.0,0.0,0.75
0.0,-2.0,0.0,3.0,-2.0,1.0,1.0,0.0,0.75
0.0,0.0,0.0,0.0,0.0,0.0,1.0,2.0,0.0
0.0,0.0,0.0,0.0,0.0,-1.0,1.0,0.0,0.0
0.0,0.0,0.0,1.0,0.0,1.0,1.0,0.0,0.0
0.0,0.0,0.0,1.0,0.0,1.0,0.0,-2.0,0.0
0.0,0.0,0.0,1.0,0.0,2.0,2.0,0.0,0.0
0.0,0.0,-1.0,1.0,0.0,0.0,2.0,0.0,0.0
0.0,0.0,-1.0,1.0,0.0,0.0,3.0,2.0,0.0
0.0,-1.0,-1.0,-1.0,0.0,0.0,3.0,2.0,0.0
1.0,-1.0,1.0,-1.0,0.0,2.0,3.0,4.0,0.0
1.0,-2.0,-1.0,-1.0,0.0,2.0,3.0,4.0,0.0
1.0,-2.0,-1.0,-1.0,0.0,-1.0,3.0,0.0,0.0
1.0,-2.0,2.0,-1.0,0.0,3.0,3.0,4.0,0.0
1.0,-2.0,2.0,-2.0,0.0,-1.0,-1.0,4.0,0.0
1.0,-2.0,2.0,0.0,1.0,-1.0,-1.0,4.0,0.0
0.0,-2.0,0.0,0.0,1.0,-3.0,-1.0,0.0,0.0
0.0,-1.0,0.0,2.0,1.0,1.0,3.0,0.0,0.0
0.0,-1.0,0.0,2.0,0.0,1.0,1.0,0.0,0.0
0.0,-1.0,0.0,2.0,0.0,1.0,2.0,2.0,0.0
0.0,-1.0,0.0,1.0,0.0,1.0,0.0,0.0,0.0
0.0,0.0,0.0,0.0,0.0,0.0,1.0,2.0,0.25
0.0,0.0,0.0,0.0,0.0,-1.0,1.0,0.0,0.25
0.0,0.0,0.0,1.0,0.0,1.0,1.0,0.0,0.25
0.0,0.0,0.0,1.0,0.0,1.0,0.0,-2.0,0.25
0.0,0.0,0.0,1.0,0.0,2.0,2.0,0.0,0.25
0.0,0.0,-1.0,1.0,0.0,0.0,2.0,0.0,0.25
0.0,0.0,-1.0,1.0,0.0,0.0,3.0,2.0,0.25
0.0,-1.0,-1.0,-1.0,0.0,0.0,3.0,2.0,0.25
0.0,-1.0,-1.0,-1.0,0.0,0.0,4.0,4.0,0.25
0.0,-1.0,-1.0,-1.0,0.0,-1.0,4.0,0.0,0.25
0.0,-1.0,-1.0,-1.0,0.0,-1.0,5.0,2.0,0.25
0.0,-1.0,-1.0,-1.0,0.0,-1.0,2.0,0.0,0.25
0.0,-1.0,-1.0,0.0,0.0,1.0,6.0,0.0,0.25
0.0,-1.0,-1.0,0.0,-1.0,1.0,4.0,0.0,0.25
1.0,-1.0,1.0,0.0,-1.0,3.0,4.0,2.0,0.25
1.0,-2.0,1.0,-2.0,-1.0,1.0,2.0,2.0,0.25
1.0,-1.0,1.0,-2.0,1.0,1.0,4.0,2.0,0.25
1.0,-2.0,1.0,-2.0,-1.0,1.0,4.0,2.0,0.25
1.0,1.0,1.0,-2.0,1.0,1.0,4.0,2.0,0.25
0.0,0.0,0.0,0.0,0.0,0.0,1.0,2.0,0.46875
0.0,0.0,0.0,0.0,0.0,-1.0,1.0,0.0,0.46875
0.0,0.0,0.0,1.0,0.0,1.0,1.0,0.0,0.46875
0.0,0.0,0.0,1.0,0.0,1.0,0.0,-2.0,0.46875
0.0,0.0,0.0,1.0,0.0,2.0,2.0,0.0,0.46875
0.0,0.0,-1.0,1.0,0.0,0.0,2.0,0.0,0.46875
0.0,0.0,-1.0,1.0,0.0,0.0,3.0,2.0,0.46875
0.0,0.0,-1.0,0.0,0.0,-2.0,-1.0,2.0,0.46875
0.0,1.0,-1.0,2.0,0.0,2.0,3.0,2.0,0.46875
0.0,1.0,-1.0,2.0,-1.0,2.0,1.0,2.0,0.46875
0.0,2.0,-1.0,2.0,1.0,2.0,3.0,4.0,0.46875
0.0,2.0,-1.0,2.0,1.0,-1.0,3.0,0.0,0.46875
0.0,2.0,-1.0,3.0,1.0,1.0,3.0,0.0,0.46875
0.0,2.0,-1.0,3.0,1.0,1.0,2.0,-2.0,0.46875
1.0,2.0,1.0,3.0,1.0,3.0,2.0,2.0,0.46875
1.0,1.0,1.0,1.0,1.0,1.0,0.0,2.0,0.46875
1.0,1.0,1.0,1.0,2.0,1.0,2.0,4.0,0.46875
1.0,1.0,1.0,0.0,2.0,-1.0,0.0,4.0,0.46875
1.0,2.0,1.0,2.0,2.0,-1.0,0.0,4.0,0.46875
0.0,0.0,0.0,0.0,0.0,0.0,1.0,2.0,0.4375
0.0,0.0,0.0,0.0,0.0,-1.0,1.0,0.0,0.4375
0.0,0.0,0.0,1.0,0.0,1.0,1.0,0.0,0.4375
0.0,0.0,0.0,1.0,0.0,1.0,0.0,-2.0,0.4375
0.0,0.0,0.0,1.0,0.0,2.0,2.0,0.0,0.4375
0.0,0.0,-1.0,1.0,0.0,0.0,2.0,0.0,0.4375
0.0,0.0,-1.0,1.0,0.0,0.0,3.0,2.0,0.4375
0.0,-1.0,-1.0,-1.0,0.0,0.0,3.0,2.0,0.4375
1.0,-1.0,1.0,-1.0,0.0,2.0,3.0,4.0,0.4375
1.0,-2.0,-1.0,-1.0,0.0,2.0,3.0,4.0,0.4375
1.0,-2.0,-1.0,-1.0,0.0,-1.0,3.0,0.0,0.4375
1.0,-2.0,2.0,-1.0,0.0,3.0,3.0,4.0,0.4375
1.0,-2.0,2.0,-2.0,0.0,-1.0,-1.0,4.0,0.4375
1.0,-2.0,2.0,0.0,1.0,-1.0,-1.0,4.0,0.4375
1.0,-2.0,2.0,0.0,-1.0,-1.0,-2.0,2.0,0.4375
1.0,-1.0,2.0,2.0,-1.0,3.0,2.0,2.0,0.4375
1.0,-1.0,2.0,2.0,-2.0,1.0,0.0,2.0,0.4375
1.0,-1.0,2.0,2.0,-2.0,1.0,1.0,4.0,0.4375
1.0,-1.0,2.0,2.0,-2.0,1.0,-4.0,0.0,0.4375
0.0,0.0,0.0,0.0,0.0,0.0,1.0,2.0,-0.09375
0.0,0.0,0.0,0.0,0.0,-1.0,1.0,0.0,-0.09375
0.0,0.0,0.0,1.0,0.0,1.0,1.0,0.0,-0.09375
0.0,0.0,0.0,1.0,0.0,1.0,0.0,-2.0,-0.09375
0.0,0.0,0.0,1.0,0.0,2.0,2.0,0.0,-0.09375
0.0,0.0,-1.0,1.0,0.0,0.0,2.0,0.0,-0.09375
0.0,0.0,-1.0,1.0,0.0,0.0,3.0,2.0,-0.09375
0.0,-1.0,-1.0,-1.0,0.0,0.0,3.0,2.0,-0.09375
1.0,-1.0,1.0,-1.0,0.0,2.0,3.0,4.0,-0.09375
1.0,-2.0,-1.0,-1.0,0.0,2.0,3.0,4.0,-0.09375
1.0,1.0,-1.0,-1.0,0.0,2.0,3.0,4.0,-0.09375
1.0,1.0,-1.0,-1.0,0.0,-1.0,3.0,0.0,-0.09375
1.0,1.0,2.0,-1.0,0.0,3.0,3.0,4.0,-0.09375
1.0,1.0,2.0,-2.0,0.0,-1.0,-1.0,4.0,-0.09375
1.0,1.0,2.0,0.0,1.0,-1.0,-1.0,4.0,-0.09375
1.0,0.0,2.0,0.0,-1.0,-1.0,-1.0,4.0,-0.09375
1.0,1.0,2.0,2.0,-1.0,3.0,3.0,4.0,-0.09375
1.0,1.0,2.0,2.0,-2.0,1.0,3.0,4.0,-0.09375
1.0,1.0,2.0,2.0,1.0,1.0,3.0,4.0,-0.09375
0.0,0.0,0.0,0.0,0.0,0.0,1.0,2.0,0.875
0.0,0.0,0.0,0.0,0.0,-1.0,1.0,0.0,0.875
0.0,0.0,0.0,1.0,0.0,1.0,1.0,0.0,0.875
0.0,0.0,0.0,1.0,0.0,1.0,0.0,-2.0,0.875
0.0,0.0,0.0,1.0,0.0,2.0,2.0,0.0,0.875
0.0,0.0,-1.0,1.0,0.0,0.0,2.0,0.0,0.875
0.0,0.0,-1.0,1.0,0.0,0.0,3.0,2.0,0.875
0.0,-1.0,-1.0,-1.0,0.0,0.0,3.0,2.0,0.875
1.0,-1.0,1.0,-1.0,0.0,2.0,3.0,4.0,0.875
1.0,-2.0,-1.0,-1.0,0.0,2.0,3.0,4.0,0.875
1.0,-2.0,-1.0,-1.0,0.0,-1.0,3.0,0.0,0.875
1.0,-2.0,2.0,-1.0,0.0,3.0,3.0,4.0,0.875
1.0,-2.0,2.0,-2.0,0.0,-1.0,-1.0,4.0,0.875
1.0,-2.0,2.0,-2.0,1.0,-1.0,1.0,4.0,0.875
0.0,-2.0,0.0,-2.0,1.0,-3.0,1.0,0.0,0.875
0.0,-2.0,0.0,0.0,2.0,-1.0,1.0,0.0,0.875
0.0,-3.0,0.0,0.0,0.0,-1.0,-1.0,0.0,0.875
0.0,-2.0,0.0,2.0,0.0,1.0,3.0,0.0,0.875
0.0,-3.0,0.0,2.0,-2.0,-1.0,3.0,0.0,0.875
0.0,0.0,0.0,0.0,0.0,0.0,1.0,2.0,0.4375
0.0,0.0,0.0,0.0,0.0,-1.0,1.0,0.0,0.4375
0.0,0.0,0.0,0.0,0.0,-1.0,2.0,2.0,0.4375
0.0,0.0,0.0,0.0,0.0,-1.0,-1.0,0.0,0.4375
0.0,0.0,0.0,0.0,0.0,0.0,-1.0,2.0,0.4375
0.0,0.0,0.0,0.0,-1.0,0.0,-3.0,2.0,0.4375
0.0,0.0,0.0,1.0,-1.0,2.0,3.0,2.0,0.4375
0.0,0.0,0.0,1.0,-2.0,2.0,-3.0,0.0,0.4375
0.0,0.0,0.0,1.0,-2.0,2.0,-2.0,2.0,0.4375
0.0,0.0,0.0,0.0,-2.0,0.0,-2.0,2.0,0.4375
0.0,1.0,0.0,0.0,0.0,0.0,0.0,4.0,0.4375
0.0,0.0,0.0,-2.0,0.0,0.0,0.0,4.0,0.4375
0.0,1.0,0.0,0.0,0.0,0.0,2.0,4.0,0.4375
0.0,1.0,0.0,0.0,0.0,0.0,1.0,2.0,0.4375
0.0,1.0,0.0,0.0,1.0,0.0,3.0,2.0,0.4375
0.0,0.0,0.0,0.0,-1.0,0.0,3.0,2.0,0.4375
0.0,1.0,0.0,2.0,-1.0,0.0,3.0,2.0,0.4375
0.0,1.0,0.0,2.0,-2.0,0.0,1.0,2.0,0.4375
0.0,1.0,0.0,3.0,2.0,0.0,1.0,2.0,0.4375
0.0,0.0,0.0,0.0,0.0,0.0,1.0,2.0,-0.796875
0.0,0.0,0.0,0.0,0.0,0.0,0.0,0.0,-0.796875
0.0,0.0,0.0,0.0,0.0,1.0,2.0,2.0,-0.796875
0.0,0.0,0.0,0.0,0.0,0.0,2.0,0.0,-0.796875
0.0,0.0,0.0,0.0,0.0,0.0,3.0,2.0,-0.796875
0.0,0.0,0.0,-1.0,0.0,-2.0,-1.0,2.0,-0.796875
0.0,0.0,1.0,-1.0,0.0,0.0,-1.0,4.0,-0.796875
0.0,0.0,1.0,-1.0,0.0,0.0,-2.0,0.0,-0.796875
0.0,1.0,1.0,1.0,0.0,2.0,2.0,0.0,-0.796875
0.0,1.0,1.0,1.0,0.0,1.0,0.0,-2.0,-0.796875
0.0,1.0,2.0,1.0,0.0,3.0,0.0,2.0,-0.796875
0.0,1.0,2.0,1.0,-1.0,3.0,-2.0,-2.0,-0.796875
0.0,1.0,2.0,1.0,-1.0,3.0,-1.0,0.0,-0.796875
-1.0,1.0,0.0,1.0,-1.0,1.0,-1.0,-2.0,-0.796875
-1.0,2.0,0.0,1.0,1.0,1.0,1.0,-2.0,-0.796875
-2.0,2.0,-2.0,1.0,1.0,-1.0,1.0,-2.0,-0.796875
-2.0,2.0,-2.0,1.0,2.0,-1.0,5.0,2.0,-0.796875
-2.0,2.0,-2.0,1.0,2.0,-2.0,1.0,2.0,-0.796875
-2.0,2.0,-2.0,2.0,2.0,0.0,3.0,2.0,-0.796875
0.0,0.0,0.0,0.0,0.0,0.0,1.0,2.0,-0.09375
0.0,0.0,0.0,0.0,0.0,-1.0,1.0,0.0,-0.09375
0.0,0.0,0.0,1.0,0.0,1.0,1.0,0.0,-0.09375
0.0,0.0,0.0,1.0,0.0,1.0,0.0,-2.0,-0.09375
0.0,0.0,0.0,1.0,0.0,2.0,2.0,0.0,-0.09375
0.0,0.0,-1.0,1.0,0.0,0.0,2.0,0.0,-0.09375
0.0,0.0,-1.0,1.0,0.0,0.0,3.0,2.0,-0.09375
0.0,-1.0,-1.0,-1.0,0.0,0.0,3.0,2.0,-0.09375
1.0,-1.0,1.0,-1.0,0.0,2.0,3.0,4.0,-0.09375
1.0,-2.0,-1.0,-1.0,0.0,2.0,3.0,4.0,-0.09375
1.0,-2.0,-1.0,-2.0,0.0,-2.0,-1.0,4.0,-0.09375
1.0,-2.0,-1.0,-1.0,0.0,-2.0,1.0,4.0,-0.09375
1.0,-2.0,-1.0,-1.0,0.0,-2.0,0.0,2.0,-0.09375
1.0,-1.0,1.0,-1.0,0.0,-2.0,0.0,2.0,-0.09375
1.0,-1.0,1.0,-1.0,-1.0,-2.0,-2.0,-2.0,-0.09375
1.0,2.0,1.0,1.0,-1.0,-2.0,-2.0,-2.0,-0.09375
1.0,2.0,1.0,1.0,-2.0,-2.0,-4.0,-2.0,-0.09375
1.0,2.0,1.0,1.0,-2.0,0.0,-3.0,0.0,-0.09375
1.0,2.0,1.0,1.0,-3.0,0.0,-5.0,0.0,-0.09375
0.0,0.0,0.0,0.0,0.0,0.0,1.0,2.0,0.859375
0.0,0.0,0.0,0.0,0.0,-1.0,1.0,0.0,0.859375
0.0,0.0,0.0,1.0,0.0,1.0,1.0,0.0,0.859375
0.0,0.0,0.0,1.0,0.0,1.0,0.0,-2.0,0.859375
0.0,0.0,0.0,1.0,0.0,2.0,2.0,0.0,0.859375
0.0,0.0,-1.0,1.0,0.0,0.0,2.0,0.0,0.859375
0.0,0.0,-1.0,1.0,0.0,0.0,3.0,2.0,0.859375
0.0,-1.0,-1.0,-1.0,0.0,0.0,3.0,2.0,0.859375
1.0,-1.0,1.0,-1.0,0.0,2.0,3.0,4.0,0.859375
1.0,-2.0,-1.0,-1.0,0.0,2.0,3.0,4.0,0.859375
1.0,-2.0,-1.0,-1.0,0.0,-1.0,3.0,0.0,0.859375
1.0,-2.0,-1.0,0.0,0.0,1.0,3.0,0.0,0.859375
1.0,-2.0,-1.0,0.0,-1.0,1.0,1.0,0.0,0.859375
1.0,-2.0,-1.0,1.0,-1.0,1.0,3.0,0.0,0.859375
1.0,-2.0,-1.0,1.0,-1.0,1.0,0.0,-2.0,0.859375
1.0,-1.0,1.0,1.0,-1.0,1.0,0.0,-2.0,0.859375
1.0,-2.0,1.0,-1.0,-1.0,-1.0,-2.0,-2.0,0.859375
1.0,1.0,1.0,1.0,-1.0,-1.0,-2.0,-2.0,0.859375
1.0,1.0,1.0,1.0,-1.0,-2.0,-2.0,-4.0,0.859375
0.0,0.0,0.0,0.0,0.0,0.0,1.0,2.0,-0.40625
0.0,0.0,0.0,0.0,0.0,0.0,0.0,0.0,-0.40625
0.0,0.0,0.0,0.0,0.0,0.0,1.0,2.0,-0.40625
0.0,0.0,0.0,0.0,0.0,-1.0,1.0,0.0,-0.40625
0.0,0.0,0.0,0.0,0.0,-1.0,2.0,2.0,-0.40625
0.0,0.0,0.0,-1.0,0.0,-1.0,0.0,2.0,-0.40625
0.0,0.0,0.0,-1.0,1.0,-1.0,2.0,2.0,-0.40625
0.0,0.0,0.0,-1.0,0.0,-1.0,0.0,0.0,-0.40625
0.0,0.0,0.0,-1.0,0.0,-1.0,1.0,4.0,-0.40625
0.0,0.0,0.0,-2.0,0.0,-1.0,-3.0,2.0,-0.40625
0.0,1.0,0.0,-2.0,2.0,-1.0,-1.0,2.0,-0.40625
0.0,1.0,0.0,-2.0,1.0,-1.0,-3.0,2.0,-0.40625
0.0,1.0,0.0,-2.0,2.0,-1.0,-1.0,2.0,-0.40625
0.0,1.0,0.0,-3.0,2.0,-1.0,-3.0,0.0,-0.40625
0.0,1.0,0.0,-3.0,2.0,-1.0,-2.0,2.0,-0.40625
0.0,1.0,0.0,-4.0,2.0,-1.0,-4.0,0.0,-0.40625
0.0,1.0,0.0,-4.0,2.0,0.0,-2.0,2.0,-0.40625
0.0,0.0,0.0,-4.0,0.0,0.0,-4.0,2.0,-0.40625
0.0,1.0,0.0,-2.0,0.0,0.0,-2.0,2.0,-0.40625
0.0,0.0,0.0,0.0,0.0,0.0,1.0,2.0,0.34375
0.0,0.0,0.0,0.0,0.0,-1.0,1.0,0.0,0.34375
0.0,0.0,0.0,1.0,0.0,1.0,1.0,0.0,0.34375
0.0,0.0,0.0,1.0,0.0,1.0,0.0,-2.0,0.34375
0.0,0.0,0.0,1.0,0.0,2.0,0.0,2.0,0.34375
0.0,-1.0,0.0,-1.0,0.0,0.0,-2.0,2.0,0.34375
0.0,-1.0,0.0,-1.0,0.0,1.0,-2.0,4.0,0.34375
0.0,-1.0,0.0,-1.0,0.0,1.0,-3.0,0.0,0.34375
0.0,-1.0,0.0,-1.0,0.0,2.0,-3.0,2.0,0.34375
0.0,-1.0,0.0,-2.0,0.0,0.0,-3.0,2.0,0.34375
0.0,-1.0,0.0,-2.0,1.0,0.0,-1.0,2.0,0.34375
0.0,-1.0,0.0,-2.0,1.0,0.0,-2.0,0.0,0.34375
0.0,-1.0,0.0,-1.0,1.0,0.0,0.0,0.0,0.34375
0.0,-2.0,0.0,-1.0,-1.0,0.0,0.0,0.0,0.34375
0.0,-1.0,0.0,1.0,-1.0,2.0,0.0,0.0,0.34375
0.0,-1.0,0.0,1.0,-2.0,0.0,0.0,0.0,0.34375
0.0,-1.0,0.0,1.0,-2.0,0.0,3.0,0.0,0.34375
0.0,-1.0,0.0,0.0,-2.0,-2.0,-1.0,0.0,0.34375
0.0,-1.0,0.0,0.0,-1.0,-2.0,3.0,0.0,0.34375
0.0,0.0,0.0,0.0,0.0,0.0,1.0,2.0,0.1875
0.0,0.0,0.0,0.0,0.0,-1.0,1.0,0.0,0.1875
0.0,0.0,0.0,1.0,0.0,1.0,1.0,0.0,0.1875
0.0,0.0,0.0,1.0,0.0,1.0,0.0,-2.0,0.1875
0.0,0.0,0.0,1.0,0.0,2.0,2.0,0.0,0.1875
0.0,0.0,-1.0,1.0,0.0,0.0,2.0,0.0,0.1875
0.0,0.0,-1.0,1.0,0.0,0.0,3.0,2.0,0.1875
0.0,-1.0,-1.0,-1.0,0.0,0.0,3.0,2.0,0.1875
1.0,-1.0,1.0,-1.0,0.0,2.0,3.0,4.0,0.1875
1.0,-2.0,-1.0,-1.0,0.0,2.0,3.0,4.0,0.1875
1.0,-2.0,-1.0,-1.0,0.0,-1.0,3.0,0.0,0.1875
1.0,-2.0,2.0,-1.0,0.0,3.0,3.0,4.0,0.1875
1.0,-2.0,2.0,-2.0,0.0,-1.0,-1.0,4.0,0.1875
1.0,-2.0,3.0,-2.0,0.0,1.0,-1.0,4.0,0.1875
0.0,-2.0,1.0,-2.0,0.0,-1.0,-1.0,0.0,0.1875
0.0,-2.0,1.0,-2.0,1.0,-1.0,1.0,2.0,0.1875
0.0,-2.0,1.0,-2.0,1.0,-1.0,0.0,-2.0,0.1875
0.0,-2.0,1.0,-2.0,1.0,-1.0,1.0,2.0,0.1875
0.0,-2.0,1.0,-3.0,1.0,-1.0,-1.0,2.0,0.1875
0.0,0.0,0.0,0.0,0.0,0.0,1.0,2.0,0.09375
0.0,0.0,0.0,0.0,0.0,-1.0,1.0,0.0,0.09375
0.0,0.0,0.0,1.0,0.0,1.0,1.0,0.0,0.09375
0.0,0.0,0.0,1.0,0.0,1.0,0.0,-2.0,0.09375
0.0,0.0,0.0,1.0,0.0,2.0,2.0,0.0,0.09375
0.0,0.0,-1.0,1.0,0.0,0.0,2.0,0.0,0.09375
0.0,0.0,-1.0,1.0,0.0,0.0,3.0,2.0,0.09375
0.0,-1.0,-1.0,-1.0,0.0,0.0,3.0,2.0,0.09375
1.0,-1.0,1.0,-1.0,0.0,2.0,3.0,4.0,0.09375
1.0,-2.0,-1.0,-1.0,0.0,2.0,3.0,4.0,0.09375
1.0,-2.0,-1.0,-1.0,0.0,-1.0,3.0,0.0,0.09375
1.0,-2.0,2.0,-1.0,0.0,3.0,3.0,4.0,0.09375
1.0,-2.0,2.0,-2.0,0.0,-1.0,-1.0,4.0,0.09375
1.0,-2.0,2.0,0.0,1.0,-1.0,-1.0,4.0,0.09375
0.0,-2.0,0.0,0.0,1.0,-3.0,-1.0,0.0,0.09375
0.0,-1.0,0.0,2.0,1.0,1.0,3.0,0.0,0.09375
0.0,-1.0,0.0,2.0,0.0,1.0,1.0,0.0,0.09375
0.0,-1.0,0.0,3.0,0.0,3.0,1.0,0.0,0.09375
0.0,-2.0,0.0,3.0,-2.0,1.0,1.0,0.0,0.09375
0.0,0.0,0.0,0.0,0.0,0.0,1.0,2.0,0.59375
0.0,0.0,0.0,0.0,0.0,-1.0,1.0,0.0,0.59375
0.0,0.0,0.0,1.0,0.0,1.0,1.0,0.0,0.59375
0.0,0.0,0.0,1.0,0.0,1.0,0.0,-2.0,0.59375
0.0,0.0,0.0,1.0,0.0,2.0,2.0,0.0,0.59375
0.0,0.0,-1.0,1.0,0.0,0.0,2.0,0.0,0.59375
0.0,0.0,-1.0,1.0,0.0,0.0,3.0,2.0,0.59375
0.0,-1.0,-1.0,-1.0,0.0,0.0,3.0,2.0,0.59375
1.0,-1.0,1.0,-1.0,0.0,2.0,3.0,4.0,0.59375
1.0,-2.0,-1.0,-1.0,0.0,2.0,3.0,4.0,0.59375
1.0,-2.0,-1.0,-1.0,0.0,-1.0,3.0,0.0,0.59375
1.0,-2.0,2.0,-1.0,0.0,3.0,3.0,4.0,0.59375
1.0,-2.0,2.0,-2.0,0.0,-1.0,-1.0,4.0,0.59375
1.0,-2.0,2.0,0.0,1.0,-1.0,-1.0,4.0,0.59375
0.0,-2.0,0.0,0.0,1.0,-3.0,-1.0,0.0,0.59375
0.0,-1.0,0.0,2.0,1.0,1.0,3.0,0.0,0.59375
0.0,-1.0,0.0,2.0,0.0,1.0,1.0,0.0,0.59375
0.0,-1.0,0.0,3.0,0.0,3.0,1.0,0.0,0.59375
0.0,-2.0,0.0,3.0,-2.0,1.0,1.0,0.0,0.59375
0.0,0.0,0.0,0.0,0.0,0.0,1.0,2.0,0.40625
0.0,0.0,0.0,0.0,0.0,-1.0,1.0,0.0,0.40625
0.0,0.0,0.0,1.0,0.0,1.0,1.0,0.0,0.40625
0.0,0.0,-1.0,1.0,0.0,-1.0,1.0,0.0,0.40625
0.0,1.0,1.0,1.0,0.0,-1.0,1.0,0.0,0.40625
-1.0,1.0,-1.0,1.0,0.0,-1.0,1.0,0.0,0.40625
-1.0,1.0,-1.0,1.0,0.0,-1.0,2.0,2.0,0.40625
-1.0,1.0,-1.0,1.0,0.0,-1.0,-1.0,0.0,0.40625
-1.0,1.0,-1.0,1.0,0.0,-1.0,2.0,4.0,0.40625
-1.0,-2.0,-1.0,1.0,0.0,-1.0,2.0,4.0,0.40625
-1.0,-2.0,-1.0,2.0,0.0,-1.0,4.0,4.0,0.40625
-1.0,-2.0,-1.0,2.0,0.0,-1.0,1.0,4.0,0.40625
-1.0,-2.0,-1.0,2.0,0.0,2.0,5.0,4.0,0.40625
-1.0,-2.0,-1.0,2.0,0.0,-1.0,5.0,0.0,0.40625
-1.0,-2.0,-1.0,3.0,0.0,1.0,5.0,0.0,0.40625
-1.0,-2.0,-1.0,3.0,-1.0,1.0,3.0,0.0,0.40625
-1.0,-2.0,-1.0,3.0,0.0,1.0,5.0,0.0,0.40625
-1.0,-3.0,-1.0,1.0,0.0,1.0,3.0,0.0,0.40625
-1.0,-3.0,-1.0,1.0,1.0,1.0,5.0,0.0,0.40625
0.0,0.0,0.0,0.0,0.0,0.0,1.0,2.0,-0.875
0.0,0.0,0.0,0.0,0.0,0.0,0.0,0.0,-0.875
0.0,0.0,0.0,0.0,0.0,1.0,2.0,2.0,-0.875
0.0,0.0,0.0,0.0,0.0,0.0,2.0,0.0,-0.875
0.0,0.0,0.0,0.0,0.0,0.0,3.0,2.0,-0.875
0.0,0.0,0.0,-1.0,0.0,-2.0,-1.0,2.0,-0.875
0.0,0.0,1.0,-1.0,0.0,0.0,-1.0,4.0,-0.875
0.0,0.0,1.0,-1.0,0.0,0.0,-2.0,0.0,-0.875
0.0,1.0,1.0,1.0,0.0,2.0,2.0,0.0,-0.875
0.0,1.0,1.0,1.0,0.0,1.0,0.0,-2.0,-0.875
0.0,1.0,2.0,1.0,0.0,3.0,0.0,2.0,-0.875
0.0,1.0,2.0,1.0,-1.0,3.0,-2.0,-2.0,-0.875
0.0,1.0,2.0,1.0,-1.0,3.0,-1.0,0.0,-0.875
-1.0,1.0,0.0,1.0,-1.0,1.0,-1.0,-2.0,-0.875
-1.0,2.0,0.0,1.0,1.0,1.0,1.0,-2.0,-0.875
-2.0,2.0,-2.0,1.0,1.0,-1.0,1.0,-2.0,-0.875
-2.0,2.0,-2.0,1.0,2.0,-1.0,5.0,2.0,-0.875
-2.0,2.0,-2.0,1.0,2.0,-2.0,1.0,2.0,-0.875
-2.0,2.0,-2.0,2.0,2.0,0.0,3.0,2.0,-0.875
0.0,0.0,0.0,0.0,0.0,0.0,1.0,2.0,-0.53125
0.0,0.0,0.0,0.0,0.0,-1.0,1.0,0.0,-0.53125
0.0,0.0,0.0,1.0,0.0,1.0,1.0,0.0,-0.53125
0.0,0.0,0.0,1.0,0.0,1.0,0.0,-2.0,-0.53125
0.0,0.0,0.0,1.0,0.0,2.0,2.0,0.0,-0.53125
0.0,0.0,0.0,1.0,0.0,2.0,1.0,-2.0,-0.53125
0.0,0.0,0.0,1.0,0.0,2.0,2.0,0.0,-0.53125
0.0,0.0,0.0,0.0,0.0,2.0,0.0,0.0,-0.53125
0.0,0.0,0.0,0.0,1.0,2.0,2.0,2.0,-0.53125
0.0,-1.0,0.0,-2.0,1.0,0.0,0.0,2.0,-0.53125
0.0,0.0,0.0,0.0,1.0,0.0,2.0,4.0,-0.53125
0.0,0.0,0.0,0.0,1.0,0.0,1.0,2.0,-0.53125
0.0,0.0,0.0,0.0,2.0,0.0,3.0,2.0,-0.53125
0.0,0.0,0.0,0.0,2.0,-1.0,3.0,-2.0,-0.53125
0.0,0.0,0.0,1.0,2.0,1.0,3.0,-2.0,-0.53125
0.0,-1.0,0.0,1.0,0.0,1.0,1.0,-4.0,-0.53125
0.0,-1.0,0.0,1.0,0.0,2.0,1.0,0.0,-0.53125
0.0,-1.0,0.0,1.0,-1.0,0.0,1.0,0.0,-0.53125
0.0,-1.0,1.0,1.0,-1.0,2.0,1.0,4.0,-0.53125
0.0,0.0,0.0,0.0,0.0,0.0,1.0,2.0,-0.53125
0.0,0.0,0.0,0.0,0.0,-1.0,1.0,0.0,-0.53125
0.0,0.0,0.0,1.0,0.0,1.0,1.0,0.0,-0.53125
0.0,0.0,0.0,1.0,0.0,1.0,0.0,-2.0,-0.53125
0.0,0.0,0.0,1.0,0.0,2.0,2.0,0.0,-0.53125
0.0,0.0,-1.0,1.0,0.0,0.0,2.0,0.0,-0.53125
0.0,0.0,-1.0,1.0,0.0,0.0,3.0,2.0,-0.53125
0.0,-1.0,-1.0,-1.0,0.0,0.0,3.0,2.0,-0.53125
1.0,-1.0,1.0,-1.0,0.0,2.0,3.0,4.0,-0.53125
1.0,-2.0,-1.0,-1.0,0.0,2.0,3.0,4.0,-0.53125
1.0,1.0,-1.0,-1.0,0.0,2.0,3.0,4.0,-0.53125
1.0,1.0,-1.0,-1.0,0.0,-1.0,3.0,0.0,-0.53125
1.0,1.0,2.0,-1.0,0.0,3.0,3.0,4.0,-0.53125
1.0,1.0,2.0,-2.0,0.0,-1.0,-1.0,4.0,-0.53125
1.0,1.0,2.0,0.0,1.0,-1.0,-1.0,4.0,-0.53125
1.0,0.0,2.0,0.0,-1.0,-1.0,-1.0,4.0,-0.53125
1.0,1.0,2.0,2.0,-1.0,3.0,3.0,4.0,-0.53125
1.0,1.0,2.0,2.0,-2.0,1.0,3.0,4.0,-0.53125
1.0,1.0,2.0,2.0,1.0,1.0,3.0,4.0,-0.53125
0.0,0.0,0.0,0.0,0.0,0.0,1.0,2.0,-0.5625
0.0,0.0,0.0,0.0,0.0,-1.0,1.0,0.0,-0.5625
0.0,0.0,0.0,1.0,0.0,1.0,1.0,0.0,-0.5625
0.0,0.0,0.0,1.0,0.0,1.0,0.0,-2.0,-0.5625
0.0,0.0,0.0,1.0,0.0,2.0,2.0,0.0,-0.5625
0.0,0.0,0.0,1.0,-1.0,2.0,0.0,-2.0,-0.5625
0.0,0.0,0.0,1.0,-1.0,3.0,0.0,2.0,-0.5625
0.0,0.0,0.0,1.0,-1.0,3.0,-1.0,0.0,-0.5625
0.0,0.0,0.0,1.0,-1.0,3.0,2.0,0.0,-0.5625
0.0,0.0,-1.0,1.0,-1.0,1.0,2.0,0.0,-0.5625
0.0,0.0,-1.0,1.0,-1.0,1.0,3.0,4.0,-0.5625
0.0,-1.0,-1.0,-1.0,-1.0,-1.0,1.0,4.0,-0.5625
1.0,-1.0,1.0,-1.0,-1.0,1.0,1.0,4.0,-0.5625
1.0,-1.0,1.0,-1.0,-2.0,1.0,-1.0,0.0,-0.5625
1.0,0.0,1.0,-1.0,0.0,1.0,-1.0,0.0,-0.5625
1.0,0.0,0.0,-1.0,0.0,-1.0,-1.0,-2.0,-0.5625
1.0,0.0,0.0,-1.0,0.0,0.0,1.0,-2.0,-0.5625
1.0,0.0,-1.0,-1.0,0.0,-2.0,1.0,-2.0,-0.5625
1.0,0.0,-1.0,-1.0,1.0,0.0,1.0,-2.0,-0.5625
0.0,0.0,0.0,0.0,0.0,0.0,1.0,2.0,0.25
0.0,0.0,0.0,0.0,0.0,-1.0,1.0,0.0,0.25
0.0,0.0,0.0,1.0,0.0,1.0,1.0,0.0,0.25
0.0,0.0,0.0,1.0,0.0,1.0,0.0,-2.0,0.25
0.0,0.0,0.0,1.0,0.0,2.0,2.0,0.0,0.25
0.0,0.0,-1.0,1.0,0.0,0.0,2.0,0.0,0.25
0.0,0.0,-1.0,1.0,0.0,0.0,3.0,2.0,0.25
0.0,-1.0,-1.0,-1.0,0.0,0.0,3.0,2.0,0.25
1.0,-1.0,1.0,-1.0,0.0,2.0,3.0,4.0,0.25
1.0,-1.0,1.0,-2.0,0.0,-2.0,-1.0,4.0,0.25
1.0,-1.0,1.0,0.0,1.0,-2.0,-1.0,4.0,0.25
1.0,-2.0,-1.0,0.0,1.0,-2.0,-1.0,4.0,0.25
1.0,-1.0,-1.0,2.0,1.0,2.0,3.0,4.0,0.25
1.0,-1.0,-1.0,0.0,-2.0,2.0,3.0,4.0,0.25
1.0,0.0,-1.0,0.0,0.0,2.0,3.0,4.0,0.25
1.0,0.0,-1.0,0.0,-2.0,2.0,2.0,4.0,0.25
1.0,0.0,-1.0,1.0,-2.0,2.0,4.0,4.0,0.25
1.0,0.0,-1.0,1.0,-2.0,-1.0,4.0,0.0,0.25
1.0,1.0,1.0,3.0,2.0,-1.0,4.0,0.0,0.25
0.0,0.0,0.0,0.0,0.0,0.0,1.0,2.0,0.984375
0.0,0.0,0.0,0.0,0.0,-1.0,1.0,0.0,0.984375
0.0,0.0,0.0,1.0,0.0,1.0,1.0,0.0,0.984375
0.0,0.0,0.0,1.0,0.0,1.0,0.0,-2.0,0.984375
0.0,0.0,0.0,1.0,0.0,2.0,2.0,0.0,0.984375
0.0,0.0,-1.0,1.0,0.0,0.0,2.0,0.0,0.984375
0.0,0.0,-1.0,1.0,0.0,0.0,3.0,2.0,0.984375
0.0,-1.0,-1.0,-1.0,0.0,0.0,3.0,2.0,0.984375
1.0,-1.0,1.0,-1.0,0.0,2.0,3.0,4.0,0.984375
1.0,-2.0,-1.0,-1.0,0.0,2.0,3.0,4.0,0.984375
1.0,-2.0,-1.0,-1.0,0.0,-1.0,3.0,0.0,0.984375
1.0,-2.0,-1.0,-1.0,0.0,-1.0,4.0,2.0,0.984375
1.0,-2.0,-1.0,-1.0,0.0,-1.0,1.0,2.0,0.984375
1.0,-2.0,-1.0,0.0,0.0,1.0,5.0,2.0,0.984375
1.0,-2.0,-1.0,-1.0,0.0,-1.0,-1.0,2.0,0.984375
1.0,-2.0,-1.0,0.0,0.0,-1.0,1.0,2.0,0.984375
1.0,-2.0,-1.0,-2.0,-1.0,-1.0,1.0,2.0,0.984375
1.0,-1.0,-1.0,0.0,-1.0,-1.0,1.0,2.0,0.984375
1.0,-2.0,-1.0,-2.0,-1.0,-3.0,-1.0,2.0,0.984375
0.0,0.0,0.0,0.0,0.0,0.0,1.0,2.0,0.53125
0.0,0.0,0.0,0.0,0.0,-1.0,1.0,0.0,0.53125
0.0,0.0,0.0,1.0,0.0,1.0,1.0,0.0,0.53125
0.0,0.0,0.0,1.0,0.0,1.0,0.0,-2.0,0.53125
0.0,0.0,0.0,1.0,0.0,2.0,2.0,0.0,0.53125
0.0,0.0,-1.0,1.0,0.0,0.0,2.0,0.0,0.53125
0.0,0.0,-1.0,1.0,0.0,0.0,3.0,2.0,0.53125
0.0,-1.0,-1.0,-1.0,0.0,0.0,3.0,2.0,0.53125
1.0,-1.0,1.0,-1.0,0.0,2.0,3.0,4.0,0.53125
1.0,-2.0,-1.0,-1.0,0.0,2.0,3.0,4.0,0.53125
1.0,-2.0,-1.0,-2.0,0.0,-2.0,-1.0,4.0,0.53125
1.0,-2.0,-1.0,-1.0,0.0,-2.0,1.0,4.0,0.53125
1.0,-2.0,-1.0,-3.0,-1.0,-2.0,1.0,4.0,0.53125
1.0,-1.0,-1.0,-1.0,-1.0,-2.0,1.0,4.0,0.53125
1.0,-2.0,-1.0,-3.0,-1.0,-2.0,1.0,4.0,0.53125
1.0,3.0,-1.0,-3.0,-1.0,-2.0,1.0,4.0,0.53125
1.0,3.0,-1.0,-3.0,-2.0,-2.0,-1.0,0.0,0.53125
1.0,4.0,-1.0,1.0,-2.0,-2.0,-1.0,0.0,0.53125
1.0,4.0,-1.0,-1.0,-3.0,-2.0,-1.0,0.0,0.53125
0.0,0.0,0.0,0.0,0.0,0.0,1.0,2.0,0.71875
0.0,0.0,0.0,0.0,0.0,-1.0,1.0,0.0,0.71875
0.0,0.0,0.0,1.0,0.0,1.0,1.0,0.0,0.71875
0.0,0.0,0.0,1.0,0.0,1.0,0.0,-2.0,0.71875
0.0,0.0,0.0,1.0,0.0,2.0,2.0,0.0,0.71875
0.0,0.0,-1.0,1.0,0.0,0.0,2.0,0.0,0.71875
0.0,0.0,-1.0,1.0,0.0,0.0,3.0,2.0,0.71875
0.0,-1.0,-1.0,-1.0,0.0,0.0,3.0,2.0,0.71875
1.0,-1.0,1.0,-1.0,0.0,2.0,3.0,4.0,0.71875
1.0,-2.0,-1.0,-1.0,0.0,2.0,3.0,4.0,0.71875
1.0,-2.0,-1.0,-2.0,0.0,-2.0,-1.0,4.0,0.71875
1.0,-2.0,-1.0,-1.0,0.0,-2.0,1.0,4.0,0.71875
1.0,-2.0,-1.0,-1.0,0.0,-2.0,0.0,2.0,0.71875
1.0,-2.0,-1.0,-1.0,1.0,-2.0,2.0,2.0,0.71875
1.0,-2.0,-1.0,-1.0,0.0,-2.0,0.0,-2.0,0.71875
1.0,-1.0,1.0,-1.0,0.0,-2.0,0.0,-2.0,0.71875
1.0,-1.0,1.0,-1.0,0.0,-2.0,-1.0,-4.0,0.71875
1.0,0.0,1.0,-1.0,2.0,-2.0,1.0,-4.0,0.71875
1.0,-1.0,1.0,-1.0,0.0,-2.0,-1.0,-4.0,0.71875
0.0,0.0,0.0,0.0,0.0,0.0,1.0,2.0,-0.03125
0.0,0.0,0.0,0.0,0.0,-1.0,1.0,0.0,-0.03125
0.0,0.0,0.0,1.0,0.0,1.0,1.0,0.0,-0.03125
0.0,0.0,0.0,1.0,0.0,1.0,0.0,-2.0,-0.03125
0.0,0.0,0.0,1.0,0.0,2.0,2.0,0.0,-0.03125
0.0,0.0,-1.0,1.0,0.0,0.0,2.0,0.0,-0.03125
0.0,0.0,-1.0,1.0,0.0,0.0,3.0,2.0,-0.03125
0.0,-1.0,-1.0,-1.0,0.0,0.0,3.0,2.0,-0.03125
1.0,-1.0,1.0,-1.0,0.0,2.0,3.0,4.0,-0.03125
1.0,-2.0,-1.0,-1.0,0.0,2.0,3.0,4.0,-0.03125
1.0,-2.0,-1.0,-1.0,0.0,-1.0,3.0,0.0,-0.03125
1.0,-2.0,2.0,-1.0,0.0,3.0,3.0,4.0,-0.03125
1.0,-2.0,2.0,-2.0,0.0,-1.0,-1.0,4.0,-0.03125
1.0,-2.0,2.0,0.0,1.0,-1.0,-1.0,4.0,-0.03125
0.0,-2.0,0.0,0.0,1.0,-3.0,-1.0,0.0,-0.03125
0.0,-1.0,0.0,2.0,1.0,1.0,3.0,0.0,-0.03125
0.0,-1.0,0.0,2.0,0.0,1.0,1.0,0.0,-0.03125
0.0,-1.0,0.0,3.0,0.0,3.0,1.0,0.0,-0.03125
0.0,-2.0,0.0,3.0,-2.0,1.0,1.0,0.0,-0.03125
0.0,0.0,0.0,0.0,0.0,0.0,1.0,2.0,0.09375
0.0,0.0,0.0,0.0,0.0,-1.0,1.0,0.0,0.09375
0.0,0.0,0.0,1.0,0.0,1.0,1.0,0.0,0.09375
0.0,0.0,0.0,1.0,0.0,1.0,0.0,-2.0,0.09375
0.0,0.0,0.0,1.0,0.0,2.0,2.0,0.0,0.09375
0.0,0.0,-1.0,1.0,0.0,0.0,2.0,0.0,0.09375
0.0,0.0,-1.0,1.0,0.0,0.0,3.0,2.0,0.09375
0.0,-1.0,-1.0,-1.0,0.0,0.0,3.0,2.0,0.09375
1.0,-1.0,1.0,-1.0,0.0,2.0,3.0,4.0,0.09375
1.0,-2.0,-1.0,-1.0,0.0,2.0,3.0,4.0,0.09375
1.0,-2.0,-1.0,-1.0,0.0,-1.0,3.0,0.0,0.09375
1.0,-2.0,2.0,-1.0,0.0,3.0,3.0,4.0,0.09375
1.0,-2.0,2.0,-2.0,0.0,-1.0,-1.0,4.0,0.09375
1.0,-2.0,2.0,0.0,1.0,-1.0,-1.0,4.0,0.09375
0.0,-2.0,0.0,0.0,1.0,-3.0,-1.0,0.0,0.09375
0.0,-2.0,1.0,0.0,1.0,-1.0,-1.0,0.0,0.09375
0.0,-3.0,1.0,0.0,-1.0,-1.0,-1.0,0.0,0.09375
0.0,-3.0,1.0,0.0,0.0,-1.0,1.0,2.0,0.09375
0.0,-3.0,1.0,0.0,0.0,-1.0,0.0,-2.0,0.09375
0.0,0.0,0.0,0.0,0.0,0.0,1.0,2.0,0.0
0.0,0.0,0.0,0.0,0.0,-1.0,1.0,0.0,0.0
0.0,0.0,0.0,1.0,0.0,1.0,1.0,0.0,0.0
0.0,0.0,0.0,1.0,0.0,1.0,0.0,-2.0,0.0
0.0,0.0,0.0,1.0,0.0,2.0,2.0,0.0,0.0
0.0,0.0,0.0,1.0,-1.0,2.0,0.0,0.0,0.0
0.0,1.0,0.0,1.0,1.0,2.0,2.0,2.0,0.0
0.0,1.0,0.0,1.0,0.0,2.0,0.0,0.0,0.0
0.0,1.0,0.0,2.0,2.0,2.0,2.0,0.0,0.0
0.0,1.0,0.0,1.0,2.0,2.0,0.0,0.0,0.0
0.0,2.0,0.0,3.0,2.0,2.0,0.0,0.0,0.0
0.0,1.0,0.0,1.0,2.0,0.0,0.0,0.0,0.0
0.0,1.0,0.0,1.0,2.0,0.0,3.0,4.0,0.0
0.0,1.0,0.0,1.0,2.0,-1.0,3.0,0.0,0.0
0.0,1.0,0.0,1.0,2.0,1.0,4.0,2.0,0.0
0.0,1.0,0.0,1.0,2.0,1.0,1.0,0.0,0.0
0.0,1.0,1.0,1.0,2.0,3.0,1.0,2.0,0.0
0.0,1.0,1.0,1.0,1.0,3.0,-1.0,0.0,0.0
0.0,2.0,1.0,1.0,3.0,3.0,-1.0,0.0,0.0
0.0,0.0,0.0,0.0,0.0,0.0,1.0,2.0,0.5625
0.0,0.0,0.0,0.0,0.0,-1.0,1.0,0.0,0.5625
0.0,0.0,0.0,1.0,0.0,1.0,1.0,0.0,0.5625
0.0,0.0,0.0,1.0,0.0,1.0,0.0,-2.0,0.5625
0.0,0.0,0.0,1.0,0.0,2.0,2.0,0.0,0.5625
0.0,0.0,-1.0,1.0,0.0,0.0,2.0,0.0,0.5625
0.0,0.0,-1.0,1.0,0.0,0.0,3.0,2.0,0.5625
0.0,-1.0,-1.0,-1.0,0.0,0.0,3.0,2.0,0.5625
0.0,-1.0,-1.0,-1.0,0.0,0.0,4.0,4.0,0.5625
0.0,-1.0,-1.0,-1.0,0.0,0.0,1.0,2.0,0.5625
1.0,-1.0,1.0,-1.0,0.0,2.0,1.0,2.0,0.5625
1.0,-1.0,1.0,-1.0,-1.0,2.0,-1.0,2.0,0.5625
1.0,-1.0,1.0,-1.0,0.0,2.0,1.0,2.0,0.5625
1.0,-1.0,1.0,-1.0,-1.0,2.0,-1.0,0.0,0.5625
1.0,0.0,1.0,1.0,-1.0,2.0,-1.0,0.0,0.5625
1.0,0.0,1.0,1.0,-2.0,0.0,-3.0,-4.0,0.5625
1.0,3.0,1.0,1.0,-2.0,0.0,-3.0,-4.0,0.5625
1.0,2.0,1.0,1.0,-4.0,0.0,-5.0,-4.0,0.5625
1.0,2.0,1.0,1.0,-2.0,1.0,-5.0,-4.0,0.5625
0.0,0.0,0.0,0.0,0.0,0.0,1.0,2.0,-0.15625
0.0,0.0,0.0,0.0,0.0,-1.0,1.0,0.0,-0.15625
0.0,0.0,0.0,1.0,0.0,1.0,1.0,0.0,-0.15625
0.0,0.0,0.0,1.0,0.0,1.0,0.0,-2.0,-0.15625
0.0,0.0,0.0,1.0,0.0,2.0,2.0,0.0,-0.15625
0.0,0.0,-1.0,1.0,0.0,0.0,2.0,0.0,-0.15625
0.0,0.0,-1.0,1.0,0.0,0.0,3.0,2.0,-0.15625
0.0,-1.0,-1.0,-1.0,0.0,0.0,3.0,2.0,-0.15625
1.0,-1.0,1.0,-1.0,0.0,2.0,3.0,4.0,-0.15625
1.0,-2.0,-1.0,-1.0,0.0,2.0,3.0,4.0,-0.15625
1.0,-2.0,-1.0,-2.0,0.0,-2.0,-1.0,4.0,-0.15625
1.0,-2.0,-1.0,-1.0,0.0,-2.0,1.0,4.0,-0.15625
1.0,-2.0,-1.0,-1.0,0.0,-2.0,0.0,2.0,-0.15625
1.0,-1.0,1.0,-1.0,0.0,-2.0,0.0,2.0,-0.15625
1.0,-1.0,1.0,-1.0,-1.0,-2.0,-2.0,-2.0,-0.15625
1.0,2.0,1.0,1.0,-1.0,-2.0,-2.0,-2.0,-0.15625
1.0,2.0,1.0,1.0,-2.0,-2.0,-4.0,-2.0,-0.15625
1.0,2.0,1.0,1.0,-2.0,0.0,-3.0,0.0,-0.15625
1.0,2.0,1.0,1.0,-3.0,-2.0,-3.0,0.0,-0.15625
0.0,0.0,0.0,0.0,0.0,0.0,1.0,2.0,-0.1875
0.0,0.0,0.0,0.0,0.0,-1.0,1.0,0.0,-0.1875
0.0,0.0,0.0,1.0,0.0,1.0,1.0,0.0,-0.1875
0.0,0.0,0.0,1.0,0.0,1.0,0.0,-2.0,-0.1875
0.0,0.0,0.0,1.0,0.0,2.0,2.0,0.0,-0.1875
0.0,0.0,-1.0,1.0,0.0,0.0,2.0,0.0,-0.1875
0.0,0.0,-1.0,1.0,0.0,0.0,3.0,2.0,-0.1875
0.0,-1.0,-1.0,-1.0,0.0,0.0,3.0,2.0,-0.1875
1.0,-1.0,1.0,-1.0,0.0,2.0,3.0,4.0,-0.1875
1.0,-2.0,-1.0,-1.0,0.0,2.0,3.0,4.0,-0.1875
1.0,-2.0,-1.0,-1.0,0.0,-1.0,3.0,0.0,-0.1875
1.0,-2.0,2.0,-1.0,0.0,3.0,3.0,4.0,-0.1875
1.0,-2.0,2.0,-2.0,0.0,-1.0,-1.0,4.0,-0.1875
1.0,-2.0,2.0,0.0,1.0,-1.0,-1.0,4.0,-0.1875
0.0,-2.0,0.0,0.0,1.0,-3.0,-1.0,0.0,-0.1875
0.0,-1.0,0.0,2.0,1.0,1.0,3.0,0.0,-0.1875
0.0,-1.0,0.0,2.0,0.0,1.0,1.0,0.0,-0.1875
0.0,-1.0,0.0,3.0,0.0,3.0,1.0,0.0,-0.1875
0.0,-2.0,0.0,3.0,-2.0,1.0,1.0,0.0,-0.1875
0.0,0.0,0.0,0.0,0.0,0.0,1.0,2.0,0.21875
0.0,0.0,0.0,0.0,0.0,-1.0,1.0,0.0,0.21875
0.0,0.0,0.0,1.0,0.0,1.0,1.0,0.0,0.21875
0.0,0.0,0.0,1.0,0.0,1.0,0.0,-2.0,0.21875
0.0,0.0,0.0,1.0,0.0,2.0,2.0,0.0,0.21875
0.0,0.0,-1.0,1.0,0.0,0.0,2.0,0.0,0.21875
0.0,0.0,-1.0,1.0,0.0,0.0,3.0,2.0,0.21875
0.0,-1.0,-1.0,-1.0,0.0,0.0,3.0,2.0,0.21875
1.0,-1.0,1.0,-1.0,0.0,2.0,3.0,4.0,0.21875
1.0,-2.0,-1.0,-1.0,0.0,2.0,3.0,4.0,0.21875
1.0,-2.0,-1.0,-1.0,0.0,-1.0,3.0,0.0,0.21875
1.0,-2.0,2.0,-1.0,0.0,3.0,3.0,4.0,0.21875
1.0,-2.0,2.0,-2.0,0.0,-1.0,-1.0,4.0,0.21875
1.0,-2.0,2.0,0.0,1.0,-1.0,-1.0,4.0,0.21875
0.0,-2.0,0.0,0.0,1.0,-3.0,-1.0,0.0,0.21875
0.0,-1.0,0.0,2.0,1.0,1.0,3.0,0.0,0.21875
0.0,-1.0,0.0,2.0,0.0,1.0,1.0,0.0,0.21875
0.0,-1.0,0.0,3.0,0.0,3.0,1.0,0.0,0.21875
0.0,-2.0,0.0,3.0,-2.0,1.0,1.0,0.0,0.21875
0.0,0.0,0.0,0.0,0.0,0.0,1.0,2.0,0.4375
0.0,0.0,0.0,0.0,0.0,-1.0,1.0,0.0,0.4375
0.0,0.0,0.0,1.0,0.0,1.0,1.0,0.0,0.4375
0.0,0.0,0.0,1.0,0.0,1.0,0.0,-2.0,0.4375
0.0,0.0,0.0,1.0,0.0,2.0,2.0,0.0,0.4375
0.0,0.0,-1.0,1.0,0.0,0.0,2.0,0.0,0.4375
0.0,0.0,-1.0,1.0,0.0,0.0,3.0,2.0,0.4375
0.0,-1.0,-1.0,-1.0,0.0,0.0,3.0,2.0,0.4375
1.0,-1.0,1.0,-1.0,0.0,2.0,3.0,4.0,0.4375
1.0,-2.0,-1.0,-1.0,0.0,2.0,3.0,4.0,0.4375
1.0,-2.0,-1.0,-1.0,0.0,-1.0,3.0,0.0,0.4375
1.0,-2.0,2.0,-1.0,0.0,3.0,3.0,4.0,0.4375
1.0,-2.0,2.0,-2.0,0.0,-1.0,-1.0,4.0,0.4375
1.0,-2.0,2.0,0.0,1.0,-1.0,-1.0,4.0,0.4375
0.0,-2.0,0.0,0.0,1.0,-3.0,-1.0,0.0,0.4375
0.0,-1.0,0.0,2.0,1.0,1.0,3.0,0.0,0.4375
0.0,-1.0,0.0,2.0,0.0,1.0,1.0,0.0,0.4375
0.0,-1.0,0.0,3.0,0.0,3.0,1.0,0.0,0.4375
0.0,-2.0,0.0,3.0,-2.0,1.0,1.0,0.0,0.4375
0.0,0.0,0.0,0.0,0.0,0.0,1.0,2.0,0.53125
0.0,0.0,0.0,0.0,0.0,0.0,0.0,0.0,0.53125
0.0,0.0,0.0,0.0,0.0,0.0,1.0,2.0,0.53125
0.0,0.0,0.0,0.0,0.0,0.0,0.0,0.0,0.53125
0.0,0.0,0.0,0.0,0.0,1.0,2.0,0.0,0.53125
0.0,0.0,0.0,0.0,0.0,0.0,2.0,-2.0,0.53125
0.0,0.0,0.0,1.0,0.0,2.0,2.0,-2.0,0.53125
0.0,0.0,-1.0,1.0,0.0,0.0,2.0,-4.0,0.53125
0.0,0.0,-1.0,1.0,0.0,0.0,3.0,-2.0,0.53125
0.0,0.0,-1.0,1.0,0.0,0.0,2.0,-4.0,0.53125
0.0,0.0,-1.0,1.0,0.0,1.0,6.0,-4.0,0.53125
0.0,0.0,-2.0,1.0,0.0,-1.0,6.0,-4.0,0.53125
0.0,0.0,-2.0,2.0,0.0,1.0,6.0,-4.0,0.53125
0.0,0.0,-2.0,1.0,0.0,1.0,4.0,-4.0,0.53125
1.0,0.0,0.0,1.0,0.0,3.0,4.0,0.0,0.53125
1.0,0.0,0.0,0.0,0.0,3.0,2.0,-2.0,0.53125
1.0,0.0,0.0,0.0,0.0,4.0,4.0,2.0,0.53125
1.0,-1.0,0.0,-2.0,0.0,2.0,4.0,2.0,0.53125
2.0,-1.0,2.0,-2.0,0.0,2.0,4.0,2.0,0.53125
0.0,0.0,0.0,0.0,0.0,0.0,1.0,2.0,0.59375
0.0,0.0,0.0,0.0,0.0,-1.0,1.0,0.0,0.59375
0.0,0.0,0.0,1.0,0.0,1.0,1.0,0.0,0.59375
0.0,0.0,0.0,1.0,0.0,1.0,0.0,-2.0,0.59375
0.0,0.0,0.0,1.0,0.0,2.0,2.0,0.0,0.59375
0.0,0.0,-1.0,1.0,0.0,0.0,2.0,0.0,0.59375
0.0,0.0,-1.0,1.0,0.0,0.0,3.0,2.0,0.59375
0.0,-1.0,-1.0,-1.0,0.0,0.0,3.0,2.0,0.59375
1.0,-1.0,1.0,-1.0,0.0,2.0,3.0,4.0,0.59375
1.0,-2.0,-1.0,-1.0,0.0,2.0,3.0,4.0,0.59375
1.0,-2.0,-1.0,-2.0,0.0,-2.0,-1.0,4.0,0.59375
1.0,-2.0,-1.0,-1.0,0.0,-2.0,1.0,4.0,0.59375
1.0,-2.0,-1.0,-3.0,-1.0,-2.0,1.0,4.0,0.59375
1.0,-1.0,-1.0,-1.0,-1.0,-2.0,1.0,4.0,0.59375
1.0,-2.0,-1.0,-3.0,-1.0,-2.0,1.0,4.0,0.59375
1.0,3.0,-1.0,-3.0,-1.0,-2.0,1.0,4.0,0.59375
1.0,3.0,-1.0,-3.0,-2.0,-2.0,-1.0,0.0,0.59375
1.0,4.0,-1.0,1.0,-2.0,-2.0,-1.0,0.0,0.59375
1.0,4.0,-1.0,-1.0,-3.0,-2.0,-1.0,0.0,0.59375
0.0,0.0,0.0,0.0,0.0,0.0,1.0,2.0,0.5
0.0,0.0,0.0,0.0,0.0,-1.0,1.0,0.0,0.5
0.0,0.0,0.0,1.0,0.0,1.0,1.0,0.0,0.5
0.0,0.0,0.0,1.0,0.0,1.0,0.0,-2.0,0.5
0.0,0.0,0.0,1.0,0.0,2.0,2.0,0.0,0.5
0.0,0.0,-1.0,1.0,0.0,0.0,2.0,0.0,0.5
0.0,0.0,-1.0,1.0,0.0,0.0,3.0,2.0,0.5
0.0,-1.0,-1.0,-1.0,0.0,0.0,3.0,2.0,0.5
1.0,-1.0,1.0,-1.0,0.0,2.0,3.0,4.0,0.5
1.0,-2.0,-1.0,-1.0,0.0,2.0,3.0,4.0,0.5
1.0,-2.0,-1.0,-1.0,0.0,-1.0,3.0,0.0,0.5
1.0,-2.0,2.0,-1.0,0.0,3.0,3.0,4.0,0.5
1.0,-2.0,2.0,-2.0,0.0,-1.0,-1.0,4.0,0.5
1.0,-2.0,2.0,0.0,1.0,-1.0,-1.0,4.0,0.5
0.0,-2.0,0.0,0.0,1.0,-3.0,-1.0,0.0,0.5
0.0,-1.0,0.0,2.0,1.0,1.0,3.0,0.0,0.5
0.0,-1.0,0.0,2.0,0.0,1.0,1.0,0.0,0.5
0.0,-1.0,0.0,3.0,0.0,3.0,1.0,0.0,0.5
0.0,-2.0,0.0,3.0,-2.0,1.0,1.0,0.0,0.5
0.0,0.0,0.0,0.0,0.0,0.0,1.0,2.0,0.28125
0.0,0.0,0.0,0.0,0.0,-1.0,1.0,0.0,0.28125
0.0,0.0,0.0,1.0,0.0,1.0,1.0,0.0,0.28125
0.0,0.0,0.0,1.0,-1.0,1.0,-1.0,0.0,0.28125
0.0,1.0,0.0,1.0,1.0,1.0,1.0,2.0,0.28125
0.0,1.0,0.0,1.0,1.0,1.0,0.0,0.0,0.28125
0.0,1.0,0.0,1.0,1.0,1.0,1.0,4.0,0.28125
0.0,0.0,0.0,-1.0,1.0,-1.0,-1.0,4.0,0.28125
0.0,0.0,0.0,0.0,1.0,-1.0,1.0,4.0,0.28125
0.0,0.0,0.0,0.0,1.0,-1.0,0.0,2.0,0.28125
0.0,0.0,0.0,0.0,2.0,1.0,0.0,2.0,0.28125
0.0,0.0,0.0,0.0,1.0,1.0,-2.0,-2.0,0.28125
0.0,0.0,0.0,0.0,1.0,2.0,-2.0,0.0,0.28125
0.0,0.0,0.0,0.0,1.0,2.0,-3.0,-2.0,0.28125
0.0,0.0,0.0,0.0,1.0,2.0,0.0,0.0,0.28125
0.0,0.0,0.0,0.0,0.0,2.0,-4.0,-4.0,0.28125
0.0,0.0,0.0,1.0,0.0,2.0,-2.0,-2.0,0.28125
0.0,0.0,-1.0,1.0,0.0,0.0,-2.0,-2.0,0.28125
0.0,1.0,-1.0,1.0,2.0,0.0,0.0,0.0,0.28125
0.0,0.0,0.0,0.0,0.0,0.0,1.0,2.0,0.53125
0.0,0.0,0.0,0.0,0.0,-1.0,1.0,0.0,0.53125
0.0,0.0,0.0,1.0,0.0,1.0,1.0,0.0,0.53125
0.0,0.0,0.0,1.0,0.0,1.0,0.0,-2.0,0.53125
0.0,0.0,0.0,1.0,0.0,2.0,2.0,0.0,0.53125
0.0,0.0,-1.0,1.0,0.0,0.0,2.0,0.0,0.53125
0.0,0.0,-1.0,1.0,0.0,0.0,3.0,2.0,0.53125
0.0,-1.0,-1.0,-1.0,0.0,0.0,3.0,2.0,0.53125
1.0,-1.0,1.0,-1.0,0.0,2.0,3.0,4.0,0.53125
1.0,-2.0,-1.0,-1.0,0.0,2.0,3.0,4.0,0.53125
1.0,-2.0,-1.0,-1.0,0.0,-1.0,3.0,0.0,0.53125
1.0,-2.0,2.0,-1.0,0.0,3.0,3.0,4.0,0.53125
1.0,-2.0,2.0,-2.0,0.0,-1.0,-1.0,4.0,0.53125
1.0,-2.0,2.0,0.0,1.0,-1.0,-1.0,4.0,0.53125
0.0,-2.0,0.0,0.0,1.0,-3.0,-1.0,0.0,0.53125
0.0,-1.0,0.0,2.0,1.0,1.0,3.0,0.0,0.53125
0.0,-1.0,0.0,2.0,0.0,1.0,1.0,0.0,0.53125
0.0,0.0,0.0,2.0,2.0,1.0,3.0,2.0,0.53125
0.0,-3.0,0.0,2.0,2.0,1.0,3.0,2.0,0.53125
0.0,0.0,0.0,0.0,0.0,0.0,1.0,2.0,0.46875
0.0,0.0,0.0,0.0,0.0,-1.0,1.0,0.0,0.46875
0.0,0.0,0.0,1.0,0.0,1.0,1.0,0.0,0.46875
0.0,0.0,0.0,1.0,0.0,1.0,0.0,-2.0,0.46875
0.0,0.0,0.0,1.0,0.0,2.0,2.0,0.0,0.46875
0.0,0.0,-1.0,1.0,0.0,0.0,2.0,0.0,0.46875
0.0,0.0,-1.0,1.0,0.0,0.0,3.0,2.0,0.46875
0.0,-1.0,-1.0,-1.0,0.0,0.0,3.0,2.0,0.46875
1.0,-1.0,1.0,-1.0,0.0,2.0,3.0,4.0,0.46875
1.0,-2.0,-1.0,-1.0,0.0,2.0,3.0,4.0,0.46875
1.0,-2.0,-1.0,-1.0,0.0,-1.0,3.0,0.0,0.46875
1.0,-2.0,2.0,-1.0,0.0,3.0,3.0,4.0,0.46875
1.0,-2.0,2.0,-2.0,0.0,-1.0,-1.0,4.0,0.46875
1.0,-2.0,2.0,0.0,1.0,-1.0,-1.0,4.0,0.46875
0.0,-2.0,0.0,0.0,1.0,-3.0,-1.0,0.0,0.46875
0.0,-1.0,0.0,2.0,1.0,1.0,3.0,0.0,0.46875
0.0,-1.0,0.0,2.0,0.0,1.0,1.0,0.0,0.46875
0.0,-1.0,0.0,3.0,0.0,3.0,1.0,0.0,0.46875
0.0,-2.0,0.0,3.0,-2.0,1.0,1.0,0.0,0.46875
0.0,0.0,0.0,0.0,0.0,0.0,1.0,2.0,-0.28125
0.0,0.0,0.0,0.0,0.0,-1.0,1.0,0.0,-0.28125
0.0,0.0,0.0,1.0,0.0,1.0,1.0,0.0,-0.28125
0.0,0.0,0.0,1.0,0.0,1.0,0.0,-2.0,-0.28125
0.0,0.0,0.0,1.0,0.0,2.0,2.0,0.0,-0.28125
0.0,0.0,0.0,1.0,-1.0,2.0,0.0,-2.0,-0.28125
0.0,0.0,0.0,1.0,-1.0,3.0,0.0,2.0,-0.28125
0.0,-1.0,0.0,-1.0,-1.0,1.0,-2.0,2.0,-0.28125
0.0,0.0,0.0,-1.0,1.0,1.0,0.0,4.0,-0.28125
0.0,0.0,0.0,-1.0,1.0,1.0,-1.0,0.0,-0.28125
0.0,0.0,0.0,-1.0,1.0,2.0,-1.0,2.0,-0.28125
0.0,0.0,0.0,-2.0,1.0,0.0,-1.0,2.0,-0.28125
0.0,0.0,0.0,-1.0,1.0,0.0,1.0,2.0,-0.28125
0.0,-1.0,0.0,-3.0,1.0,0.0,1.0,2.0,-0.28125
0.0,2.0,0.0,-3.0,1.0,0.0,1.0,2.0,-0.28125
0.0,2.0,0.0,-3.0,1.0,0.0,-2.0,0.0,-0.28125
0.0,2.0,0.0,-3.0,1.0,0.0,1.0,0.0,-0.28125
0.0,2.0,0.0,-4.0,1.0,-2.0,-3.0,-2.0,-0.28125
0.0,3.0,0.0,0.0,1.0,-2.0,-3.0,-2.0,-0.28125
0.0,0.0,0.0,0.0,0.0,0.0,1.0,2.0,-0.03125
0.0,0.0,0.0,0.0,0.0,-1.0,1.0,0.0,-0.03125
0.0,0.0,0.0,1.0,0.0,1.0,1.0,0.0,-0.03125
0.0,0.0,0.0,1.0,0.0,1.0,0.0,-2.0,-0.03125
0.0,0.0,0.0,1.0,0.0,2.0,2.0,0.0,-0.03125
0.0,0.0,-1.0,1.0,0.0,0.0,2.0,0.0,-0.03125
0.0,0.0,-1.0,1.0,0.0,0.0,3.0,2.0,-0.03125
0.0,-1.0,-1.0,-1.0,0.0,0.0,3.0,2.0,-0.03125
1.0,-1.0,1.0,-1.0,0.0,2.0,3.0,4.0,-0.03125
1.0,-2.0,-1.0,-1.0,0.0,2.0,3.0,4.0,-0.03125
1.0,-2.0,-1.0,-2.0,0.0,-2.0,-1.0,4.0,-0.03125
1.0,-2.0,-1.0,-1.0,0.0,-2.0,1.0,4.0,-0.03125
1.0,-2.0,-1.0,-3.0,-1.0,-2.0,1.0,4.0,-0.03125
1.0,-1.0,-1.0,-1.0,-1.0,-2.0,1.0,4.0,-0.03125
1.0,-2.0,-1.0,-3.0,-1.0,-2.0,1.0,4.0,-0.03125
1.0,3.0,-1.0,-3.0,-1.0,-2.0,1.0,4.0,-0.03125
1.0,3.0,-1.0,-3.0,-2.0,-2.0,-1.0,0.0,-0.03125
1.0,4.0,-1.0,1.0,-2.0,-2.0,-1.0,0.0,-0.03125
1.0,4.0,-1.0,-1.0,-3.0,-2.0,-1.0,0.0,-0.03125
0.0,0.0,0.0,0.0,0.0,0.0,1.0,2.0,0.25
0.0,0.0,0.0,0.0,0.0,-1.0,1.0,0.0,0.25
0.0,0.0,0.0,1.0,0.0,1.0,1.0,0.0,0.25
0.0,0.0,0.0,1.0,0.0,1.0,0.0,-2.0,0.25
0.0,0.0,0.0,1.0,0.0,2.0,2.0,0.0,0.25
0.0,0.0,-1.0,1.0,0.0,0.0,2.0,0.0,0.25
0.0,0.0,-1.0,1.0,0.0,0.0,3.0,2.0,0.25
0.0,-1.0,-1.0,-1.0,0.0,0.0,3.0,2.0,0.25
1.0,-1.0,1.0,-1.0,0.0,2.0,3.0,4.0,0.25
1.0,-2.0,-1.0,-1.0,0.0,2.0,3.0,4.0,0.25
1.0,-2.0,-1.0,-1.0,0.0,-1.0,3.0,0.0,0.25
1.0,-2.0,2.0,-1.0,0.0,3.0,3.0,4.0,0.25
1.0,-2.0,2.0,-2.0,0.0,-1.0,-1.0,4.0,0.25
1.0,-2.0,2.0,0.0,1.0,-1.0,-1.0,4.0,0.25
0.0,-2.0,0.0,0.0,1.0,-3.0,-1.0,0.0,0.25
0.0,-1.0,0.0,2.0,1.0,1.0,3.0,0.0,0.25
0.0,-1.0,0.0,2.0,0.0,1.0,1.0,0.0,0.25
0.0,-1.0,0.0,3.0,0.0,3.0,1.0,0.0,0.25
0.0,-1.0,0.0,3.0,-2.0,3.0,0.0,-2.0,0.25
0.0,0.0,0.0,0.0,0.0,0.0,1.0,2.0,-0.59375
0.0,0.0,0.0,0.0,0.0,0.0,0.0,0.0,-0.59375
0.0,0.0,0.0,0.0,0.0,1.0,2.0,2.0,-0.59375
0.0,0.0,0.0,0.0,0.0,0.0,2.0,0.0,-0.59375
0.0,0.0,0.0,0.0,0.0,0.0,3.0,2.0,-0.59375
0.0,0.0,0.0,-1.0,0.0,-2.0,-1.0,2.0,-0.59375
0.0,0.0,1.0,-1.0,0.0,0.0,-1.0,4.0,-0.59375
0.0,0.0,1.0,-1.0,0.0,0.0,-2.0,0.0,-0.59375
0.0,1.0,1.0,1.0,0.0,2.0,2.0,0.0,-0.59375
0.0,1.0,1.0,1.0,0.0,1.0,0.0,-2.0,-0.59375
0.0,1.0,2.0,1.0,0.0,3.0,0.0,2.0,-0.59375
0.0,1.0,2.0,1.0,-1.0,3.0,-2.0,-2.0,-0.59375
0.0,1.0,2.0,1.0,-1.0,3.0,-1.0,0.0,-0.59375
-1.0,1.0,0.0,1.0,-1.0,1.0,-1.0,-2.0,-0.59375
-1.0,2.0,0.0,1.0,1.0,1.0,1.0,-2.0,-0.59375
-2.0,2.0,-2.0,1.0,1.0,-1.0,1.0,-2.0,-0.59375
-2.0,2.0,-2.0,1.0,2.0,-1.0,5.0,2.0,-0.59375
-2.0,2.0,-2.0,1.0,2.0,-2.0,1.0,2.0,-0.59375
-2.0,2.0,-2.0,2.0,2.0,0.0,3.0,2.0,-0.59375
0.0,0.0,0.0,0.0,0.0,0.0,1.0,2.0,0.21875
0.0,0.0,0.0,0.0,0.0,-1.0,1.0,0.0,0.21875
0.0,0.0,0.0,1.0,0.0,1.0,1.0,0.0,0.21875
0.0,0.0,0.0,1.0,0.0,1.0,0.0,-2.0,0.21875
0.0,0.0,0.0,1.0,0.0,2.0,2.0,0.0,0.21875
0.0,0.0,-1.0,1.0,0.0,0.0,2.0,0.0,0.21875
0.0,0.0,-1.0,1.0,0.0,0.0,3.0,2.0,0.21875
0.0,-1.0,-1.0,-1.0,0.0,0.0,3.0,2.0,0.21875
1.0,-1.0,1.0,-1.0,0.0,2.0,3.0,4.0,0.21875
1.0,-2.0,-1.0,-1.0,0.0,2.0,3.0,4.0,0.21875
1.0,-2.0,-1.0,-1.0,0.0,-1.0,3.0,0.0,0.21875
1.0,-2.0,-1.0,-1.0,0.0,-1.0,4.0,2.0,0.21875
1.0,-2.0,-1.0,-1.0,0.0,-1.0,1.0,0.0,0.21875
1.0,-2.0,-1.0,0.0,0.0,1.0,3.0,2.0,0.21875
1.0,-2.0,-1.0,0.0,0.0,1.0,2.0,-2.0,0.21875
1.0,-2.0,-1.0,0.0,0.0,1.0,3.0,2.0,0.21875
1.0,-3.0,-1.0,-2.0,0.0,-1.0,1.0,2.0,0.21875
1.0,-2.0,-1.0,0.0,0.0,-1.0,1.0,2.0,0.21875
1.0,-2.0,-1.0,-2.0,-1.0,-1.0,-1.0,-2.0,0.21875
0.0,0.0,0.0,0.0,0.0,0.0,1.0,2.0,0.40625
0.0,0.0,0.0,0.0,0.0,-1.0,1.0,0.0,0.40625
0.0,0.0,0.0,1.0,0.0,1.0,1.0,0.0,0.40625
0.0,0.0,0.0,1.0,0.0,1.0,0.0,-2.0,0.40625
0.0,0.0,0.0,1.0,0.0,2.0,2.0,0.0,0.40625
0.0,0.0,-1.0,1.0,0.0,0.0,2.0,0.0,0.40625
0.0,0.0,-1.0,1.0,0.0,0.0,3.0,2.0,0.40625
0.0,-1.0,-1.0,-1.0,0.0,0.0,3.0,2.0,0.40625
1.0,-1.0,1.0,-1.0,0.0,2.0,3.0,4.0,0.40625
1.0,-2.0,-1.0,-1.0,0.0,2.0,3.0,4.0,0.40625
1.0,-2.0,-1.0,-1.0,0.0,-1.0,3.0,0.0,0.40625
1.0,-2.0,2.0,-1.0,0.0,3.0,3.0,4.0,0.40625
1.0,-2.0,2.0,-2.0,0.0,-1.0,-1.0,4.0,0.40625
1.0,-2.0,2.0,0.0,1.0,-1.0,-1.0,4.0,0.40625
0.0,-2.0,0.0,0.0,1.0,-3.0,-1.0,0.0,0.40625
0.0,-1.0,0.0,2.0,1.0,1.0,3.0,0.0,0.40625
0.0,-1.0,0.0,2.0,0.0,1.0,1.0,0.0,0.40625
0.0,-1.0,0.0,3.0,0.0,3.0,1.0,0.0,0.40625
0.0,-2.0,0.0,3.0,-2.0,1.0,1.0,0.0,0.40625
0.0,0.0,0.0,0.0,0.0,0.0,1.0,2.0,0.015625
0.0,0.0,0.0,0.0,0.0,-1.0,1.0,0.0,0.015625
0.0,0.0,0.0,1.0,0.0,1.0,1.0,0.0,0.015625
0.0,0.0,0.0,1.0,0.0,1.0,0.0,-2.0,0.015625
0.0,0.0,0.0,1.0,0.0,2.0,2.0,0.0,0.015625
0.0,0.0,-1.0,1.0,0.0,0.0,2.0,0.0,0.015625
0.0,0.0,-1.0,1.0,0.0,0.0,3.0,2.0,0.015625
0.0,-1.0,-1.0,-1.0,0.0,0.0,3.0,2.0,0.015625
1.0,-1.0,1.0,-1.0,0.0,2.0,3.0,4.0,0.015625
1.0,-2.0,-1.0,-1.0,0.0,2.0,3.0,4.0,0.015625
1.0,-2.0,-1.0,-1.0,0.0,-1.0,3.0,0.0,0.015625
1.0,-2.0,2.0,-1.0,0.0,3.0,3.0,4.0,0.015625
1.0,-2.0,2.0,-2.0,0.0,-1.0,-1.0,4.0,0.015625
1.0,-2.0,2.0,0.0,1.0,-1.0,-1.0,4.0,0.015625
0.0,-2.0,0.0,0.0,1.0,-3.0,-1.0,0.0,0.015625
0.0,-1.0,0.0,2.0,1.0,1.0,3.0,0.0,0.015625
0.0,-1.0,0.0,2.0,0.0,1.0,1.0,0.0,0.015625
0.0,-1.0,0.0,3.0,0.0,3.0,1.0,0.0,0.015625
0.0,-2.0,0.0,3.0,-2.0,1.0,1.0,0.0,0.015625
0.0,0.0,0.0,0.0,0.0,0.0,1.0,2.0,0.21875
0.0,0.0,0.0,0.0,0.0,-1.0,1.0,0.0,0.21875
0.0,0.0,0.0,1.0,0.0,1.0,1.0,0.0,0.21875
0.0,0.0,0.0,1.0,0.0,1.0,0.0,-2.0,0.21875
0.0,0.0,0.0,1.0,0.0,2.0,2.0,0.0,0.21875
0.0,0.0,-1.0,1.0,0.0,0.0,2.0,0.0,0.21875
0.0,0.0,-1.0,1.0,0.0,0.0,3.0,2.0,0.21875
0.0,-1.0,-1.0,-1.0,0.0,0.0,3.0,2.0,0.21875
1.0,-1.0,1.0,-1.0,0.0,2.0,3.0,4.0,0.21875
1.0,-2.0,-1.0,-1.0,0.0,2.0,3.0,4.0,0.21875
1.0,-2.0,-1.0,-1.0,0.0,-1.0,3.0,0.0,0.21875
1.0,-2.0,2.0,-1.0,0.0,3.0,3.0,4.0,0.21875
1.0,-2.0,2.0,-2.0,0.0,-1.0,-1.0,4.0,0.21875
1.0,-2.0,2.0,0.0,1.0,-1.0,-1.0,4.0,0.21875
0.0,-2.0,0.0,0.0,1.0,-3.0,-1.0,0.0,0.21875
0.0,-1.0,0.0,2.0,1.0,1.0,3.0,0.0,0.21875
0.0,-1.0,0.0,2.0,0.0,1.0,1.0,0.0,0.21875
0.0,-1.0,0.0,3.0,0.0,3.0,1.0,0.0,0.21875
0.0,-1.0,0.0,1.0,-1.0,3.0,1.0,0.0,0.21875
0.0,0.0,0.0,0.0,0.0,0.0,1.0,2.0,-0.125
0.0,0.0,0.0,0.0,0.0,-1.0,1.0,0.0,-0.125
0.0,0.0,0.0,0.0,0.0,-1.0,2.0,2.0,-0.125
0.0,0.0,0.0,0.0,0.0,-1.0,-1.0,2.0,-0.125
0.0,0.0,0.0,0.0,0.0,-1.0,0.0,4.0,-0.125
0.0,0.0,0.0,0.0,0.0,-1.0,-3.0,2.0,-0.125
0.0,0.0,0.0,0.0,1.0,-1.0,-1.0,2.0,-0.125
0.0,-1.0,0.0,0.0,-1.0,-1.0,-1.0,2.0,-0.125
0.0,-1.0,0.0,0.0,0.0,-1.0,1.0,4.0,-0.125
0.0,-1.0,0.0,0.0,-1.0,-1.0,-3.0,0.0,-0.125
0.0,-1.0,0.0,0.0,-1.0,0.0,-1.0,2.0,-0.125
0.0,-1.0,0.0,-1.0,-1.0,-2.0,-5.0,2.0,-0.125
0.0,0.0,0.0,-1.0,1.0,-2.0,-3.0,4.0,-0.125
0.0,-1.0,0.0,-1.0,-1.0,-2.0,-3.0,4.0,-0.125
0.0,-1.0,0.0,0.0,-1.0,-2.0,-1.0,4.0,-0.125
0.0,-1.0,0.0,0.0,-1.0,-2.0,-4.0,0.0,-0.125
0.0,-1.0,0.0,0.0,-1.0,1.0,2.0,2.0,-0.125
0.0,-1.0,0.0,-3.0,-1.0,-3.0,-2.0,2.0,-0.125
0.0,0.0,0.0,-1.0,-1.0,-3.0,0.0,2.0,-0.125
0.0,0.0,0.0,0.0,0.0,0.0,1.0,2.0,-0.375
0.0,0.0,0.0,0.0,0.0,-1.0,1.0,0.0,-0.375
0.0,0.0,0.0,1.0,0.0,1.0,1.0,0.0,-0.375
0.0,0.0,0.0,1.0,0.0,1.0,0.0,-2.0,-0.375
0.0,0.0,0.0,1.0,0.0,2.0,2.0,0.0,-0.375
0.0,0.0,-1.0,1.0,0.0,0.0,2.0,0.0,-0.375
0.0,0.0,-1.0,1.0,0.0,0.0,3.0,2.0,-0.375
0.0,-1.0,-1.0,-1.0,0.0,0.0,3.0,2.0,-0.375
1.0,-1.0,1.0,-1.0,0.0,2.0,3.0,4.0,-0.375
1.0,-2.0,-1.0,-1.0,0.0,2.0,3.0,4.0,-0.375
1.0,-2.0,-1.0,-1.0,0.0,-1.0,3.0,0.0,-0.375
1.0,-2.0,2.0,-1.0,0.0,3.0,3.0,4.0,-0.375
1.0,-2.0,2.0,-2.0,0.0,-1.0,-1.0,4.0,-0.375
1.0,-2.0,2.0,0.0,1.0,-1.0,-1.0,4.0,-0.375
0.0,-2.0,0.0,0.0,1.0,-3.0,-1.0,0.0,-0.375
0.0,-1.0,0.0,2.0,1.0,1.0,3.0,0.0,-0.375
0.0,-1.0,0.0,2.0,0.0,1.0,1.0,-2.0,-0.375
0.0,-1.0,0.0,3.0,0.0,3.0,1.0,-2.0,-0.375
0.0,-1.0,0.0,3.0,-1.0,1.0,1.0,-2.0,-0.375
0.0,0.0,0.0,0.0,0.0,0.0,1.0,2.0,0.15625
0.0,0.0,0.0,0.0,0.0,-1.0,1.0,0.0,0.15625
0.0,0.0,0.0,1.0,0.0,1.0,1.0,0.0,0.15625
0.0,0.0,0.0,1.0,0.0,1.0,0.0,-2.0,0.15625
0.0,0.0,0.0,1.0,0.0,2.0,2.0,0.0,0.15625
0.0,0.0,-1.0,1.0,0.0,0.0,2.0,0.0,0.15625
0.0,0.0,-1.0,1.0,0.0,0.0,3.0,2.0,0.15625
0.0,-1.0,-1.0,-1.0,0.0,0.0,3.0,2.0,0.15625
1.0,-1.0,1.0,-1.0,0.0,2.0,3.0,4.0,0.15625
1.0,-2.0,-1.0,-1.0,0.0,2.0,3.0,4.0,0.15625
1.0,-2.0,-1.0,-1.0,0.0,-1.0,3.0,0.0,0.15625
1.0,-2.0,2.0,-1.0,0.0,3.0,3.0,4.0,0.15625
1.0,-2.0,2.0,-2.0,0.0,-1.0,-1.0,4.0,0.15625
1.0,-2.0,2.0,0.0,1.0,-1.0,-1.0,4.0,0.15625
0.0,-2.0,0.0,0.0,1.0,-3.0,-1.0,0.0,0.15625
0.0,-1.0,0.0,2.0,1.0,1.0,3.0,0.0,0.15625
0.0,-1.0,0.0,2.0,0.0,1.0,1.0,0.0,0.15625
0.0,-1.0,0.0,3.0,0.0,3.0,1.0,0.0,0.15625
0.0,-1.0,0.0,1.0,-1.0,3.0,1.0,0.0,0.15625
0.0,0.0,0.0,0.0,0.0,0.0,1.0,2.0,0.4375
0.0,0.0,0.0,0.0,0.0,-1.0,1.0,0.0,0.4375
0.0,0.0,0.0,1.0,0.0,1.0,1.0,0.0,0.4375
0.0,0.0,0.0,1.0,0.0,1.0,0.0,-2.0,0.4375
0.0,0.0,0.0,1.0,0.0,2.0,2.0,0.0,0.4375
0.0,0.0,-1.0,1.0,0.0,0.0,2.0,0.0,0.4375
0.0,0.0,-1.0,1.0,0.0,0.0,3.0,2.0,0.4375
0.0,-1.0,-1.0,-1.0,0.0,0.0,3.0,2.0,0.4375
1.0,-1.0,1.0,-1.0,0.0,2.0,3.0,4.0,0.4375
1.0,-2.0,-1.0,-1.0,0.0,2.0,3.0,4.0,0.4375
1.0,-2.0,-1.0,-1.0,0.0,-1.0,3.0,0.0,0.4375
1.0,-2.0,2.0,-1.0,0.0,3.0,3.0,4.0,0.4375
1.0,-2.0,2.0,-2.0,0.0,-1.0,-1.0,4.0,0.4375
1.0,-2.0,2.0,0.0,1.0,-1.0,-1.0,4.0,0.4375
0.0,-2.0,0.0,0.0,1.0,-3.0,-1.0,0.0,0.4375
0.0,-1.0,0.0,2.0,1.0,1.0,3.0,0.0,0.4375
0.0,-1.0,0.0,2.0,0.0,1.0,1.0,0.0,0.4375
0.0,-1.0,0.0,3.0,0.0,3.0,1.0,0.0,0.4375
0.0,-2.0,0.0,3.0,-2.0,1.0,1.0,0.0,0.4375
0.0,0.0,0.0,0.0,0.0,0.0,1.0,2.0,0.0625
0.0,0.0,0.0,0.0,0.0,-1.0,1.0,0.0,0.0625
0.0,0.0,0.0,1.0,0.0,1.0,1.0,0.0,0.0625
0.0,0.0,0.0,1.0,0.0,1.0,0.0,-2.0,0.0625
0.0,0.0,0.0,1.0,0.0,2.0,2.0,0.0,0.0625
0.0,0.0,0.0,0.0,0.0,2.0,0.0,0.0,0.0625
0.0,0.0,0.0,0.0,0.0,3.0,0.0,4.0,0.0625
0.0,-1.0,0.0,-2.0,0.0,1.0,-2.0,4.0,0.0625
0.0,0.0,0.0,0.0,0.0,1.0,0.0,4.0,0.0625
0.0,0.0,0.0,-1.0,0.0,-1.0,-2.0,4.0,0.0625
0.0,0.0,0.0,0.0,0.0,-1.0,0.0,4.0,0.0625
0.0,0.0,0.0,0.0,0.0,-2.0,0.0,0.0,0.0625
0.0,1.0,0.0,2.0,0.0,0.0,2.0,0.0,0.0625
0.0,0.0,0.0,0.0,0.0,0.0,0.0,0.0,0.0625
0.0,0.0,0.0,0.0,0.0,0.0,1.0,2.0,0.0625
0.0,0.0,0.0,0.0,0.0,0.0,-2.0,0.0,0.0625
0.0,0.0,0.0,1.0,0.0,0.0,0.0,0.0,0.0625
0.0,0.0,0.0,0.0,0.0,-2.0,-2.0,0.0,0.0625
0.0,1.0,0.0,2.0,0.0,-2.0,-2.0,0.0,0.0625
0.0,0.0,0.0,0.0,0.0,0.0,1.0,2.0,-0.09375
0.0,0.0,0.0,0.0,0.0,-1.0,1.0,0.0,-0.09375
0.0,0.0,0.0,0.0,0.0,-1.0,2.0,2.0,-0.09375
0.0,0.0,0.0,0.0,0.0,-1.0,-1.0,2.0,-0.09375
0.0,0.0,0.0,0.0,1.0,-1.0,1.0,2.0,-0.09375
0.0,-1.0,0.0,0.0,-1.0,-1.0,1.0,2.0,-0.09375
0.0,-1.0,0.0,0.0,-1.0,-1.0,2.0,4.0,-0.09375
0.0,-1.0,0.0,0.0,-1.0,-1.0,-1.0,4.0,-0.09375
0.0,-1.0,0.0,1.0,-1.0,-1.0,1.0,4.0,-0.09375
0.0,-2.0,0.0,-1.0,-1.0,-1.0,1.0,4.0,-0.09375
0.0,-2.0,0.0,0.0,-1.0,1.0,3.0,4.0,-0.09375
0.0,-2.0,0.0,0.0,-1.0,1.0,0.0,0.0,-0.09375
0.0,-2.0,0.0,0.0,-1.0,2.0,2.0,0.0,-0.09375
0.0,-3.0,0.0,-2.0,-1.0,2.0,0.0,-2.0,-0.09375
0.0,-3.0,0.0,-2.0,0.0,2.0,2.0,-2.0,-0.09375
0.0,-3.0,0.0,-3.0,0.0,2.0,0.0,-2.0,-0.09375
0.0,-3.0,0.0,-3.0,0.0,3.0,0.0,0.0,-0.09375
0.0,-4.0,0.0,-3.0,-2.0,3.0,0.0,0.0,-0.09375
0.0,-3.0,0.0,-3.0,0.0,3.0,0.0,0.0,-0.09375
0.0,0.0,0.0,0.0,0.0,0.0,1.0,2.0,-0.28125
0.0,0.0,0.0,0.0,0.0,-1.0,1.0,0.0,-0.28125
0.0,0.0,0.0,1.0,0.0,1.0,1.0,0.0,-0.28125
0.0,0.0,0.0,1.0,-1.0,1.0,-1.0,0.0,-0.28125
0.0,1.0,0.0,1.0,1.0,1.0,1.0,2.0,-0.28125
0.0,1.0,-1.0,1.0,1.0,-1.0,1.0,0.0,-0.28125
0.0,1.0,-1.0,1.0,1.0,-1.0,2.0,2.0,-0.28125
0.0,1.0,-1.0,1.0,1.0,-2.0,2.0,0.0,-0.28125
0.0,1.0,-1.0,2.0,1.0,0.0,2.0,0.0,-0.28125
0.0,1.0,-1.0,2.0,1.0,0.0,1.0,-2.0,-0.28125
1.0,1.0,1.0,2.0,1.0,2.0,1.0,2.0,-0.28125
1.0,0.0,1.0,0.0,1.0,0.0,-1.0,2.0,-0.28125
1.0,0.0,1.0,1.0,1.0,0.0,1.0,2.0,-0.28125
1.0,0.0,1.0,1.0,1.0,0.0,0.0,-2.0,-0.28125
1.0,0.0,1.0,1.0,1.0,0.0,1.0,2.0,-0.28125
1.0,0.0,1.0,1.0,1.0,-1.0,-1.0,2.0,-0.28125
1.0,0.0,1.0,1.0,2.0,-1.0,1.0,2.0,-0.28125
1.0,-1.0,1.0,-1.0,2.0,-1.0,1.0,2.0,-0.28125
1.0,-1.0,1.0,-1.0,3.0,-1.0,3.0,4.0,-0.28125
0.0,0.0,0.0,0.0,0.0,0.0,1.0,2.0,-0.15625
0.0,0.0,0.0,0.0,0.0,-1.0,1.0,0.0,-0.15625
0.0,0.0,0.0,0.0,0.0,-1.0,2.0,2.0,-0.15625
0.0,0.0,0.0,0.0,0.0,-1.0,-1.0,2.0,-0.15625
0.0,0.0,0.0,0.0,0.0,-1.0,0.0,4.0,-0.15625
0.0,0.0,0.0,0.0,0.0,-1.0,-3.0,2.0,-0.15625
0.0,0.0,0.0,0.0,1.0,-1.0,-1.0,2.0,-0.15625
0.0,-1.0,0.0,0.0,-1.0,-1.0,-1.0,2.0,-0.15625
0.0,-1.0,1.0,0.0,-1.0,1.0,-1.0,4.0,-0.15625
0.0,-1.0,1.0,0.0,-1.0,1.0,-4.0,-2.0,-0.15625
0.0,-1.0,1.0,0.0,0.0,1.0,-2.0,2.0,-0.15625
0.0,-2.0,1.0,0.0,-2.0,1.0,-2.0,2.0,-0.15625
0.0,-2.0,1.0,0.0,-2.0,2.0,2.0,4.0,-0.15625
0.0,-2.0,1.0,0.0,-3.0,2.0,-2.0,0.0,-0.15625
0.0,-2.0,1.0,0.0,-3.0,3.0,-2.0,2.0,-0.15625
0.0,-2.0,1.0,-1.0,-3.0,1.0,-2.0,2.0,-0.15625
0.0,-1.0,1.0,-1.0,-1.0,1.0,0.0,2.0,-0.15625
-1.0,-1.0,-1.0,-1.0,-1.0,-1.0,0.0,-2.0,-0.15625
-1.0,0.0,-1.0,1.0,-1.0,1.0,0.0,-2.0,-0.15625
0.0,0.0,0.0,0.0,0.0,0.0,1.0,2.0,0.984375
0.0,0.0,0.0,0.0,0.0,-1.0,1.0,0.0,0.984375
0.0,0.0,0.0,1.0,0.0,1.0,1.0,0.0,0.984375
0.0,0.0,0.0,1.0,0.0,1.0,0.0,-2.0,0.984375
0.0,0.0,0.0,1.0,0.0,2.0,2.0,0.0,0.984375
0.0,0.0,-1.0,1.0,0.0,0.0,2.0,0.0,0.984375
0.0,0.0,-1.0,1.0,0.0,0.0,3.0,2.0,0.984375
0.0,-1.0,-1.0,-1.0,0.0,0.0,3.0,2.0,0.984375
0.0,-1.0,-1.0,-1.0,0.0,1.0,3.0,4.0,0.984375
0.0,-1.0,-2.0,-1.0,0.0,-1.0,3.0,0.0,0.984375
0.0,-1.0,-2.0,-1.0,0.0,-1.0,4.0,2.0,0.984375
0.0,-1.0,-2.0,-1.0,0.0,-1.0,1.0,0.0,0.984375
1.0,-1.0,0.0,-1.0,0.0,1.0,1.0,0.0,0.984375
1.0,-1.0,0.0,-2.0,0.0,1.0,-1.0,0.0,0.984375
2.0,-1.0,2.0,-2.0,0.0,3.0,-1.0,2.0,0.984375
2.0,-2.0,0.0,-2.0,0.0,3.0,-1.0,2.0,0.984375
2.0,-2.0,0.0,-2.0,1.0,3.0,1.0,2.0,0.984375
2.0,-2.0,0.0,-2.0,0.0,3.0,-1.0,-2.0,0.984375
2.0,-1.0,0.0,0.0,0.0,3.0,-1.0,-2.0,0.984375
0.0,0.0,0.0,0.0,0.0,0.0,1.0,2.0,0.5625
0.0,0.0,0.0,0.0,0.0,-1.0,1.0,0.0,0.5625
0.0,0.0,0.0,1.0,0.0,1.0,1.0,0.0,0.5625
0.0,0.0,0.0,1.0,0.0,1.0,0.0,-2.0,0.5625
0.0,0.0,0.0,1.0,0.0,2.0,2.0,0.0,0.5625
0.0,0.0,-1.0,1.0,0.0,0.0,2.0,0.0,0.5625
0.0,0.0,-1.0,1.0,0.0,0.0,3.0,2.0,0.5625
0.0,-1.0,-1.0,-1.0,0.0,0.0,3.0,2.0,0.5625
1.0,-1.0,1.0,-1.0,0.0,2.0,3.0,4.0,0.5625
1.0,-2.0,-1.0,-1.0,0.0,2.0,3.0,4.0,0.5625
1.0,-2.0,-1.0,-1.0,0.0,-1.0,3.0,0.0,0.5625
1.0,-2.0,2.0,-1.0,0.0,3.0,3.0,4.0,0.5625
1.0,-2.0,2.0,-2.0,0.0,-1.0,-1.0,4.0,0.5625
1.0,-2.0,2.0,0.0,1.0,-1.0,-1.0,4.0,0.5625
0.0,-2.0,0.0,0.0,1.0,-3.0,-1.0,0.0,0.5625
0.0,-1.0,0.0,2.0,1.0,1.0,3.0,0.0,0.5625
0.0,-1.0,0.0,2.0,0.0,1.0,1.0,0.0,0.5625
0.0,-1.0,0.0,3.0,0.0,3.0,1.0,0.0,0.5625
0.0,-2.0,0.0,3.0,-2.0,1.0,1.0,0.0,0.5625
0.0,0.0,0.0,0.0,0.0,0.0,1.0,2.0,0.46875
0.0,0.0,0.0,0.0,0.0,-1.0,1.0,0.0,0.46875
0.0,0.0,0.0,1.0,0.0,1.0,1.0,0.0,0.46875
0.0,0.0,0.0,1.0,0.0,1.0,0.0,-2.0,0.46875
0.0,0.0,0.0,1.0,0.0,2.0,2.0,0.0,0.46875
0.0,0.0,-1.0,1.0,0.0,0.0,2.0,0.0,0.46875
0.0,0.0,-1.0,1.0,0.0,0.0,3.0,2.0,0.46875
0.0,-1.0,-1.0,-1.0,0.0,0.0,3.0,2.0,0.46875
1.0,-1.0,1.0,-1.0,0.0,2.0,3.0,4.0,0.46875
1.0,-2.0,-1.0,-1.0,0.0,2.0,3.0,4.0,0.46875
1.0,1.0,-1.0,-1.0,0.0,2.0,3.0,4.0,0.46875
1.0,1.0,-1.0,-1.0,0.0,-1.0,3.0,0.0,0.46875
1.0,1.0,2.0,-1.0,0.0,3.0,3.0,4.0,0.46875
1.0,1.0,2.0,-2.0,0.0,-1.0,-1.0,4.0,0.46875
1.0,1.0,2.0,0.0,1.0,-1.0,-1.0,4.0,0.46875
1.0,0.0,2.0,0.0,-1.0,-1.0,-1.0,4.0,0.46875
1.0,1.0,2.0,2.0,-1.0,3.0,3.0,4.0,0.46875
1.0,1.0,2.0,2.0,-2.0,1.0,3.0,4.0,0.46875
1.0,1.0,2.0,2.0,1.0,1.0,3.0,4.0,0.46875
0.0,0.0,0.0,0.0,0.0,0.0,1.0,2.0,-0.1875
0.0,0.0,0.0,0.0,0.0,-1.0,1.0,0.0,-0.1875
0.0,0.0,0.0,1.0,0.0,1.0,1.0,0.0,-0.1875
0.0,0.0,0.0,1.0,0.0,1.0,0.0,-2.0,-0.1875
0.0,0.0,0.0,1.0,0.0,2.0,2.0,0.0,-0.1875
0.0,0.0,-1.0,1.0,0.0,0.0,2.0,0.0,-0.1875
0.0,0.0,-1.0,1.0,0.0,0.0,3.0,2.0,-0.1875
0.0,0.0,-1.0,-1.0,-1.0,0.0,3.0,2.0,-0.1875
0.0,1.0,-1.0,1.0,-1.0,2.0,3.0,2.0,-0.1875
0.0,1.0,-1.0,1.0,-1.0,2.0,2.0,0.0,-0.1875
0.0,2.0,-1.0,1.0,1.0,2.0,2.0,0.0,-0.1875
0.0,2.0,-1.0,-1.0,-2.0,2.0,2.0,0.0,-0.1875
1.0,2.0,1.0,-1.0,-2.0,2.0,2.0,0.0,-0.1875
1.0,2.0,1.0,-1.0,-2.0,2.0,1.0,-4.0,-0.1875
1.0,2.0,1.0,2.0,2.0,2.0,1.0,-4.0,-0.1875
1.0,2.0,1.0,1.0,2.0,2.0,-1.0,-4.0,-0.1875
1.0,3.0,1.0,3.0,2.0,2.0,1.0,-2.0,-0.1875
1.0,3.0,1.0,3.0,1.0,2.0,-3.0,-2.0,-0.1875
1.0,4.0,1.0,3.0,3.0,2.0,-3.0,-2.0,-0.1875
0.0,0.0,0.0,0.0,0.0,0.0,1.0,2.0,0.1875
0.0,0.0,0.0,0.0,0.0,-1.0,1.0,0.0,0.1875
0.0,0.0,0.0,1.0,0.0,1.0,1.0,0.0,0.1875
0.0,0.0,0.0,1.0,0.0,1.0,0.0,-2.0,0.1875
0.0,0.0,0.0,1.0,0.0,2.0,2.0,0.0,0.1875
0.0,0.0,-1.0,1.0,0.0,0.0,2.0,0.0,0.1875
0.0,0.0,-1.0,1.0,0.0,0.0,3.0,2.0,0.1875
0.0,-1.0,-1.0,-1.0,0.0,0.0,3.0,2.0,0.1875
1.0,-1.0,1.0,-1.0,0.0,2.0,3.0,4.0,0.1875
1.0,-2.0,-1.0,-1.0,0.0,2.0,3.0,4.0,0.1875
1.0,-2.0,-1.0,-1.0,0.0,-1.0,3.0,0.0,0.1875
1.0,-2.0,2.0,-1.0,0.0,3.0,3.0,4.0,0.1875
1.0,-2.0,2.0,-2.0,0.0,-1.0,-1.0,4.0,0.1875
1.0,-2.0,2.0,0.0,1.0,-1.0,-1.0,4.0,0.1875
0.0,-2.0,0.0,0.0,1.0,-3.0,-1.0,0.0,0.1875
0.0,-1.0,0.0,2.0,1.0,1.0,3.0,0.0,0.1875
0.0,-1.0,0.0,2.0,0.0,1.0,1.0,0.0,0.1875
0.0,-1.0,0.0,3.0,0.0,3.0,1.0,0.0,0.1875
0.0,-2.0,0.0,3.0,-2.0,1.0,1.0,0.0,0.1875
0.0,0.0,0.0,0.0,0.0,0.0,1.0,2.0,0.59375
0.0,0.0,0.0,0.0,0.0,-1.0,1.0,0.0,0.59375
0.0,0.0,0.0,1.0,0.0,1.0,1.0,0.0,0.59375
0.0,0.0,0.0,1.0,0.0,1.0,0.0,-2.0,0.59375
0.0,0.0,0.0,1.0,0.0,2.0,2.0,0.0,0.59375
0.0,0.0,-1.0,1.0,0.0,0.0,2.0,0.0,0.59375
0.0,0.0,-1.0,1.0,0.0,0.0,3.0,2.0,0.59375
0.0,-1.0,-1.0,-1.0,0.0,0.0,3.0,2.0,0.59375
1.0,-1.0,1.0,-1.0,0.0,2.0,3.0,4.0,0.59375
1.0,-2.0,-1.0,-1.0,0.0,2.0,3.0,4.0,0.59375
1.0,-2.0,-1.0,-1.0,0.0,-1.0,3.0,0.0,0.59375
1.0,-2.0,2.0,-1.0,0.0,3.0,3.0,4.0,0.59375
1.0,-2.0,2.0,-2.0,0.0,-1.0,-1.0,4.0,0.59375
1.0,-2.0,2.0,0.0,1.0,-1.0,-1.0,4.0,0.59375
0.0,-2.0,0.0,0.0,1.0,-3.0,-1.0,0.0,0.59375
0.0,-1.0,0.0,2.0,1.0,1.0,3.0,0.0,0.59375
0.0,-1.0,0.0,2.0,0.0,1.0,1.0,0.0,0.59375
0.0,-1.0,0.0,3.0,0.0,3.0,1.0,0.0,0.59375
0.0,-2.0,0.0,3.0,-2.0,1.0,1.0,0.0,0.59375
0.0,0.0,0.0,0.0,0.0,0.0,1.0,2.0,0.25
0.0,0.0,0.0,0.0,0.0,-1.0,1.0,0.0,0.25
0.0,0.0,0.0,1.0,0.0,1.0,1.0,0.0,0.25
0.0,0.0,0.0,1.0,0.0,1.0,0.0,-2.0,0.25
0.0,0.0,0.0,1.0,0.0,2.0,2.0,0.0,0.25
0.0,0.0,-1.0,1.0,0.0,0.0,2.0,0.0,0.25
0.0,0.0,-1.0,1.0,0.0,0.0,3.0,2.0,0.25
0.0,-1.0,-1.0,-1.0,0.0,0.0,3.0,2.0,0.25
1.0,-1.0,1.0,-1.0,0.0,2.0,3.0,4.0,0.25
1.0,-2.0,-1.0,-1.0,0.0,2.0,3.0,4.0,0.25
1.0,-2.0,-1.0,-1.0,0.0,-1.0,3.0,0.0,0.25
1.0,-2.0,2.0,-1.0,0.0,3.0,3.0,4.0,0.25
1.0,-2.0,2.0,-2.0,0.0,-1.0,-1.0,4.0,0.25
1.0,-2.0,2.0,0.0,1.0,-1.0,-1.0,4.0,0.25
0.0,-2.0,0.0,0.0,1.0,-3.0,-1.0,0.0,0.25
0.0,-1.0,0.0,2.0,1.0,1.0,3.0,0.0,0.25
0.0,-1.0,0.0,2.0,0.0,1.0,1.0,0.0,0.25
0.0,-1.0,0.0,3.0,0.0,3.0,1.0,0.0,0.25
0.0,-2.0,0.0,3.0,-2.0,1.0,1.0,0.0,0.25
0.0,0.0,0.0,0.0,0.0,0.0,1.0,2.0,0.4375
0.0,0.0,0.0,0.0,0.0,-1.0,1.0,0.0,0.4375
0.0,0.0,0.0,0.0,0.0,-1.0,2.0,2.0,0.4375
0.0,0.0,0.0,0.0,0.0,-1.0,-1.0,0.0,0.4375
0.0,0.0,0.0,0.0,0.0,0.0,-1.0,2.0,0.4375
0.0,0.0,0.0,0.0,-1.0,0.0,-3.0,2.0,0.4375
0.0,0.0,0.0,1.0,-1.0,2.0,3.0,2.0,0.4375
0.0,0.0,0.0,1.0,-2.0,2.0,-3.0,0.0,0.4375
0.0,0.0,0.0,1.0,-2.0,2.0,-2.0,2.0,0.4375
0.0,0.0,0.0,1.0,-2.0,2.0,-3.0,-2.0,0.4375
0.0,0.0,0.0,1.0,-2.0,2.0,0.0,2.0,0.4375
0.0,-1.0,0.0,-1.0,-2.0,0.0,0.0,2.0,0.4375
0.0,0.0,0.0,-1.0,0.0,0.0,2.0,2.0,0.4375
0.0,0.0,0.0,-1.0,-1.0,0.0,0.0,2.0,0.4375
0.0,1.0,0.0,-1.0,1.0,0.0,0.0,2.0,0.4375
0.0,0.0,0.0,-1.0,-1.0,0.0,0.0,2.0,0.4375
0.0,1.0,0.0,-1.0,1.0,0.0,0.0,2.0,0.4375
0.0,0.0,0.0,-1.0,-1.0,0.0,-2.0,-2.0,0.4375
0.0,0.0,0.0,-1.0,-1.0,1.0,0.0,2.0,0.4375
0.0,0.0,0.0,0.0,0.0,0.0,1.0,2.0,-0.0625
0.0,0.0,0.0,0.0,0.0,-1.0,1.0,0.0,-0.0625
0.0,0.0,0.0,1.0,0.0,1.0,1.0,0.0,-0.0625
0.0,0.0,0.0,1.0,0.0,1.0,0.0,-2.0,-0.0625
0.0,0.0,0.0,1.0,0.0,2.0,0.0,2.0,-0.0625
0.0,0.0,0.0,1.0,0.0,2.0,-1.0,0.0,-0.0625
0.0,0.0,0.0,1.0,0.0,3.0,1.0,0.0,-0.0625
0.0,0.0,-1.0,1.0,0.0,1.0,1.0,-2.0,-0.0625
0.0,0.0,-1.0,1.0,1.0,1.0,3.0,0.0,-0.0625
0.0,0.0,-1.0,1.0,1.0,1.0,2.0,-2.0,-0.0625
0.0,0.0,-1.0,2.0,1.0,3.0,2.0,-2.0,-0.0625
0.0,-1.0,-1.0,2.0,-1.0,3.0,0.0,-2.0,-0.0625
1.0,-1.0,1.0,2.0,-1.0,3.0,0.0,-2.0,-0.0625
1.0,-1.0,1.0,1.0,-1.0,3.0,-2.0,-2.0,-0.0625
1.0,-1.0,1.0,1.0,-1.0,4.0,-2.0,2.0,-0.0625
1.0,-2.0,1.0,-1.0,-1.0,2.0,-4.0,2.0,-0.0625
1.0,-2.0,1.0,1.0,0.0,2.0,-4.0,2.0,-0.0625
1.0,-3.0,1.0,-1.0,0.0,2.0,-4.0,2.0,-0.0625
1.0,-3.0,1.0,-1.0,1.0,4.0,-2.0,2.0,-0.0625
0.0,0.0,0.0,0.0,0.0,0.0,1.0,2.0,0.1875
0.0,0.0,0.0,0.0,0.0,-1.0,1.0,0.0,0.1875
0.0,0.0,0.0,1.0,0.0,1.0,1.0,0.0,0.1875
0.0,0.0,0.0,1.0,0.0,1.0,0.0,-2.0,0.1875
0.0,0.0,0.0,1.0,0.0,2.0,0.0,2.0,0.1875
0.0,-1.0,0.0,-1.0,0.0,0.0,-2.0,2.0,0.1875
0.0,-1.0,0.0,-1.0,0.0,1.0,-2.0,4.0,0.1875
0.0,-1.0,0.0,-1.0,0.0,1.0,-3.0,0.0,0.1875
0.0,-1.0,0.0,-1.0,0.0,2.0,-3.0,2.0,0.1875
0.0,-1.0,0.0,-2.0,0.0,0.0,-3.0,2.0,0.1875
0.0,-1.0,0.0,-2.0,1.0,0.0,-1.0,2.0,0.1875
0.0,-1.0,0.0,-2.0,1.0,0.0,-2.0,0.0,0.1875
0.0,-1.0,0.0,-1.0,1.0,0.0,0.0,0.0,0.1875
0.0,-2.0,0.0,-3.0,1.0,0.0,0.0,0.0,0.1875
0.0,-2.0,0.0,-3.0,1.0,0.0,3.0,0.0,0.1875
0.0,-3.0,0.0,-3.0,-1.0,0.0,1.0,0.0,0.1875
0.0,-3.0,0.0,-3.0,-1.0,0.0,4.0,4.0,0.1875
0.0,-3.0,0.0,-3.0,-1.0,0.0,1.0,2.0,0.1875
0.0,-2.0,0.0,-3.0,1.0,0.0,1.0,2.0,0.1875
0.0,0.0,0.0,0.0,0.0,0.0,1.0,2.0,-0.28125
0.0,0.0,0.0,0.0,0.0,-1.0,1.0,0.0,-0.28125
0.0,0.0,0.0,1.0,0.0,1.0,1.0,0.0,-0.28125
0.0,0.0,0.0,1.0,0.0,1.0,0.0,-2.0,-0.28125
0.0,0.0,0.0,1.0,0.0,2.0,2.0,0.0,-0.28125
0.0,0.0,-1.0,1.0,0.0,0.0,2.0,0.0,-0.28125
0.0,0.0,-1.0,1.0,0.0,0.0,3.0,2.0,-0.28125
0.0,-1.0,-1.0,-1.0,0.0,0.0,3.0,2.0,-0.28125
1.0,-1.0,1.0,-1.0,0.0,2.0,3.0,4.0,-0.28125
1.0,-2.0,-1.0,-1.0,0.0,2.0,3.0,4.0,-0.28125
1.0,-2.0,-1.0,-1.0,0.0,-1.0,3.0,0.0,-0.28125
1.0,-2.0,2.0,-1.0,0.0,3.0,3.0,4.0,-0.28125
1.0,-2.0,2.0,-2.0,0.0,-1.0,-1.0,4.0,-0.28125
1.0,-2.0,2.0,0.0,1.0,-1.0,-1.0,4.0,-0.28125
0.0,-2.0,0.0,0.0,1.0,-3.0,-1.0,0.0,-0.28125
0.0,-1.0,0.0,2.0,1.0,1.0,3.0,0.0,-0.28125
0.0,-1.0,0.0,2.0,0.0,1.0,1.0,0.0,-0.28125
0.0,-1.0,0.0,3.0,0.0,3.0,1.0,0.0,-0.28125
0.0,-2.0,0.0,3.0,-2.0,1.0,1.0,0.0,-0.28125
0.0,0.0,0.0,0.0,0.0,0.0,1.0,2.0,0.15625
0.0,0.0,0.0,0.0,0.0,-1.0,1.0,0.0,0.15625
0.0,0.0,0.0,1.0,0.0,1.0,1.0,0.0,0.15625
0.0,0.0,0.0,1.0,0.0,1.0,0.0,-2.0,0.15625
0.0,0.0,0.0,1.0,0.0,2.0,2.0,0.0,0.15625
0.0,0.0,-1.0,1.0,0.0,0.0,2.0,0.0,0.15625
0.0,0.0,-1.0,1.0,0.0,0.0,3.0,2.0,0.15625
0.0,0.0,-1.0,0.0,0.0,-2.0,-1.0,2.0,0.15625
1.0,0.0,1.0,0.0,0.0,0.0,-1.0,2.0,0.15625
1.0,0.0,1.0,0.0,-1.0,0.0,-3.0,2.0,0.15625
1.0,1.0,1.0,2.0,-1.0,2.0,1.0,2.0,0.15625
1.0,1.0,1.0,2.0,-2.0,2.0,-3.0,0.0,0.15625
1.0,1.0,1.0,2.0,-2.0,2.0,-2.0,2.0,0.15625
1.0,1.0,1.0,2.0,-2.0,2.0,-3.0,-2.0,0.15625
1.0,1.0,1.0,3.0,-2.0,2.0,1.0,0.0,0.15625
1.0,1.0,1.0,3.0,-2.0,1.0,1.0,-2.0,0.15625
1.0,2.0,1.0,3.0,0.0,1.0,1.0,-2.0,0.15625
1.0,1.0,1.0,1.0,0.0,1.0,-1.0,-2.0,0.15625
1.0,1.0,1.0,1.0,1.0,3.0,1.0,-2.0,0.15625
0.0,0.0,0.0,0.0,0.0,0.0,1.0,2.0,0.4375
0.0,0.0,0.0,0.0,0.0,-1.0,1.0,0.0,0.4375
0.0,0.0,0.0,1.0,0.0,1.0,1.0,0.0,0.4375
0.0,0.0,0.0,1.0,0.0,1.0,0.0,-2.0,0.4375
0.0,0.0,0.0,1.0,0.0,2.0,2.0,0.0,0.4375
0.0,0.0,0.0,1.0,0.0,2.0,1.0,-2.0,0.4375
0.0,0.0,0.0,1.0,0.0,2.0,2.0,0.0,0.4375
0.0,0.0,-1.0,1.0,0.0,0.0,2.0,-2.0,0.4375
0.0,0.0,-1.0,2.0,0.0,2.0,2.0,-2.0,0.4375
0.0,0.0,-1.0,2.0,-1.0,2.0,0.0,-2.0,0.4375
0.0,0.0,-1.0,2.0,0.0,2.0,2.0,0.0,0.4375
0.0,-1.0,-1.0,0.0,0.0,0.0,2.0,0.0,0.4375
0.0,0.0,-1.0,0.0,2.0,0.0,4.0,2.0,0.4375
0.0,-1.0,-1.0,-2.0,2.0,-2.0,0.0,2.0,0.4375
0.0,-1.0,-1.0,-2.0,2.0,-2.0,3.0,4.0,0.4375
0.0,-1.0,-1.0,-2.0,2.0,-2.0,0.0,-2.0,0.4375
1.0,-1.0,1.0,-2.0,2.0,0.0,0.0,-2.0,0.4375
1.0,-2.0,1.0,-2.0,0.0,0.0,-2.0,-2.0,0.4375
1.0,-2.0,1.0,-2.0,0.0,1.0,0.0,0.0,0.4375
0.0,0.0,0.0,0.0,0.0,0.0,1.0,2.0,-0.03125
0.0,0.0,0.0,0.0,0.0,-1.0,1.0,0.0,-0.03125
0.0,0.0,0.0,1.0,0.0,1.0,1.0,0.0,-0.03125
0.0,0.0,0.0,1.0,0.0,1.0,0.0,-2.0,-0.03125
0.0,0.0,0.0,1.0,0.0,2.0,2.0,0.0,-0.03125
0.0,0.0,-1.0,1.0,0.0,0.0,2.0,0.0,-0.03125
0.0,0.0,-1.0,1.0,0.0,0.0,3.0,2.0,-0.03125
0.0,-1.0,-1.0,-1.0,0.0,0.0,3.0,2.0,-0.03125
1.0,-1.0,1.0,-1.0,0.0,2.0,3.0,4.0,-0.03125
1.0,-2.0,-1.0,-1.0,0.0,2.0,3.0,4.0,-0.03125
1.0,-2.0,-1.0,-2.0,0.0,-2.0,-1.0,4.0,-0.03125
1.0,-2.0,-1.0,-1.0,0.0,-2.0,1.0,4.0,-0.03125
1.0,-2.0,-1.0,-1.0,0.0,-2.0,0.0,2.0,-0.03125
1.0,-1.0,1.0,-1.0,0.0,-2.0,0.0,2.0,-0.03125
1.0,-1.0,1.0,-1.0,-1.0,-2.0,-2.0,-2.0,-0.03125
1.0,2.0,1.0,1.0,-1.0,-2.0,-2.0,-2.0,-0.03125
1.0,2.0,1.0,1.0,-2.0,-2.0,-4.0,-2.0,-0.03125
1.0,2.0,1.0,1.0,-2.0,0.0,-3.0,0.0,-0.03125
1.0,2.0,1.0,1.0,-3.0,-2.0,-3.0,0.0,-0.03125
0.0,0.0,0.0,0.0,0.0,0.0,1.0,2.0,-0.375
0.0,0.0,0.0,0.0,0.0,-1.0,1.0,0.0,-0.375
0.0,0.0,0.0,1.0,0.0,1.0,1.0,0.0,-0.375
0.0,0.0,0.0,1.0,0.0,1.0,0.0,-2.0,-0.375
0.0,0.0,0.0,1.0,0.0,2.0,2.0,0.0,-0.375
0.0,0.0,-1.0,1.0,0.0,0.0,2.0,0.0,-0.375
0.0,0.0,-1.0,1.0,0.0,0.0,3.0,2.0,-0.375
0.0,-1.0,-1.0,-1.0,0.0,0.0,3.0,2.0,-0.375
1.0,-1.0,1.0,-1.0,0.0,2.0,3.0,4.0,-0.375
1.0,-2.0,-1.0,-1.0,0.0,2.0,3.0,4.0,-0.375
1.0,-2.0,-1.0,-1.0,0.0,-1.0,3.0,0.0,-0.375
1.0,-2.0,2.0,-1.0,0.0,3.0,3.0,4.0,-0.375
1.0,-2.0,2.0,-2.0,0.0,-1.0,-1.0,4.0,-0.375
1.0,-2.0,2.0,0.0,1.0,-1.0,-1.0,4.0,-0.375
0.0,-2.0,0.0,0.0,1.0,-3.0,-1.0,0.0,-0.375
0.0,-1.0,0.0,2.0,1.0,1.0,3.0,0.0,-0.375
0.0,-1.0,0.0,2.0,0.0,1.0,1.0,-2.0,-0.375
0.0,-1.0,0.0,3.0,0.0,3.0,1.0,-2.0,-0.375
0.0,-1.0,0.0,3.0,-1.0,1.0,1.0,-2.0,-0.375
0.0,0.0,0.0,0.0,0.0,0.0,1.0,2.0,-0.125
0.0,0.0,0.0,0.0,0.0,0.0,0.0,0.0,-0.125
0.0,0.0,0.0,0.0,0.0,0.0,1.0,2.0,-0.125
0.0,0.0,0.0,0.0,0.0,-1.0,1.0,0.0,-0.125
0.0,0.0,0.0,0.0,1.0,-1.0,3.0,2.0,-0.125
0.0,0.0,0.0,0.0,1.0,-2.0,3.0,0.0,-0.125
0.0,0.0,0.0,0.0,1.0,-2.0,4.0,2.0,-0.125
0.0,-1.0,0.0,0.0,-1.0,-2.0,4.0,2.0,-0.125
0.0,-1.0,0.0,1.0,-1.0,0.0,4.0,2.0,-0.125
0.0,-1.0,0.0,0.0,-1.0,0.0,2.0,2.0,-0.125
0.0,-1.0,0.0,0.0,0.0,0.0,4.0,2.0,-0.125
0.0,-1.0,0.0,0.0,-1.0,-2.0,4.0,2.0,-0.125
0.0,0.0,0.0,2.0,-1.0,-2.0,4.0,2.0,-0.125
0.0,-1.0,0.0,2.0,-3.0,-2.0,0.0,-2.0,-0.125
0.0,-1.0,0.0,2.0,-3.0,-2.0,3.0,0.0,-0.125
0.0,-1.0,0.0,2.0,-3.0,-2.0,0.0,0.0,-0.125
0.0,0.0,0.0,2.0,-1.0,-2.0,2.0,0.0,-0.125
0.0,0.0,0.0,2.0,-2.0,-2.0,-2.0,0.0,-0.125
0.0,0.0,0.0,2.0,1.0,-2.0,-2.0,0.0,-0.125
0.0,0.0,0.0,0.0,0.0,0.0,1.0,2.0,-0.40625
0.0,0.0,0.0,0.0,0.0,-1.0,1.0,0.0,-0.40625
0.0,0.0,0.0,1.0,0.0,1.0,1.0,0.0,-0.40625
0.0,0.0,0.0,1.0,0.0,1.0,0.0,-2.0,-0.40625
0.0,0.0,0.0,1.0,0.0,2.0,0.0,2.0,-0.40625
0.0,0.0,0.0,1.0,0.0,2.0,-1.0,0.0,-0.40625
0.0,0.0,0.0,1.0,1.0,2.0,1.0,2.0,-0.40625
0.0,0.0,0.0,1.0,0.0,2.0,-1.0,-2.0,-0.40625
0.0,0.0,0.0,2.0,0.0,2.0,1.0,-2.0,-0.40625
0.0,0.0,0.0,2.0,0.0,1.0,1.0,-4.0,-0.40625
0.0,1.0,0.0,2.0,2.0,1.0,1.0,-4.0,-0.40625
0.0,0.0,0.0,2.0,0.0,1.0,-1.0,-4.0,-0.40625
0.0,0.0,0.0,2.0,1.0,1.0,1.0,0.0,-0.40625
0.0,0.0,0.0,2.0,1.0,1.0,0.0,-2.0,-0.40625
0.0,0.0,0.0,2.0,1.0,1.0,1.0,0.0,-0.40625
0.0,0.0,0.0,1.0,1.0,-1.0,-1.0,0.0,-0.40625
0.0,0.0,1.0,1.0,1.0,1.0,-1.0,2.0,-0.40625
0.0,-1.0,1.0,1.0,-1.0,1.0,-3.0,2.0,-0.40625
0.0,0.0,1.0,3.0,-1.0,1.0,-3.0,2.0,-0.40625
0.0,0.0,0.0,0.0,0.0,0.0,1.0,2.0,0.03125
0.0,0.0,0.0,0.0,0.0,0.0,0.0,0.0,0.03125
0.0,0.0,0.0,0.0,0.0,0.0,1.0,2.0,0.03125
0.0,0.0,0.0,0.0,0.0,-1.0,1.0,0.0,0.03125
0.0,0.0,0.0,0.0,1.0,-1.0,3.0,2.0,0.03125
0.0,0.0,0.0,0.0,1.0,-2.0,3.0,0.0,0.03125
0.0,0.0,0.0,0.0,1.0,-2.0,4.0,2.0,0.03125
0.0,-1.0,0.0,0.0,-1.0,-2.0,4.0,2.0,0.03125
0.0,-1.0,0.0,1.0,-1.0,0.0,4.0,2.0,0.03125
0.0,-1.0,0.0,0.0,-1.0,0.0,2.0,2.0,0.03125
0.0,-1.0,0.0,0.0,0.0,0.0,4.0,2.0,0.03125
0.0,-1.0,0.0,0.0,-1.0,-2.0,4.0,2.0,0.03125
0.0,-1.0,1.0,0.0,-1.0,0.0,4.0,4.0,0.03125
-1.0,-1.0,-1.0,0.0,-1.0,-2.0,4.0,0.0,0.03125
-1.0,0.0,-1.0,2.0,-1.0,-2.0,4.0,0.0,0.03125
-1.0,-1.0,-1.0,2.0,-3.0,-2.0,2.0,-2.0,0.03125
-1.0,-1.0,-1.0,2.0,-3.0,-2.0,3.0,2.0,0.03125
-1.0,-1.0,-1.0,-1.0,-3.0,-2.0,3.0,2.0,0.03125
-1.0,-1.0,-1.0,-1.0,-3.0,-1.0,5.0,2.0,0.03125
0.0,0.0,0.0,0.0,0.0,0.0,1.0,2.0,0.125
0.0,0.0,0.0,0.0,0.0,-1.0,1.0,0.0,0.125
0.0,0.0,0.0,0.0,0.0,-1.0,2.0,2.0,0.125
0.0,0.0,0.0,0.0,0.0,-1.0,-1.0,2.0,0.125
0.0,0.0,0.0,0.0,0.0,-1.0,0.0,4.0,0.125
0.0,0.0,0.0,0.0,0.0,-1.0,-3.0,2.0,0.125
0.0,0.0,0.0,0.0,1.0,-1.0,-1.0,2.0,0.125
0.0,-1.0,0.0,0.0,-1.0,-1.0,-1.0,2.0,0.125
0.0,-1.0,1.0,0.0,-1.0,1.0,-1.0,4.0,0.125
0.0,-1.0,1.0,0.0,-1.0,1.0,-4.0,-2.0,0.125
0.0,-1.0,1.0,0.0,0.0,1.0,-2.0,2.0,0.125
0.0,-2.0,1.0,0.0,-2.0,1.0,-2.0,2.0,0.125
0.0,-2.0,1.0,0.0,-2.0,2.0,2.0,4.0,0.125
0.0,-2.0,1.0,0.0,-2.0,1.0,0.0,4.0,0.125
0.0,-2.0,1.0,1.0,-2.0,3.0,4.0,4.0,0.125
0.0,-2.0,1.0,1.0,-3.0,3.0,0.0,0.0,0.125
0.0,-2.0,1.0,1.0,-3.0,4.0,0.0,2.0,0.125
0.0,-2.0,1.0,0.0,-3.0,4.0,-2.0,0.0,0.125
0.0,-1.0,1.0,0.0,-1.0,4.0,-2.0,0.0,0.125
0.0,0.0,0.0,0.0,0.0,0.0,1.0,2.0,0.25
0.0,0.0,0.0,0.0,0.0,-1.0,1.0,0.0,0.25
0.0,0.0,0.0,1.0,0.0,1.0,1.0,0.0,0.25
0.0,0.0,0.0,1.0,-1.0,1.0,-1.0,0.0,0.25
0.0,1.0,0.0,1.0,1.0,1.0,1.0,2.0,0.25
0.0,1.0,0.0,1.0,1.0,1.0,0.0,0.0,0.25
0.0,1.0,0.0,1.0,1.0,1.0,3.0,2.0,0.25
0.0,1.0,0.0,0.0,1.0,1.0,1.0,2.0,0.25
0.0,1.0,0.0,0.0,2.0,1.0,3.0,2.0,0.25
0.0,1.0,-1.0,0.0,2.0,-1.0,3.0,0.0,0.25
0.0,1.0,-1.0,0.0,2.0,-1.0,4.0,2.0,0.25
0.0,1.0,-1.0,0.0,2.0,-1.0,1.0,0.0,0.25
0.0,1.0,-1.0,0.0,2.0,-1.0,2.0,4.0,0.25
0.0,1.0,-1.0,-1.0,2.0,-1.0,-2.0,2.0,0.25
1.0,1.0,1.0,-1.0,2.0,1.0,-2.0,2.0,0.25
1.0,0.0,1.0,-1.0,0.0,1.0,-2.0,2.0,0.25
1.0,0.0,1.0,-1.0,0.0,2.0,-2.0,4.0,0.25
1.0,0.0,1.0,-1.0,0.0,2.0,-3.0,0.0,0.25
1.0,1.0,1.0,-1.0,2.0,2.0,-3.0,0.0,0.25
0.0,0.0,0.0,0.0,0.0,0.0,1.0,2.0,0.21875
0.0,0.0,0.0,0.0,0.0,-1.0,1.0,0.0,0.21875
0.0,0.0,0.0,1.0,0.0,1.0,1.0,0.0,0.21875
0.0,0.0,0.0,1.0,0.0,1.0,0.0,-2.0,0.21875
0.0,0.0,0.0,1.0,0.0,2.0,2.0,0.0,0.21875
0.0,0.0,-1.0,1.0,0.0,0.0,2.0,0.0,0.21875
0.0,0.0,-1.0,1.0,0.0,0.0,3.0,2.0,0.21875
0.0,-1.0,-1.0,-1.0,0.0,0.0,3.0,2.0,0.21875
1.0,-1.0,1.0,-1.0,0.0,2.0,3.0,4.0,0.21875
1.0,-2.0,-1.0,-1.0,0.0,2.0,3.0,4.0,0.21875
1.0,-2.0,-1.0,-1.0,0.0,-1.0,3.0,0.0,0.21875
1.0,-2.0,2.0,-1.0,0.0,3.0,3.0,4.0,0.21875
1.0,-2.0,2.0,-2.0,0.0,-1.0,-1.0,4.0,0.21875
1.0,-2.0,2.0,0.0,1.0,-1.0,-1.0,4.0,0.21875
0.0,-2.0,0.0,0.0,1.0,-3.0,-1.0,0.0,0.21875
0.0,-1.0,0.0,2.0,1.0,1.0,3.0,0.0,0.21875
0.0,-1.0,0.0,2.0,0.0,1.0,1.0,0.0,0.21875
0.0,-1.0,0.0,2.0,0.0,1.0,2.0,2.0,0.21875
0.0,-2.0,0.0,2.0,-2.0,-1.0,2.0,2.0,0.21875
0.0,0.0,0.0,0.0,0.0,0.0,1.0,2.0,0.0625
0.0,0.0,0.0,0.0,0.0,-1.0,1.0,0.0,0.0625
0.0,0.0,0.0,1.0,0.0,1.0,1.0,0.0,0.0625
0.0,0.0,0.0,1.0,0.0,1.0,0.0,-2.0,0.0625
0.0,0.0,0.0,1.0,0.0,2.0,2.0,0.0,0.0625
0.0,0.0,-1.0,1.0,0.0,0.0,2.0,0.0,0.0625
0.0,1.0,1.0,1.0,0.0,0.0,2.0,0.0,0.0625
-1.0,1.0,-1.0,1.0,0.0,0.0,2.0,0.0,0.0625
-1.0,1.0,-1.0,1.0,0.0,0.0,3.0,2.0,0.0625
-1.0,-2.0,-1.0,1.0,0.0,0.0,3.0,2.0,0.0625
-1.0,-2.0,-1.0,1.0,0.0,1.0,3.0,4.0,0.0625
-1.0,-3.0,-1.0,-1.0,0.0,1.0,3.0,4.0,0.0625
-1.0,-3.0,-1.0,-2.0,0.0,-1.0,-1.0,4.0,0.0625
-1.0,-3.0,-1.0,-2.0,1.0,-1.0,1.0,4.0,0.0625
-1.0,-3.0,-1.0,-2.0,1.0,-2.0,1.0,0.0,0.0625
-1.0,-3.0,-1.0,-2.0,1.0,-2.0,2.0,2.0,0.0625
-1.0,-3.0,-1.0,-2.0,1.0,-2.0,-1.0,0.0,0.0625
-1.0,-2.0,-1.0,0.0,1.0,0.0,1.0,0.0,0.0625
-1.0,-3.0,-1.0,0.0,-1.0,0.0,-1.0,-4.0,0.0625
0.0,0.0,0.0,0.0,0.0,0.0,1.0,2.0,0.34375
0.0,0.0,0.0,0.0,0.0,-1.0,1.0,0.0,0.34375
0.0,0.0,0.0,1.0,0.0,1.0,1.0,0.0,0.34375
0.0,0.0,0.0,1.0,0.0,1.0,0.0,-2.0,0.34375
0.0,0.0,0.0,1.0,0.0,2.0,2.0,0.0,0.34375
0.0,0.0,-1.0,1.0,0.0,0.0,2.0,0.0,0.34375
0.0,0.0,-1.0,1.0,0.0,0.0,3.0,2.0,0.34375
0.0,0.0,-1.0,0.0,0.0,0.0,1.0,2.0,0.34375
1.0,0.0,1.0,0.0,0.0,2.0,1.0,4.0,0.34375
1.0,-1.0,1.0,-2.0,0.0,0.0,-1.0,4.0,0.34375
1.0,0.0,1.0,0.0,0.0,0.0,1.0,4.0,0.34375
1.0,0.0,1.0,-1.0,0.0,0.0,-1.0,2.0,0.34375
1.0,0.0,1.0,-1.0,1.0,0.0,1.0,2.0,0.34375
1.0,0.0,1.0,-1.0,1.0,0.0,0.0,-2.0,0.34375
1.0,0.0,1.0,-1.0,1.0,1.0,0.0,2.0,0.34375
1.0,0.0,1.0,-1.0,1.0,1.0,-1.0,-2.0,0.34375
1.0,1.0,1.0,1.0,1.0,1.0,-1.0,-2.0,0.34375
1.0,0.0,1.0,1.0,-1.0,1.0,-1.0,-2.0,0.34375
1.0,3.0,1.0,1.0,1.0,1.0,-1.0,-2.0,0.34375
0.0,0.0,0.0,0.0,0.0,0.0,1.0,2.0,-0.09375
0.0,0.0,0.0,0.0,0.0,-1.0,1.0,0.0,-0.09375
0.0,0.0,0.0,1.0,0.0,1.0,1.0,0.0,-0.09375
0.0,0.0,0.0,1.0,0.0,1.0,0.0,-2.0,-0.09375
0.0,0.0,0.0,1.0,0.0,2.0,2.0,0.0,-0.09375
0.0,0.0,-1.0,1.0,0.0,0.0,2.0,0.0,-0.09375
0.0,0.0,-1.0,1.0,0.0,0.0,3.0,2.0,-0.09375
0.0,-1.0,-1.0,-1.0,0.0,0.0,3.0,2.0,-0.09375
1.0,-1.0,1.0,-1.0,0.0,2.0,3.0,4.0,-0.09375
1.0,-2.0,-1.0,-1.0,0.0,2.0,3.0,4.0,-0.09375
1.0,-2.0,-1.0,-1.0,0.0,-1.0,3.0,0.0,-0.09375
1.0,-2.0,2.0,-1.0,0.0,3.0,3.0,4.0,-0.09375
1.0,-3.0,0.0,-1.0,0.0,3.0,3.0,4.0,-0.09375
1.0,2.0,0.0,-1.0,0.0,3.0,3.0,4.0,-0.09375
0.0,2.0,-2.0,-1.0,0.0,-1.0,3.0,0.0,-0.09375
0.0,2.0,0.0,1.0,1.0,-1.0,3.0,0.0,-0.09375
0.0,1.0,0.0,1.0,-1.0,-1.0,3.0,0.0,-0.09375
0.0,1.0,0.0,1.0,-1.0,-1.0,4.0,2.0,-0.09375
0.0,1.0,0.0,1.0,-2.0,-1.0,2.0,2.0,-0.09375
0.0,0.0,0.0,0.0,0.0,0.0,1.0,2.0,0.59375
0.0,0.0,0.0,0.0,0.0,-1.0,1.0,0.0,0.59375
0.0,0.0,0.0,1.0,0.0,1.0,1.0,0.0,0.59375
0.0,0.0,0.0,1.0,0.0,1.0,0.0,-2.0,0.59375
0.0,0.0,0.0,1.0,0.0,2.0,2.0,0.0,0.59375
0.0,0.0,-1.0,1.0,0.0,0.0,2.0,0.0,0.59375
0.0,0.0,-1.0,1.0,0.0,0.0,3.0,2.0,0.59375
0.0,-1.0,-1.0,-1.0,0.0,0.0,3.0,2.0,0.59375
1.0,-1.0,1.0,-1.0,0.0,2.0,3.0,4.0,0.59375
1.0,-2.0,-1.0,-1.0,0.0,2.0,3.0,4.0,0.59375
1.0,-2.0,-1.0,-2.0,0.0,-2.0,-1.0,4.0,0.59375
1.0,-2.0,-1.0,-1.0,0.0,-2.0,1.0,4.0,0.59375
1.0,-2.0,-1.0,-1.0,0.0,-2.0,0.0,2.0,0.59375
1.0,-2.0,-1.0,-1.0,0.0,0.0,1.0,4.0,0.59375
1.0,-2.0,-1.0,-3.0,-1.0,0.0,1.0,4.0,0.59375
1.0,-1.0,-1.0,-1.0,-1.0,0.0,1.0,4.0,0.59375
1.0,-1.0,-1.0,-1.0,-2.0,-2.0,1.0,4.0,0.59375
1.0,0.0,1.0,1.0,-2.0,-2.0,1.0,4.0,0.59375
1.0,0.0,1.0,1.0,-2.0,-2.0,-2.0,0.0,0.59375
0.0,0.0,0.0,0.0,0.0,0.0,1.0,2.0,-0.125
0.0,0.0,0.0,0.0,0.0,-1.0,1.0,0.0,-0.125
0.0,0.0,0.0,1.0,0.0,1.0,1.0,0.0,-0.125
0.0,0.0,0.0,1.0,0.0,1.0,0.0,-2.0,-0.125
0.0,0.0,0.0,1.0,0.0,2.0,0.0,2.0,-0.125
0.0,0.0,0.0,1.0,0.0,2.0,-1.0,0.0,-0.125
0.0,0.0,0.0,1.0,0.0,3.0,-1.0,2.0,-0.125
0.0,0.0,0.0,1.0,0.0,3.0,-2.0,0.0,-0.125
0.0,0.0,0.0,2.0,0.0,3.0,0.0,0.0,-0.125
0.0,0.0,0.0,2.0,-1.0,3.0,-4.0,-4.0,-0.125
0.0,1.0,0.0,2.0,1.0,3.0,-4.0,-4.0,-0.125
0.0,0.0,0.0,0.0,1.0,1.0,-4.0,-4.0,-0.125
0.0,0.0,0.0,0.0,2.0,1.0,0.0,0.0,-0.125
0.0,0.0,0.0,0.0,2.0,1.0,-1.0,-4.0,-0.125
0.0,0.0,1.0,0.0,2.0,3.0,-1.0,0.0,-0.125
0.0,0.0,1.0,-1.0,2.0,1.0,-3.0,-2.0,-0.125
0.0,0.0,1.0,-1.0,3.0,3.0,-3.0,-2.0,-0.125
-1.0,0.0,-1.0,-1.0,3.0,1.0,-3.0,-4.0,-0.125
-1.0,1.0,-1.0,1.0,3.0,1.0,-3.0,-4.0,-0.125
0.0,0.0,0.0,0.0,0.0,0.0,1.0,2.0,-0.125
0.0,0.0,0.0,0.0,0.0,-1.0,1.0,0.0,-0.125
0.0,0.0,0.0,1.0,0.0,1.0,1.0,0.0,-0.125
0.0,0.0,0.0,1.0,0.0,1.0,0.0,-2.0,-0.125
0.0,0.0,0.0,1.0,0.0,2.0,2.0,0.0,-0.125
0.0,0.0,-1.0,1.0,0.0,0.0,2.0,0.0,-0.125
0.0,0.0,-1.0,1.0,0.0,0.0,3.0,2.0,-0.125
0.0,-1.0,-1.0,-1.0,0.0,0.0,3.0,2.0,-0.125
0.0,-1.0,-1.0,-1.0,0.0,0.0,4.0,4.0,-0.125
0.0,-1.0,-1.0,-1.0,0.0,-1.0,4.0,0.0,-0.125
0.0,-1.0,-1.0,-1.0,0.0,-1.0,5.0,2.0,-0.125
0.0,-1.0,-1.0,-1.0,0.0,-1.0,2.0,0.0,-0.125
0.0,-1.0,-1.0,0.0,0.0,1.0,6.0,0.0,-0.125
0.0,-1.0,-1.0,0.0,-1.0,1.0,4.0,0.0,-0.125
1.0,-1.0,1.0,0.0,-1.0,3.0,4.0,2.0,-0.125
1.0,-1.0,1.0,-1.0,-1.0,3.0,2.0,2.0,-0.125
1.0,0.0,1.0,-1.0,1.0,3.0,4.0,2.0,-0.125
1.0,0.0,1.0,-2.0,1.0,-1.0,0.0,2.0,-0.125
1.0,1.0,1.0,0.0,1.0,-1.0,0.0,2.0,-0.125
0.0,0.0,0.0,0.0,0.0,0.0,1.0,2.0,0.0625
0.0,0.0,0.0,0.0,0.0,-1.0,1.0,0.0,0.0625
0.0,0.0,0.0,1.0,0.0,1.0,1.0,0.0,0.0625
0.0,0.0,0.0,1.0,0.0,1.0,0.0,-2.0,0.0625
0.0,0.0,0.0,1.0,0.0,2.0,2.0,0.0,0.0625
0.0,0.0,-1.0,1.0,0.0,0.0,2.0,0.0,0.0625
0.0,0.0,-1.0,1.0,0.0,0.0,3.0,2.0,0.0625
0.0,-1.0,-1.0,-1.0,0.0,0.0,3.0,2.0,0.0625
1.0,-1.0,1.0,-1.0,0.0,2.0,3.0,4.0,0.0625
1.0,-2.0,-1.0,-1.0,0.0,2.0,3.0,4.0,0.0625
1.0,-2.0,-1.0,-1.0,0.0,-1.0,3.0,0.0,0.0625
1.0,-2.0,2.0,-1.0,0.0,3.0,3.0,4.0,0.0625
1.0,-2.0,2.0,-2.0,0.0,-1.0,-1.0,4.0,0.0625
1.0,-2.0,2.0,0.0,1.0,-1.0,-1.0,4.0,0.0625
0.0,-2.0,0.0,0.0,1.0,-3.0,-1.0,0.0,0.0625
0.0,-2.0,1.0,0.0,1.0,-1.0,-1.0,0.0,0.0625
0.0,-2.0,1.0,0.0,-1.0,-1.0,-2.0,-2.0,0.0625
0.0,-2.0,1.0,0.0,-1.0,-1.0,-1.0,0.0,0.0625
0.0,-2.0,1.0,-1.0,-1.0,-1.0,-3.0,-2.0,0.0625
0.0,0.0,0.0,0.0,0.0,0.0,1.0,2.0,-0.09375
0.0,0.0,0.0,0.0,0.0,-1.0,1.0,0.0,-0.09375
0.0,0.0,0.0,1.0,0.0,1.0,1.0,0.0,-0.09375
0.0,0.0,0.0,1.0,0.0,1.0,0.0,-2.0,-0.09375
0.0,0.0,0.0,1.0,0.0,2.0,2.0,0.0,-0.09375
0.0,0.0,-1.0,1.0,0.0,0.0,2.0,0.0,-0.09375
0.0,0.0,-1.0,1.0,0.0,0.0,3.0,2.0,-0.09375
0.0,-1.0,-1.0,-1.0,0.0,0.0,3.0,2.0,-0.09375
1.0,-1.0,1.0,-1.0,0.0,2.0,3.0,4.0,-0.09375
1.0,-2.0,-1.0,-1.0,0.0,2.0,3.0,4.0,-0.09375
1.0,-2.0,-1.0,-1.0,0.0,-1.0,3.0,0.0,-0.09375
1.0,-2.0,2.0,-1.0,0.0,3.0,3.0,4.0,-0.09375
1.0,-2.0,2.0,-2.0,0.0,-1.0,-1.0,4.0,-0.09375
1.0,-2.0,2.0,0.0,1.0,-1.0,-1.0,4.0,-0.09375
0.0,-2.0,0.0,0.0,1.0,-3.0,-1.0,0.0,-0.09375
0.0,-2.0,0.0,1.0,1.0,-3.0,1.0,0.0,-0.09375
0.0,-3.0,0.0,1.0,-1.0,-3.0,1.0,0.0,-0.09375
0.0,-2.0,0.0,3.0,-1.0,-1.0,3.0,0.0,-0.09375
0.0,-2.0,0.0,3.0,-2.0,-1.0,1.0,-2.0,-0.09375
0.0,0.0,0.0,0.0,0.0,0.0,1.0,2.0,-0.28125
0.0,0.0,0.0,0.0,0.0,-1.0,1.0,0.0,-0.28125
0.0,0.0,0.0,1.0,0.0,1.0,1.0,0.0,-0.28125
0.0,0.0,0.0,1.0,0.0,1.0,0.0,-2.0,-0.28125
0.0,0.0,0.0,1.0,0.0,2.0,2.0,0.0,-0.28125
0.0,0.0,-1.0,1.0,0.0,0.0,2.0,0.0,-0.28125
0.0,0.0,-1.0,1.0,0.0,0.0,3.0,2.0,-0.28125
0.0,-1.0,-1.0,-1.0,0.0,0.0,3.0,2.0,-0.28125
1.0,-1.0,1.0,-1.0,0.0,2.0,3.0,4.0,-0.28125
1.0,-2.0,-1.0,-1.0,0.0,2.0,3.0,4.0,-0.28125
1.0,-2.0,-1.0,-1.0,0.0,-1.0,3.0,0.0,-0.28125
1.0,-2.0,2.0,-1.0,0.0,3.0,3.0,4.0,-0.28125
1.0,-2.0,2.0,-2.0,0.0,-1.0,-1.0,4.0,-0.28125
1.0,-2.0,2.0,0.0,1.0,-1.0,-1.0,4.0,-0.28125
0.0,-2.0,0.0,0.0,1.0,-3.0,-1.0,0.0,-0.28125
0.0,-1.0,0.0,2.0,1.0,1.0,3.0,0.0,-0.28125
0.0,-1.0,0.0,2.0,0.0,1.0,1.0,0.0,-0.28125
0.0,-1.0,0.0,3.0,0.0,3.0,1.0,0.0,-0.28125
0.0,-1.0,0.0,3.0,-2.0,3.0,0.0,-2.0,-0.28125
0.0,0.0,0.0,0.0,0.0,0.0,1.0,2.0,-0.21875
0.0,0.0,0.0,0.0,0.0,-1.0,1.0,0.0,-0.21875
0.0,0.0,0.0,1.0,0.0,1.0,1.0,0.0,-0.21875
0.0,0.0,0.0,1.0,0.0,1.0,0.0,-2.0,-0.21875
0.0,0.0,0.0,1.0,0.0,2.0,0.0,2.0,-0.21875
0.0,-1.0,0.0,-1.0,0.0,0.0,-2.0,2.0,-0.21875
0.0,-1.0,0.0,-1.0,0.0,1.0,-2.0,4.0,-0.21875
0.0,-1.0,0.0,-1.0,0.0,1.0,-3.0,0.0,-0.21875
0.0,-1.0,0.0,-1.0,0.0,2.0,-3.0,2.0,-0.21875
0.0,-1.0,0.0,-2.0,0.0,0.0,-3.0,2.0,-0.21875
0.0,-1.0,0.0,-2.0,1.0,0.0,-1.0,2.0,-0.21875
0.0,-1.0,0.0,-3.0,1.0,0.0,-3.0,2.0,-0.21875
0.0,0.0,0.0,-1.0,1.0,0.0,-3.0,2.0,-0.21875
0.0,0.0,0.0,-2.0,1.0,-2.0,-3.0,2.0,-0.21875
0.0,1.0,0.0,0.0,1.0,-2.0,-3.0,2.0,-0.21875
0.0,1.0,-1.0,0.0,1.0,-4.0,-3.0,0.0,-0.21875
0.0,1.0,-1.0,0.0,2.0,-4.0,-1.0,0.0,-0.21875
0.0,0.0,-1.0,0.0,0.0,-4.0,-3.0,-2.0,-0.21875
0.0,0.0,-1.0,0.0,0.0,-4.0,0.0,0.0,-0.21875
0.0,0.0,0.0,0.0,0.0,0.0,1.0,2.0,0.5625
0.0,0.0,0.0,0.0,0.0,-1.0,1.0,0.0,0.5625
0.0,0.0,0.0,1.0,0.0,1.0,1.0,0.0,0.5625
0.0,0.0,0.0,1.0,0.0,1.0,0.0,-2.0,0.5625
0.0,0.0,0.0,1.0,0.0,2.0,2.0,0.0,0.5625
0.0,0.0,0.0,0.0,0.0,2.0,0.0,0.0,0.5625
0.0,0.0,0.0,0.0,1.0,2.0,2.0,0.0,0.5625
0.0,-1.0,0.0,0.0,-1.0,2.0,0.0,-2.0,0.5625
0.0,-1.0,0.0,0.0,-1.0,3.0,0.0,2.0,0.5625
0.0,-2.0,0.0,-2.0,-1.0,1.0,-2.0,2.0,0.5625
0.0,-1.0,0.0,-2.0,1.0,1.0,-2.0,2.0,0.5625
0.0,-4.0,0.0,-2.0,1.0,1.0,-2.0,2.0,0.5625
0.0,-3.0,0.0,0.0,1.0,1.0,0.0,2.0,0.5625
0.0,-3.0,0.0,0.0,-2.0,-1.0,0.0,2.0,0.5625
0.0,-3.0,0.0,0.0,1.0,-1.0,2.0,2.0,0.5625
0.0,-3.0,0.0,0.0,-1.0,-1.0,-1.0,-2.0,0.5625
0.0,-2.0,0.0,0.0,1.0,1.0,-1.0,-2.0,0.5625
0.0,-2.0,-1.0,-2.0,-1.0,-1.0,-1.0,-2.0,0.5625
0.0,-2.0,-1.0,-2.0,-1.0,-1.0,0.0,2.0,0.5625
0.0,0.0,0.0,0.0,0.0,0.0,1.0,2.0,0.3125
0.0,0.0,0.0,0.0,0.0,-1.0,1.0,0.0,0.3125
0.0,0.0,0.0,1.0,0.0,1.0,1.0,0.0,0.3125
0.0,0.0,0.0,1.0,0.0,1.0,0.0,-2.0,0.3125
0.0,0.0,0.0,1.0,0.0,2.0,2.0,0.0,0.3125
0.0,0.0,-1.0,1.0,0.0,0.0,2.0,0.0,0.3125
0.0,0.0,-1.0,1.0,0.0,0.0,3.0,2.0,0.3125
0.0,-1.0,-1.0,-1.0,0.0,0.0,3.0,2.0,0.3125
1.0,-1.0,1.0,-1.0,0.0,2.0,3.0,4.0,0.3125
1.0,-2.0,-1.0,-1.0,0.0,2.0,3.0,4.0,0.3125
1.0,-2.0,-1.0,-1.0,0.0,-1.0,3.0,0.0,0.3125
1.0,-2.0,2.0,-1.0,0.0,3.0,3.0,4.0,0.3125
1.0,-3.0,0.0,-1.0,0.0,3.0,3.0,4.0,0.3125
1.0,2.0,0.0,-1.0,0.0,3.0,3.0,4.0,0.3125
0.0,2.0,-2.0,-1.0,0.0,-1.0,3.0,0.0,0.3125
0.0,2.0,0.0,1.0,1.0,-1.0,3.0,0.0,0.3125
0.0,1.0,0.0,1.0,-1.0,-1.0,3.0,0.0,0.3125
0.0,1.0,0.0,1.0,-1.0,-1.0,4.0,2.0,0.3125
0.0,1.0,0.0,1.0,-2.0,-1.0,2.0,2.0,0.3125
0.0,0.0,0.0,0.0,0.0,0.0,1.0,2.0,-0.65625
0.0,0.0,0.0,0.0,0.0,-1.0,1.0,0.0,-0.65625
0.0,0.0,0.0,1.0,0.0,1.0,1.0,0.0,-0.65625
0.0,0.0,0.0,1.0,0.0,1.0,0.0,-2.0,-0.65625
0.0,0.0,0.0,1.0,0.0,2.0,2.0,0.0,-0.65625
0.0,0.0,-1.0,1.0,0.0,0.0,2.0,0.0,-0.65625
0.0,0.0,-1.0,1.0,0.0,0.0,3.0,2.0,-0.65625
0.0,-1.0,-1.0,-1.0,0.0,0.0,3.0,2.0,-0.65625
1.0,-1.0,1.0,-1.0,0.0,2.0,3.0,4.0,-0.65625
1.0,-2.0,-1.0,-1.0,0.0,2.0,3.0,4.0,-0.65625
1.0,-2.0,-1.0,-1.0,0.0,-1.0,3.0,0.0,-0.65625
1.0,-2.0,2.0,-1.0,0.0,3.0,3.0,4.0,-0.65625
1.0,-2.0,2.0,-2.0,0.0,-1.0,-1.0,4.0,-0.65625
1.0,-2.0,2.0,0.0,1.0,-1.0,-1.0,4.0,-0.65625
0.0,-2.0,0.0,0.0,1.0,-3.0,-1.0,0.0,-0.65625
0.0,-2.0,0.0,0.0,2.0,-3.0,1.0,0.0,-0.65625
0.0,-3.0,0.0,0.0,0.0,-3.0,1.0,0.0,-0.65625
0.0,-3.0,0.0,0.0,3.0,-3.0,1.0,0.0,-0.65625
0.0,-3.0,0.0,0.0,-1.0,-3.0,0.0,-2.0,-0.65625
0.0,0.0,0.0,0.0,0.0,0.0,1.0,2.0,-0.75
0.0,0.0,0.0,0.0,0.0,-1.0,1.0,0.0,-0.75
0.0,0.0,0.0,1.0,0.0,1.0,1.0,0.0,-0.75
0.0,0.0,0.0,1.0,0.0,1.0,0.0,-2.0,-0.75
0.0,0.0,0.0,1.0,0.0,2.0,0.0,2.0,-0.75
0.0,-1.0,0.0,-1.0,0.0,0.0,-2.0,2.0,-0.75
0.0,-1.0,0.0,-1.0,0.0,1.0,-2.0,4.0,-0.75
0.0,-1.0,0.0,-1.0,0.0,1.0,-3.0,0.0,-0.75
0.0,-1.0,0.0,-1.0,0.0,2.0,-3.0,2.0,-0.75
0.0,-1.0,0.0,-2.0,0.0,0.0,-3.0,2.0,-0.75
0.0,-1.0,0.0,-2.0,1.0,0.0,-1.0,2.0,-0.75
0.0,-1.0,0.0,-2.0,1.0,0.0,-2.0,0.0,-0.75
0.0,-1.0,0.0,-1.0,1.0,0.0,0.0,0.0,-0.75
0.0,-2.0,0.0,-3.0,1.0,0.0,0.0,0.0,-0.75
0.0,-2.0,0.0,-3.0,1.0,0.0,3.0,0.0,-0.75
0.0,-3.0,0.0,-3.0,-1.0,0.0,1.0,0.0,-0.75
0.0,-3.0,0.0,-3.0,-1.0,0.0,4.0,4.0,-0.75
0.0,-3.0,0.0,-3.0,-1.0,0.0,1.0,2.0,-0.75
0.0,-2.0,0.0,-3.0,1.0,0.0,1.0,2.0,-0.75
0.0,0.0,0.0,0.0,0.0,0.0,1.0,2.0,0.28125
0.0,0.0,0.0,0.0,0.0,-1.0,1.0,0.0,0.28125
0.0,0.0,0.0,1.0,0.0,1.0,1.0,0.0,0.28125
0.0,0.0,0.0,1.0,0.0,1.0,0.0,-2.0,0.28125
0.0,0.0,0.0,1.0,0.0,2.0,2.0,0.0,0.28125
0.0,0.0,-1.0,1.0,0.0,0.0,2.0,0.0,0.28125
0.0,0.0,-1.0,1.0,0.0,0.0,3.0,2.0,0.28125
0.0,-1.0,-1.0,-1.0,0.0,0.0,3.0,2.0,0.28125
1.0,-1.0,1.0,-1.0,0.0,2.0,3.0,4.0,0.28125
1.0,-1.0,1.0,-2.0,0.0,-2.0,-1.0,4.0,0.28125
1.0,-1.0,1.0,0.0,1.0,-2.0,-1.0,4.0,0.28125
1.0,-2.0,-1.0,0.0,1.0,-2.0,-1.0,4.0,0.28125
1.0,-1.0,1.0,0.0,1.0,-2.0,-1.0,4.0,0.28125
1.0,-1.0,1.0,0.0,-1.0,-2.0,-2.0,2.0,0.28125
1.0,-1.0,1.0,0.0,2.0,-2.0,0.0,2.0,0.28125
1.0,-2.0,1.0,0.0,0.0,-2.0,0.0,2.0,0.28125
1.0,-1.0,1.0,2.0,0.0,2.0,4.0,2.0,0.28125
1.0,-1.0,1.0,2.0,0.0,2.0,1.0,0.0,0.28125
1.0,2.0,1.0,2.0,0.0,2.0,1.0,0.0,0.28125
0.0,0.0,0.0,0.0,0.0,0.0,1.0,2.0,0.4375
0.0,0.0,0.0,0.0,0.0,-1.0,1.0,0.0,0.4375
0.0,0.0,0.0,0.0,0.0,-1.0,2.0,2.0,0.4375
0.0,0.0,0.0,0.0,0.0,-1.0,-1.0,2.0,0.4375
0.0,0.0,0.0,0.0,0.0,-1.0,0.0,4.0,0.4375
0.0,0.0,0.0,0.0,-1.0,-1.0,-2.0,0.0,0.4375
0.0,0.0,0.0,0.0,-1.0,0.0,-2.0,2.0,0.4375
0.0,0.0,0.0,0.0,-1.0,0.0,-3.0,0.0,0.4375
0.0,0.0,0.0,0.0,0.0,0.0,-1.0,2.0,0.4375
0.0,0.0,0.0,0.0,0.0,0.0,-4.0,0.0,0.4375
0.0,1.0,0.0,0.0,2.0,0.0,-2.0,0.0,0.4375
0.0,0.0,0.0,0.0,0.0,0.0,-4.0,-4.0,0.4375
0.0,0.0,0.0,0.0,1.0,0.0,-2.0,0.0,0.4375
0.0,0.0,0.0,0.0,0.0,0.0,-4.0,0.0,0.4375
0.0,0.0,0.0,1.0,0.0,2.0,-2.0,0.0,0.4375
0.0,-1.0,0.0,-1.0,0.0,2.0,-2.0,0.0,0.4375
0.0,-1.0,0.0,0.0,0.0,2.0,0.0,0.0,0.4375
0.0,-2.0,0.0,0.0,-2.0,2.0,-2.0,-4.0,0.4375
0.0,-1.0,0.0,0.0,0.0,2.0,0.0,-4.0,0.4375
0.0,0.0,0.0,0.0,0.0,0.0,1.0,2.0,0.40625
0.0,0.0,0.0,0.0,0.0,-1.0,1.0,0.0,0.40625
0.0,0.0,0.0,1.0,0.0,1.0,1.0,0.0,0.40625
0.0,0.0,0.0,1.0,0.0,1.0,0.0,-2.0,0.40625
0.0,0.0,0.0,1.0,0.0,2.0,2.0,0.0,0.40625
0.0,0.0,-1.0,1.0,0.0,0.0,2.0,0.0,0.40625
0.0,0.0,-1.0,1.0,0.0,0.0,3.0,2.0,0.40625
0.0,-1.0,-1.0,-1.0,0.0,0.0,3.0,2.0,0.40625
1.0,-1.0,1.0,-1.0,0.0,2.0,3.0,4.0,0.40625
1.0,-2.0,-1.0,-1.0,0.0,2.0,3.0,4.0,0.40625
1.0,-2.0,-1.0,-1.0,0.0,-1.0,3.0,0.0,0.40625
1.0,-2.0,2.0,-1.0,0.0,3.0,3.0,4.0,0.40625
1.0,-2.0,2.0,-2.0,0.0,-1.0,-1.0,4.0,0.40625
1.0,-2.0,2.0,0.0,1.0,-1.0,-1.0,4.0,0.40625
0.0,-2.0,0.0,0.0,1.0,-3.0,-1.0,0.0,0.40625
0.0,-1.0,0.0,2.0,1.0,1.0,3.0,0.0,0.40625
0.0,-1.0,0.0,2.0,0.0,1.0,1.0,0.0,0.40625
0.0,-1.0,0.0,3.0,0.0,3.0,1.0,0.0,0.40625
0.0,-2.0,0.0,3.0,-2.0,1.0,1.0,0.0,0.40625
0.0,0.0,0.0,0.0,0.0,0.0,1.0,2.0,0.59375
0.0,0.0,0.0,0.0,0.0,-1.0,1.0,0.0,0.59375
0.0,0.0,0.0,1.0,0.0,1.0,1.0,0.0,0.59375
0.0,0.0,0.0,1.0,0.0,1.0,0.0,-2.0,0.59375
0.0,0.0,0.0,1.0,0.0,2.0,2.0,0.0,0.59375
0.0,0.0,-1.0,1.0,0.0,0.0,2.0,0.0,0.59375
0.0,0.0,-1.0,1.0,0.0,0.0,3.0,2.0,0.59375
0.0,-1.0,-1.0,-1.0,0.0,0.0,3.0,2.0,0.59375
0.0,-1.0,-1.0,-1.0,0.0,0.0,4.0,4.0,0.59375
0.0,-1.0,-1.0,-1.0,0.0,0.0,1.0,2.0,0.59375
1.0,-1.0,1.0,-1.0,0.0,2.0,1.0,2.0,0.59375
1.0,-1.0,1.0,-1.0,-1.0,2.0,-1.0,2.0,0.59375
1.0,-1.0,1.0,-1.0,-1.0,2.0,2.0,4.0,0.59375
1.0,-2.0,-1.0,-1.0,-1.0,2.0,2.0,4.0,0.59375
1.0,-1.0,-1.0,1.0,-1.0,2.0,2.0,4.0,0.59375
1.0,-1.0,-1.0,1.0,-1.0,-1.0,2.0,0.0,0.59375
1.0,0.0,1.0,1.0,-1.0,-1.0,2.0,0.0,0.59375
1.0,0.0,1.0,1.0,-2.0,-1.0,0.0,-2.0,0.59375
1.0,3.0,1.0,1.0,-2.0,-1.0,0.0,-2.0,0.59375
0.0,0.0,0.0,0.0,0.0,0.0,1.0,2.0,0.09375
0.0,0.0,0.0,0.0,0.0,-1.0,1.0,0.0,0.09375
0.0,0.0,0.0,1.0,0.0,1.0,1.0,0.0,0.09375
0.0,0.0,0.0,1.0,0.0,1.0,0.0,-2.0,0.09375
0.0,0.0,0.0,1.0,0.0,2.0,2.0,0.0,0.09375
0.0,0.0,-1.0,1.0,0.0,0.0,2.0,0.0,0.09375
0.0,0.0,-1.0,1.0,0.0,0.0,3.0,2.0,0.09375
0.0,0.0,-1.0,0.0,0.0,-2.0,-1.0,2.0,0.09375
0.0,1.0,-1.0,2.0,0.0,2.0,3.0,2.0,0.09375
0.0,1.0,-1.0,0.0,-1.0,2.0,3.0,2.0,0.09375
1.0,1.0,1.0,0.0,-1.0,2.0,3.0,2.0,0.09375
1.0,1.0,1.0,0.0,-1.0,2.0,2.0,0.0,0.09375
1.0,2.0,1.0,2.0,-1.0,2.0,2.0,0.0,0.09375
1.0,2.0,1.0,2.0,-1.0,1.0,2.0,-2.0,0.09375
1.0,2.0,1.0,2.0,1.0,1.0,3.0,2.0,0.09375
1.0,2.0,1.0,2.0,1.0,1.0,0.0,0.0,0.09375
1.0,2.0,1.0,2.0,2.0,1.0,4.0,4.0,0.09375
1.0,2.0,1.0,2.0,1.0,1.0,2.0,0.0,0.09375
1.0,2.0,1.0,2.0,1.0,1.0,5.0,4.0,0.09375
0.0,0.0,0.0,0.0,0.0,0.0,1.0,2.0,-0.5
0.0,0.0,0.0,0.0,0.0,-1.0,1.0,0.0,-0.5
0.0,0.0,0.0,1.0,0.0,1.0,1.0,0.0,-0.5
0.0,0.0,0.0,1.0,0.0,1.0,0.0,-2.0,-0.5
0.0,0.0,0.0,1.0,0.0,2.0,2.0,0.0,-0.5
0.0,0.0,-1.0,1.0,0.0,0.0,2.0,0.0,-0.5
0.0,0.0,-1.0,1.0,0.0,0.0,3.0,2.0,-0.5
0.0,0.0,-1.0,-1.0,-1.0,0.0,3.0,2.0,-0.5
0.0,1.0,-1.0,1.0,-1.0,2.0,3.0,2.0,-0.5
0.0,1.0,-1.0,1.0,-1.0,2.0,2.0,0.0,-0.5
0.0,2.0,-1.0,1.0,1.0,2.0,2.0,0.0,-0.5
0.0,2.0,-1.0,-1.0,-2.0,2.0,2.0,0.0,-0.5
1.0,2.0,1.0,-1.0,-2.0,2.0,2.0,0.0,-0.5
1.0,2.0,1.0,-1.0,-2.0,2.0,1.0,-4.0,-0.5
1.0,2.0,1.0,2.0,2.0,2.0,1.0,-4.0,-0.5
1.0,2.0,1.0,2.0,1.0,2.0,-3.0,-4.0,-0.5
1.0,2.0,1.0,2.0,1.0,2.0,-2.0,0.0,-0.5
1.0,2.0,1.0,1.0,1.0,0.0,-2.0,0.0,-0.5
1.0,3.0,1.0,3.0,1.0,2.0,0.0,0.0,-0.5
0.0,0.0,0.0,0.0,0.0,0.0,1.0,2.0,0.1875
0.0,0.0,0.0,0.0,0.0,-1.0,1.0,0.0,0.1875
0.0,0.0,0.0,1.0,0.0,1.0,1.0,0.0,0.1875
0.0,0.0,0.0,1.0,0.0,1.0,0.0,-2.0,0.1875
0.0,0.0,0.0,1.0,0.0,2.0,2.0,0.0,0.1875
0.0,0.0,-1.0,1.0,0.0,0.0,2.0,0.0,0.1875
0.0,0.0,-1.0,1.0,0.0,0.0,3.0,2.0,0.1875
0.0,-1.0,-1.0,-1.0,0.0,0.0,3.0,2.0,0.1875
1.0,-1.0,1.0,-1.0,0.0,2.0,3.0,4.0,0.1875
1.0,-2.0,-1.0,-1.0,0.0,2.0,3.0,4.0,0.1875
1.0,-2.0,-1.0,-1.0,0.0,-1.0,3.0,0.0,0.1875
1.0,-2.0,2.0,-1.0,0.0,3.0,3.0,4.0,0.1875
1.0,-3.0,0.0,-1.0,0.0,3.0,3.0,4.0,0.1875
1.0,2.0,0.0,-1.0,0.0,3.0,3.0,4.0,0.1875
0.0,2.0,-2.0,-1.0,0.0,-1.0,3.0,0.0,0.1875
0.0,2.0,-2.0,-1.0,0.0,-1.0,4.0,2.0,0.1875
0.0,2.0,-2.0,-1.0,0.0,-1.0,1.0,0.0,0.1875
0.0,2.0,-2.0,-1.0,0.0,0.0,1.0,2.0,0.1875
0.0,2.0,-2.0,-1.0,0.0,0.0,-2.0,-2.0,0.1875
0.0,0.0,0.0,0.0,0.0,0.0,1.0,2.0,0.65625
0.0,0.0,0.0,0.0,0.0,-1.0,1.0,0.0,0.65625
0.0,0.0,0.0,1.0,0.0,1.0,1.0,0.0,0.65625
0.0,0.0,0.0,1.0,0.0,1.0,0.0,-2.0,0.65625
0.0,0.0,0.0,1.0,0.0,2.0,2.0,0.0,0.65625
0.0,0.0,-1.0,1.0,0.0,0.0,2.0,0.0,0.65625
0.0,0.0,-1.0,1.0,0.0,0.0,3.0,2.0,0.65625
0.0,-1.0,-1.0,-1.0,0.0,0.0,3.0,2.0,0.65625
1.0,-1.0,1.0,-1.0,0.0,2.0,3.0,4.0,0.65625
1.0,-1.0,1.0,-2.0,0.0,-2.0,-1.0,4.0,0.65625
1.0,-1.0,1.0,0.0,1.0,-2.0,-1.0,4.0,0.65625
1.0,-2.0,-1.0,0.0,1.0,-2.0,-1.0,4.0,0.65625
1.0,-1.0,1.0,0.0,1.0,-2.0,-1.0,4.0,0.65625
1.0,-1.0,1.0,0.0,-1.0,-2.0,-2.0,2.0,0.65625
1.0,-1.0,1.0,0.0,0.0,-2.0,0.0,4.0,0.65625
1.0,-1.0,1.0,0.0,0.0,-3.0,0.0,0.0,0.65625
1.0,-1.0,1.0,0.0,0.0,-3.0,1.0,2.0,0.65625
1.0,-1.0,1.0,0.0,-1.0,-3.0,-1.0,-2.0,0.65625
1.0,0.0,1.0,0.0,1.0,-1.0,-1.0,-2.0,0.65625
0.0,0.0,0.0,0.0,0.0,0.0,1.0,2.0,-0.28125
0.0,0.0,0.0,0.0,0.0,-1.0,1.0,0.0,-0.28125
0.0,0.0,0.0,0.0,0.0,-1.0,2.0,2.0,-0.28125
0.0,0.0,0.0,0.0,0.0,-1.0,1.0,0.0,-0.28125
0.0,0.0,0.0,1.0,0.0,1.0,1.0,0.0,-0.28125
0.0,0.0,0.0,1.0,0.0,0.0,1.0,-2.0,-0.28125
0.0,0.0,0.0,2.0,0.0,2.0,1.0,-2.0,-0.28125
0.0,0.0,0.0,2.0,0.0,2.0,0.0,-4.0,-0.28125
0.0,0.0,0.0,2.0,0.0,3.0,2.0,-4.0,-0.28125
0.0,0.0,0.0,1.0,0.0,3.0,0.0,-4.0,-0.28125
0.0,1.0,0.0,3.0,0.0,3.0,0.0,-4.0,-0.28125
0.0,0.0,0.0,1.0,0.0,1.0,-2.0,-4.0,-0.28125
0.0,0.0,0.0,1.0,0.0,1.0,1.0,2.0,-0.28125
0.0,0.0,0.0,1.0,0.0,1.0,0.0,0.0,-0.28125
0.0,0.0,0.0,1.0,1.0,1.0,2.0,2.0,-0.28125
0.0,0.0,0.0,0.0,1.0,-1.0,-2.0,2.0,-0.28125
0.0,0.0,0.0,1.0,1.0,-1.0,0.0,2.0,-0.28125
0.0,-1.0,0.0,1.0,-1.0,-1.0,0.0,2.0,-0.28125
0.0,0.0,0.0,3.0,1.0,1.0,2.0,2.0,-0.28125
0.0,0.0,0.0,0.0,0.0,0.0,1.0,2.0,-0.40625
0.0,0.0,0.0,0.0,0.0,0.0,0.0,0.0,-0.40625
0.0,0.0,0.0,0.0,0.0,1.0,2.0,2.0,-0.40625
0.0,0.0,0.0,0.0,0.0,0.0,2.0,0.0,-0.40625
0.0,0.0,0.0,0.0,0.0,0.0,3.0,2.0,-0.40625
0.0,0.0,0.0,0.0,0.0,0.0,2.0,0.0,-0.40625
0.0,0.0,0.0,0.0,0.0,1.0,4.0,2.0,-0.40625
0.0,0.0,0.0,0.0,0.0,0.0,4.0,0.0,-0.40625
0.0,0.0,0.0,0.0,0.0,0.0,5.0,2.0,-0.40625
0.0,0.0,0.0,-1.0,0.0,-2.0,1.0,2.0,-0.40625
0.0,0.0,0.0,0.0,0.0,-2.0,3.0,2.0,-0.40625
0.0,-1.0,0.0,-2.0,0.0,-2.0,3.0,2.0,-0.40625
0.0,0.0,0.0,0.0,0.0,0.0,5.0,2.0,-0.40625
0.0,0.0,0.0,-1.0,0.0,-2.0,1.0,2.0,-0.40625
0.0,0.0,0.0,-1.0,1.0,-2.0,3.0,2.0,-0.40625
0.0,-1.0,0.0,-1.0,-1.0,-2.0,3.0,2.0,-0.40625
0.0,0.0,0.0,1.0,-1.0,0.0,5.0,2.0,-0.40625
0.0,0.0,0.0,1.0,-2.0,0.0,3.0,0.0,-0.40625
0.0,0.0,0.0,1.0,-2.0,0.0,4.0,4.0,-0.40625
0.0,0.0,0.0,0.0,0.0,0.0,1.0,2.0,0.5
0.0,0.0,0.0,0.0,0.0,-1.0,1.0,0.0,0.5
0.0,0.0,0.0,1.0,0.0,1.0,1.0,0.0,0.5
0.0,0.0,0.0,1.0,0.0,1.0,0.0,-2.0,0.5
0.0,0.0,0.0,1.0,0.0,2.0,2.0,0.0,0.5
0.0,0.0,-1.0,1.0,0.0,0.0,2.0,0.0,0.5
0.0,0.0,-1.0,1.0,0.0,0.0,3.0,2.0,0.5
0.0,-1.0,-1.0,-1.0,0.0,0.0,3.0,2.0,0.5
0.0,-1.0,-1.0,-1.0,0.0,0.0,4.0,4.0,0.5
0.0,-1.0,-1.0,-1.0,0.0,-1.0,4.0,0.0,0.5
0.0,-1.0,-1.0,-1.0,0.0,-1.0,5.0,2.0,0.5
0.0,-1.0,-1.0,-1.0,0.0,-1.0,2.0,0.0,0.5
0.0,-1.0,-1.0,0.0,0.0,1.0,6.0,0.0,0.5
0.0,-1.0,-1.0,0.0,-1.0,1.0,4.0,0.0,0.5
1.0,-1.0,1.0,0.0,-1.0,3.0,4.0,2.0,0.5
1.0,-2.0,1.0,-2.0,-1.0,1.0,2.0,2.0,0.5
1.0,-2.0,2.0,-2.0,-1.0,3.0,2.0,2.0,0.5
1.0,-3.0,0.0,-2.0,-1.0,3.0,2.0,2.0,0.5
1.0,-2.0,0.0,-2.0,1.0,3.0,4.0,4.0,0.5
0.0,0.0,0.0,0.0,0.0,0.0,1.0,2.0,-0.125
0.0,0.0,0.0,0.0,0.0,0.0,0.0,0.0,-0.125
0.0,0.0,0.0,0.0,0.0,1.0,2.0,2.0,-0.125
0.0,0.0,0.0,0.0,0.0,0.0,2.0,0.0,-0.125
0.0,0.0,0.0,0.0,0.0,0.0,3.0,2.0,-0.125
0.0,0.0,0.0,-1.0,0.0,-2.0,-1.0,2.0,-0.125
0.0,0.0,1.0,-1.0,0.0,0.0,-1.0,4.0,-0.125
0.0,0.0,1.0,-1.0,0.0,0.0,-2.0,0.0,-0.125
0.0,1.0,1.0,1.0,0.0,2.0,2.0,0.0,-0.125
0.0,1.0,1.0,1.0,0.0,1.0,0.0,-2.0,-0.125
0.0,1.0,2.0,1.0,0.0,3.0,0.0,2.0,-0.125
0.0,1.0,2.0,1.0,-1.0,3.0,-2.0,-2.0,-0.125
0.0,1.0,2.0,1.0,-1.0,3.0,-1.0,0.0,-0.125
-1.0,1.0,0.0,1.0,-1.0,1.0,-1.0,-2.0,-0.125
-1.0,2.0,0.0,1.0,1.0,1.0,1.0,-2.0,-0.125
-2.0,2.0,-2.0,1.0,1.0,-1.0,1.0,-2.0,-0.125
-2.0,2.0,-2.0,1.0,2.0,-1.0,5.0,2.0,-0.125
-2.0,2.0,-2.0,1.0,2.0,-2.0,1.0,2.0,-0.125
-2.0,2.0,-2.0,2.0,2.0,0.0,3.0,2.0,-0.125
0.0,0.0,0.0,0.0,0.0,0.0,1.0,2.0,0.15625
0.0,0.0,0.0,0.0,0.0,-1.0,1.0,0.0,0.15625
0.0,0.0,0.0,1.0,0.0,1.0,1.0,0.0,0.15625
0.0,0.0,0.0,1.0,0.0,1.0,0.0,-2.0,0.15625
0.0,0.0,0.0,1.0,0.0,2.0,2.0,0.0,0.15625
0.0,0.0,-1.0,1.0,0.0,0.0,2.0,0.0,0.15625
0.0,0.0,-1.0,1.0,0.0,0.0,3.0,2.0,0.15625
0.0,-1.0,-1.0,-1.0,0.0,0.0,3.0,2.0,0.15625
1.0,-1.0,1.0,-1.0,0.0,2.0,3.0,4.0,0.15625
1.0,-2.0,-1.0,-1.0,0.0,2.0,3.0,4.0,0.15625
1.0,-2.0,-1.0,-1.0,0.0,-1.0,3.0,0.0,0.15625
1.0,-2.0,2.0,-1.0,0.0,3.0,3.0,4.0,0.15625
1.0,-2.0,2.0,-2.0,0.0,-1.0,-1.0,4.0,0.15625
1.0,-2.0,2.0,0.0,1.0,-1.0,-1.0,4.0,0.15625
1.0,-2.0,2.0,0.0,-1.0,-1.0,-2.0,2.0,0.15625
1.0,-1.0,2.0,2.0,-1.0,3.0,2.0,2.0,0.15625
1.0,-1.0,2.0,2.0,-2.0,1.0,0.0,2.0,0.15625
1.0,-1.0,2.0,2.0,-2.0,1.0,1.0,4.0,0.15625
1.0,-1.0,2.0,2.0,-2.0,1.0,-4.0,0.0,0.15625
0.0,0.0,0.0,0.0,0.0,0.0,1.0,2.0,-0.03125
0.0,0.0,0.0,0.0,0.0,-1.0,1.0,0.0,-0.03125
0.0,0.0,0.0,1.0,0.0,1.0,1.0,0.0,-0.03125
0.0,0.0,-1.0,1.0,0.0,-1.0,1.0,0.0,-0.03125
0.0,0.0,-1.0,1.0,0.0,-1.0,2.0,2.0,-0.03125
0.0,0.0,-1.0,1.0,0.0,-1.0,-1.0,0.0,-0.03125
1.0,0.0,1.0,1.0,0.0,1.0,-1.0,0.0,-0.03125
1.0,0.0,1.0,1.0,-1.0,1.0,-3.0,-2.0,-0.03125
1.0,0.0,1.0,1.0,-1.0,2.0,1.0,0.0,-0.03125
1.0,0.0,1.0,1.0,-2.0,2.0,-3.0,-2.0,-0.03125
1.0,0.0,1.0,1.0,-2.0,3.0,-3.0,2.0,-0.03125
1.0,0.0,1.0,1.0,-2.0,3.0,-4.0,-2.0,-0.03125
1.0,1.0,1.0,1.0,0.0,3.0,-2.0,0.0,-0.03125
1.0,1.0,1.0,1.0,0.0,3.0,-3.0,-4.0,-0.03125
1.0,1.0,1.0,1.0,0.0,4.0,-3.0,0.0,-0.03125
1.0,1.0,1.0,1.0,0.0,4.0,-4.0,-2.0,-0.03125
1.0,1.0,1.0,1.0,0.0,4.0,-1.0,2.0,-0.03125
1.0,0.0,1.0,-1.0,0.0,2.0,-1.0,2.0,-0.03125
1.0,1.0,1.0,1.0,0.0,2.0,1.0,2.0,-0.03125
0.0,0.0,0.0,0.0,0.0,0.0,1.0,2.0,0.53125
0.0,0.0,0.0,0.0,0.0,-1.0,1.0,0.0,0.53125
0.0,0.0,0.0,1.0,0.0,1.0,1.0,0.0,0.53125
0.0,0.0,0.0,1.0,0.0,1.0,0.0,-2.0,0.53125
0.0,0.0,0.0,1.0,0.0,2.0,2.0,0.0,0.53125
0.0,0.0,-1.0,1.0,0.0,0.0,2.0,0.0,0.53125
0.0,0.0,-1.0,1.0,0.0,0.0,3.0,2.0,0.53125
0.0,-1.0,-1.0,-1.0,0.0,0.0,3.0,2.0,0.53125
1.0,-1.0,1.0,-1.0,0.0,2.0,3.0,4.0,0.53125
1.0,-2.0,-1.0,-1.0,0.0,2.0,3.0,4.0,0.53125
1.0,-2.0,-1.0,-1.0,0.0,-1.0,3.0,0.0,0.53125
1.0,-2.0,2.0,-1.0,0.0,3.0,3.0,4.0,0.53125
1.0,-2.0,2.0,-2.0,0.0,-1.0,-1.0,4.0,0.53125
1.0,-2.0,2.0,0.0,1.0,-1.0,-1.0,4.0,0.53125
0.0,-2.0,0.0,0.0,1.0,-3.0,-1.0,0.0,0.53125
0.0,-1.0,0.0,2.0,1.0,1.0,3.0,0.0,0.53125
0.0,-1.0,0.0,2.0,0.0,1.0,1.0,0.0,0.53125
0.0,-1.0,0.0,3.0,0.0,3.0,1.0,0.0,0.53125
0.0,-2.0,0.0,3.0,-2.0,1.0,1.0,0.0,0.53125
0.0,0.0,0.0,0.0,0.0,0.0,1.0,2.0,0.609375
0.0,0.0,0.0,0.0,0.0,-1.0,1.0,0.0,0.609375
0.0,0.0,0.0,1.0,0.0,1.0,1.0,0.0,0.609375
0.0,0.0,0.0,1.0,0.0,1.0,0.0,-2.0,0.609375
0.0,0.0,0.0,1.0,0.0,1.0,1.0,2.0,0.609375
0.0,-1.0,0.0,-1.0,0.0,-1.0,-1.0,2.0,0.609375
0.0,-1.0,0.0,-1.0,1.0,-1.0,1.0,4.0,0.609375
0.0,-2.0,0.0,-1.0,-1.0,-1.0,1.0,4.0,0.609375
0.0,-2.0,0.0,-1.0,0.0,-1.0,3.0,4.0,0.609375
0.0,-2.0,0.0,-1.0,0.0,-1.0,0.0,0.0,0.609375
0.0,-2.0,0.0,-1.0,0.0,0.0,0.0,2.0,0.609375
0.0,-3.0,0.0,-1.0,-2.0,0.0,0.0,2.0,0.609375
0.0,-3.0,0.0,-1.0,-2.0,0.0,3.0,2.0,0.609375
0.0,-3.0,0.0,-2.0,-2.0,0.0,1.0,0.0,0.609375
0.0,-3.0,0.0,-2.0,-1.0,0.0,3.0,0.0,0.609375
0.0,-3.0,-1.0,-2.0,-1.0,-2.0,3.0,-2.0,0.609375
0.0,-2.0,-1.0,-2.0,1.0,-2.0,5.0,2.0,0.609375
0.0,-5.0,-1.0,-2.0,-1.0,-2.0,5.0,2.0,0.609375
1.0,-5.0,1.0,-2.0,-1.0,0.0,5.0,2.0,0.609375
0.0,0.0,0.0,0.0,0.0,0.0,1.0,2.0,0.625
0.0,0.0,0.0,0.0,0.0,-1.0,1.0,0.0,0.625
0.0,0.0,0.0,1.0,0.0,1.0,1.0,0.0,0.625
0.0,0.0,0.0,1.0,0.0,1.0,0.0,-2.0,0.625
0.0,0.0,0.0,1.0,0.0,2.0,2.0,0.0,0.625
0.0,0.0,-1.0,1.0,0.0,0.0,2.0,0.0,0.625
0.0,0.0,-1.0,1.0,0.0,0.0,3.0,2.0,0.625
0.0,-1.0,-1.0,-1.0,0.0,0.0,3.0,2.0,0.625
1.0,-1.0,1.0,-1.0,0.0,2.0,3.0,4.0,0.625
1.0,-1.0,1.0,-2.0,0.0,-2.0,-1.0,4.0,0.625
1.0,-1.0,1.0,-2.0,1.0,-2.0,1.0,4.0,0.625
1.0,-2.0,-1.0,-2.0,-1.0,-2.0,1.0,4.0,0.625
1.0,-1.0,-1.0,0.0,-1.0,0.0,3.0,4.0,0.625
1.0,-1.0,-1.0,0.0,-1.0,0.0,0.0,4.0,0.625
1.0,-1.0,-1.0,0.0,0.0,0.0,2.0,4.0,0.625
1.0,-1.0,-1.0,0.0,0.0,0.0,-1.0,-2.0,0.625
1.0,-1.0,-1.0,1.0,2.0,0.0,1.0,-2.0,0.625
1.0,-1.0,-2.0,1.0,2.0,-2.0,1.0,-4.0,0.625
1.0,0.0,0.0,1.0,2.0,-2.0,1.0,-4.0,0.625
0.0,0.0,0.0,0.0,0.0,0.0,1.0,2.0,0.3125
0.0,0.0,0.0,0.0,0.0,-1.0,1.0,0.0,0.3125
0.0,0.0,0.0,1.0,0.0,1.0,1.0,0.0,0.3125
0.0,0.0,0.0,1.0,0.0,1.0,0.0,-2.0,0.3125
0.0,0.0,0.0,1.0,0.0,2.0,2.0,0.0,0.3125
0.0,0.0,-1.0,1.0,0.0,0.0,2.0,0.0,0.3125
0.0,0.0,-1.0,1.0,0.0,0.0,3.0,2.0,0.3125
0.0,-1.0,-1.0,-1.0,0.0,0.0,3.0,2.0,0.3125
1.0,-1.0,1.0,-1.0,0.0,2.0,3.0,4.0,0.3125
1.0,-1.0,1.0,-2.0,0.0,-2.0,-1.0,4.0,0.3125
1.0,-1.0,1.0,0.0,1.0,-2.0,-1.0,4.0,0.3125
1.0,-2.0,-1.0,0.0,1.0,-2.0,-1.0,4.0,0.3125
1.0,-1.0,1.0,0.0,1.0,-2.0,-1.0,4.0,0.3125
1.0,-1.0,1.0,0.0,-1.0,-2.0,-2.0,2.0,0.3125
1.0,0.0,1.0,2.0,-1.0,2.0,2.0,2.0,0.3125
1.0,0.0,1.0,2.0,-1.0,2.0,1.0,0.0,0.3125
1.0,0.0,1.0,3.0,-1.0,2.0,3.0,2.0,0.3125
1.0,0.0,1.0,2.0,-1.0,0.0,3.0,2.0,0.3125
1.0,1.0,1.0,2.0,1.0,0.0,3.0,2.0,0.3125
0.0,0.0,0.0,0.0,0.0,0.0,1.0,2.0,0.09375
0.0,0.0,0.0,0.0,0.0,-1.0,1.0,0.0,0.09375
0.0,0.0,0.0,1.0,0.0,1.0,1.0,0.0,0.09375
0.0,0.0,0.0,1.0,0.0,1.0,0.0,-2.0,0.09375
0.0,0.0,0.0,1.0,0.0,2.0,2.0,0.0,0.09375
0.0,0.0,-1.0,1.0,0.0,0.0,2.0,0.0,0.09375
0.0,0.0,-1.0,1.0,0.0,0.0,3.0,2.0,0.09375
0.0,-1.0,-1.0,-1.0,0.0,0.0,3.0,2.0,0.09375
1.0,-1.0,1.0,-1.0,0.0,2.0,3.0,4.0,0.09375
1.0,-2.0,-1.0,-1.0,0.0,2.0,3.0,4.0,0.09375
1.0,-2.0,-1.0,-1.0,0.0,-1.0,3.0,0.0,0.09375
1.0,-2.0,2.0,-1.0,0.0,3.0,3.0,4.0,0.09375
1.0,-2.0,2.0,-2.0,0.0,-1.0,-1.0,4.0,0.09375
1.0,-2.0,2.0,0.0,1.0,-1.0,-1.0,4.0,0.09375
0.0,-2.0,0.0,0.0,1.0,-3.0,-1.0,0.0,0.09375
0.0,-1.0,0.0,2.0,1.0,1.0,3.0,0.0,0.09375
0.0,-1.0,0.0,2.0,0.0,1.0,1.0,0.0,0.09375
0.0,-1.0,0.0,3.0,0.0,3.0,1.0,0.0,0.09375
0.0,-2.0,0.0,3.0,-2.0,1.0,1.0,0.0,0.09375
0.0,0.0,0.0,0.0,0.0,0.0,1.0,2.0,-0.21875
0.0,0.0,0.0,0.0,0.0,-1.0,1.0,0.0,-0.21875
0.0,0.0,0.0,1.0,0.0,1.0,1.0,0.0,-0.21875
0.0,0.0,0.0,1.0,0.0,1.0,0.0,-2.0,-0.21875
0.0,0.0,0.0,1.0,0.0,2.0,2.0,0.0,-0.21875
0.0,0.0,-1.0,1.0,0.0,0.0,2.0,0.0,-0.21875
0.0,0.0,-1.0,1.0,0.0,0.0,3.0,2.0,-0.21875
0.0,-1.0,-1.0,-1.0,0.0,0.0,3.0,2.0,-0.21875
1.0,-1.0,1.0,-1.0,0.0,2.0,3.0,4.0,-0.21875
1.0,-2.0,-1.0,-1.0,0.0,2.0,3.0,4.0,-0.21875
1.0,-2.0,-1.0,-1.0,0.0,-1.0,3.0,0.0,-0.21875
1.0,-2.0,2.0,-1.0,0.0,3.0,3.0,4.0,-0.21875
1.0,-2.0,2.0,-2.0,0.0,-1.0,-1.0,4.0,-0.21875
1.0,-2.0,2.0,0.0,1.0,-1.0,-1.0,4.0,-0.21875
0.0,-2.0,0.0,0.0,1.0,-3.0,-1.0,0.0,-0.21875
0.0,-1.0,0.0,2.0,1.0,1.0,3.0,0.0,-0.21875
0.0,-1.0,0.0,2.0,0.0,1.0,1.0,0.0,-0.21875
0.0,-1.0,0.0,2.0,0.0,1.0,2.0,2.0,-0.21875
0.0,-1.0,0.0,1.0,0.0,1.0,0.0,0.0,-0.21875
0.0,0.0,0.0,0.0,0.0,0.0,1.0,2.0,-0.3125
0.0,0.0,0.0,0.0,0.0,-1.0,1.0,0.0,-0.3125
0.0,0.0,0.0,1.0,0.0,1.0,1.0,0.0,-0.3125
0.0,0.0,0.0,1.0,0.0,1.0,0.0,-2.0,-0.3125
0.0,0.0,0.0,1.0,0.0,2.0,2.0,0.0,-0.3125
0.0,0.0,-1.0,1.0,0.0,0.0,2.0,0.0,-0.3125
0.0,0.0,-1.0,1.0,0.0,0.0,3.0,2.0,-0.3125
0.0,-1.0,-1.0,-1.0,0.0,0.0,3.0,2.0,-0.3125
0.0,-1.0,-1.0,-1.0,0.0,0.0,4.0,4.0,-0.3125
0.0,-1.0,-1.0,-1.0,0.0,-1.0,4.0,0.0,-0.3125
0.0,-1.0,-1.0,-1.0,0.0,-1.0,5.0,2.0,-0.3125
0.0,-1.0,-1.0,-1.0,0.0,-1.0,2.0,0.0,-0.3125
0.0,-1.0,-1.0,0.0,0.0,1.0,6.0,0.0,-0.3125
0.0,-1.0,-1.0,0.0,-1.0,1.0,4.0,0.0,-0.3125
1.0,-1.0,1.0,0.0,-1.0,3.0,4.0,2.0,-0.3125
1.0,-2.0,1.0,-2.0,-1.0,1.0,2.0,2.0,-0.3125
1.0,-1.0,1.0,-2.0,1.0,1.0,4.0,2.0,-0.3125
1.0,-1.0,1.0,-3.0,1.0,-3.0,0.0,2.0,-0.3125
1.0,-1.0,2.0,-1.0,1.0,-1.0,0.0,4.0,-0.3125
0.0,0.0,0.0,0.0,0.0,0.0,1.0,2.0,0.34375
0.0,0.0,0.0,0.0,0.0,-1.0,1.0,0.0,0.34375
0.0,0.0,0.0,1.0,0.0,1.0,1.0,0.0,0.34375
0.0,0.0,0.0,1.0,0.0,1.0,0.0,-2.0,0.34375
0.0,0.0,0.0,1.0,0.0,2.0,2.0,0.0,0.34375
0.0,0.0,-1.0,1.0,0.0,0.0,2.0,0.0,0.34375
0.0,0.0,-1.0,1.0,0.0,0.0,3.0,2.0,0.34375
0.0,-1.0,-1.0,-1.0,0.0,0.0,3.0,2.0,0.34375
1.0,-1.0,1.0,-1.0,0.0,2.0,3.0,4.0,0.34375
1.0,-2.0,-1.0,-1.0,0.0,2.0,3.0,4.0,0.34375
1.0,-2.0,-1.0,-1.0,0.0,-1.0,3.0,0.0,0.34375
1.0,-2.0,2.0,-1.0,0.0,3.0,3.0,4.0,0.34375
1.0,-2.0,2.0,-2.0,0.0,-1.0,-1.0,4.0,0.34375
1.0,-2.0,2.0,0.0,1.0,-1.0,-1.0,4.0,0.34375
0.0,-2.0,0.0,0.0,1.0,-3.0,-1.0,0.0,0.34375
0.0,-1.0,0.0,2.0,1.0,1.0,3.0,0.0,0.34375
0.0,-1.0,0.0,2.0,0.0,1.0,1.0,0.0,0.34375
0.0,-1.0,0.0,3.0,0.0,3.0,1.0,0.0,0.34375
0.0,-2.0,0.0,3.0,-2.0,1.0,1.0,0.0,0.34375
0.0,0.0,0.0,0.0,0.0,0.0,1.0,2.0,1.0
0.0,0.0,0.0,0.0,0.0,-1.0,1.0,0.0,1.0
0.0,0.0,0.0,1.0,0.0,1.0,1.0,0.0,1.0
0.0,0.0,0.0,1.0,0.0,1.0,0.0,-2.0,1.0
0.0,0.0,0.0,1.0,0.0,2.0,2.0,0.0,1.0
0.0,0.0,0.0,1.0,0.0,2.0,1.0,-2.0,1.0
0.0,0.0,0.0,1.0,0.0,2.0,4.0,2.0,1.0
0.0,0.0,0.0,0.0,0.0,2.0,2.0,2.0,1.0
0.0,1.0,0.0,2.0,0.0,2.0,2.0,2.0,1.0
0.0,0.0,0.0,0.0,0.0,0.0,0.0,2.0,1.0
0.0,0.0,0.0,0.0,0.0,0.0,3.0,4.0,1.0
0.0,0.0,0.0,-1.0,0.0,0.0,1.0,2.0,1.0
0.0,0.0,0.0,-1.0,0.0,1.0,3.0,2.0,1.0
0.0,0.0,-1.0,-1.0,0.0,-1.0,3.0,-2.0,1.0
0.0,0.0,-1.0,0.0,0.0,1.0,3.0,-2.0,1.0
0.0,-1.0,-1.0,-2.0,0.0,1.0,1.0,-2.0,1.0
1.0,1.0,-1.0,-2.0,0.0,1.0,1.0,-2.0,1.0
1.0,0.0,-1.0,-4.0,0.0,-3.0,-3.0,-2.0,1.0
1.0,0.0,0.0,-4.0,0.0,-1.0,-3.0,0.0,1.0
0.0,0.0,0.0,0.0,0.0,0.0,1.0,2.0,0.5
0.0,0.0,0.0,0.0,0.0,-1.0,1.0,0.0,0.5
0.0,0.0,0.0,1.0,0.0,1.0,1.0,0.0,0.5
0.0,0.0,0.0,1.0,0.0,1.0,0.0,-2.0,0.5
0.0,0.0,0.0,1.0,0.0,2.0,2.0,0.0,0.5
0.0,0.0,-1.0,1.0,0.0,0.0,2.0,0.0,0.5
0.0,0.0,-1.0,1.0,0.0,0.0,3.0,2.0,0.5
0.0,-1.0,-1.0,-1.0,0.0,0.0,3.0,2.0,0.5
0.0,-1.0,-1.0,-1.0,0.0,1.0,3.0,4.0,0.5
0.0,-1.0,-2.0,-1.0,0.0,-1.0,3.0,0.0,0.5
0.0,-1.0,-2.0,-1.0,0.0,-1.0,4.0,2.0,0.5
0.0,-1.0,-2.0,-1.0,0.0,-1.0,1.0,0.0,0.5
1.0,-1.0,0.0,-1.0,0.0,1.0,1.0,0.0,0.5
1.0,-1.0,0.0,-2.0,0.0,1.0,-1.0,0.0,0.5
2.0,-1.0,2.0,-2.0,0.0,3.0,-1.0,2.0,0.5
2.0,-1.0,2.0,-2.0,0.0,1.0,-2.0,0.0,0.5
2.0,0.0,2.0,0.0,0.0,1.0,0.0,0.0,0.5
2.0,0.0,2.0,0.0,0.0,0.0,-4.0,-2.0,0.5
2.0,1.0,2.0,2.0,0.0,0.0,-4.0,-2.0,0.5
0.0,0.0,0.0,0.0,0.0,0.0,1.0,2.0,-0.125
0.0,0.0,0.0,0.0,0.0,-1.0,1.0,0.0,-0.125
0.0,0.0,0.0,1.0,0.0,1.0,1.0,0.0,-0.125
0.0,0.0,0.0,1.0,0.0,1.0,0.0,-2.0,-0.125
0.0,0.0,0.0,1.0,0.0,2.0,2.0,0.0,-0.125
0.0,0.0,-1.0,1.0,0.0,0.0,2.0,0.0,-0.125
0.0,0.0,-1.0,1.0,0.0,0.0,3.0,2.0,-0.125
0.0,0.0,-1.0,-1.0,-1.0,0.0,3.0,2.0,-0.125
0.0,1.0,-1.0,1.0,-1.0,2.0,3.0,2.0,-0.125
0.0,1.0,-1.0,0.0,-1.0,2.0,1.0,2.0,-0.125
1.0,1.0,1.0,0.0,-1.0,2.0,1.0,2.0,-0.125
1.0,1.0,1.0,0.0,-1.0,0.0,0.0,0.0,-0.125
1.0,2.0,1.0,0.0,1.0,0.0,0.0,0.0,-0.125
1.0,2.0,1.0,0.0,1.0,0.0,-1.0,-4.0,-0.125
1.0,2.0,1.0,0.0,1.0,1.0,1.0,-4.0,-0.125
1.0,2.0,1.0,-1.0,1.0,1.0,-1.0,-4.0,-0.125
1.0,2.0,1.0,0.0,1.0,3.0,3.0,-2.0,-0.125
1.0,2.0,1.0,-1.0,1.0,1.0,1.0,-2.0,-0.125
1.0,2.0,1.0,2.0,1.0,1.0,3.0,-2.0,-0.125
0.0,0.0,0.0,0.0,0.0,0.0,1.0,2.0,0.625
0.0,0.0,0.0,0.0,0.0,-1.0,1.0,0.0,0.625
0.0,0.0,0.0,1.0,0.0,1.0,1.0,0.0,0.625
0.0,0.0,0.0,1.0,0.0,1.0,0.0,-2.0,0.625
0.0,0.0,0.0,1.0,0.0,2.0,2.0,0.0,0.625
0.0,0.0,-1.0,1.0,0.0,0.0,2.0,0.0,0.625
0.0,0.0,-1.0,1.0,0.0,0.0,3.0,2.0,0.625
0.0,-1.0,-1.0,-1.0,0.0,0.0,3.0,2.0,0.625
0.0,-1.0,-1.0,-1.0,0.0,0.0,4.0,4.0,0.625
0.0,-1.0,-1.0,-1.0,0.0,0.0,1.0,2.0,0.625
1.0,-1.0,1.0,-1.0,0.0,2.0,1.0,2.0,0.625
1.0,-1.0,1.0,-1.0,-1.0,2.0,-1.0,2.0,0.625
1.0,-1.0,1.0,-1.0,-1.0,2.0,2.0,4.0,0.625
1.0,-2.0,-1.0,-1.0,-1.0,2.0,2.0,4.0,0.625
1.0,-1.0,-1.0,1.0,-1.0,2.0,2.0,4.0,0.625
1.0,-1.0,-1.0,1.0,-1.0,-1.0,2.0,0.0,0.625
1.0,0.0,1.0,1.0,-1.0,-1.0,2.0,0.0,0.625
1.0,0.0,1.0,1.0,-2.0,-1.0,0.0,-2.0,0.625
1.0,0.0,1.0,2.0,-2.0,-1.0,2.0,-2.0,0.625
0.0,0.0,0.0,0.0,0.0,0.0,1.0,2.0,-0.3125
0.0,0.0,0.0,0.0,0.0,-1.0,1.0,0.0,-0.3125
0.0,0.0,0.0,1.0,0.0,1.0,1.0,0.0,-0.3125
0.0,0.0,0.0,1.0,0.0,1.0,0.0,-2.0,-0.3125
0.0,0.0,0.0,1.0,0.0,2.0,0.0,2.0,-0.3125
0.0,0.0,0.0,1.0,0.0,2.0,-1.0,0.0,-0.3125
0.0,0.0,0.0,1.0,1.0,2.0,1.0,2.0,-0.3125
0.0,0.0,0.0,1.0,0.0,2.0,-1.0,-2.0,-0.3125
0.0,0.0,0.0,2.0,0.0,2.0,1.0,-2.0,-0.3125
0.0,0.0,0.0,2.0,0.0,1.0,1.0,-4.0,-0.3125
0.0,1.0,0.0,2.0,2.0,1.0,1.0,-4.0,-0.3125
0.0,0.0,0.0,2.0,0.0,1.0,-1.0,-4.0,-0.3125
0.0,0.0,0.0,2.0,1.0,1.0,1.0,0.0,-0.3125
0.0,0.0,0.0,2.0,1.0,1.0,0.0,-2.0,-0.3125
0.0,0.0,0.0,2.0,1.0,1.0,1.0,0.0,-0.3125
0.0,-1.0,0.0,2.0,-1.0,1.0,-1.0,0.0,-0.3125
0.0,-1.0,0.0,3.0,-1.0,3.0,1.0,0.0,-0.3125
0.0,-1.0,0.0,3.0,-1.0,3.0,-2.0,0.0,-0.3125
0.0,-1.0,0.0,3.0,-1.0,4.0,2.0,2.0,-0.3125
0.0,0.0,0.0,0.0,0.0,0.0,1.0,2.0,0.25
0.0,0.0,0.0,0.0,0.0,-1.0,1.0,0.0,0.25
0.0,0.0,0.0,1.0,0.0,1.0,1.0,0.0,0.25
0.0,0.0,0.0,1.0,0.0,1.0,0.0,-2.0,0.25
0.0,0.0,0.0,1.0,0.0,2.0,2.0,0.0,0.25
0.0,0.0,0.0,1.0,-1.0,2.0,0.0,-2.0,0.25
0.0,0.0,0.0,1.0,-1.0,3.0,0.0,2.0,0.25
0.0,-1.0,0.0,-1.0,-1.0,1.0,-2.0,2.0,0.25
0.0,0.0,0.0,-1.0,1.0,1.0,0.0,4.0,0.25
0.0,0.0,0.0,-1.0,1.0,1.0,-1.0,0.0,0.25
0.0,0.0,0.0,-1.0,1.0,1.0,2.0,2.0,0.25
0.0,0.0,0.0,-1.0,1.0,1.0,-1.0,2.0,0.25
0.0,0.0,0.0,-1.0,2.0,1.0,3.0,4.0,0.25
0.0,0.0,-1.0,-1.0,2.0,-1.0,3.0,0.0,0.25
0.0,0.0,-1.0,-1.0,2.0,-1.0,4.0,2.0,0.25
0.0,0.0,-1.0,-1.0,2.0,-1.0,3.0,-2.0,0.25
0.0,1.0,-1.0,1.0,2.0,-1.0,3.0,-2.0,0.25
-1.0,-1.0,-1.0,1.0,2.0,-1.0,3.0,-2.0,0.25
-1.0,-1.0,-1.0,1.0,3.0,-1.0,5.0,2.0,0.25
0.0,0.0,0.0,0.0,0.0,0.0,1.0,2.0,-0.3125
0.0,0.0,0.0,0.0,0.0,-1.0,1.0,0.0,-0.3125
0.0,0.0,0.0,1.0,0.0,1.0,1.0,0.0,-0.3125
0.0,0.0,0.0,1.0,0.0,1.0,0.0,-2.0,-0.3125
0.0,0.0,0.0,1.0,0.0,2.0,2.0,0.0,-0.3125
0.0,0.0,-1.0,1.0,0.0,0.0,2.0,0.0,-0.3125
0.0,0.0,-1.0,1.0,0.0,0.0,3.0,2.0,-0.3125
0.0,-1.0,-1.0,-1.0,0.0,0.0,3.0,2.0,-0.3125
1.0,-1.0,1.0,-1.0,0.0,2.0,3.0,4.0,-0.3125
1.0,-2.0,-1.0,-1.0,0.0,2.0,3.0,4.0,-0.3125
1.0,-2.0,-1.0,-1.0,0.0,-1.0,3.0,0.0,-0.3125
1.0,-2.0,2.0,-1.0,0.0,3.0,3.0,4.0,-0.3125
1.0,-2.0,2.0,-2.0,0.0,-1.0,-1.0,4.0,-0.3125
1.0,-2.0,2.0,0.0,1.0,-1.0,-1.0,4.0,-0.3125
0.0,-2.0,0.0,0.0,1.0,-3.0,-1.0,0.0,-0.3125
0.0,-1.0,0.0,2.0,1.0,1.0,3.0,0.0,-0.3125
0.0,-1.0,0.0,2.0,0.0,1.0,1.0,0.0,-0.3125
0.0,-1.0,0.0,3.0,0.0,3.0,1.0,0.0,-0.3125
0.0,-1.0,0.0,3.0,0.0,3.0,0.0,-2.0,-0.3125
0.0,0.0,0.0,0.0,0.0,0.0,1.0,2.0,0.25
0.0,0.0,0.0,0.0,0.0,-1.0,1.0,0.0,0.25
0.0,0.0,0.0,1.0,0.0,1.0,1.0,0.0,0.25
0.0,0.0,0.0,1.0,0.0,1.0,0.0,-2.0,0.25
0.0,0.0,0.0,1.0,0.0,2.0,2.0,0.0,0.25
0.0,0.0,-1.0,1.0,0.0,0.0,2.0,0.0,0.25
0.0,0.0,-1.0,1.0,0.0,0.0,3.0,2.0,0.25
0.0,-1.0,-1.0,-1.0,0.0,0.0,3.0,2.0,0.25
1.0,-1.0,1.0,-1.0,0.0,2.0,3.0,4.0,0.25
1.0,-2.0,-1.0,-1.0,0.0,2.0,3.0,4.0,0.25
1.0,-2.0,-1.0,-2.0,0.0,-2.0,-1.0,4.0,0.25
1.0,-2.0,-1.0,-1.0,0.0,-2.0,1.0,4.0,0.25
1.0,-2.0,-1.0,-3.0,-1.0,-2.0,1.0,4.0,0.25
1.0,-1.0,-1.0,-1.0,-1.0,-2.0,1.0,4.0,0.25
1.0,-2.0,-1.0,-3.0,-1.0,-2.0,1.0,4.0,0.25
1.0,3.0,-1.0,-3.0,-1.0,-2.0,1.0,4.0,0.25
1.0,3.0,-1.0,-3.0,-2.0,-2.0,-1.0,0.0,0.25
1.0,4.0,-1.0,1.0,-2.0,-2.0,-1.0,0.0,0.25
1.0,4.0,-1.0,-1.0,-3.0,-2.0,-1.0,0.0,0.25
0.0,0.0,0.0,0.0,0.0,0.0,1.0,2.0,0.59375
0.0,0.0,0.0,0.0,0.0,-1.0,1.0,0.0,0.59375
0.0,0.0,0.0,1.0,0.0,1.0,1.0,0.0,0.59375
0.0,0.0,0.0,1.0,0.0,1.0,0.0,-2.0,0.59375
0.0,0.0,0.0,1.0,0.0,2.0,2.0,0.0,0.59375
0.0,0.0,-1.0,1.0,0.0,0.0,2.0,0.0,0.59375
0.0,0.0,-1.0,1.0,0.0,0.0,3.0,2.0,0.59375
0.0,-1.0,-1.0,-1.0,0.0,0.0,3.0,2.0,0.59375
1.0,-1.0,1.0,-1.0,0.0,2.0,3.0,4.0,0.59375
1.0,-2.0,-1.0,-1.0,0.0,2.0,3.0,4.0,0.59375
1.0,-2.0,-1.0,-1.0,0.0,-1.0,3.0,0.0,0.59375
1.0,-2.0,2.0,-1.0,0.0,3.0,3.0,4.0,0.59375
1.0,-2.0,2.0,-2.0,0.0,-1.0,-1.0,4.0,0.59375
1.0,-2.0,2.0,0.0,1.0,-1.0,-1.0,4.0,0.59375
0.0,-2.0,0.0,0.0,1.0,-3.0,-1.0,0.0,0.59375
0.0,-1.0,0.0,2.0,1.0,1.0,3.0,0.0,0.59375
0.0,-1.0,0.0,2.0,0.0,1.0,1.0,0.0,0.59375
0.0,-1.0,0.0,3.0,0.0,3.0,1.0,0.0,0.59375
0.0,-2.0,0.0,3.0,-2.0,1.0,1.0,0.0,0.59375
0.0,0.0,0.0,0.0,0.0,0.0,1.0,2.0,-0.84375
0.0,0.0,0.0,0.0,0.0,0.0,0.0,0.0,-0.84375
0.0,0.0,0.0,0.0,0.0,0.0,1.0,2.0,-0.84375
0.0,0.0,0.0,0.0,0.0,-1.0,1.0,0.0,-0.84375
0.0,0.0,0.0,0.0,0.0,-1.0,2.0,2.0,-0.84375
0.0,0.0,0.0,0.0,0.0,-1.0,-1.0,0.0,-0.84375
0.0,0.0,0.0,0.0,0.0,-1.0,0.0,2.0,-0.84375
0.0,0.0,0.0,-1.0,0.0,-1.0,-2.0,0.0,-0.84375
0.0,0.0,0.0,0.0,0.0,-1.0,0.0,0.0,-0.84375
0.0,0.0,0.0,0.0,-1.0,-1.0,-4.0,-4.0,-0.84375
0.0,0.0,0.0,0.0,0.0,-1.0,-2.0,0.0,-0.84375
0.0,-1.0,0.0,0.0,-2.0,-1.0,-2.0,0.0,-0.84375
0.0,0.0,0.0,2.0,-2.0,-1.0,0.0,2.0,-0.84375
0.0,-1.0,0.0,0.0,-2.0,-1.0,-2.0,2.0,-0.84375
0.0,-1.0,0.0,0.0,-2.0,0.0,-2.0,4.0,-0.84375
0.0,-1.0,0.0,0.0,-2.0,0.0,-3.0,-2.0,-0.84375
0.0,-1.0,1.0,0.0,-2.0,2.0,-3.0,0.0,-0.84375
0.0,-1.0,1.0,0.0,-3.0,2.0,-5.0,0.0,-0.84375
0.0,0.0,1.0,0.0,-1.0,2.0,-5.0,0.0,-0.84375
0.0,0.0,0.0,0.0,0.0,0.0,1.0,2.0,-0.28125
0.0,0.0,0.0,0.0,0.0,-1.0,1.0,0.0,-0.28125
0.0,0.0,0.0,1.0,0.0,1.0,1.0,0.0,-0.28125
0.0,0.0,0.0,1.0,0.0,1.0,0.0,-2.0,-0.28125
0.0,0.0,0.0,1.0,0.0,2.0,2.0,0.0,-0.28125
0.0,0.0,-1.0,1.0,0.0,0.0,2.0,0.0,-0.28125
0.0,0.0,-1.0,1.0,0.0,0.0,3.0,2.0,-0.28125
0.0,-1.0,-1.0,-1.0,0.0,0.0,3.0,2.0,-0.28125
1.0,-1.0,1.0,-1.0,0.0,2.0,3.0,4.0,-0.28125
1.0,-2.0,-1.0,-1.0,0.0,2.0,3.0,4.0,-0.28125
1.0,-2.0,-1.0,-1.0,0.0,-1.0,3.0,0.0,-0.28125
1.0,-2.0,2.0,-1.0,0.0,3.0,3.0,4.0,-0.28125
1.0,-2.0,2.0,-2.0,0.0,-1.0,-1.0,4.0,-0.28125
1.0,-2.0,2.0,0.0,1.0,-1.0,-1.0,4.0,-0.28125
0.0,-2.0,0.0,0.0,1.0,-3.0,-1.0,0.0,-0.28125
0.0,-1.0,0.0,2.0,1.0,1.0,3.0,0.0,-0.28125
0.0,-1.0,0.0,2.0,0.0,1.0,1.0,0.0,-0.28125
0.0,-1.0,0.0,3.0,0.0,3.0,1.0,0.0,-0.28125
0.0,-2.0,0.0,3.0,-2.0,1.0,1.0,0.0,-0.28125
0.0,0.0,0.0,0.0,0.0,0.0,1.0,2.0,0.3125
0.0,0.0,0.0,0.0,0.0,-1.0,1.0,0.0,0.3125
0.0,0.0,0.0,1.0,0.0,1.0,1.0,0.0,0.3125
0.0,0.0,0.0,1.0,0.0,1.0,0.0,-2.0,0.3125
0.0,0.0,0.0,1.0,0.0,2.0,2.0,0.0,0.3125
0.0,0.0,0.0,0.0,0.0,2.0,0.0,0.0,0.3125
0.0,0.0,0.0,0.0,0.0,3.0,0.0,4.0,0.3125
0.0,-1.0,0.0,-2.0,0.0,1.0,-2.0,4.0,0.3125
0.0,0.0,0.0,0.0,0.0,1.0,0.0,4.0,0.3125
0.0,0.0,0.0,-1.0,0.0,-1.0,-2.0,4.0,0.3125
0.0,0.0,0.0,0.0,0.0,-1.0,0.0,4.0,0.3125
0.0,0.0,0.0,0.0,0.0,-2.0,0.0,0.0,0.3125
0.0,1.0,0.0,2.0,0.0,0.0,2.0,0.0,0.3125
0.0,0.0,0.0,0.0,0.0,0.0,0.0,0.0,0.3125
0.0,0.0,0.0,0.0,0.0,0.0,1.0,2.0,0.3125
0.0,0.0,0.0,0.0,0.0,0.0,-2.0,0.0,0.3125
0.0,0.0,0.0,1.0,0.0,0.0,0.0,0.0,0.3125
0.0,0.0,0.0,0.0,0.0,-2.0,-2.0,0.0,0.3125
0.0,1.0,0.0,2.0,0.0,-2.0,-2.0,0.0,0.3125
0.0,0.0,0.0,0.0,0.0,0.0,1.0,2.0,0.53125
0.0,0.0,0.0,0.0,0.0,-1.0,1.0,0.0,0.53125
0.0,0.0,0.0,1.0,0.0,1.0,1.0,0.0,0.53125
0.0,0.0,0.0,1.0,0.0,1.0,0.0,-2.0,0.53125
0.0,0.0,0.0,1.0,0.0,2.0,2.0,0.0,0.53125
0.0,0.0,-1.0,1.0,0.0,0.0,2.0,0.0,0.53125
0.0,0.0,-1.0,1.0,0.0,0.0,3.0,2.0,0.53125
0.0,-1.0,-1.0,-1.0,0.0,0.0,3.0,2.0,0.53125
0.0,-1.0,-1.0,-1.0,0.0,0.0,4.0,4.0,0.53125
0.0,-1.0,-1.0,-1.0,0.0,-1.0,4.0,0.0,0.53125
0.0,-1.0,-1.0,-1.0,0.0,-1.0,5.0,2.0,0.53125
0.0,-1.0,-1.0,-2.0,0.0,-3.0,1.0,2.0,0.53125
1.0,-1.0,1.0,-2.0,0.0,-1.0,1.0,4.0,0.53125
1.0,-1.0,1.0,-2.0,0.0,-1.0,-2.0,0.0,0.53125
1.0,0.0,1.0,0.0,0.0,1.0,2.0,0.0,0.53125
1.0,-1.0,-1.0,0.0,0.0,1.0,2.0,0.0,0.53125
1.0,-1.0,-1.0,0.0,1.0,1.0,6.0,4.0,0.53125
1.0,-1.0,-1.0,0.0,1.0,0.0,2.0,4.0,0.53125
1.0,-1.0,-1.0,1.0,1.0,2.0,4.0,4.0,0.53125
0.0,0.0,0.0,0.0,0.0,0.0,1.0,2.0,-0.1875
0.0,0.0,0.0,0.0,0.0,-1.0,1.0,0.0,-0.1875
0.0,0.0,0.0,1.0,0.0,1.0,1.0,0.0,-0.1875
0.0,0.0,0.0,1.0,0.0,1.0,0.0,-2.0,-0.1875
0.0,0.0,0.0,1.0,0.0,2.0,2.0,0.0,-0.1875
0.0,0.0,-1.0,1.0,0.0,0.0,2.0,0.0,-0.1875
0.0,0.0,-1.0,1.0,0.0,0.0,3.0,2.0,-0.1875
0.0,-1.0,-1.0,-1.0,0.0,0.0,3.0,2.0,-0.1875
1.0,-1.0,1.0,-1.0,0.0,2.0,3.0,4.0,-0.1875
1.0,-2.0,-1.0,-1.0,0.0,2.0,3.0,4.0,-0.1875
1.0,-2.0,-1.0,-1.0,0.0,-1.0,3.0,0.0,-0.1875
1.0,-2.0,2.0,-1.0,0.0,3.0,3.0,4.0,-0.1875
1.0,-2.0,2.0,-2.0,0.0,-1.0,-1.0,4.0,-0.1875
1.0,-2.0,2.0,0.0,1.0,-1.0,-1.0,4.0,-0.1875
1.0,-2.0,2.0,0.0,-1.0,-1.0,-2.0,2.0,-0.1875
1.0,-1.0,2.0,2.0,-1.0,3.0,2.0,2.0,-0.1875
1.0,-1.0,2.0,2.0,-2.0,1.0,0.0,2.0,-0.1875
1.0,-1.0,2.0,2.0,-2.0,1.0,1.0,4.0,-0.1875
1.0,-1.0,2.0,2.0,-2.0,1.0,-4.0,0.0,-0.1875
0.0,0.0,0.0,0.0,0.0,0.0,1.0,2.0,0.1875
0.0,0.0,0.0,0.0,0.0,-1.0,1.0,0.0,0.1875
0.0,0.0,0.0,1.0,0.0,1.0,1.0,0.0,0.1875
0.0,0.0,0.0,1.0,0.0,1.0,0.0,-2.0,0.1875
0.0,0.0,0.0,1.0,0.0,2.0,2.0,0.0,0.1875
0.0,0.0,-1.0,1.0,0.0,0.0,2.0,0.0,0.1875
0.0,0.0,-1.0,1.0,0.0,0.0,3.0,2.0,0.1875
0.0,-1.0,-1.0,-1.0,0.0,0.0,3.0,2.0,0.1875
1.0,-1.0,1.0,-1.0,0.0,2.0,3.0,4.0,0.1875
1.0,-2.0,-1.0,-1.0,0.0,2.0,3.0,4.0,0.1875
1.0,-2.0,-1.0,-1.0,0.0,-1.0,3.0,0.0,0.1875
1.0,-2.0,2.0,-1.0,0.0,3.0,3.0,4.0,0.1875
1.0,-2.0,2.0,-2.0,0.0,-1.0,-1.0,4.0,0.1875
1.0,-2.0,2.0,0.0,1.0,-1.0,-1.0,4.0,0.1875
0.0,-2.0,0.0,0.0,1.0,-3.0,-1.0,0.0,0.1875
0.0,-1.0,0.0,2.0,1.0,1.0,3.0,0.0,0.1875
0.0,-1.0,0.0,2.0,0.0,1.0,1.0,0.0,0.1875
0.0,-1.0,0.0,3.0,0.0,3.0,1.0,0.0,0.1875
0.0,-2.0,0.0,3.0,-2.0,1.0,1.0,0.0,0.1875
0.0,0.0,0.0,0.0,0.0,0.0,1.0,2.0,-0.25
0.0,0.0,0.0,0.0,0.0,-1.0,1.0,0.0,-0.25
0.0,0.0,0.0,1.0,0.0,1.0,1.0,0.0,-0.25
0.0,0.0,0.0,1.0,0.0,1.0,0.0,-2.0,-0.25
0.0,0.0,0.0,1.0,0.0,2.0,2.0,0.0,-0.25
0.0,0.0,-1.0,1.0,0.0,0.0,2.0,0.0,-0.25
0.0,0.0,-1.0,1.0,0.0,0.0,3.0,2.0,-0.25
0.0,-1.0,-1.0,-1.0,0.0,0.0,3.0,2.0,-0.25
1.0,-1.0,1.0,-1.0,0.0,2.0,3.0,4.0,-0.25
1.0,-2.0,-1.0,-1.0,0.0,2.0,3.0,4.0,-0.25
1.0,-2.0,-1.0,-1.0,0.0,-1.0,3.0,0.0,-0.25
1.0,-2.0,2.0,-1.0,0.0,3.0,3.0,4.0,-0.25
1.0,-2.0,2.0,-2.0,0.0,-1.0,-1.0,4.0,-0.25
1.0,-2.0,2.0,0.0,1.0,-1.0,-1.0,4.0,-0.25
0.0,-2.0,0.0,0.0,1.0,-3.0,-1.0,0.0,-0.25
0.0,-1.0,0.0,2.0,1.0,1.0,3.0,0.0,-0.25
0.0,-1.0,0.0,2.0,0.0,1.0,1.0,0.0,-0.25
0.0,-1.0,0.0,2.0,0.0,1.0,2.0,2.0,-0.25
0.0,-1.0,0.0,1.0,0.0,1.0,0.0,0.0,-0.25
0.0,0.0,0.0,0.0,0.0,0.0,1.0,2.0,0.890625
0.0,0.0,0.0,0.0,0.0,-1.0,1.0,0.0,0.890625
0.0,0.0,0.0,1.0,0.0,1.0,1.0,0.0,0.890625
0.0,0.0,0.0,1.0,0.0,1.0,0.0,-2.0,0.890625
0.0,0.0,0.0,1.0,0.0,2.0,2.0,0.0,0.890625
0.0,0.0,-1.0,1.0,0.0,0.0,2.0,0.0,0.890625
0.0,0.0,-1.0,1.0,0.0,0.0,3.0,2.0,0.890625
0.0,-1.0,-1.0,-1.0,0.0,0.0,3.0,2.0,0.890625
1.0,-1.0,1.0,-1.0,0.0,2.0,3.0,4.0,0.890625
1.0,-2.0,-1.0,-1.0,0.0,2.0,3.0,4.0,0.890625
1.0,-2.0,-1.0,-2.0,0.0,-2.0,-1.0,4.0,0.890625
1.0,-2.0,-1.0,-1.0,0.0,-2.0,1.0,4.0,0.890625
1.0,-2.0,-1.0,-3.0,-1.0,-2.0,1.0,4.0,0.890625
1.0,-1.0,-1.0,-1.0,-1.0,-2.0,1.0,4.0,0.890625
1.0,-2.0,-1.0,-3.0,-1.0,-2.0,1.0,4.0,0.890625
1.0,3.0,-1.0,-3.0,-1.0,-2.0,1.0,4.0,0.890625
1.0,3.0,-1.0,-3.0,-2.0,-2.0,-1.0,0.0,0.890625
1.0,4.0,-1.0,1.0,-2.0,-2.0,-1.0,0.0,0.890625
1.0,4.0,-1.0,-1.0,-3.0,-2.0,-1.0,0.0,0.890625
0.0,0.0,0.0,0.0,0.0,0.0,1.0,2.0,-0.15625
0.0,0.0,0.0,0.0,0.0,-1.0,1.0,0.0,-0.15625
0.0,0.0,0.0,1.0,0.0,1.0,1.0,0.0,-0.15625
0.0,0.0,0.0,1.0,0.0,1.0,0.0,-2.0,-0.15625
0.0,0.0,0.0,1.0,0.0,2.0,2.0,0.0,-0.15625
0.0,0.0,-1.0,1.0,0.0,0.0,2.0,0.0,-0.15625
0.0,0.0,-1.0,1.0,0.0,0.0,3.0,2.0,-0.15625
0.0,-1.0,-1.0,-1.0,0.0,0.0,3.0,2.0,-0.15625
1.0,-1.0,1.0,-1.0,0.0,2.0,3.0,4.0,-0.15625
1.0,-2.0,-1.0,-1.0,0.0,2.0,3.0,4.0,-0.15625
1.0,-2.0,-1.0,-1.0,0.0,-1.0,3.0,0.0,-0.15625
1.0,-2.0,2.0,-1.0,0.0,3.0,3.0,4.0,-0.15625
1.0,-2.0,2.0,-2.0,0.0,-1.0,-1.0,4.0,-0.15625
1.0,-2.0,2.0,0.0,1.0,-1.0,-1.0,4.0,-0.15625
0.0,-2.0,0.0,0.0,1.0,-3.0,-1.0,0.0,-0.15625
0.0,-2.0,0.0,1.0,1.0,-1.0,-1.0,0.0,-0.15625
0.0,-3.0,0.0,1.0,-1.0,-1.0,-1.0,0.0,-0.15625
0.0,-2.0,0.0,3.0,-1.0,3.0,3.0,0.0,-0.15625
0.0,-2.0,0.0,3.0,-2.0,3.0,1.0,-2.0,-0.15625
0.0,0.0,0.0,0.0,0.0,0.0,1.0,2.0,-0.46875
0.0,0.0,0.0,0.0,0.0,0.0,0.0,0.0,-0.46875
0.0,0.0,0.0,0.0,0.0,0.0,1.0,2.0,-0.46875
0.0,0.0,0.0,0.0,0.0,-1.0,1.0,0.0,-0.46875
0.0,0.0,0.0,0.0,1.0,-1.0,3.0,2.0,-0.46875
0.0,0.0,0.0,0.0,1.0,-2.0,3.0,0.0,-0.46875
0.0,0.0,0.0,0.0,1.0,-2.0,4.0,2.0,-0.46875
0.0,-1.0,0.0,0.0,-1.0,-2.0,4.0,2.0,-0.46875
0.0,-1.0,0.0,1.0,-1.0,0.0,4.0,2.0,-0.46875
0.0,-1.0,-1.0,-1.0,-1.0,-2.0,4.0,0.0,-0.46875
0.0,0.0,-1.0,1.0,-1.0,0.0,4.0,0.0,-0.46875
0.0,0.0,-1.0,1.0,-2.0,-2.0,2.0,0.0,-0.46875
0.0,1.0,-1.0,1.0,0.0,-2.0,2.0,0.0,-0.46875
0.0,1.0,-1.0,1.0,-1.0,-2.0,0.0,-2.0,-0.46875
0.0,4.0,-1.0,1.0,-1.0,-2.0,0.0,-2.0,-0.46875
0.0,4.0,-1.0,-1.0,-4.0,-2.0,-2.0,-2.0,-0.46875
0.0,5.0,-1.0,-1.0,0.0,0.0,-2.0,-2.0,-0.46875
0.0,5.0,-1.0,-1.0,0.0,-1.0,-4.0,-4.0,-0.46875
0.0,6.0,-1.0,-1.0,2.0,-1.0,0.0,0.0,-0.46875
0.0,0.0,0.0,0.0,0.0,0.0,1.0,2.0,0.28125
0.0,0.0,0.0,0.0,0.0,-1.0,1.0,0.0,0.28125
0.0,0.0,0.0,1.0,0.0,1.0,1.0,0.0,0.28125
0.0,0.0,0.0,1.0,0.0,1.0,0.0,-2.0,0.28125
0.0,0.0,0.0,1.0,0.0,2.0,2.0,0.0,0.28125
0.0,0.0,-1.0,1.0,0.0,0.0,2.0,0.0,0.28125
0.0,0.0,-1.0,1.0,0.0,0.0,3.0,2.0,0.28125
0.0,-1.0,-1.0,-1.0,0.0,0.0,3.0,2.0,0.28125
1.0,-1.0,1.0,-1.0,0.0,2.0,3.0,4.0,0.28125
1.0,-2.0,-1.0,-1.0,0.0,2.0,3.0,4.0,0.28125
1.0,-2.0,-1.0,-1.0,0.0,-1.0,3.0,0.0,0.28125
1.0,-2.0,2.0,-1.0,0.0,3.0,3.0,4.0,0.28125
1.0,-2.0,2.0,-2.0,0.0,-1.0,-1.0,4.0,0.28125
1.0,-2.0,2.0,0.0,1.0,-1.0,-1.0,4.0,0.28125
0.0,-2.0,0.0,0.0,1.0,-3.0,-1.0,0.0,0.28125
0.0,-1.0,0.0,2.0,1.0,1.0,3.0,0.0,0.28125
0.0,-1.0,0.0,2.0,0.0,1.0,1.0,0.0,0.28125
0.0,-1.0,0.0,3.0,0.0,3.0,1.0,0.0,0.28125
0.0,-2.0,0.0,3.0,-2.0,1.0,1.0,0.0,0.28125
0.0,0.0,0.0,0.0,0.0,0.0,1.0,2.0,-0.5625
0.0,0.0,0.0,0.0,0.0,-1.0,1.0,0.0,-0.5625
0.0,0.0,0.0,0.0,0.0,-1.0,2.0,2.0,-0.5625
0.0,0.0,0.0,0.0,0.0,-1.0,-1.0,0.0,-0.5625
0.0,0.0,0.0,0.0,0.0,0.0,-1.0,2.0,-0.5625
0.0,0.0,0.0,0.0,-1.0,0.0,-3.0,2.0,-0.5625
0.0,0.0,0.0,1.0,-1.0,2.0,3.0,2.0,-0.5625
0.0,0.0,0.0,1.0,-2.0,2.0,-3.0,0.0,-0.5625
0.0,0.0,0.0,1.0,-2.0,2.0,-2.0,2.0,-0.5625
0.0,0.0,0.0,1.0,-2.0,2.0,-3.0,-2.0,-0.5625
0.0,0.0,0.0,1.0,-2.0,2.0,0.0,2.0,-0.5625
0.0,-1.0,0.0,-1.0,-2.0,0.0,0.0,2.0,-0.5625
0.0,0.0,0.0,-1.0,0.0,0.0,2.0,2.0,-0.5625
0.0,0.0,0.0,-1.0,-1.0,0.0,0.0,2.0,-0.5625
0.0,1.0,0.0,-1.0,1.0,0.0,0.0,2.0,-0.5625
0.0,0.0,0.0,-1.0,-1.0,0.0,0.0,2.0,-0.5625
0.0,1.0,0.0,-1.0,1.0,0.0,0.0,2.0,-0.5625
0.0,1.0,0.0,-1.0,1.0,-1.0,-4.0,0.0,-0.5625
0.0,1.0,0.0,-1.0,2.0,-1.0,-2.0,0.0,-0.5625
0.0,0.0,0.0,0.0,0.0,0.0,1.0,2.0,0.4375
0.0,0.0,0.0,0.0,0.0,-1.0,1.0,0.0,0.4375
0.0,0.0,0.0,1.0,0.0,1.0,1.0,0.0,0.4375
0.0,0.0,0.0,1.0,0.0,1.0,0.0,-2.0,0.4375
0.0,0.0,0.0,1.0,0.0,2.0,2.0,0.0,0.4375
0.0,0.0,-1.0,1.0,0.0,0.0,2.0,0.0,0.4375
0.0,0.0,-1.0,1.0,0.0,0.0,3.0,2.0,0.4375
0.0,-1.0,-1.0,-1.0,0.0,0.0,3.0,2.0,0.4375
1.0,-1.0,1.0,-1.0,0.0,2.0,3.0,4.0,0.4375
1.0,-2.0,-1.0,-1.0,0.0,2.0,3.0,4.0,0.4375
1.0,-2.0,-1.0,-1.0,0.0,-1.0,3.0,0.0,0.4375
1.0,-2.0,-1.0,-1.0,0.0,-1.0,4.0,2.0,0.4375
1.0,-2.0,-1.0,-1.0,0.0,-1.0,1.0,0.0,0.4375
1.0,-2.0,-1.0,-1.0,1.0,-1.0,3.0,0.0,0.4375
1.0,-2.0,-1.0,-1.0,0.0,-1.0,1.0,0.0,0.4375
1.0,-1.0,-1.0,1.0,0.0,-1.0,1.0,0.0,0.4375
1.0,-1.0,-2.0,1.0,0.0,-3.0,1.0,-2.0,0.4375
1.0,0.0,0.0,1.0,0.0,-3.0,1.0,-2.0,0.4375
1.0,0.0,0.0,1.0,-2.0,-3.0,-2.0,-2.0,0.4375
0.0,0.0,0.0,0.0,0.0,0.0,1.0,2.0,0.21875
0.0,0.0,0.0,0.0,0.0,0.0,0.0,0.0,0.21875
0.0,0.0,0.0,0.0,0.0,1.0,2.0,2.0,0.21875
0.0,0.0,0.0,0.0,0.0,0.0,2.0,0.0,0.21875
0.0,0.0,0.0,0.0,0.0,0.0,3.0,2.0,0.21875
0.0,0.0,0.0,-1.0,0.0,-2.0,-1.0,2.0,0.21875
0.0,0.0,0.0,-1.0,1.0,-2.0,1.0,4.0,0.21875
0.0,0.0,0.0,-1.0,1.0,-3.0,1.0,0.0,0.21875
0.0,1.0,0.0,1.0,1.0,-1.0,3.0,0.0,0.21875
0.0,0.0,0.0,1.0,-1.0,-1.0,1.0,-2.0,0.21875
0.0,0.0,0.0,1.0,-1.0,-1.0,2.0,2.0,0.21875
0.0,0.0,0.0,1.0,-1.0,-1.0,-1.0,0.0,0.21875
0.0,0.0,0.0,2.0,-1.0,1.0,3.0,0.0,0.21875
0.0,0.0,0.0,1.0,-1.0,1.0,1.0,0.0,0.21875
0.0,1.0,0.0,3.0,-1.0,1.0,1.0,0.0,0.21875
0.0,0.0,0.0,1.0,-1.0,-1.0,-1.0,0.0,0.21875
0.0,0.0,0.0,1.0,0.0,-1.0,3.0,2.0,0.21875
0.0,0.0,0.0,1.0,0.0,-1.0,2.0,-2.0,0.21875
0.0,0.0,0.0,2.0,0.0,-1.0,4.0,-2.0,0.21875
0.0,0.0,0.0,0.0,0.0,0.0,1.0,2.0,1.0
0.0,0.0,0.0,0.0,0.0,-1.0,1.0,0.0,1.0
0.0,0.0,0.0,1.0,0.0,1.0,1.0,0.0,1.0
0.0,0.0,0.0,1.0,0.0,1.0,0.0,-2.0,1.0
0.0,0.0,0.0,1.0,0.0,2.0,2.0,0.0,1.0
0.0,0.0,-1.0,1.0,0.0,0.0,2.0,0.0,1.0
0.0,0.0,-1.0,1.0,0.0,0.0,3.0,2.0,1.0
0.0,-1.0,-1.0,-1.0,0.0,0.0,3.0,2.0,1.0
1.0,-1.0,1.0,-1.0,0.0,2.0,3.0,2.0,1.0
1.0,-2.0,-1.0,-1.0,0.0,2.0,3.0,2.0,1.0
1.0,-2.0,-1.0,-1.0,0.0,3.0,3.0,4.0,1.0
1.0,-2.0,-1.0,-2.0,0.0,-1.0,-1.0,4.0,1.0
1.0,-2.0,-1.0,-1.0,0.0,-1.0,1.0,4.0,1.0
1.0,-2.0,-1.0,-3.0,-1.0,-1.0,1.0,4.0,1.0
1.0,-1.0,-1.0,-1.0,-1.0,-1.0,1.0,4.0,1.0
1.0,-2.0,-1.0,-3.0,-1.0,-1.0,1.0,4.0,1.0
1.0,3.0,-1.0,-3.0,-1.0,-1.0,1.0,4.0,1.0
1.0,3.0,-1.0,-4.0,-1.0,-1.0,-1.0,2.0,1.0
1.0,4.0,-1.0,0.0,-1.0,-1.0,-1.0,2.0,1.0
0.0,0.0,0.0,0.0,0.0,0.0,1.0,2.0,0.21875
0.0,0.0,0.0,0.0,0.0,-1.0,1.0,0.0,0.21875
0.0,0.0,0.0,1.0,0.0,1.0,1.0,0.0,0.21875
0.0,0.0,0.0,1.0,0.0,1.0,0.0,-2.0,0.21875
0.0,0.0,0.0,1.0,0.0,2.0,2.0,0.0,0.21875
0.0,0.0,-1.0,1.0,0.0,0.0,2.0,0.0,0.21875
0.0,0.0,-1.0,1.0,0.0,0.0,3.0,2.0,0.21875
0.0,-1.0,-1.0,-1.0,0.0,0.0,3.0,2.0,0.21875
1.0,-1.0,1.0,-1.0,0.0,2.0,3.0,4.0,0.21875
1.0,-2.0,-1.0,-1.0,0.0,2.0,3.0,4.0,0.21875
1.0,-2.0,-1.0,-1.0,0.0,-1.0,3.0,0.0,0.21875
1.0,-2.0,2.0,-1.0,0.0,3.0,3.0,4.0,0.21875
1.0,-2.0,2.0,-2.0,0.0,-1.0,-1.0,4.0,0.21875
1.0,-2.0,2.0,0.0,1.0,-1.0,-1.0,4.0,0.21875
0.0,-2.0,0.0,0.0,1.0,-3.0,-1.0,0.0,0.21875
0.0,-1.0,0.0,2.0,1.0,1.0,3.0,0.0,0.21875
0.0,-1.0,0.0,2.0,0.0,1.0,1.0,0.0,0.21875
0.0,-1.0,0.0,3.0,0.0,3.0,1.0,0.0,0.21875
0.0,-2.0,0.0,3.0,-2.0,1.0,1.0,0.0,0.21875
0.0,0.0,0.0,0.0,0.0,0.0,1.0,2.0,-0.125
0.0,0.0,0.0,0.0,0.0,-1.0,1.0,0.0,-0.125
0.0,0.0,0.0,1.0,0.0,1.0,1.0,0.0,-0.125
0.0,0.0,0.0,1.0,0.0,1.0,0.0,-2.0,-0.125
0.0,0.0,0.0,1.0,0.0,2.0,2.0,0.0,-0.125
0.0,0.0,-1.0,1.0,0.0,0.0,2.0,0.0,-0.125
0.0,0.0,-1.0,1.0,0.0,0.0,3.0,2.0,-0.125
0.0,-1.0,-1.0,-1.0,0.0,0.0,3.0,2.0,-0.125
1.0,-1.0,1.0,-1.0,0.0,2.0,3.0,4.0,-0.125
1.0,-2.0,-1.0,-1.0,0.0,2.0,3.0,4.0,-0.125
1.0,-2.0,-1.0,-1.0,0.0,-1.0,3.0,0.0,-0.125
1.0,-2.0,2.0,-1.0,0.0,3.0,3.0,4.0,-0.125
1.0,-2.0,2.0,-2.0,0.0,-1.0,-1.0,4.0,-0.125
1.0,-2.0,2.0,0.0,1.0,-1.0,-1.0,4.0,-0.125
0.0,-2.0,0.0,0.0,1.0,-3.0,-1.0,0.0,-0.125
0.0,-1.0,0.0,2.0,1.0,1.0,3.0,0.0,-0.125
0.0,-1.0,0.0,2.0,0.0,1.0,1.0,0.0,-0.125
0.0,-1.0,0.0,3.0,0.0,3.0,1.0,0.0,-0.125
0.0,-2.0,0.0,3.0,-2.0,1.0,1.0,0.0,-0.125
0.0,0.0,0.0,0.0,0.0,0.0,1.0,2.0,-0.4375
0.0,0.0,0.0,0.0,0.0,-1.0,1.0,0.0,-0.4375
0.0,0.0,0.0,0.0,0.0,-1.0,2.0,2.0,-0.4375
0.0,0.0,0.0,0.0,0.0,-1.0,-1.0,0.0,-0.4375
0.0,0.0,0.0,0.0,0.0,0.0,-1.0,2.0,-0.4375
0.0,0.0,0.0,0.0,-1.0,0.0,-3.0,2.0,-0.4375
0.0,0.0,0.0,1.0,-1.0,2.0,3.0,2.0,-0.4375
0.0,0.0,0.0,1.0,-2.0,2.0,-3.0,0.0,-0.4375
0.0,0.0,0.0,1.0,-2.0,2.0,-2.0,2.0,-0.4375
0.0,0.0,0.0,1.0,-2.0,2.0,-3.0,-2.0,-0.4375
0.0,0.0,0.0,1.0,-2.0,2.0,0.0,2.0,-0.4375
0.0,-1.0,0.0,-1.0,-2.0,0.0,0.0,2.0,-0.4375
0.0,0.0,0.0,-1.0,0.0,0.0,2.0,2.0,-0.4375
0.0,0.0,0.0,-1.0,-1.0,0.0,0.0,2.0,-0.4375
0.0,1.0,0.0,-1.0,1.0,0.0,0.0,2.0,-0.4375
0.0,0.0,0.0,-1.0,-1.0,0.0,0.0,2.0,-0.4375
0.0,1.0,0.0,-1.0,1.0,0.0,0.0,2.0,-0.4375
0.0,1.0,0.0,-1.0,1.0,-1.0,-4.0,0.0,-0.4375
0.0,1.0,0.0,-1.0,2.0,-1.0,-2.0,0.0,-0.4375
0.0,0.0,0.0,0.0,0.0,0.0,1.0,2.0,0.03125
0.0,0.0,0.0,0.0,0.0,-1.0,1.0,0.0,0.03125
0.0,0.0,0.0,1.0,0.0,1.0,1.0,0.0,0.03125
0.0,0.0,0.0,1.0,0.0,1.0,0.0,-2.0,0.03125
0.0,0.0,0.0,1.0,0.0,2.0,2.0,0.0,0.03125
0.0,0.0,-1.0,1.0,0.0,0.0,2.0,0.0,0.03125
0.0,0.0,-1.0,1.0,0.0,0.0,3.0,2.0,0.03125
0.0,-1.0,-1.0,-1.0,0.0,0.0,3.0,2.0,0.03125
1.0,-1.0,1.0,-1.0,0.0,2.0,3.0,4.0,0.03125
1.0,-2.0,-1.0,-1.0,0.0,2.0,3.0,4.0,0.03125
1.0,-2.0,-1.0,-1.0,0.0,-1.0,3.0,0.0,0.03125
1.0,-2.0,-1.0,-1.0,0.0,-1.0,4.0,2.0,0.03125
1.0,-2.0,-1.0,-1.0,0.0,-1.0,1.0,0.0,0.03125
1.0,-2.0,-1.0,0.0,0.0,1.0,3.0,2.0,0.03125
1.0,-2.0,-1.0,0.0,0.0,1.0,2.0,-2.0,0.03125
1.0,-2.0,-1.0,0.0,0.0,1.0,3.0,2.0,0.03125
1.0,-3.0,-1.0,-2.0,0.0,-1.0,1.0,2.0,0.03125
1.0,-2.0,-1.0,0.0,0.0,-1.0,1.0,2.0,0.03125
1.0,-2.0,-1.0,-2.0,-1.0,-1.0,-1.0,-2.0,0.03125
0.0,0.0,0.0,0.0,0.0,0.0,1.0,2.0,-0.6875
0.0,0.0,0.0,0.0,0.0,0.0,0.0,0.0,-0.6875
0.0,0.0,0.0,0.0,0.0,0.0,1.0,2.0,-0.6875
0.0,0.0,0.0,0.0,0.0,-1.0,1.0,0.0,-0.6875
0.0,0.0,0.0,0.0,1.0,-1.0,3.0,2.0,-0.6875
0.0,0.0,0.0,0.0,1.0,-2.0,3.0,0.0,-0.6875
0.0,0.0,0.0,0.0,1.0,-2.0,4.0,2.0,-0.6875
0.0,-1.0,0.0,0.0,-1.0,-2.0,4.0,2.0,-0.6875
0.0,-1.0,0.0,1.0,-1.0,0.0,4.0,2.0,-0.6875
0.0,-1.0,0.0,0.0,-1.0,0.0,2.0,2.0,-0.6875
0.0,-1.0,0.0,0.0,0.0,0.0,4.0,2.0,-0.6875
0.0,-1.0,0.0,0.0,-1.0,-2.0,4.0,2.0,-0.6875
0.0,0.0,0.0,2.0,-1.0,-2.0,4.0,2.0,-0.6875
0.0,-1.0,0.0,2.0,-3.0,-2.0,0.0,-2.0,-0.6875
0.0,-1.0,0.0,2.0,-3.0,-2.0,3.0,0.0,-0.6875
0.0,-2.0,0.0,0.0,-3.0,-2.0,1.0,0.0,-0.6875
0.0,-2.0,0.0,0.0,0.0,-2.0,1.0,0.0,-0.6875
0.0,-2.0,0.0,-1.0,0.0,-2.0,-1.0,0.0,-0.6875
0.0,-1.0,0.0,-1.0,2.0,-2.0,1.0,4.0,-0.6875
0.0,0.0,0.0,0.0,0.0,0.0,1.0,2.0,-0.15625
0.0,0.0,0.0,0.0,0.0,-1.0,1.0,0.0,-0.15625
0.0,0.0,0.0,1.0,0.0,1.0,1.0,0.0,-0.15625
0.0,0.0,0.0,1.0,0.0,1.0,0.0,-2.0,-0.15625
0.0,0.0,0.0,1.0,0.0,1.0,1.0,2.0,-0.15625
0.0,-1.0,0.0,-1.0,0.0,-1.0,-1.0,2.0,-0.15625
0.0,-1.0,0.0,-1.0,1.0,-1.0,1.0,4.0,-0.15625
0.0,-2.0,0.0,-1.0,-1.0,-1.0,1.0,4.0,-0.15625
0.0,-2.0,0.0,-1.0,0.0,-1.0,3.0,4.0,-0.15625
0.0,-2.0,0.0,-1.0,0.0,-1.0,0.0,0.0,-0.15625
0.0,-2.0,0.0,-1.0,0.0,-1.0,3.0,2.0,-0.15625
0.0,-2.0,0.0,-1.0,0.0,-2.0,-1.0,0.0,-0.15625
0.0,-2.0,0.0,0.0,0.0,-2.0,1.0,0.0,-0.15625
0.0,-3.0,0.0,0.0,-2.0,-2.0,1.0,0.0,-0.15625
0.0,-3.0,0.0,1.0,-2.0,-2.0,3.0,0.0,-0.15625
0.0,-3.0,0.0,1.0,-3.0,-2.0,1.0,-2.0,-0.15625
0.0,-3.0,0.0,1.0,-3.0,-1.0,1.0,0.0,-0.15625
0.0,-3.0,0.0,1.0,-3.0,-1.0,0.0,-2.0,-0.15625
0.0,-2.0,0.0,1.0,-1.0,-1.0,0.0,-2.0,-0.15625
0.0,0.0,0.0,0.0,0.0,0.0,1.0,2.0,0.9375
0.0,0.0,0.0,0.0,0.0,-1.0,1.0,0.0,0.9375
0.0,0.0,0.0,1.0,0.0,1.0,1.0,0.0,0.9375
0.0,0.0,0.0,1.0,0.0,1.0,0.0,-2.0,0.9375
0.0,0.0,0.0,1.0,0.0,2.0,2.0,0.0,0.9375
0.0,0.0,-1.0,1.0,0.0,0.0,2.0,0.0,0.9375
0.0,0.0,-1.0,1.0,0.0,0.0,3.0,2.0,0.9375
0.0,-1.0,-1.0,-1.0,0.0,0.0,3.0,2.0,0.9375
0.0,-1.0,-1.0,-1.0,0.0,0.0,4.0,4.0,0.9375
0.0,-1.0,-1.0,-1.0,0.0,0.0,1.0,2.0,0.9375
1.0,-1.0,1.0,-1.0,0.0,2.0,1.0,2.0,0.9375
1.0,-1.0,1.0,-1.0,-1.0,2.0,-1.0,2.0,0.9375
1.0,-1.0,1.0,-1.0,-1.0,2.0,2.0,4.0,0.9375
1.0,-2.0,-1.0,-1.0,-1.0,2.0,2.0,4.0,0.9375
1.0,-1.0,-1.0,1.0,-1.0,2.0,2.0,4.0,0.9375
1.0,-1.0,-1.0,1.0,-1.0,-1.0,2.0,0.0,0.9375
1.0,0.0,1.0,1.0,-1.0,-1.0,2.0,0.0,0.9375
1.0,0.0,1.0,1.0,-2.0,-1.0,0.0,-2.0,0.9375
1.0,3.0,1.0,1.0,-2.0,-1.0,0.0,-2.0,0.9375
0.0,0.0,0.0,0.0,0.0,0.0,1.0,2.0,-0.15625
0.0,0.0,0.0,0.0,0.0,-1.0,1.0,0.0,-0.15625
0.0,0.0,0.0,1.0,0.0,1.0,1.0,0.0,-0.15625
0.0,0.0,0.0,1.0,0.0,1.0,0.0,-2.0,-0.15625
0.0,0.0,0.0,1.0,0.0,2.0,2.0,0.0,-0.15625
0.0,0.0,-1.0,1.0,0.0,0.0,2.0,0.0,-0.15625
0.0,0.0,-1.0,1.0,0.0,0.0,3.0,2.0,-0.15625
0.0,0.0,-1.0,1.0,0.0,0.0,2.0,0.0,-0.15625
1.0,0.0,1.0,1.0,0.0,2.0,2.0,2.0,-0.15625
1.0,0.0,1.0,1.0,0.0,2.0,1.0,0.0,-0.15625
1.0,0.0,1.0,1.0,1.0,2.0,3.0,0.0,-0.15625
1.0,0.0,1.0,1.0,0.0,2.0,1.0,-2.0,-0.15625
1.0,1.0,1.0,1.0,2.0,2.0,1.0,-2.0,-0.15625
1.0,0.0,1.0,1.0,0.0,2.0,-1.0,-2.0,-0.15625
1.0,0.0,1.0,1.0,0.0,2.0,2.0,2.0,-0.15625
1.0,0.0,1.0,1.0,0.0,1.0,-2.0,2.0,-0.15625
1.0,1.0,1.0,1.0,2.0,1.0,-2.0,2.0,-0.15625
1.0,-2.0,1.0,1.0,2.0,1.0,-2.0,2.0,-0.15625
1.0,-2.0,1.0,2.0,2.0,3.0,2.0,2.0,-0.15625
0.0,0.0,0.0,0.0,0.0,0.0,1.0,2.0,0.65625
0.0,0.0,0.0,0.0,0.0,-1.0,1.0,0.0,0.65625
0.0,0.0,0.0,1.0,0.0,1.0,1.0,0.0,0.65625
0.0,0.0,0.0,1.0,0.0,1.0,0.0,-2.0,0.65625
0.0,0.0,0.0,1.0,0.0,2.0,0.0,2.0,0.65625
0.0,-1.0,0.0,-1.0,0.0,0.0,-2.0,2.0,0.65625
0.0,-1.0,0.0,-1.0,0.0,1.0,-2.0,4.0,0.65625
0.0,-1.0,0.0,-1.0,0.0,1.0,-3.0,0.0,0.65625
0.0,-1.0,0.0,-1.0,0.0,1.0,-2.0,2.0,0.65625
0.0,-1.0,0.0,-1.0,-1.0,1.0,-4.0,2.0,0.65625
0.0,-1.0,0.0,-1.0,0.0,1.0,-2.0,2.0,0.65625
0.0,-1.0,-1.0,-1.0,0.0,-1.0,-2.0,0.0,0.65625
0.0,-1.0,-1.0,0.0,0.0,-1.0,0.0,2.0,0.65625
0.0,-2.0,-1.0,0.0,-2.0,-1.0,-2.0,0.0,0.65625
0.0,-2.0,-1.0,1.0,-2.0,-1.0,0.0,0.0,0.65625
0.0,-2.0,-2.0,1.0,-2.0,-3.0,0.0,-2.0,0.65625
1.0,-2.0,0.0,1.0,-2.0,-1.0,0.0,0.0,0.65625
1.0,-3.0,0.0,-1.0,-2.0,-1.0,0.0,0.0,0.65625
1.0,-3.0,1.0,1.0,2.0,1.0,0.0,0.0,0.65625
0.0,0.0,0.0,0.0,0.0,0.0,1.0,2.0,-0.625
0.0,0.0,0.0,0.0,0.0,0.0,0.0,0.0,-0.625
0.0,0.0,0.0,0.0,0.0,1.0,2.0,2.0,-0.625
0.0,0.0,0.0,0.0,0.0,0.0,2.0,0.0,-0.625
0.0,0.0,0.0,0.0,0.0,0.0,3.0,2.0,-0.625
0.0,0.0,0.0,-1.0,0.0,-2.0,-1.0,2.0,-0.625
0.0,0.0,1.0,-1.0,0.0,0.0,-1.0,4.0,-0.625
0.0,0.0,1.0,-1.0,0.0,0.0,-2.0,0.0,-0.625
0.0,1.0,1.0,1.0,0.0,2.0,2.0,0.0,-0.625
0.0,1.0,1.0,1.0,0.0,1.0,0.0,-2.0,-0.625
0.0,1.0,2.0,1.0,0.0,3.0,0.0,2.0,-0.625
0.0,1.0,2.0,1.0,-1.0,3.0,-2.0,-2.0,-0.625
0.0,1.0,2.0,1.0,-1.0,3.0,-1.0,0.0,-0.625
-1.0,1.0,0.0,1.0,-1.0,1.0,-1.0,-2.0,-0.625
-1.0,2.0,0.0,1.0,1.0,1.0,1.0,-2.0,-0.625
-2.0,2.0,-2.0,1.0,1.0,-1.0,1.0,-2.0,-0.625
-2.0,2.0,-2.0,1.0,2.0,-1.0,5.0,2.0,-0.625
-2.0,2.0,-2.0,1.0,2.0,-2.0,1.0,2.0,-0.625
-2.0,2.0,-2.0,2.0,2.0,0.0,3.0,2.0,-0.625
0.0,0.0,0.0,0.0,0.0,0.0,1.0,2.0,0.59375
0.0,0.0,0.0,0.0,0.0,-1.0,1.0,0.0,0.59375
0.0,0.0,0.0,1.0,0.0,1.0,1.0,0.0,0.59375
0.0,0.0,0.0,1.0,0.0,1.0,0.0,-2.0,0.59375
0.0,0.0,0.0,1.0,0.0,2.0,2.0,0.0,0.59375
0.0,0.0,-1.0,1.0,0.0,0.0,2.0,0.0,0.59375
0.0,0.0,-1.0,1.0,0.0,0.0,3.0,2.0,0.59375
0.0,-1.0,-1.0,-1.0,0.0,0.0,3.0,2.0,0.59375
0.0,-1.0,-1.0,-1.0,0.0,0.0,4.0,4.0,0.59375
0.0,-1.0,-1.0,-1.0,0.0,-1.0,4.0,0.0,0.59375
0.0,-1.0,-1.0,-1.0,0.0,-1.0,5.0,2.0,0.59375
0.0,-1.0,-1.0,-1.0,0.0,-1.0,2.0,0.0,0.59375
0.0,-1.0,-1.0,0.0,0.0,1.0,6.0,0.0,0.59375
0.0,-1.0,-1.0,0.0,-1.0,1.0,4.0,0.0,0.59375
1.0,-1.0,1.0,0.0,-1.0,3.0,4.0,2.0,0.59375
1.0,-2.0,1.0,-2.0,-1.0,1.0,2.0,2.0,0.59375
1.0,-1.0,1.0,-2.0,1.0,1.0,4.0,2.0,0.59375
1.0,-1.0,1.0,-3.0,1.0,1.0,2.0,2.0,0.59375
1.0,-1.0,1.0,-2.0,1.0,1.0,4.0,2.0,0.59375
0.0,0.0,0.0,0.0,0.0,0.0,1.0,2.0,0.0
0.0,0.0,0.0,0.0,0.0,-1.0,1.0,0.0,0.0
0.0,0.0,0.0,1.0,0.0,1.0,1.0,0.0,0.0
0.0,0.0,0.0,1.0,0.0,1.0,0.0,-2.0,0.0
0.0,0.0,0.0,1.0,0.0,1.0,1.0,2.0,0.0
0.0,-1.0,0.0,-1.0,0.0,-1.0,-1.0,2.0,0.0
0.0,-1.0,0.0,-1.0,1.0,-1.0,1.0,4.0,0.0
0.0,-2.0,0.0,-1.0,-1.0,-1.0,1.0,4.0,0.0
0.0,-2.0,0.0,-1.0,0.0,-1.0,3.0,4.0,0.0
0.0,-2.0,0.0,-1.0,0.0,-1.0,0.0,0.0,0.0
0.0,-2.0,0.0,-1.0,0.0,0.0,0.0,2.0,0.0
0.0,-3.0,0.0,-1.0,-2.0,0.0,0.0,2.0,0.0
0.0,-3.0,0.0,-1.0,-2.0,0.0,3.0,2.0,0.0
0.0,-3.0,0.0,-2.0,-2.0,0.0,1.0,0.0,0.0
0.0,-3.0,0.0,-2.0,-1.0,0.0,3.0,0.0,0.0
0.0,-3.0,-1.0,-2.0,-1.0,-2.0,3.0,-2.0,0.0
0.0,-2.0,-1.0,-2.0,1.0,-2.0,5.0,2.0,0.0
0.0,-5.0,-1.0,-2.0,-1.0,-2.0,5.0,2.0,0.0
1.0,-5.0,1.0,-2.0,-1.0,0.0,5.0,2.0,0.0
0.0,0.0,0.0,0.0,0.0,0.0,1.0,2.0,0.59375
0.0,0.0,0.0,0.0,0.0,-1.0,1.0,0.0,0.59375
0.0,0.0,0.0,1.0,0.0,1.0,1.0,0.0,0.59375
0.0,0.0,0.0,1.0,0.0,1.0,0.0,-2.0,0.59375
0.0,0.0,0.0,1.0,0.0,2.0,2.0,0.0,0.59375
0.0,0.0,-1.0,1.0,0.0,0.0,2.0,0.0,0.59375
0.0,0.0,-1.0,1.0,0.0,0.0,3.0,2.0,0.59375
0.0,-1.0,-1.0,-1.0,0.0,0.0,3.0,2.0,0.59375
1.0,-1.0,1.0,-1.0,0.0,2.0,3.0,4.0,0.59375
1.0,-2.0,-1.0,-1.0,0.0,2.0,3.0,4.0,0.59375
1.0,-2.0,-1.0,-1.0,0.0,-1.0,3.0,0.0,0.59375
1.0,-2.0,2.0,-1.0,0.0,3.0,3.0,4.0,0.59375
1.0,-2.0,2.0,-2.0,0.0,-1.0,-1.0,4.0,0.59375
1.0,-2.0,2.0,0.0,1.0,-1.0,-1.0,4.0,0.59375
0.0,-2.0,0.0,0.0,1.0,-3.0,-1.0,0.0,0.59375
0.0,-1.0,0.0,2.0,1.0,1.0,3.0,0.0,0.59375
0.0,-1.0,0.0,2.0,0.0,1.0,1.0,0.0,0.59375
0.0,-1.0,0.0,3.0,0.0,3.0,1.0,0.0,0.59375
0.0,-2.0,0.0,3.0,-2.0,1.0,1.0,0.0,0.59375
0.0,0.0,0.0,0.0,0.0,0.0,1.0,2.0,0.375
0.0,0.0,0.0,0.0,0.0,-1.0,1.0,0.0,0.375
0.0,0.0,0.0,1.0,0.0,1.0,1.0,0.0,0.375
0.0,0.0,0.0,1.0,0.0,1.0,0.0,-2.0,0.375
0.0,0.0,0.0,1.0,0.0,2.0,2.0,0.0,0.375
0.0,0.0,0.0,1.0,-1.0,2.0,0.0,0.0,0.375
0.0,1.0,0.0,1.0,1.0,2.0,2.0,2.0,0.375
0.0,1.0,0.0,1.0,0.0,2.0,0.0,0.0,0.375
0.0,1.0,0.0,2.0,2.0,2.0,2.0,0.0,0.375
0.0,1.0,0.0,1.0,2.0,2.0,0.0,0.0,0.375
0.0,2.0,0.0,3.0,2.0,2.0,0.0,0.0,0.375
0.0,1.0,0.0,3.0,0.0,2.0,0.0,0.0,0.375
0.0,1.0,0.0,3.0,0.0,2.0,3.0,4.0,0.375
0.0,1.0,0.0,3.0,0.0,2.0,0.0,0.0,0.375
0.0,1.0,0.0,3.0,1.0,2.0,2.0,0.0,0.375
0.0,0.0,0.0,1.0,1.0,0.0,0.0,0.0,0.375
0.0,0.0,0.0,1.0,1.0,2.0,1.0,0.0,0.375
0.0,-1.0,0.0,-1.0,1.0,2.0,1.0,0.0,0.375
0.0,-1.0,0.0,-1.0,1.0,2.0,4.0,2.0,0.375
0.0,0.0,0.0,0.0,0.0,0.0,1.0,2.0,0.71875
0.0,0.0,0.0,0.0,0.0,-1.0,1.0,0.0,0.71875
0.0,0.0,0.0,1.0,0.0,1.0,1.0,0.0,0.71875
0.0,0.0,0.0,1.0,0.0,1.0,0.0,-2.0,0.71875
0.0,0.0,0.0,1.0,0.0,2.0,2.0,0.0,0.71875
0.0,0.0,-1.0,1.0,0.0,0.0,2.0,0.0,0.71875
0.0,0.0,-1.0,1.0,0.0,0.0,3.0,2.0,0.71875
0.0,-1.0,-1.0,-1.0,0.0,0.0,3.0,2.0,0.71875
1.0,-1.0,1.0,-1.0,0.0,2.0,3.0,4.0,0.71875
1.0,-2.0,-1.0,-1.0,0.0,2.0,3.0,4.0,0.71875
1.0,-2.0,-1.0,-1.0,0.0,-1.0,3.0,0.0,0.71875
1.0,-2.0,2.0,-1.0,0.0,3.0,3.0,4.0,0.71875
1.0,-2.0,2.0,-2.0,0.0,-1.0,-1.0,4.0,0.71875
1.0,-2.0,2.0,0.0,1.0,-1.0,-1.0,4.0,0.71875
0.0,-2.0,0.0,0.0,1.0,-3.0,-1.0,0.0,0.71875
0.0,-1.0,0.0,2.0,1.0,1.0,3.0,0.0,0.71875
0.0,-1.0,0.0,2.0,0.0,1.0,1.0,0.0,0.71875
0.0,-1.0,0.0,3.0,0.0,3.0,1.0,0.0,0.71875
0.0,-2.0,0.0,3.0,-2.0,1.0,1.0,0.0,0.71875
0.0,0.0,0.0,0.0,0.0,0.0,1.0,2.0,-0.1875
0.0,0.0,0.0,0.0,0.0,-1.0,1.0,0.0,-0.1875
0.0,0.0,0.0,1.0,0.0,1.0,1.0,0.0,-0.1875
0.0,0.0,0.0,1.0,0.0,1.0,0.0,-2.0,-0.1875
0.0,0.0,0.0,1.0,0.0,2.0,0.0,2.0,-0.1875
0.0,-1.0,0.0,-1.0,0.0,0.0,-2.0,2.0,-0.1875
0.0,-1.0,0.0,-1.0,0.0,1.0,-2.0,4.0,-0.1875
0.0,-1.0,0.0,-1.0,0.0,1.0,-3.0,0.0,-0.1875
0.0,-1.0,0.0,-1.0,0.0,2.0,-3.0,2.0,-0.1875
0.0,-1.0,0.0,-1.0,0.0,2.0,-4.0,0.0,-0.1875
0.0,-1.0,0.0,-1.0,1.0,2.0,-2.0,0.0,-0.1875
0.0,-1.0,-1.0,-1.0,1.0,0.0,-2.0,-2.0,-0.1875
0.0,-1.0,-1.0,0.0,1.0,0.0,0.0,0.0,-0.1875
0.0,-2.0,-1.0,0.0,-1.0,0.0,-2.0,0.0,-0.1875
0.0,-2.0,-1.0,0.0,-1.0,0.0,1.0,2.0,-0.1875
0.0,-3.0,-1.0,-2.0,-1.0,0.0,-1.0,0.0,-0.1875
1.0,-3.0,1.0,-2.0,-1.0,2.0,-1.0,0.0,-0.1875
1.0,-3.0,1.0,-2.0,-2.0,0.0,-3.0,-2.0,-0.1875
1.0,-2.0,1.0,-2.0,0.0,0.0,-3.0,-2.0,-0.1875
0.0,0.0,0.0,0.0,0.0,0.0,1.0,2.0,0.09375
0.0,0.0,0.0,0.0,0.0,-1.0,1.0,0.0,0.09375
0.0,0.0,0.0,1.0,0.0,1.0,1.0,0.0,0.09375
0.0,0.0,0.0,1.0,0.0,1.0,0.0,-2.0,0.09375
0.0,0.0,0.0,1.0,0.0,2.0,2.0,0.0,0.09375
0.0,0.0,-1.0,1.0,0.0,0.0,2.0,0.0,0.09375
0.0,0.0,-1.0,1.0,0.0,0.0,3.0,2.0,0.09375
0.0,-1.0,-1.0,-1.0,0.0,0.0,3.0,2.0,0.09375
1.0,-1.0,1.0,-1.0,0.0,2.0,3.0,4.0,0.09375
1.0,-2.0,-1.0,-1.0,0.0,2.0,3.0,4.0,0.09375
1.0,-2.0,-1.0,-1.0,0.0,-1.0,3.0,0.0,0.09375
1.0,-2.0,2.0,-1.0,0.0,3.0,3.0,4.0,0.09375
1.0,-2.0,2.0,-2.0,0.0,-1.0,-1.0,4.0,0.09375
1.0,-2.0,2.0,0.0,1.0,-1.0,-1.0,4.0,0.09375
0.0,-2.0,0.0,0.0,1.0,-3.0,-1.0,0.0,0.09375
0.0,-1.0,0.0,2.0,1.0,1.0,3.0,0.0,0.09375
0.0,-1.0,0.0,2.0,0.0,1.0,1.0,0.0,0.09375
0.0,-1.0,0.0,3.0,0.0,3.0,1.0,0.0,0.09375
0.0,-2.0,0.0,3.0,-2.0,1.0,1.0,0.0,0.09375
0.0,0.0,0.0,0.0,0.0,0.0,1.0,2.0,-0.25
0.0,0.0,0.0,0.0,0.0,-1.0,1.0,0.0,-0.25
0.0,0.0,0.0,1.0,0.0,1.0,1.0,0.0,-0.25
0.0,0.0,0.0,1.0,0.0,1.0,0.0,-2.0,-0.25
0.0,0.0,0.0,1.0,0.0,2.0,0.0,2.0,-0.25
0.0,0.0,0.0,1.0,0.0,2.0,-1.0,0.0,-0.25
0.0,0.0,0.0,1.0,0.0,3.0,1.0,0.0,-0.25
0.0,0.0,-1.0,1.0,0.0,1.0,1.0,-2.0,-0.25
0.0,0.0,-1.0,1.0,1.0,1.0,3.0,0.0,-0.25
0.0,0.0,-1.0,1.0,1.0,1.0,2.0,-2.0,-0.25
0.0,0.0,-1.0,2.0,1.0,3.0,2.0,-2.0,-0.25
0.0,-1.0,-1.0,2.0,-1.0,3.0,0.0,-2.0,-0.25
1.0,-1.0,1.0,2.0,-1.0,3.0,0.0,-2.0,-0.25
1.0,-1.0,1.0,1.0,-1.0,3.0,-2.0,-2.0,-0.25
1.0,0.0,1.0,3.0,-1.0,3.0,-2.0,-2.0,-0.25
1.0,-1.0,1.0,1.0,-1.0,1.0,-4.0,-2.0,-0.25
1.0,-1.0,1.0,1.0,-1.0,4.0,-4.0,2.0,-0.25
1.0,-2.0,-1.0,1.0,-1.0,4.0,-4.0,2.0,-0.25
1.0,-2.0,-1.0,1.0,0.0,4.0,-2.0,2.0,-0.25
0.0,0.0,0.0,0.0,0.0,0.0,1.0,2.0,0.5
0.0,0.0,0.0,0.0,0.0,-1.0,1.0,0.0,0.5
0.0,0.0,0.0,1.0,0.0,1.0,1.0,0.0,0.5
0.0,0.0,0.0,1.0,0.0,1.0,0.0,-2.0,0.5
0.0,0.0,0.0,1.0,0.0,2.0,2.0,0.0,0.5
0.0,0.0,-1.0,1.0,0.0,0.0,2.0,0.0,0.5
0.0,0.0,-1.0,1.0,0.0,0.0,3.0,2.0,0.5
0.0,-1.0,-1.0,-1.0,0.0,0.0,3.0,2.0,0.5
1.0,-1.0,1.0,-1.0,0.0,2.0,3.0,4.0,0.5
1.0,-2.0,-1.0,-1.0,0.0,2.0,3.0,4.0,0.5
1.0,-2.0,-1.0,-1.0,0.0,-1.0,3.0,0.0,0.5
1.0,-2.0,2.0,-1.0,0.0,3.0,3.0,4.0,0.5
1.0,-2.0,2.0,-2.0,0.0,-1.0,-1.0,4.0,0.5
1.0,-2.0,2.0,0.0,1.0,-1.0,-1.0,4.0,0.5
0.0,-2.0,0.0,0.0,1.0,-3.0,-1.0,0.0,0.5
0.0,-1.0,0.0,2.0,1.0,1.0,3.0,0.0,0.5
0.0,-1.0,0.0,2.0,0.0,1.0,1.0,0.0,0.5
0.0,-1.0,0.0,3.0,0.0,3.0,1.0,0.0,0.5
0.0,-2.0,0.0,3.0,-2.0,1.0,1.0,0.0,0.5
0.0,0.0,0.0,0.0,0.0,0.0,1.0,2.0,0.875
0.0,0.0,0.0,0.0,0.0,-1.0,1.0,0.0,0.875
0.0,0.0,0.0,1.0,0.0,1.0,1.0,0.0,0.875
0.0,0.0,0.0,1.0,-1.0,1.0,-1.0,0.0,0.875
0.0,1.0,0.0,1.0,1.0,1.0,1.0,2.0,0.875
0.0,1.0,0.0,1.0,1.0,1.0,0.0,0.0,0.875
0.0,1.0,0.0,1.0,1.0,1.0,3.0,2.0,0.875
0.0,1.0,0.0,0.0,1.0,1.0,1.0,2.0,0.875
0.0,1.0,0.0,0.0,2.0,1.0,3.0,2.0,0.875
0.0,1.0,-1.0,0.0,2.0,-1.0,3.0,0.0,0.875
0.0,1.0,-1.0,0.0,2.0,-1.0,4.0,2.0,0.875
0.0,0.0,-1.0,-2.0,2.0,-1.0,4.0,2.0,0.875
1.0,0.0,1.0,-2.0,2.0,1.0,4.0,2.0,0.875
1.0,0.0,1.0,-2.0,2.0,-2.0,0.0,2.0,0.875
1.0,1.0,1.0,0.0,2.0,-2.0,0.0,2.0,0.875
1.0,0.0,1.0,0.0,0.0,-2.0,-2.0,2.0,0.875
1.0,3.0,1.0,0.0,0.0,-2.0,-2.0,2.0,0.875
1.0,3.0,1.0,0.0,0.0,-2.0,-3.0,-2.0,0.875
1.0,3.0,1.0,1.0,0.0,0.0,-1.0,-2.0,0.875
0.0,0.0,0.0,0.0,0.0,0.0,1.0,2.0,-0.03125
0.0,0.0,0.0,0.0,0.0,-1.0,1.0,0.0,-0.03125
0.0,0.0,0.0,1.0,0.0,1.0,1.0,0.0,-0.03125
0.0,0.0,0.0,1.0,0.0,1.0,0.0,-2.0,-0.03125
0.0,0.0,0.0,1.0,0.0,2.0,2.0,0.0,-0.03125
0.0,0.0,-1.0,1.0,0.0,0.0,2.0,0.0,-0.03125
0.0,0.0,-1.0,1.0,0.0,0.0,3.0,2.0,-0.03125
0.0,-1.0,-1.0,-1.0,0.0,0.0,3.0,2.0,-0.03125
1.0,-1.0,1.0,-1.0,0.0,2.0,3.0,4.0,-0.03125
1.0,-2.0,-1.0,-1.0,0.0,2.0,3.0,4.0,-0.03125
1.0,-2.0,-1.0,-1.0,0.0,-1.0,3.0,0.0,-0.03125
1.0,-2.0,2.0,-1.0,0.0,3.0,3.0,4.0,-0.03125
1.0,-3.0,0.0,-1.0,0.0,3.0,3.0,4.0,-0.03125
1.0,2.0,0.0,-1.0,0.0,3.0,3.0,4.0,-0.03125
0.0,2.0,-2.0,-1.0,0.0,-1.0,3.0,0.0,-0.03125
0.0,2.0,0.0,1.0,1.0,-1.0,3.0,0.0,-0.03125
0.0,1.0,0.0,1.0,-1.0,-1.0,3.0,0.0,-0.03125
0.0,1.0,0.0,1.0,-1.0,-1.0,4.0,2.0,-0.03125
0.0,1.0,0.0,1.0,-2.0,-1.0,2.0,2.0,-0.03125
0.0,0.0,0.0,0.0,0.0,0.0,1.0,2.0,-0.1875
0.0,0.0,0.0,0.0,0.0,-1.0,1.0,0.0,-0.1875
0.0,0.0,0.0,1.0,0.0,1.0,1.0,0.0,-0.1875
0.0,0.0,0.0,1.0,0.0,1.0,0.0,-2.0,-0.1875
0.0,0.0,0.0,1.0,0.0,2.0,2.0,0.0,-0.1875
0.0,0.0,-1.0,1.0,0.0,0.0,2.0,0.0,-0.1875
0.0,0.0,-1.0,1.0,0.0,0.0,3.0,2.0,-0.1875
0.0,-1.0,-1.0,-1.0,0.0,0.0,3.0,2.0,-0.1875
1.0,-1.0,1.0,-1.0,0.0,2.0,3.0,4.0,-0.1875
1.0,-2.0,-1.0,-1.0,0.0,2.0,3.0,4.0,-0.1875
1.0,-2.0,-1.0,-1.0,0.0,-1.0,3.0,0.0,-0.1875
1.0,-2.0,2.0,-1.0,0.0,3.0,3.0,4.0,-0.1875
1.0,-3.0,0.0,-1.0,0.0,3.0,3.0,4.0,-0.1875
1.0,2.0,0.0,-1.0,0.0,3.0,3.0,4.0,-0.1875
0.0,2.0,-2.0,-1.0,0.0,-1.0,3.0,0.0,-0.1875
0.0,2.0,0.0,1.0,1.0,-1.0,3.0,0.0,-0.1875
0.0,1.0,0.0,1.0,-1.0,-1.0,3.0,0.0,-0.1875
0.0,1.0,0.0,1.0,-1.0,-1.0,4.0,2.0,-0.1875
0.0,1.0,0.0,1.0,-2.0,-1.0,2.0,2.0,-0.1875
0.0,0.0,0.0,0.0,0.0,0.0,1.0,2.0,0.65625
0.0,0.0,0.0,0.0,0.0,-1.0,1.0,0.0,0.65625
0.0,0.0,0.0,1.0,0.0,1.0,1.0,0.0,0.65625
0.0,0.0,0.0,1.0,0.0,1.0,0.0,-2.0,0.65625
0.0,0.0,0.0,1.0,0.0,2.0,2.0,0.0,0.65625
0.0,0.0,-1.0,1.0,0.0,0.0,2.0,0.0,0.65625
0.0,0.0,-1.0,1.0,0.0,0.0,3.0,2.0,0.65625
0.0,-1.0,-1.0,-1.0,0.0,0.0,3.0,2.0,0.65625
0.0,-1.0,-1.0,-1.0,0.0,1.0,3.0,4.0,0.65625
0.0,-1.0,-1.0,-1.0,0.0,1.0,0.0,2.0,0.65625
0.0,-1.0,-1.0,-1.0,0.0,1.0,3.0,4.0,0.65625
0.0,-1.0,-2.0,-1.0,0.0,-1.0,3.0,0.0,0.65625
0.0,-1.0,-2.0,-1.0,0.0,-1.0,4.0,2.0,0.65625
0.0,-1.0,-2.0,-2.0,0.0,-1.0,2.0,0.0,0.65625
0.0,0.0,-2.0,0.0,0.0,1.0,2.0,0.0,0.65625
0.0,0.0,-2.0,-1.0,0.0,1.0,0.0,0.0,0.65625
1.0,0.0,0.0,-1.0,0.0,3.0,0.0,2.0,0.65625
1.0,-1.0,-2.0,-1.0,0.0,3.0,0.0,2.0,0.65625
1.0,0.0,-2.0,1.0,0.0,3.0,4.0,4.0,0.65625
0.0,0.0,0.0,0.0,0.0,0.0,1.0,2.0,-0.890625
0.0,0.0,0.0,0.0,0.0,0.0,0.0,0.0,-0.890625
0.0,0.0,0.0,0.0,0.0,1.0,2.0,2.0,-0.890625
0.0,0.0,0.0,0.0,0.0,0.0,2.0,0.0,-0.890625
0.0,0.0,0.0,0.0,0.0,0.0,3.0,2.0,-0.890625
0.0,0.0,0.0,-1.0,0.0,-2.0,-1.0,2.0,-0.890625
0.0,0.0,1.0,-1.0,0.0,0.0,-1.0,4.0,-0.890625
0.0,0.0,1.0,-1.0,0.0,0.0,-2.0,0.0,-0.890625
0.0,0.0,2.0,-1.0,0.0,2.0,-2.0,0.0,-0.890625
-1.0,0.0,0.0,-1.0,0.0,0.0,-2.0,0.0,-0.890625
-1.0,0.0,0.0,0.0,0.0,0.0,0.0,0.0,-0.890625
-2.0,0.0,-2.0,0.0,0.0,-2.0,0.0,-2.0,-0.890625
-2.0,0.0,-2.0,0.0,1.0,-2.0,2.0,2.0,-0.890625
-2.0,0.0,-2.0,0.0,1.0,-3.0,2.0,-2.0,-0.890625
-2.0,1.0,-2.0,2.0,1.0,-1.0,4.0,-2.0,-0.890625
-2.0,0.0,-2.0,2.0,-1.0,-1.0,2.0,-2.0,-0.890625
-2.0,1.0,0.0,2.0,-1.0,-1.0,2.0,-2.0,-0.890625
-2.0,1.0,0.0,1.0,-1.0,-1.0,0.0,-2.0,-0.890625
-2.0,1.0,0.0,2.0,-1.0,1.0,4.0,-2.0,-0.890625
0.0,0.0,0.0,0.0,0.0,0.0,1.0,2.0,0.3125
0.0,0.0,0.0,0.0,0.0,0.0,0.0,0.0,0.3125
0.0,0.0,0.0,0.0,0.0,0.0,1.0,2.0,0.3125
0.0,0.0,0.0,0.0,0.0,-1.0,1.0,0.0,0.3125
0.0,0.0,0.0,0.0,1.0,-1.0,3.0,2.0,0.3125
0.0,0.0,0.0,0.0,1.0,-2.0,3.0,0.0,0.3125
0.0,0.0,0.0,0.0,1.0,-2.0,4.0,2.0,0.3125
0.0,-1.0,0.0,0.0,-1.0,-2.0,4.0,2.0,0.3125
0.0,-1.0,0.0,1.0,-1.0,0.0,4.0,2.0,0.3125
0.0,-1.0,0.0,0.0,-1.0,0.0,2.0,2.0,0.3125
0.0,-1.0,0.0,0.0,0.0,0.0,4.0,2.0,0.3125
0.0,-1.0,0.0,0.0,-1.0,-2.0,4.0,2.0,0.3125
0.0,0.0,0.0,2.0,-1.0,-2.0,4.0,2.0,0.3125
0.0,-1.0,0.0,2.0,-3.0,-2.0,0.0,-2.0,0.3125
0.0,-1.0,0.0,2.0,-3.0,-2.0,3.0,0.0,0.3125
0.0,-2.0,0.0,0.0,-3.0,-2.0,1.0,0.0,0.3125
0.0,-2.0,0.0,0.0,0.0,-2.0,1.0,0.0,0.3125
0.0,-2.0,0.0,-1.0,0.0,-2.0,-1.0,0.0,0.3125
0.0,-1.0,0.0,-1.0,2.0,-2.0,1.0,4.0,0.3125
0.0,0.0,0.0,0.0,0.0,0.0,1.0,2.0,0.75
0.0,0.0,0.0,0.0,0.0,-1.0,1.0,0.0,0.75
0.0,0.0,0.0,1.0,0.0,1.0,1.0,0.0,0.75
0.0,0.0,0.0,1.0,0.0,1.0,0.0,-2.0,0.75
0.0,0.0,0.0,1.0,0.0,2.0,2.0,0.0,0.75
0.0,0.0,-1.0,1.0,0.0,0.0,2.0,0.0,0.75
0.0,0.0,-1.0,1.0,0.0,0.0,3.0,2.0,0.75
0.0,-1.0,-1.0,-1.0,0.0,0.0,3.0,2.0,0.75
1.0,-1.0,1.0,-1.0,0.0,2.0,3.0,4.0,0.75
1.0,-2.0,-1.0,-1.0,0.0,2.0,3.0,4.0,0.75
1.0,-2.0,-1.0,-2.0,0.0,-2.0,-1.0,4.0,0.75
1.0,-2.0,-1.0,-1.0,0.0,-2.0,1.0,4.0,0.75
1.0,-2.0,-1.0,-1.0,0.0,-2.0,0.0,2.0,0.75
1.0,-1.0,1.0,-1.0,0.0,-2.0,0.0,2.0,0.75
1.0,-1.0,1.0,-1.0,-1.0,-2.0,-2.0,-2.0,0.75
1.0,2.0,1.0,1.0,-1.0,-2.0,-2.0,-2.0,0.75
1.0,2.0,1.0,1.0,-1.0,-2.0,-3.0,-4.0,0.75
1.0,2.0,1.0,1.0,-1.0,0.0,-2.0,-4.0,0.75
1.0,2.0,1.0,1.0,-2.0,0.0,-4.0,-4.0,0.75
0.0,0.0,0.0,0.0,0.0,0.0,1.0,2.0,0.125
0.0,0.0,0.0,0.0,0.0,-1.0,1.0,0.0,0.125
0.0,0.0,0.0,1.0,0.0,1.0,1.0,0.0,0.125
0.0,0.0,0.0,1.0,0.0,1.0,0.0,-2.0,0.125
0.0,0.0,0.0,1.0,0.0,2.0,2.0,0.0,0.125
0.0,0.0,-1.0,1.0,0.0,0.0,2.0,0.0,0.125
0.0,0.0,-1.0,1.0,0.0,0.0,3.0,2.0,0.125
0.0,0.0,-1.0,-1.0,-1.0,0.0,3.0,2.0,0.125
0.0,1.0,-1.0,1.0,-1.0,2.0,3.0,2.0,0.125
0.0,1.0,-1.0,1.0,-1.0,2.0,2.0,0.0,0.125
1.0,1.0,1.0,1.0,-1.0,2.0,2.0,0.0,0.125
1.0,1.0,1.0,1.0,-2.0,0.0,0.0,0.0,0.125
1.0,1.0,1.0,1.0,-2.0,1.0,0.0,2.0,0.125
1.0,1.0,1.0,1.0,-2.0,1.0,-3.0,-2.0,0.125
1.0,2.0,1.0,1.0,0.0,1.0,-1.0,0.0,0.125
1.0,2.0,1.0,1.0,0.0,1.0,-2.0,-2.0,0.125
1.0,2.0,1.0,1.0,1.0,1.0,2.0,-2.0,0.125
1.0,1.0,1.0,1.0,-1.0,1.0,0.0,-2.0,0.125
1.0,2.0,1.0,1.0,1.0,1.0,2.0,2.0,0.125
0.0,0.0,0.0,0.0,0.0,0.0,1.0,2.0,-0.21875
0.0,0.0,0.0,0.0,0.0,-1.0,1.0,0.0,-0.21875
0.0,0.0,0.0,1.0,0.0,1.0,1.0,0.0,-0.21875
0.0,0.0,0.0,1.0,0.0,1.0,0.0,-2.0,-0.21875
0.0,0.0,0.0,1.0,0.0,2.0,2.0,0.0,-0.21875
0.0,0.0,-1.0,1.0,0.0,0.0,2.0,0.0,-0.21875
0.0,0.0,-1.0,1.0,0.0,0.0,3.0,2.0,-0.21875
0.0,-1.0,-1.0,-1.0,0.0,0.0,3.0,2.0,-0.21875
1.0,-1.0,1.0,-1.0,0.0,2.0,3.0,4.0,-0.21875
1.0,-2.0,-1.0,-1.0,0.0,2.0,3.0,4.0,-0.21875
1.0,-2.0,-1.0,-2.0,0.0,-2.0,-1.0,4.0,-0.21875
1.0,-2.0,-1.0,-1.0,0.0,-2.0,1.0,4.0,-0.21875
1.0,-2.0,-1.0,-3.0,-1.0,-2.0,1.0,4.0,-0.21875
1.0,-1.0,-1.0,-1.0,-1.0,-2.0,1.0,4.0,-0.21875
1.0,-1.0,-1.0,-1.0,-1.0,-2.0,0.0,2.0,-0.21875
1.0,0.0,1.0,-1.0,-1.0,-2.0,0.0,2.0,-0.21875
1.0,0.0,1.0,-1.0,-1.0,-2.0,-1.0,0.0,-0.21875
1.0,3.0,1.0,-1.0,1.0,-2.0,-1.0,0.0,-0.21875
1.0,3.0,1.0,-2.0,1.0,-2.0,-3.0,0.0,-0.21875
0.0,0.0,0.0,0.0,0.0,0.0,1.0,2.0,0.25
0.0,0.0,0.0,0.0,0.0,-1.0,1.0,0.0,0.25
0.0,0.0,0.0,1.0,0.0,1.0,1.0,0.0,0.25
0.0,0.0,0.0,1.0,0.0,1.0,0.0,-2.0,0.25
0.0,0.0,0.0,1.0,0.0,2.0,2.0,0.0,0.25
0.0,0.0,-1.0,1.0,0.0,0.0,2.0,0.0,0.25
0.0,0.0,-1.0,1.0,0.0,0.0,3.0,2.0,0.25
0.0,-1.0,-1.0,-1.0,0.0,0.0,3.0,2.0,0.25
1.0,-1.0,1.0,-1.0,0.0,2.0,3.0,4.0,0.25
1.0,-2.0,-1.0,-1.0,0.0,2.0,3.0,4.0,0.25
1.0,-2.0,-1.0,-2.0,0.0,-2.0,-1.0,4.0,0.25
1.0,-2.0,-1.0,-1.0,0.0,-2.0,1.0,4.0,0.25
1.0,-2.0,-1.0,-1.0,0.0,-2.0,0.0,2.0,0.25
1.0,-1.0,1.0,-1.0,0.0,-2.0,0.0,2.0,0.25
1.0,-1.0,1.0,-1.0,-1.0,-2.0,-2.0,-2.0,0.25
1.0,-1.0,1.0,-1.0,-1.0,-2.0,-1.0,2.0,0.25
1.0,-1.0,1.0,-1.0,-1.0,-3.0,-1.0,-2.0,0.25
1.0,2.0,1.0,1.0,-1.0,-3.0,-1.0,-2.0,0.25
1.0,2.0,1.0,1.0,-2.0,-3.0,-3.0,-2.0,0.25
0.0,0.0,0.0,0.0,0.0,0.0,1.0,2.0,-0.3125
0.0,0.0,0.0,0.0,0.0,-1.0,1.0,0.0,-0.3125
0.0,0.0,0.0,0.0,0.0,-1.0,2.0,2.0,-0.3125
0.0,0.0,0.0,0.0,0.0,-1.0,-1.0,0.0,-0.3125
0.0,0.0,0.0,0.0,0.0,0.0,-1.0,2.0,-0.3125
0.0,0.0,0.0,0.0,-1.0,0.0,-3.0,2.0,-0.3125
0.0,0.0,0.0,1.0,-1.0,2.0,3.0,2.0,-0.3125
0.0,0.0,0.0,1.0,-2.0,2.0,-3.0,0.0,-0.3125
0.0,0.0,0.0,1.0,-2.0,2.0,-2.0,2.0,-0.3125
0.0,0.0,0.0,1.0,-2.0,2.0,-3.0,-2.0,-0.3125
0.0,0.0,0.0,1.0,-2.0,2.0,0.0,2.0,-0.3125
0.0,-1.0,0.0,-1.0,-2.0,0.0,0.0,2.0,-0.3125
0.0,0.0,0.0,-1.0,0.0,0.0,2.0,2.0,-0.3125
0.0,0.0,0.0,-1.0,-1.0,0.0,0.0,2.0,-0.3125
0.0,1.0,0.0,-1.0,1.0,0.0,0.0,2.0,-0.3125
0.0,0.0,0.0,-1.0,-1.0,0.0,0.0,2.0,-0.3125
0.0,1.0,0.0,-1.0,1.0,0.0,0.0,2.0,-0.3125
0.0,1.0,0.0,-1.0,1.0,-1.0,-4.0,0.0,-0.3125
0.0,1.0,0.0,-1.0,2.0,-1.0,-2.0,0.0,-0.3125
0.0,0.0,0.0,0.0,0.0,0.0,1.0,2.0,-0.34375
0.0,0.0,0.0,0.0,0.0,-1.0,1.0,0.0,-0.34375
0.0,0.0,0.0,1.0,0.0,1.0,1.0,0.0,-0.34375
0.0,0.0,0.0,1.0,0.0,1.0,0.0,-2.0,-0.34375
0.0,0.0,0.0,1.0,0.0,1.0,1.0,2.0,-0.34375
0.0,-1.0,0.0,-1.0,0.0,-1.0,-1.0,2.0,-0.34375
0.0,-1.0,0.0,-1.0,1.0,-1.0,1.0,4.0,-0.34375
0.0,-2.0,0.0,-1.0,-1.0,-1.0,1.0,4.0,-0.34375
0.0,-2.0,0.0,-1.0,0.0,-1.0,3.0,4.0,-0.34375
0.0,-2.0,0.0,-1.0,0.0,-1.0,0.0,0.0,-0.34375
0.0,-2.0,0.0,-1.0,0.0,0.0,0.0,2.0,-0.34375
0.0,-2.0,0.0,-1.0,0.0,-1.0,-2.0,2.0,-0.34375
0.0,-2.0,0.0,-1.0,1.0,1.0,-2.0,2.0,-0.34375
0.0,-3.0,0.0,-1.0,-1.0,1.0,-2.0,2.0,-0.34375
0.0,-3.0,1.0,-1.0,-1.0,3.0,-2.0,4.0,-0.34375
0.0,-3.0,1.0,-1.0,-1.0,3.0,-3.0,2.0,-0.34375
0.0,-3.0,1.0,-1.0,-1.0,3.0,0.0,4.0,-0.34375
0.0,-4.0,1.0,-1.0,-3.0,3.0,0.0,4.0,-0.34375
0.0,-3.0,1.0,-1.0,1.0,3.0,2.0,4.0,-0.34375
0.0,0.0,0.0,0.0,0.0,0.0,1.0,2.0,0.328125
0.0,0.0,0.0,0.0,0.0,-1.0,1.0,0.0,0.328125
0.0,0.0,0.0,1.0,0.0,1.0,1.0,0.0,0.328125
0.0,0.0,0.0,1.0,0.0,1.0,0.0,-2.0,0.328125
0.0,0.0,0.0,1.0,0.0,2.0,0.0,2.0,0.328125
0.0,0.0,0.0,1.0,0.0,2.0,-1.0,0.0,0.328125
0.0,0.0,0.0,1.0,0.0,3.0,-1.0,2.0,0.328125
0.0,0.0,0.0,1.0,0.0,3.0,-2.0,0.0,0.328125
0.0,0.0,0.0,2.0,0.0,3.0,0.0,0.0,0.328125
0.0,0.0,0.0,2.0,-1.0,3.0,-4.0,-4.0,0.328125
0.0,1.0,0.0,2.0,1.0,3.0,-4.0,-4.0,0.328125
0.0,0.0,0.0,0.0,1.0,1.0,-4.0,-4.0,0.328125
0.0,0.0,0.0,0.0,2.0,1.0,0.0,0.0,0.328125
0.0,0.0,0.0,0.0,2.0,1.0,-1.0,-4.0,0.328125
0.0,0.0,1.0,0.0,2.0,3.0,-1.0,0.0,0.328125
0.0,0.0,1.0,-1.0,2.0,1.0,-3.0,-2.0,0.328125
0.0,0.0,1.0,-1.0,3.0,3.0,-3.0,-2.0,0.328125
-1.0,0.0,-1.0,-1.0,3.0,1.0,-3.0,-4.0,0.328125
-1.0,1.0,-1.0,1.0,3.0,1.0,-3.0,-4.0,0.328125
0.0,0.0,0.0,0.0,0.0,0.0,1.0,2.0,0.1875
0.0,0.0,0.0,0.0,0.0,-1.0,1.0,0.0,0.1875
0.0,0.0,0.0,1.0,0.0,1.0,1.0,0.0,0.1875
0.0,0.0,0.0,1.0,0.0,1.0,0.0,-2.0,0.1875
0.0,0.0,0.0,1.0,0.0,2.0,2.0,0.0,0.1875
0.0,0.0,-1.0,1.0,0.0,0.0,2.0,0.0,0.1875
0.0,0.0,-1.0,1.0,0.0,0.0,3.0,2.0,0.1875
0.0,-1.0,-1.0,-1.0,0.0,0.0,3.0,2.0,0.1875
1.0,-1.0,1.0,-1.0,0.0,2.0,3.0,4.0,0.1875
1.0,-2.0,-1.0,-1.0,0.0,2.0,3.0,4.0,0.1875
1.0,-2.0,-1.0,-1.0,0.0,-1.0,3.0,0.0,0.1875
1.0,-2.0,2.0,-1.0,0.0,3.0,3.0,4.0,0.1875
1.0,-2.0,2.0,-2.0,0.0,-1.0,-1.0,4.0,0.1875
1.0,-2.0,2.0,-2.0,1.0,-1.0,1.0,4.0,0.1875
0.0,-2.0,0.0,-2.0,1.0,-3.0,1.0,0.0,0.1875
0.0,-2.0,0.0,-2.0,1.0,-3.0,4.0,2.0,0.1875
0.0,-2.0,0.0,-2.0,1.0,-3.0,1.0,0.0,0.1875
0.0,-2.0,0.0,-2.0,1.0,-2.0,1.0,2.0,0.1875
0.0,-3.0,0.0,-2.0,-1.0,-2.0,-1.0,0.0,0.1875
0.0,0.0,0.0,0.0,0.0,0.0,1.0,2.0,0.21875
0.0,0.0,0.0,0.0,0.0,-1.0,1.0,0.0,0.21875
0.0,0.0,0.0,1.0,0.0,1.0,1.0,0.0,0.21875
0.0,0.0,0.0,1.0,0.0,1.0,0.0,-2.0,0.21875
0.0,0.0,0.0,1.0,0.0,2.0,2.0,0.0,0.21875
0.0,0.0,-1.0,1.0,0.0,0.0,2.0,0.0,0.21875
0.0,0.0,-1.0,1.0,0.0,0.0,3.0,2.0,0.21875
0.0,-1.0,-1.0,-1.0,0.0,0.0,3.0,2.0,0.21875
1.0,-1.0,1.0,-1.0,0.0,2.0,3.0,4.0,0.21875
1.0,-2.0,-1.0,-1.0,0.0,2.0,3.0,4.0,0.21875
1.0,-2.0,-1.0,-2.0,0.0,-2.0,-1.0,4.0,0.21875
1.0,-2.0,-1.0,-1.0,0.0,-2.0,1.0,4.0,0.21875
1.0,-2.0,-1.0,-1.0,0.0,-2.0,0.0,2.0,0.21875
1.0,-1.0,1.0,-1.0,0.0,-2.0,0.0,2.0,0.21875
1.0,-1.0,1.0,-1.0,-1.0,-2.0,-2.0,-2.0,0.21875
1.0,2.0,1.0,1.0,-1.0,-2.0,-2.0,-2.0,0.21875
1.0,2.0,1.0,1.0,-2.0,-2.0,-4.0,-2.0,0.21875
1.0,2.0,2.0,1.0,-2.0,0.0,-4.0,-2.0,0.21875
0.0,2.0,0.0,1.0,-2.0,-2.0,-4.0,-4.0,0.21875
0.0,0.0,0.0,0.0,0.0,0.0,1.0,2.0,0.40625
0.0,0.0,0.0,0.0,0.0,-1.0,1.0,0.0,0.40625
0.0,0.0,0.0,1.0,0.0,1.0,1.0,0.0,0.40625
0.0,0.0,0.0,1.0,0.0,1.0,0.0,-2.0,0.40625
0.0,0.0,0.0,1.0,0.0,2.0,2.0,0.0,0.40625
0.0,0.0,-1.0,1.0,0.0,0.0,2.0,0.0,0.40625
0.0,0.0,-1.0,1.0,0.0,0.0,3.0,2.0,0.40625
0.0,-1.0,-1.0,-1.0,0.0,0.0,3.0,2.0,0.40625
1.0,-1.0,1.0,-1.0,0.0,2.0,3.0,4.0,0.40625
1.0,-2.0,-1.0,-1.0,0.0,2.0,3.0,4.0,0.40625
1.0,-2.0,-1.0,-1.0,0.0,-1.0,3.0,0.0,0.40625
1.0,-2.0,2.0,-1.0,0.0,3.0,3.0,4.0,0.40625
1.0,-2.0,2.0,-2.0,0.0,-1.0,-1.0,4.0,0.40625
1.0,-2.0,2.0,0.0,1.0,-1.0,-1.0,4.0,0.40625
0.0,-2.0,0.0,0.0,1.0,-3.0,-1.0,0.0,0.40625
0.0,-1.0,0.0,2.0,1.0,1.0,3.0,0.0,0.40625
0.0,-1.0,0.0,2.0,0.0,1.0,1.0,0.0,0.40625
0.0,-1.0,0.0,3.0,0.0,3.0,1.0,0.0,0.40625
0.0,-2.0,0.0,3.0,-2.0,1.0,1.0,0.0,0.40625
0.0,0.0,0.0,0.0,0.0,0.0,1.0,2.0,0.03125
0.0,0.0,0.0,0.0,0.0,0.0,0.0,0.0,0.03125
0.0,0.0,0.0,0.0,0.0,0.0,1.0,2.0,0.03125
0.0,0.0,0.0,0.0,0.0,-1.0,1.0,0.0,0.03125
0.0,0.0,0.0,0.0,1.0,-1.0,3.0,2.0,0.03125
0.0,0.0,0.0,0.0,1.0,-2.0,3.0,0.0,0.03125
0.0,0.0,0.0,0.0,1.0,-2.0,4.0,2.0,0.03125
0.0,-1.0,0.0,0.0,-1.0,-2.0,4.0,2.0,0.03125
0.0,-1.0,0.0,1.0,-1.0,0.0,4.0,2.0,0.03125
0.0,-1.0,0.0,0.0,-1.0,0.0,2.0,2.0,0.03125
0.0,-1.0,0.0,0.0,0.0,0.0,4.0,2.0,0.03125
0.0,-1.0,0.0,0.0,-1.0,-2.0,4.0,2.0,0.03125
0.0,0.0,0.0,2.0,-1.0,-2.0,4.0,2.0,0.03125
0.0,-1.0,0.0,2.0,-3.0,-2.0,0.0,-2.0,0.03125
0.0,-1.0,0.0,2.0,-3.0,-2.0,3.0,0.0,0.03125
0.0,-2.0,0.0,0.0,-3.0,-2.0,1.0,0.0,0.03125
0.0,-2.0,0.0,0.0,0.0,-2.0,1.0,0.0,0.03125
0.0,-2.0,0.0,-1.0,0.0,-2.0,-1.0,0.0,0.03125
0.0,-1.0,0.0,-1.0,2.0,-2.0,1.0,4.0,0.03125
0.0,0.0,0.0,0.0,0.0,0.0,1.0,2.0,0.4375
0.0,0.0,0.0,0.0,0.0,-1.0,1.0,0.0,0.4375
0.0,0.0,0.0,1.0,0.0,1.0,1.0,0.0,0.4375
0.0,0.0,0.0,1.0,0.0,1.0,0.0,-2.0,0.4375
0.0,0.0,0.0,1.0,0.0,2.0,2.0,0.0,0.4375
0.0,0.0,-1.0,1.0,0.0,0.0,2.0,0.0,0.4375
0.0,0.0,-1.0,1.0,0.0,0.0,3.0,2.0,0.4375
0.0,-1.0,-1.0,-1.0,0.0,0.0,3.0,2.0,0.4375
1.0,-1.0,1.0,-1.0,0.0,2.0,3.0,4.0,0.4375
1.0,-2.0,-1.0,-1.0,0.0,2.0,3.0,4.0,0.4375
1.0,-2.0,-1.0,-1.0,0.0,-1.0,3.0,0.0,0.4375
1.0,-2.0,2.0,-1.0,0.0,3.0,3.0,4.0,0.4375
1.0,-2.0,2.0,-2.0,0.0,-1.0,-1.0,4.0,0.4375
1.0,-2.0,2.0,0.0,1.0,-1.0,-1.0,4.0,0.4375
0.0,-2.0,0.0,0.0,1.0,-3.0,-1.0,0.0,0.4375
0.0,-1.0,0.0,2.0,1.0,1.0,3.0,0.0,0.4375
0.0,-1.0,0.0,2.0,0.0,1.0,1.0,0.0,0.4375
0.0,-1.0,0.0,3.0,0.0,3.0,1.0,0.0,0.4375
0.0,-2.0,0.0,3.0,-2.0,1.0,1.0,0.0,0.4375
0.0,0.0,0.0,0.0,0.0,0.0,1.0,2.0,0.125
0.0,0.0,0.0,0.0,0.0,0.0,0.0,0.0,0.125
0.0,0.0,0.0,0.0,0.0,1.0,0.0,2.0,0.125
0.0,0.0,0.0,0.0,0.0,1.0,-1.0,-2.0,0.125
0.0,0.0,0.0,0.0,0.0,1.0,2.0,-2.0,0.125
0.0,0.0,0.0,0.0,0.0,0.0,0.0,-2.0,0.125
0.0,0.0,0.0,0.0,0.0,1.0,0.0,0.0,0.125
0.0,0.0,0.0,-1.0,0.0,-1.0,0.0,0.0,0.125
0.0,0.0,0.0,0.0,0.0,1.0,2.0,0.0,0.125
0.0,0.0,0.0,0.0,-1.0,1.0,0.0,-2.0,0.125
0.0,1.0,0.0,2.0,-1.0,3.0,2.0,-2.0,0.125
0.0,1.0,-1.0,2.0,-1.0,1.0,2.0,-4.0,0.125
1.0,1.0,1.0,2.0,-1.0,3.0,2.0,0.0,0.125
1.0,0.0,1.0,0.0,-1.0,1.0,0.0,0.0,0.125
1.0,1.0,1.0,0.0,1.0,1.0,2.0,0.0,0.125
1.0,1.0,1.0,-1.0,1.0,-1.0,0.0,0.0,0.125
1.0,1.0,1.0,0.0,1.0,1.0,2.0,0.0,0.125
1.0,1.0,1.0,0.0,1.0,1.0,-1.0,-2.0,0.125
1.0,1.0,1.0,0.0,2.0,1.0,1.0,-2.0,0.125
0.0,0.0,0.0,0.0,0.0,0.0,1.0,2.0,0.0625
0.0,0.0,0.0,0.0,0.0,-1.0,1.0,0.0,0.0625
0.0,0.0,0.0,1.0,0.0,1.0,1.0,0.0,0.0625
0.0,0.0,0.0,1.0,0.0,1.0,0.0,-2.0,0.0625
0.0,0.0,0.0,1.0,0.0,2.0,2.0,0.0,0.0625
0.0,0.0,-1.0,1.0,0.0,0.0,2.0,0.0,0.0625
0.0,0.0,-1.0,1.0,0.0,0.0,3.0,2.0,0.0625
0.0,-1.0,-1.0,-1.0,0.0,0.0,3.0,2.0,0.0625
1.0,-1.0,1.0,-1.0,0.0,2.0,3.0,4.0,0.0625
1.0,-2.0,-1.0,-1.0,0.0,2.0,3.0,4.0,0.0625
1.0,-2.0,-1.0,-1.0,0.0,-1.0,3.0,0.0,0.0625
1.0,-2.0,2.0,-1.0,0.0,3.0,3.0,4.0,0.0625
1.0,-2.0,2.0,-2.0,0.0,-1.0,-1.0,4.0,0.0625
1.0,-2.0,2.0,0.0,1.0,-1.0,-1.0,4.0,0.0625
1.0,-2.0,2.0,-1.0,1.0,-1.0,-3.0,2.0,0.0625
1.0,-1.0,2.0,1.0,1.0,3.0,1.0,2.0,0.0625
1.0,-1.0,2.0,1.0,-1.0,3.0,0.0,-2.0,0.0625
1.0,0.0,2.0,3.0,-1.0,3.0,2.0,0.0,0.0625
0.0,0.0,0.0,3.0,-1.0,1.0,2.0,0.0,0.0625
0.0,0.0,0.0,0.0,0.0,0.0,1.0,2.0,0.28125
0.0,0.0,0.0,0.0,0.0,-1.0,1.0,0.0,0.28125
0.0,0.0,0.0,1.0,0.0,1.0,1.0,0.0,0.28125
0.0,0.0,0.0,1.0,0.0,1.0,0.0,-2.0,0.28125
0.0,0.0,0.0,1.0,0.0,2.0,0.0,2.0,0.28125
0.0,0.0,0.0,1.0,0.0,2.0,-1.0,0.0,0.28125
0.0,0.0,0.0,1.0,0.0,3.0,1.0,2.0,0.28125
0.0,0.0,0.0,1.0,0.0,3.0,0.0,0.0,0.28125
0.0,0.0,0.0,1.0,0.0,3.0,3.0,4.0,0.28125
0.0,0.0,0.0,1.0,-1.0,3.0,1.0,0.0,0.28125
0.0,0.0,0.0,1.0,0.0,3.0,3.0,0.0,0.28125
0.0,0.0,0.0,1.0,0.0,3.0,0.0,-2.0,0.28125
0.0,1.0,0.0,1.0,2.0,3.0,2.0,2.0,0.28125
0.0,0.0,0.0,-1.0,2.0,1.0,0.0,2.0,0.28125
0.0,0.0,0.0,0.0,2.0,3.0,0.0,2.0,0.28125
0.0,0.0,0.0,0.0,1.0,3.0,-2.0,0.0,0.28125
0.0,0.0,0.0,0.0,1.0,3.0,3.0,2.0,0.28125
0.0,-1.0,0.0,0.0,-1.0,3.0,-1.0,2.0,0.28125
0.0,0.0,0.0,0.0,1.0,3.0,-1.0,2.0,0.28125
0.0,0.0,0.0,0.0,0.0,0.0,1.0,2.0,-0.125
0.0,0.0,0.0,0.0,0.0,-1.0,1.0,0.0,-0.125
0.0,0.0,0.0,1.0,0.0,1.0,1.0,0.0,-0.125
0.0,0.0,0.0,1.0,0.0,1.0,0.0,-2.0,-0.125
0.0,0.0,0.0,1.0,0.0,2.0,2.0,0.0,-0.125
0.0,0.0,-1.0,1.0,0.0,0.0,2.0,0.0,-0.125
0.0,1.0,1.0,1.0,0.0,0.0,2.0,0.0,-0.125
-1.0,1.0,-1.0,1.0,0.0,0.0,2.0,0.0,-0.125
-1.0,1.0,-1.0,1.0,0.0,0.0,3.0,2.0,-0.125
-1.0,-2.0,-1.0,1.0,0.0,0.0,3.0,2.0,-0.125
-1.0,-2.0,-1.0,1.0,0.0,1.0,3.0,4.0,-0.125
-1.0,-3.0,-1.0,-1.0,0.0,1.0,3.0,4.0,-0.125
-1.0,-3.0,-1.0,-2.0,0.0,-1.0,-1.0,4.0,-0.125
-1.0,-3.0,-1.0,-2.0,1.0,-1.0,1.0,4.0,-0.125
-1.0,-4.0,-1.0,-2.0,-1.0,-1.0,1.0,4.0,-0.125
-1.0,-4.0,-1.0,-1.0,-1.0,-1.0,3.0,4.0,-0.125
-1.0,-4.0,-1.0,-3.0,-1.0,-1.0,0.0,2.0,-0.125
-1.0,-3.0,-1.0,-1.0,-1.0,1.0,0.0,2.0,-0.125
-1.0,-3.0,-1.0,-1.0,-1.0,1.0,-1.0,-2.0,-0.125
0.0,0.0,0.0,0.0,0.0,0.0,1.0,2.0,0.03125
0.0,0.0,0.0,0.0,0.0,0.0,0.0,0.0,0.03125
0.0,0.0,0.0,0.0,0.0,1.0,2.0,2.0,0.03125
0.0,0.0,0.0,0.0,0.0,0.0,2.0,0.0,0.03125
0.0,0.0,0.0,0.0,0.0,0.0,3.0,2.0,0.03125
0.0,0.0,0.0,-1.0,0.0,-2.0,-1.0,2.0,0.03125
0.0,0.0,0.0,0.0,0.0,0.0,1.0,2.0,0.03125
0.0,0.0,0.0,-1.0,0.0,-2.0,-1.0,2.0,0.03125
0.0,1.0,0.0,1.0,0.0,-2.0,-1.0,2.0,0.03125
0.0,1.0,0.0,1.0,0.0,-2.0,-4.0,-2.0,0.03125
0.0,1.0,0.0,1.0,0.0,1.0,0.0,0.0,0.03125
0.0,1.0,0.0,1.0,-1.0,1.0,-4.0,-2.0,0.03125
0.0,1.0,0.0,1.0,-1.0,2.0,-4.0,2.0,0.03125
0.0,1.0,0.0,1.0,-1.0,2.0,-5.0,-2.0,0.03125
0.0,2.0,0.0,3.0,-1.0,4.0,-1.0,-2.0,0.03125
0.0,1.0,0.0,1.0,-1.0,4.0,-3.0,-2.0,0.03125
0.0,2.0,0.0,3.0,-1.0,4.0,-3.0,-2.0,0.03125
0.0,2.0,0.0,2.0,-1.0,2.0,-3.0,-2.0,0.03125
0.0,2.0,0.0,2.0,-1.0,2.0,0.0,4.0,0.03125
0.0,0.0,0.0,0.0,0.0,0.0,1.0,2.0,0.34375
0.0,0.0,0.0,0.0,0.0,-1.0,1.0,0.0,0.34375
0.0,0.0,0.0,1.0,0.0,1.0,1.0,0.0,0.34375
0.0,0.0,0.0,1.0,0.0,1.0,0.0,-2.0,0.34375
0.0,0.0,0.0,1.0,0.0,2.0,2.0,0.0,0.34375
0.0,0.0,-1.0,1.0,0.0,0.0,2.0,0.0,0.34375
0.0,0.0,-1.0,1.0,0.0,0.0,3.0,2.0,0.34375
0.0,-1.0,-1.0,-1.0,0.0,0.0,3.0,2.0,0.34375
1.0,-1.0,1.0,-1.0,0.0,2.0,3.0,4.0,0.34375
1.0,-2.0,-1.0,-1.0,0.0,2.0,3.0,4.0,0.34375
1.0,-2.0,-1.0,-1.0,0.0,-1.0,3.0,0.0,0.34375
1.0,-2.0,2.0,-1.0,0.0,3.0,3.0,4.0,0.34375
1.0,-2.0,2.0,-2.0,0.0,-1.0,-1.0,4.0,0.34375
1.0,-2.0,2.0,0.0,1.0,-1.0,-1.0,4.0,0.34375
0.0,-2.0,0.0,0.0,1.0,-3.0,-1.0,0.0,0.34375
0.0,-1.0,0.0,2.0,1.0,1.0,3.0,0.0,0.34375
0.0,-1.0,0.0,2.0,0.0,1.0,1.0,0.0,0.34375
0.0,-1.0,0.0,3.0,0.0,3.0,1.0,0.0,0.34375
0.0,-2.0,0.0,3.0,-2.0,1.0,1.0,0.0,0.34375
0.0,0.0,0.0,0.0,0.0,0.0,1.0,2.0,0.0
0.0,0.0,0.0,0.0,0.0,-1.0,1.0,0.0,0.0
0.0,0.0,0.0,1.0,0.0,1.0,1.0,0.0,0.0
0.0,0.0,0.0,1.0,0.0,1.0,0.0,-2.0,0.0
0.0,0.0,0.0,1.0,0.0,2.0,2.0,0.0,0.0
0.0,0.0,-1.0,1.0,0.0,0.0,2.0,0.0,0.0
0.0,0.0,-1.0,1.0,0.0,0.0,3.0,2.0,0.0
0.0,-1.0,-1.0,-1.0,0.0,0.0,3.0,2.0,0.0
1.0,-1.0,1.0,-1.0,0.0,2.0,3.0,4.0,0.0
1.0,-2.0,-1.0,-1.0,0.0,2.0,3.0,4.0,0.0
1.0,-2.0,-1.0,-2.0,0.0,-2.0,-1.0,4.0,0.0
1.0,-2.0,-1.0,-1.0,0.0,-2.0,1.0,4.0,0.0
1.0,-2.0,-1.0,-1.0,0.0,-2.0,0.0,2.0,0.0
1.0,-1.0,1.0,-1.0,0.0,-2.0,0.0,2.0,0.0
1.0,-1.0,1.0,-1.0,-1.0,-2.0,-2.0,-2.0,0.0
1.0,2.0,1.0,1.0,-1.0,-2.0,-2.0,-2.0,0.0
1.0,2.0,1.0,1.0,-2.0,-2.0,-4.0,-2.0,0.0
1.0,2.0,1.0,1.0,-2.0,0.0,-3.0,0.0,0.0
1.0,2.0,1.0,1.0,-3.0,-2.0,-3.0,0.0,0.0
0.0,0.0,0.0,0.0,0.0,0.0,1.0,2.0,-0.46875
0.0,0.0,0.0,0.0,0.0,-1.0,1.0,0.0,-0.46875
0.0,0.0,0.0,1.0,0.0,1.0,1.0,0.0,-0.46875
0.0,0.0,0.0,1.0,0.0,1.0,0.0,-2.0,-0.46875
0.0,0.0,0.0,1.0,0.0,2.0,2.0,0.0,-0.46875
0.0,0.0,0.0,1.0,0.0,2.0,1.0,-2.0,-0.46875
0.0,0.0,0.0,1.0,0.0,2.0,4.0,2.0,-0.46875
0.0,0.0,0.0,0.0,0.0,2.0,2.0,2.0,-0.46875
0.0,1.0,0.0,2.0,0.0,2.0,2.0,2.0,-0.46875
0.0,0.0,0.0,0.0,0.0,0.0,0.0,2.0,-0.46875
0.0,0.0,0.0,0.0,1.0,0.0,4.0,4.0,-0.46875
0.0,0.0,0.0,0.0,1.0,-1.0,4.0,0.0,-0.46875
0.0,0.0,0.0,0.0,1.0,-1.0,5.0,2.0,-0.46875
0.0,0.0,0.0,-1.0,1.0,-3.0,-1.0,2.0,-0.46875
0.0,1.0,0.0,1.0,1.0,-3.0,-1.0,2.0,-0.46875
-1.0,-1.0,0.0,1.0,1.0,-3.0,-1.0,2.0,-0.46875
-1.0,0.0,0.0,3.0,1.0,1.0,3.0,2.0,-0.46875
-1.0,0.0,-1.0,3.0,1.0,-1.0,3.0,0.0,-0.46875
-1.0,0.0,-1.0,3.0,1.0,-1.0,6.0,2.0,-0.46875
0.0,0.0,0.0,0.0,0.0,0.0,1.0,2.0,0.8125
0.0,0.0,0.0,0.0,0.0,-1.0,1.0,0.0,0.8125
0.0,0.0,0.0,1.0,0.0,1.0,1.0,0.0,0.8125
0.0,0.0,0.0,1.0,0.0,1.0,0.0,-2.0,0.8125
0.0,0.0,0.0,1.0,0.0,2.0,2.0,0.0,0.8125
0.0,0.0,-1.0,1.0,0.0,0.0,2.0,0.0,0.8125
0.0,0.0,-1.0,1.0,0.0,0.0,3.0,2.0,0.8125
0.0,-1.0,-1.0,-1.0,0.0,0.0,3.0,2.0,0.8125
1.0,-1.0,1.0,-1.0,0.0,2.0,3.0,4.0,0.8125
1.0,-2.0,-1.0,-1.0,0.0,2.0,3.0,4.0,0.8125
1.0,-2.0,-1.0,-1.0,0.0,-1.0,3.0,0.0,0.8125
1.0,-2.0,2.0,-1.0,0.0,3.0,3.0,4.0,0.8125
1.0,-2.0,2.0,-2.0,0.0,-1.0,-1.0,4.0,0.8125
1.0,-2.0,2.0,0.0,1.0,-1.0,-1.0,4.0,0.8125
0.0,-2.0,0.0,0.0,1.0,-3.0,-1.0,0.0,0.8125
0.0,-1.0,0.0,2.0,1.0,1.0,3.0,0.0,0.8125
0.0,-1.0,0.0,2.0,0.0,1.0,1.0,0.0,0.8125
0.0,-1.0,0.0,3.0,0.0,3.0,1.0,0.0,0.8125
0.0,-2.0,0.0,3.0,-2.0,1.0,1.0,0.0,0.8125
0.0,0.0,0.0,0.0,0.0,0.0,1.0,2.0,0.53125
0.0,0.0,0.0,0.0,0.0,-1.0,1.0,0.0,0.53125
0.0,0.0,0.0,1.0,0.0,1.0,1.0,0.0,0.53125
0.0,0.0,0.0,1.0,0.0,1.0,0.0,-2.0,0.53125
0.0,0.0,0.0,1.0,0.0,2.0,2.0,0.0,0.53125
0.0,0.0,-1.0,1.0,0.0,0.0,2.0,0.0,0.53125
0.0,0.0,-1.0,1.0,0.0,0.0,3.0,2.0,0.53125
0.0,-1.0,-1.0,-1.0,0.0,0.0,3.0,2.0,0.53125
1.0,-1.0,1.0,-1.0,0.0,2.0,3.0,4.0,0.53125
1.0,-2.0,-1.0,-1.0,0.0,2.0,3.0,4.0,0.53125
1.0,-2.0,-1.0,-1.0,0.0,-1.0,3.0,0.0,0.53125
1.0,-2.0,2.0,-1.0,0.0,3.0,3.0,4.0,0.53125
1.0,-2.0,2.0,-2.0,0.0,-1.0,-1.0,4.0,0.53125
1.0,-2.0,2.0,0.0,1.0,-1.0,-1.0,4.0,0.53125
0.0,-2.0,0.0,0.0,1.0,-3.0,-1.0,0.0,0.53125
0.0,-1.0,0.0,2.0,1.0,1.0,3.0,0.0,0.53125
0.0,-1.0,0.0,2.0,0.0,1.0,1.0,0.0,0.53125
0.0,-1.0,0.0,2.0,0.0,1.0,2.0,2.0,0.53125
0.0,-1.0,0.0,1.0,0.0,1.0,0.0,0.0,0.53125
0.0,0.0,0.0,0.0,0.0,0.0,1.0,2.0,-0.1875
0.0,0.0,0.0,0.0,0.0,-1.0,1.0,0.0,-0.1875
0.0,0.0,0.0,1.0,0.0,1.0,1.0,0.0,-0.1875
0.0,0.0,0.0,1.0,0.0,1.0,0.0,-2.0,-0.1875
0.0,0.0,0.0,1.0,0.0,2.0,0.0,2.0,-0.1875
0.0,0.0,0.0,1.0,0.0,2.0,-1.0,0.0,-0.1875
0.0,0.0,0.0,1.0,0.0,3.0,-1.0,2.0,-0.1875
0.0,0.0,0.0,1.0,0.0,3.0,-2.0,0.0,-0.1875
0.0,0.0,0.0,2.0,0.0,3.0,0.0,0.0,-0.1875
0.0,0.0,0.0,2.0,-1.0,3.0,-4.0,-4.0,-0.1875
0.0,1.0,0.0,2.0,1.0,3.0,-4.0,-4.0,-0.1875
0.0,0.0,0.0,0.0,1.0,1.0,-4.0,-4.0,-0.1875
0.0,0.0,0.0,0.0,2.0,1.0,0.0,0.0,-0.1875
0.0,0.0,0.0,0.0,2.0,1.0,-1.0,-4.0,-0.1875
0.0,0.0,1.0,0.0,2.0,3.0,-1.0,0.0,-0.1875
0.0,0.0,1.0,-1.0,2.0,1.0,-3.0,-2.0,-0.1875
0.0,0.0,1.0,-1.0,3.0,3.0,-3.0,-2.0,-0.1875
-1.0,0.0,-1.0,-1.0,3.0,1.0,-3.0,-4.0,-0.1875
-1.0,1.0,-1.0,1.0,3.0,1.0,-3.0,-4.0,-0.1875
0.0,0.0,0.0,0.0,0.0,0.0,1.0,2.0,-0.46875
0.0,0.0,0.0,0.0,0.0,-1.0,1.0,0.0,-0.46875
0.0,0.0,0.0,1.0,0.0,1.0,1.0,0.0,-0.46875
0.0,0.0,0.0,1.0,0.0,1.0,0.0,-2.0,-0.46875
0.0,0.0,0.0,1.0,0.0,2.0,2.0,0.0,-0.46875
0.0,0.0,0.0,1.0,-1.0,2.0,0.0,-2.0,-0.46875
0.0,0.0,0.0,1.0,-1.0,3.0,0.0,2.0,-0.46875
0.0,-1.0,0.0,-1.0,-1.0,1.0,-2.0,2.0,-0.46875
0.0,0.0,0.0,-1.0,1.0,1.0,0.0,4.0,-0.46875
0.0,0.0,0.0,-1.0,1.0,1.0,-1.0,0.0,-0.46875
0.0,0.0,0.0,-1.0,1.0,1.0,2.0,2.0,-0.46875
0.0,0.0,0.0,-1.0,1.0,1.0,-1.0,2.0,-0.46875
0.0,0.0,0.0,0.0,1.0,1.0,1.0,2.0,-0.46875
0.0,0.0,0.0,0.0,1.0,1.0,0.0,-2.0,-0.46875
0.0,0.0,0.0,1.0,1.0,1.0,2.0,0.0,-0.46875
0.0,0.0,0.0,0.0,1.0,-1.0,2.0,0.0,-0.46875
0.0,0.0,0.0,0.0,1.0,-1.0,3.0,2.0,-0.46875
0.0,-1.0,0.0,-2.0,1.0,-1.0,1.0,0.0,-0.46875
0.0,0.0,0.0,0.0,1.0,1.0,3.0,0.0,-0.46875
0.0,0.0,0.0,0.0,0.0,0.0,1.0,2.0,0.3125
0.0,0.0,0.0,0.0,0.0,-1.0,1.0,0.0,0.3125
0.0,0.0,0.0,1.0,0.0,1.0,1.0,0.0,0.3125
0.0,0.0,0.0,1.0,0.0,1.0,0.0,-2.0,0.3125
0.0,0.0,0.0,1.0,0.0,2.0,2.0,0.0,0.3125
0.0,0.0,-1.0,1.0,0.0,0.0,2.0,0.0,0.3125
0.0,0.0,-1.0,1.0,0.0,0.0,3.0,2.0,0.3125
0.0,-1.0,-1.0,-1.0,0.0,0.0,3.0,2.0,0.3125
1.0,-1.0,1.0,-1.0,0.0,2.0,3.0,4.0,0.3125
1.0,-2.0,-1.0,-1.0,0.0,2.0,3.0,4.0,0.3125
1.0,-2.0,-1.0,-1.0,0.0,-1.0,3.0,0.0,0.3125
1.0,-2.0,2.0,-1.0,0.0,3.0,3.0,4.0,0.3125
1.0,-2.0,2.0,-2.0,0.0,-1.0,-1.0,4.0,0.3125
1.0,-2.0,2.0,0.0,1.0,-1.0,-1.0,4.0,0.3125
0.0,-2.0,0.0,0.0,1.0,-3.0,-1.0,0.0,0.3125
0.0,-1.0,0.0,2.0,1.0,1.0,3.0,0.0,0.3125
0.0,-1.0,0.0,2.0,0.0,1.0,1.0,0.0,0.3125
0.0,-1.0,0.0,3.0,0.0,3.0,1.0,0.0,0.3125
0.0,-2.0,0.0,3.0,-2.0,1.0,1.0,0.0,0.3125
0.0,0.0,0.0,0.0,0.0,0.0,1.0,2.0,0.6875
0.0,0.0,0.0,0.0,0.0,-1.0,1.0,0.0,0.6875
0.0,0.0,0.0,1.0,0.0,1.0,1.0,0.0,0.6875
0.0,0.0,0.0,1.0,0.0,1.0,0.0,-2.0,0.6875
0.0,0.0,0.0,1.0,0.0,2.0,2.0,0.0,0.6875
0.0,0.0,-1.0,1.0,0.0,0.0,2.0,0.0,0.6875
0.0,0.0,-1.0,1.0,0.0,0.0,3.0,2.0,0.6875
0.0,-1.0,-1.0,-1.0,0.0,0.0,3.0,2.0,0.6875
1.0,-1.0,1.0,-1.0,0.0,2.0,3.0,4.0,0.6875
1.0,-2.0,-1.0,-1.0,0.0,2.0,3.0,4.0,0.6875
1.0,-2.0,-1.0,-2.0,0.0,-2.0,-1.0,4.0,0.6875
1.0,-2.0,-1.0,-1.0,0.0,-2.0,1.0,4.0,0.6875
1.0,-2.0,-1.0,-1.0,0.0,-2.0,0.0,2.0,0.6875
1.0,-1.0,1.0,-1.0,0.0,-2.0,0.0,2.0,0.6875
1.0,-1.0,1.0,-1.0,-1.0,-2.0,-2.0,-2.0,0.6875
1.0,2.0,1.0,1.0,-1.0,-2.0,-2.0,-2.0,0.6875
1.0,1.0,1.0,-1.0,-1.0,-2.0,-4.0,-4.0,0.6875
1.0,6.0,1.0,1.0,-1.0,-2.0,-4.0,-4.0,0.6875
1.0,6.0,1.0,1.0,-1.0,0.0,-3.0,-4.0,0.6875
0.0,0.0,0.0,0.0,0.0,0.0,1.0,2.0,0.53125
0.0,0.0,0.0,0.0,0.0,-1.0,1.0,0.0,0.53125
0.0,0.0,0.0,1.0,0.0,1.0,1.0,0.0,0.53125
0.0,0.0,0.0,1.0,0.0,1.0,0.0,-2.0,0.53125
0.0,0.0,0.0,1.0,0.0,2.0,2.0,0.0,0.53125
0.0,0.0,-1.0,1.0,0.0,0.0,2.0,0.0,0.53125
0.0,0.0,-1.0,1.0,0.0,0.0,3.0,2.0,0.53125
0.0,-1.0,-1.0,-1.0,0.0,0.0,3.0,2.0,0.53125
1.0,-1.0,1.0,-1.0,0.0,2.0,3.0,4.0,0.53125
1.0,-2.0,-1.0,-1.0,0.0,2.0,3.0,4.0,0.53125
1.0,-2.0,-1.0,-1.0,0.0,-1.0,3.0,0.0,0.53125
1.0,-2.0,2.0,-1.0,0.0,3.0,3.0,4.0,0.53125
1.0,-2.0,2.0,-2.0,0.0,-1.0,-1.0,4.0,0.53125
1.0,-2.0,2.0,0.0,1.0,-1.0,-1.0,4.0,0.53125
0.0,-2.0,0.0,0.0,1.0,-3.0,-1.0,0.0,0.53125
0.0,-1.0,0.0,2.0,1.0,1.0,3.0,0.0,0.53125
0.0,-1.0,0.0,2.0,0.0,1.0,1.0,0.0,0.53125
0.0,-1.0,0.0,3.0,0.0,3.0,1.0,0.0,0.53125
0.0,-2.0,0.0,3.0,-2.0,1.0,1.0,0.0,0.53125
0.0,0.0,0.0,0.0,0.0,0.0,1.0,2.0,0.9375
0.0,0.0,0.0,0.0,0.0,-1.0,1.0,0.0,0.9375
0.0,0.0,0.0,1.0,0.0,1.0,1.0,0.0,0.9375
0.0,0.0,0.0,1.0,0.0,1.0,0.0,-2.0,0.9375
0.0,0.0,0.0,1.0,0.0,2.0,2.0,0.0,0.9375
0.0,0.0,-1.0,1.0,0.0,0.0,2.0,0.0,0.9375
0.0,0.0,-1.0,1.0,0.0,0.0,3.0,2.0,0.9375
0.0,-1.0,-1.0,-1.0,0.0,0.0,3.0,2.0,0.9375
1.0,-1.0,1.0,-1.0,0.0,2.0,3.0,4.0,0.9375
1.0,-2.0,-1.0,-1.0,0.0,2.0,3.0,4.0,0.9375
1.0,-2.0,-1.0,-1.0,0.0,-1.0,3.0,0.0,0.9375
1.0,-2.0,-1.0,-1.0,0.0,-1.0,4.0,2.0,0.9375
1.0,-2.0,-1.0,-1.0,0.0,-1.0,1.0,2.0,0.9375
1.0,-2.0,-1.0,0.0,0.0,1.0,5.0,2.0,0.9375
1.0,-2.0,-1.0,-1.0,0.0,-1.0,-1.0,2.0,0.9375
1.0,-2.0,-1.0,0.0,0.0,-1.0,1.0,2.0,0.9375
1.0,-2.0,-1.0,-2.0,-1.0,-1.0,1.0,2.0,0.9375
1.0,-1.0,-1.0,0.0,-1.0,-1.0,1.0,2.0,0.9375
1.0,-2.0,-1.0,-2.0,-1.0,-3.0,-1.0,2.0,0.9375
0.0,0.0,0.0,0.0,0.0,0.0,1.0,2.0,-0.40625
0.0,0.0,0.0,0.0,0.0,-1.0,1.0,0.0,-0.40625
0.0,0.0,0.0,1.0,0.0,1.0,1.0,0.0,-0.40625
0.0,0.0,0.0,1.0,0.0,1.0,0.0,-2.0,-0.40625
0.0,0.0,0.0,1.0,0.0,2.0,2.0,0.0,-0.40625
0.0,0.0,-1.0,1.0,0.0,0.0,2.0,0.0,-0.40625
0.0,0.0,-1.0,1.0,0.0,0.0,3.0,2.0,-0.40625
0.0,0.0,-1.0,-1.0,-1.0,0.0,3.0,2.0,-0.40625
0.0,1.0,-1.0,1.0,-1.0,2.0,3.0,2.0,-0.40625
0.0,1.0,-1.0,1.0,-1.0,2.0,2.0,0.0,-0.40625
0.0,2.0,1.0,1.0,-1.0,2.0,2.0,0.0,-0.40625
-1.0,2.0,-1.0,1.0,-1.0,0.0,2.0,0.0,-0.40625
-1.0,2.0,-1.0,2.0,-1.0,0.0,4.0,0.0,-0.40625
-1.0,-1.0,-1.0,2.0,-1.0,0.0,4.0,0.0,-0.40625
-1.0,-1.0,-1.0,2.0,-1.0,1.0,4.0,2.0,-0.40625
-1.0,-1.0,-1.0,2.0,-1.0,1.0,3.0,0.0,-0.40625
-1.0,-1.0,-1.0,3.0,-1.0,1.0,5.0,0.0,-0.40625
-1.0,-2.0,-1.0,1.0,-1.0,-1.0,1.0,0.0,-0.40625
-1.0,-2.0,-1.0,1.0,0.0,-1.0,5.0,2.0,-0.40625
0.0,0.0,0.0,0.0,0.0,0.0,1.0,2.0,0.28125
0.0,0.0,0.0,0.0,0.0,-1.0,1.0,0.0,0.28125
0.0,0.0,0.0,1.0,0.0,1.0,1.0,0.0,0.28125
0.0,0.0,0.0,1.0,0.0,1.0,0.0,-2.0,0.28125
0.0,0.0,0.0,1.0,0.0,2.0,2.0,0.0,0.28125
0.0,0.0,-1.0,1.0,0.0,0.0,2.0,0.0,0.28125
0.0,0.0,-1.0,1.0,0.0,0.0,3.0,2.0,0.28125
0.0,-1.0,-1.0,-1.0,0.0,0.0,3.0,2.0,0.28125
1.0,-1.0,1.0,-1.0,0.0,2.0,3.0,4.0,0.28125
1.0,-2.0,-1.0,-1.0,0.0,2.0,3.0,4.0,0.28125
1.0,-2.0,-1.0,-1.0,0.0,-1.0,3.0,0.0,0.28125
1.0,-2.0,2.0,-1.0,0.0,3.0,3.0,4.0,0.28125
1.0,-2.0,2.0,-2.0,0.0,-1.0,-1.0,4.0,0.28125
1.0,-2.0,2.0,0.0,1.0,-1.0,-1.0,4.0,0.28125
0.0,-2.0,0.0,0.0,1.0,-3.0,-1.0,0.0,0.28125
0.0,-1.0,0.0,2.0,1.0,1.0,3.0,0.0,0.28125
0.0,-1.0,0.0,2.0,0.0,1.0,1.0,0.0,0.28125
0.0,-1.0,0.0,3.0,0.0,3.0,1.0,0.0,0.28125
0.0,-2.0,0.0,3.0,-2.0,1.0,1.0,0.0,0.28125
0.0,0.0,0.0,0.0,0.0,0.0,1.0,2.0,-0.59375
0.0,0.0,0.0,0.0,0.0,-1.0,1.0,0.0,-0.59375
0.0,0.0,0.0,1.0,0.0,1.0,1.0,0.0,-0.59375
0.0,0.0,0.0,1.0,0.0,1.0,0.0,-2.0,-0.59375
0.0,0.0,0.0,1.0,0.0,2.0,0.0,2.0,-0.59375
0.0,-1.0,0.0,-1.0,0.0,0.0,-2.0,2.0,-0.59375
0.0,-1.0,0.0,-1.0,0.0,1.0,-2.0,4.0,-0.59375
0.0,-1.0,0.0,-1.0,0.0,1.0,-3.0,0.0,-0.59375
0.0,-1.0,0.0,-1.0,0.0,2.0,-3.0,2.0,-0.59375
0.0,-1.0,0.0,-2.0,0.0,0.0,-3.0,2.0,-0.59375
0.0,-1.0,1.0,-2.0,0.0,2.0,-3.0,4.0,-0.59375
0.0,-1.0,1.0,-2.0,0.0,2.0,-4.0,0.0,-0.59375
0.0,-1.0,1.0,0.0,1.0,2.0,-4.0,0.0,-0.59375
0.0,-1.0,1.0,0.0,1.0,2.0,-5.0,-4.0,-0.59375
0.0,-1.0,1.0,0.0,1.0,2.0,-2.0,-4.0,-0.59375
0.0,-2.0,1.0,-2.0,1.0,2.0,-4.0,-4.0,-0.59375
0.0,-1.0,1.0,0.0,1.0,4.0,0.0,-4.0,-0.59375
-1.0,-1.0,-1.0,0.0,1.0,2.0,0.0,-4.0,-0.59375
-1.0,-1.0,-1.0,0.0,1.0,2.0,3.0,0.0,-0.59375
0.0,0.0,0.0,0.0,0.0,0.0,1.0,2.0,0.125
0.0,0.0,0.0,0.0,0.0,-1.0,1.0,0.0,0.125
0.0,0.0,0.0,1.0,0.0,1.0,1.0,0.0,0.125
0.0,0.0,0.0,1.0,0.0,1.0,0.0,-2.0,0.125
0.0,0.0,0.0,1.0,0.0,2.0,2.0,0.0,0.125
0.0,0.0,-1.0,1.0,0.0,0.0,2.0,0.0,0.125
0.0,0.0,-1.0,1.0,0.0,0.0,3.0,2.0,0.125
0.0,-1.0,-1.0,-1.0,0.0,0.0,3.0,2.0,0.125
1.0,-1.0,1.0,-1.0,0.0,2.0,3.0,4.0,0.125
1.0,-2.0,-1.0,-1.0,0.0,2.0,3.0,4.0,0.125
1.0,-2.0,-1.0,-1.0,0.0,-1.0,3.0,0.0,0.125
1.0,-2.0,2.0,-1.0,0.0,3.0,3.0,4.0,0.125
1.0,-2.0,2.0,-2.0,0.0,-1.0,-1.0,4.0,0.125
1.0,-2.0,2.0,0.0,1.0,-1.0,-1.0,4.0,0.125
0.0,-2.0,0.0,0.0,1.0,-3.0,-1.0,0.0,0.125
0.0,-1.0,0.0,2.0,1.0,1.0,3.0,0.0,0.125
0.0,-1.0,0.0,2.0,0.0,1.0,1.0,0.0,0.125
0.0,-1.0,0.0,3.0,0.0,3.0,1.0,0.0,0.125
0.0,-2.0,0.0,3.0,-2.0,1.0,1.0,0.0,0.125
0.0,0.0,0.0,0.0,0.0,0.0,1.0,2.0,0.625
0.0,0.0,0.0,0.0,0.0,-1.0,1.0,0.0,0.625
0.0,0.0,0.0,1.0,0.0,1.0,1.0,0.0,0.625
0.0,0.0,0.0,1.0,0.0,1.0,0.0,-2.0,0.625
0.0,0.0,0.0,1.0,0.0,2.0,2.0,0.0,0.625
0.0,0.0,-1.0,1.0,0.0,0.0,2.0,0.0,0.625
0.0,0.0,-1.0,1.0,0.0,0.0,3.0,2.0,0.625
0.0,-1.0,-1.0,-1.0,0.0,0.0,3.0,2.0,0.625
1.0,-1.0,1.0,-1.0,0.0,2.0,3.0,4.0,0.625
1.0,-2.0,-1.0,-1.0,0.0,2.0,3.0,4.0,0.625
1.0,-2.0,-1.0,-1.0,0.0,-1.0,3.0,0.0,0.625
1.0,-2.0,2.0,-1.0,0.0,3.0,3.0,4.0,0.625
1.0,-2.0,2.0,-2.0,0.0,-1.0,-1.0,4.0,0.625
1.0,-2.0,2.0,0.0,1.0,-1.0,-1.0,4.0,0.625
0.0,-2.0,0.0,0.0,1.0,-3.0,-1.0,0.0,0.625
0.0,-1.0,0.0,2.0,1.0,1.0,3.0,0.0,0.625
0.0,-1.0,0.0,2.0,0.0,1.0,1.0,0.0,0.625
0.0,-1.0,0.0,3.0,0.0,3.0,1.0,0.0,0.625
0.0,-2.0,0.0,3.0,-2.0,1.0,1.0,0.0,0.625
0.0,0.0,0.0,0.0,0.0,0.0,1.0,2.0,0.21875
0.0,0.0,0.0,0.0,0.0,-1.0,1.0,0.0,0.21875
0.0,0.0,0.0,1.0,0.0,1.0,1.0,0.0,0.21875
0.0,0.0,0.0,1.0,0.0,1.0,0.0,-2.0,0.21875
0.0,0.0,0.0,1.0,0.0,2.0,2.0,0.0,0.21875
0.0,0.0,-1.0,1.0,0.0,0.0,2.0,0.0,0.21875
0.0,0.0,-1.0,1.0,0.0,0.0,3.0,2.0,0.21875
0.0,0.0,-1.0,0.0,0.0,-2.0,-1.0,2.0,0.21875
0.0,1.0,-1.0,2.0,0.0,2.0,3.0,2.0,0.21875
0.0,1.0,-1.0,1.0,0.0,2.0,1.0,2.0,0.21875
0.0,2.0,-1.0,3.0,0.0,2.0,1.0,2.0,0.21875
0.0,1.0,-1.0,1.0,0.0,0.0,-1.0,2.0,0.21875
1.0,1.0,1.0,1.0,0.0,2.0,-1.0,4.0,0.21875
1.0,1.0,1.0,1.0,0.0,2.0,-2.0,0.0,0.21875
1.0,1.0,1.0,1.0,1.0,2.0,0.0,0.0,0.21875
1.0,0.0,-1.0,1.0,1.0,2.0,0.0,0.0,0.21875
1.0,0.0,-1.0,2.0,1.0,2.0,2.0,0.0,0.21875
1.0,0.0,-1.0,2.0,0.0,2.0,0.0,-2.0,0.21875
1.0,1.0,-1.0,4.0,0.0,2.0,0.0,-2.0,0.21875
0.0,0.0,0.0,0.0,0.0,0.0,1.0,2.0,0.5
0.0,0.0,0.0,0.0,0.0,-1.0,1.0,0.0,0.5
0.0,0.0,0.0,1.0,0.0,1.0,1.0,0.0,0.5
0.0,0.0,0.0,1.0,0.0,1.0,0.0,-2.0,0.5
0.0,0.0,0.0,1.0,0.0,2.0,2.0,0.0,0.5
0.0,0.0,-1.0,1.0,0.0,0.0,2.0,0.0,0.5
0.0,0.0,-1.0,1.0,0.0,0.0,3.0,2.0,0.5
0.0,-1.0,-1.0,-1.0,0.0,0.0,3.0,2.0,0.5
1.0,-1.0,1.0,-1.0,0.0,2.0,3.0,4.0,0.5
1.0,-2.0,-1.0,-1.0,0.0,2.0,3.0,4.0,0.5
1.0,-2.0,-1.0,-1.0,0.0,-1.0,3.0,0.0,0.5
1.0,-2.0,2.0,-1.0,0.0,3.0,3.0,4.0,0.5
1.0,-2.0,2.0,-2.0,0.0,-1.0,-1.0,4.0,0.5
1.0,-2.0,2.0,0.0,1.0,-1.0,-1.0,4.0,0.5
0.0,-2.0,0.0,0.0,1.0,-3.0,-1.0,0.0,0.5
0.0,-1.0,0.0,2.0,1.0,1.0,3.0,0.0,0.5
0.0,-1.0,0.0,2.0,0.0,1.0,1.0,0.0,0.5
0.0,-1.0,0.0,3.0,0.0,3.0,1.0,0.0,0.5
0.0,-2.0,0.0,3.0,-2.0,1.0,1.0,0.0,0.5
0.0,0.0,0.0,0.0,0.0,0.0,1.0,2.0,-0.53125
0.0,0.0,0.0,0.0,0.0,-1.0,1.0,0.0,-0.53125
0.0,0.0,0.0,1.0,0.0,1.0,1.0,0.0,-0.53125
0.0,0.0,0.0,1.0,0.0,1.0,0.0,-2.0,-0.53125
0.0,0.0,0.0,1.0,0.0,2.0,2.0,0.0,-0.53125
0.0,0.0,-1.0,1.0,0.0,0.0,2.0,0.0,-0.53125
0.0,1.0,1.0,1.0,0.0,0.0,2.0,0.0,-0.53125
-1.0,1.0,-1.0,1.0,0.0,0.0,2.0,0.0,-0.53125
-1.0,1.0,-1.0,1.0,0.0,0.0,3.0,2.0,-0.53125
-1.0,-2.0,-1.0,1.0,0.0,0.0,3.0,2.0,-0.53125
-1.0,-2.0,-1.0,1.0,0.0,1.0,3.0,4.0,-0.53125
-1.0,-2.0,-1.0,-1.0,-1.0,1.0,3.0,4.0,-0.53125
-1.0,-1.0,-1.0,1.0,1.0,3.0,3.0,4.0,-0.53125
-1.0,-1.0,-1.0,-1.0,-2.0,3.0,3.0,4.0,-0.53125
-1.0,0.0,-1.0,-1.0,2.0,3.0,3.0,4.0,-0.53125
-1.0,0.0,-1.0,-2.0,-2.0,3.0,3.0,4.0,-0.53125
-1.0,1.0,-1.0,0.0,-2.0,3.0,3.0,4.0,-0.53125
-1.0,1.0,-2.0,-2.0,-2.0,3.0,3.0,4.0,-0.53125
-1.0,1.0,0.0,1.0,-2.0,3.0,3.0,4.0,-0.53125
0.0,0.0,0.0,0.0,0.0,0.0,1.0,2.0,0.5
0.0,0.0,0.0,0.0,0.0,-1.0,1.0,0.0,0.5
0.0,0.0,0.0,1.0,0.0,1.0,1.0,0.0,0.5
0.0,0.0,0.0,1.0,0.0,1.0,0.0,-2.0,0.5
0.0,0.0,0.0,1.0,0.0,2.0,2.0,0.0,0.5
0.0,0.0,-1.0,1.0,0.0,0.0,2.0,0.0,0.5
0.0,0.0,-1.0,1.0,0.0,0.0,3.0,2.0,0.5
0.0,-1.0,-1.0,-1.0,0.0,0.0,3.0,2.0,0.5
1.0,-1.0,1.0,-1.0,0.0,2.0,3.0,4.0,0.5
1.0,-2.0,-1.0,-1.0,0.0,2.0,3.0,4.0,0.5
1.0,-2.0,-1.0,-1.0,0.0,-1.0,3.0,0.0,0.5
1.0,-2.0,2.0,-1.0,0.0,3.0,3.0,4.0,0.5
1.0,-2.0,2.0,-2.0,0.0,-1.0,-1.0,4.0,0.5
1.0,-2.0,2.0,0.0,1.0,-1.0,-1.0,4.0,0.5
0.0,-2.0,0.0,0.0,1.0,-3.0,-1.0,0.0,0.5
0.0,-1.0,0.0,2.0,1.0,1.0,3.0,0.0,0.5
0.0,-1.0,0.0,2.0,0.0,1.0,1.0,0.0,0.5
0.0,-1.0,0.0,3.0,0.0,3.0,1.0,0.0,0.5
0.0,-2.0,0.0,3.0,-2.0,1.0,1.0,0.0,0.5
0.0,0.0,0.0,0.0,0.0,0.0,1.0,2.0,0.34375
0.0,0.0,0.0,0.0,0.0,-1.0,1.0,0.0,0.34375
0.0,0.0,0.0,1.0,0.0,1.0,1.0,0.0,0.34375
0.0,0.0,0.0,1.0,0.0,1.0,0.0,-2.0,0.34375
0.0,0.0,0.0,1.0,0.0,2.0,2.0,0.0,0.34375
0.0,0.0,-1.0,1.0,0.0,0.0,2.0,0.0,0.34375
0.0,0.0,-1.0,1.0,0.0,0.0,3.0,2.0,0.34375
0.0,-1.0,-1.0,-1.0,0.0,0.0,3.0,2.0,0.34375
1.0,-1.0,1.0,-1.0,0.0,2.0,3.0,4.0,0.34375
1.0,-2.0,-1.0,-1.0,0.0,2.0,3.0,4.0,0.34375
1.0,-2.0,-1.0,-1.0,0.0,-1.0,3.0,0.0,0.34375
1.0,-2.0,2.0,-1.0,0.0,3.0,3.0,4.0,0.34375
1.0,-2.0,2.0,-2.0,0.0,-1.0,-1.0,4.0,0.34375
1.0,-2.0,2.0,0.0,1.0,-1.0,-1.0,4.0,0.34375
0.0,-2.0,0.0,0.0,1.0,-3.0,-1.0,0.0,0.34375
0.0,-1.0,0.0,2.0,1.0,1.0,3.0,0.0,0.34375
0.0,-1.0,0.0,2.0,0.0,1.0,1.0,0.0,0.34375
0.0,0.0,0.0,2.0,2.0,1.0,1.0,0.0,0.34375
0.0,0.0,0.0,2.0,0.0,1.0,-4.0,-2.0,0.34375
0.0,0.0,0.0,0.0,0.0,0.0,1.0,2.0,-0.59375
0.0,0.0,0.0,0.0,0.0,0.0,0.0,0.0,-0.59375
0.0,0.0,0.0,0.0,0.0,0.0,1.0,2.0,-0.59375
0.0,0.0,0.0,0.0,0.0,-1.0,1.0,0.0,-0.59375
0.0,0.0,0.0,0.0,1.0,-1.0,3.0,2.0,-0.59375
0.0,0.0,0.0,0.0,1.0,-2.0,3.0,0.0,-0.59375
0.0,0.0,0.0,0.0,1.0,-2.0,4.0,2.0,-0.59375
0.0,-1.0,0.0,0.0,-1.0,-2.0,4.0,2.0,-0.59375
0.0,-1.0,0.0,1.0,-1.0,0.0,4.0,2.0,-0.59375
0.0,-1.0,0.0,0.0,-1.0,0.0,2.0,2.0,-0.59375
0.0,-1.0,0.0,0.0,0.0,0.0,4.0,2.0,-0.59375
0.0,-1.0,0.0,0.0,-1.0,-2.0,4.0,2.0,-0.59375
0.0,0.0,0.0,2.0,-1.0,-2.0,4.0,2.0,-0.59375
0.0,-1.0,0.0,2.0,-3.0,-2.0,0.0,-2.0,-0.59375
0.0,-1.0,0.0,2.0,-3.0,-2.0,3.0,0.0,-0.59375
0.0,-2.0,0.0,0.0,-3.0,-2.0,1.0,0.0,-0.59375
0.0,-2.0,0.0,0.0,0.0,-2.0,1.0,0.0,-0.59375
0.0,-2.0,0.0,-1.0,0.0,-2.0,-1.0,0.0,-0.59375
0.0,-1.0,0.0,-1.0,2.0,-2.0,1.0,4.0,-0.59375
0.0,0.0,0.0,0.0,0.0,0.0,1.0,2.0,0.90625
0.0,0.0,0.0,0.0,0.0,-1.0,1.0,0.0,0.90625
0.0,0.0,0.0,1.0,0.0,1.0,1.0,0.0,0.90625
0.0,0.0,0.0,1.0,0.0,1.0,0.0,-2.0,0.90625
0.0,0.0,0.0,1.0,0.0,2.0,2.0,0.0,0.90625
0.0,0.0,-1.0,1.0,0.0,0.0,2.0,0.0,0.90625
0.0,0.0,-1.0,1.0,0.0,0.0,3.0,2.0,0.90625
0.0,-1.0,-1.0,-1.0,0.0,0.0,3.0,2.0,0.90625
1.0,-1.0,1.0,-1.0,0.0,2.0,3.0,4.0,0.90625
1.0,-2.0,-1.0,-1.0,0.0,2.0,3.0,4.0,0.90625
1.0,-2.0,-1.0,-2.0,0.0,-2.0,-1.0,4.0,0.90625
1.0,-2.0,-1.0,-1.0,0.0,-2.0,1.0,4.0,0.90625
1.0,-2.0,-1.0,-1.0,0.0,-2.0,0.0,2.0,0.90625
1.0,-1.0,1.0,-1.0,0.0,-2.0,0.0,2.0,0.90625
1.0,-2.0,-1.0,-1.0,0.0,-2.0,0.0,2.0,0.90625
1.0,3.0,-1.0,-1.0,0.0,-2.0,0.0,2.0,0.90625
1.0,3.0,-1.0,-1.0,0.0,-2.0,-1.0,0.0,0.90625
1.0,6.0,-1.0,1.0,0.0,-2.0,-1.0,0.0,0.90625
1.0,6.0,-1.0,1.0,-1.0,-2.0,-3.0,-4.0,0.90625
0.0,0.0,0.0,0.0,0.0,0.0,1.0,2.0,-0.09375
0.0,0.0,0.0,0.0,0.0,-1.0,1.0,0.0,-0.09375
0.0,0.0,0.0,1.0,0.0,1.0,1.0,0.0,-0.09375
0.0,0.0,0.0,1.0,0.0,1.0,0.0,-2.0,-0.09375
0.0,0.0,0.0,1.0,0.0,2.0,2.0,0.0,-0.09375
0.0,0.0,-1.0,1.0,0.0,0.0,2.0,0.0,-0.09375
0.0,0.0,-1.0,1.0,0.0,0.0,3.0,2.0,-0.09375
0.0,-1.0,-1.0,-1.0,0.0,0.0,3.0,2.0,-0.09375
1.0,-1.0,1.0,-1.0,0.0,2.0,3.0,4.0,-0.09375
1.0,-2.0,-1.0,-1.0,0.0,2.0,3.0,4.0,-0.09375
1.0,-2.0,-1.0,-1.0,0.0,-1.0,3.0,0.0,-0.09375
1.0,-2.0,2.0,-1.0,0.0,3.0,3.0,4.0,-0.09375
1.0,-2.0,2.0,-2.0,0.0,-1.0,-1.0,4.0,-0.09375
1.0,-2.0,2.0,0.0,1.0,-1.0,-1.0,4.0,-0.09375
0.0,-2.0,0.0,0.0,1.0,-3.0,-1.0,0.0,-0.09375
0.0,-1.0,0.0,2.0,1.0,1.0,3.0,0.0,-0.09375
0.0,-1.0,0.0,2.0,0.0,1.0,1.0,0.0,-0.09375
0.0,-1.0,0.0,3.0,0.0,3.0,1.0,0.0,-0.09375
0.0,-2.0,0.0,3.0,-2.0,1.0,1.0,0.0,-0.09375
0.0,0.0,0.0,0.0,0.0,0.0,1.0,2.0,0.21875
0.0,0.0,0.0,0.0,0.0,-1.0,1.0,0.0,0.21875
0.0,0.0,0.0,1.0,0.0,1.0,1.0,0.0,0.21875
0.0,0.0,0.0,1.0,0.0,1.0,0.0,-2.0,0.21875
0.0,0.0,0.0,1.0,0.0,2.0,2.0,0.0,0.21875
0.0,0.0,-1.0,1.0,0.0,0.0,2.0,0.0,0.21875
0.0,0.0,-1.0,1.0,0.0,0.0,3.0,2.0,0.21875
0.0,-1.0,-1.0,-1.0,0.0,0.0,3.0,2.0,0.21875
1.0,-1.0,1.0,-1.0,0.0,2.0,3.0,4.0,0.21875
1.0,-2.0,-1.0,-1.0,0.0,2.0,3.0,4.0,0.21875
1.0,-2.0,-1.0,-1.0,0.0,-1.0,3.0,0.0,0.21875
1.0,-2.0,2.0,-1.0,0.0,3.0,3.0,4.0,0.21875
1.0,-2.0,2.0,-2.0,0.0,-1.0,-1.0,4.0,0.21875
1.0,-2.0,2.0,0.0,1.0,-1.0,-1.0,4.0,0.21875
0.0,-2.0,0.0,0.0,1.0,-3.0,-1.0,0.0,0.21875
0.0,-1.0,0.0,2.0,1.0,1.0,3.0,0.0,0.21875
0.0,-1.0,0.0,2.0,0.0,1.0,1.0,0.0,0.21875
0.0,-1.0,0.0,3.0,0.0,3.0,1.0,0.0,0.21875
0.0,-2.0,0.0,3.0,-2.0,1.0,1.0,0.0,0.21875
0.0,0.0,0.0,0.0,0.0,0.0,1.0,2.0,0.1875
0.0,0.0,0.0,0.0,0.0,-1.0,1.0,0.0,0.1875
0.0,0.0,0.0,0.0,0.0,-1.0,2.0,2.0,0.1875
0.0,0.0,0.0,0.0,0.0,-1.0,-1.0,2.0,0.1875
0.0,0.0,0.0,0.0,1.0,-1.0,1.0,2.0,0.1875
0.0,-1.0,0.0,0.0,-1.0,-1.0,1.0,2.0,0.1875
0.0,-1.0,0.0,0.0,-1.0,-1.0,2.0,4.0,0.1875
0.0,-1.0,0.0,0.0,-1.0,-1.0,-1.0,4.0,0.1875
0.0,-1.0,0.0,1.0,-1.0,-1.0,1.0,4.0,0.1875
0.0,-2.0,0.0,-1.0,-1.0,-1.0,1.0,4.0,0.1875
0.0,-2.0,0.0,0.0,-1.0,1.0,3.0,4.0,0.1875
0.0,-2.0,0.0,0.0,-1.0,1.0,0.0,0.0,0.1875
0.0,-2.0,0.0,0.0,-1.0,2.0,2.0,0.0,0.1875
0.0,-3.0,0.0,-2.0,-1.0,2.0,0.0,-2.0,0.1875
0.0,-3.0,0.0,-2.0,0.0,2.0,2.0,-2.0,0.1875
0.0,-3.0,0.0,-3.0,0.0,2.0,0.0,-2.0,0.1875
0.0,-3.0,0.0,-3.0,0.0,3.0,0.0,0.0,0.1875
0.0,-4.0,0.0,-3.0,-2.0,3.0,0.0,0.0,0.1875
0.0,-3.0,0.0,-3.0,0.0,3.0,0.0,0.0,0.1875
0.0,0.0,0.0,0.0,0.0,0.0,1.0,2.0,-0.65625
0.0,0.0,0.0,0.0,0.0,0.0,0.0,0.0,-0.65625
0.0,0.0,0.0,0.0,0.0,0.0,1.0,2.0,-0.65625
0.0,0.0,0.0,0.0,0.0,-1.0,1.0,0.0,-0.65625
0.0,0.0,0.0,0.0,1.0,-1.0,3.0,2.0,-0.65625
0.0,0.0,0.0,0.0,1.0,-2.0,3.0,0.0,-0.65625
0.0,0.0,0.0,1.0,1.0,0.0,3.0,0.0,-0.65625
0.0,-1.0,0.0,1.0,-1.0,0.0,1.0,0.0,-0.65625
0.0,-1.0,0.0,2.0,-1.0,0.0,3.0,0.0,-0.65625
0.0,-1.0,0.0,1.0,-1.0,0.0,1.0,0.0,-0.65625
0.0,-1.0,0.0,1.0,-1.0,0.0,2.0,2.0,-0.65625
0.0,-2.0,0.0,-3.0,-1.0,0.0,2.0,2.0,-0.65625
0.0,-1.0,0.0,-1.0,-1.0,0.0,2.0,2.0,-0.65625
0.0,-1.0,0.0,-1.0,-2.0,0.0,0.0,0.0,-0.65625
0.0,-1.0,0.0,-1.0,-2.0,1.0,0.0,2.0,-0.65625
0.0,-1.0,0.0,-2.0,-2.0,-1.0,0.0,2.0,-0.65625
0.0,0.0,0.0,-2.0,0.0,-1.0,2.0,2.0,-0.65625
0.0,0.0,0.0,-2.0,0.0,-1.0,-1.0,-2.0,-0.65625
0.0,0.0,1.0,-2.0,0.0,1.0,-1.0,2.0,-0.65625
0.0,0.0,0.0,0.0,0.0,0.0,1.0,2.0,0.40625
0.0,0.0,0.0,0.0,0.0,-1.0,1.0,0.0,0.40625
0.0,0.0,0.0,1.0,0.0,1.0,1.0,0.0,0.40625
0.0,0.0,0.0,1.0,0.0,1.0,0.0,-2.0,0.40625
0.0,0.0,0.0,1.0,0.0,2.0,2.0,0.0,0.40625
0.0,0.0,-1.0,1.0,0.0,0.0,2.0,0.0,0.40625
0.0,0.0,-1.0,1.0,0.0,0.0,3.0,2.0,0.40625
0.0,-1.0,-1.0,-1.0,0.0,0.0,3.0,2.0,0.40625
1.0,-1.0,1.0,-1.0,0.0,2.0,3.0,2.0,0.40625
1.0,-1.0,1.0,-1.0,0.0,2.0,0.0,0.0,0.40625
1.0,-1.0,1.0,-1.0,0.0,2.0,3.0,0.0,0.40625
1.0,-2.0,-1.0,-1.0,0.0,2.0,3.0,0.0,0.40625
1.0,-1.0,-1.0,1.0,0.0,2.0,3.0,0.0,0.40625
1.0,-1.0,-1.0,-2.0,0.0,-2.0,-1.0,0.0,0.40625
1.0,2.0,-1.0,-2.0,0.0,-2.0,-1.0,0.0,0.40625
1.0,2.0,-1.0,-2.0,0.0,-3.0,-5.0,0.0,0.40625
1.0,3.0,-1.0,2.0,0.0,1.0,-1.0,0.0,0.40625
1.0,3.0,-1.0,1.0,0.0,-1.0,-1.0,0.0,0.40625
1.0,3.0,-1.0,1.0,1.0,-1.0,1.0,2.0,0.40625
0.0,0.0,0.0,0.0,0.0,0.0,1.0,2.0,0.21875
0.0,0.0,0.0,0.0,0.0,-1.0,1.0,0.0,0.21875
0.0,0.0,0.0,1.0,0.0,1.0,1.0,0.0,0.21875
0.0,0.0,0.0,1.0,0.0,1.0,0.0,-2.0,0.21875
0.0,0.0,0.0,1.0,0.0,2.0,2.0,0.0,0.21875
0.0,0.0,-1.0,1.0,0.0,0.0,2.0,0.0,0.21875
0.0,0.0,-1.0,1.0,0.0,0.0,3.0,2.0,0.21875
0.0,-1.0,-1.0,-1.0,0.0,0.0,3.0,2.0,0.21875
1.0,-1.0,1.0,-1.0,0.0,2.0,3.0,4.0,0.21875
1.0,-2.0,-1.0,-1.0,0.0,2.0,3.0,4.0,0.21875
1.0,-2.0,-1.0,-1.0,0.0,-1.0,3.0,0.0,0.21875
1.0,-2.0,2.0,-1.0,0.0,3.0,3.0,4.0,0.21875
1.0,-2.0,2.0,-2.0,0.0,-1.0,-1.0,4.0,0.21875
1.0,-2.0,2.0,0.0,1.0,-1.0,-1.0,4.0,0.21875
0.0,-2.0,0.0,0.0,1.0,-3.0,-1.0,0.0,0.21875
0.0,-1.0,0.0,2.0,1.0,1.0,3.0,0.0,0.21875
0.0,-1.0,0.0,2.0,0.0,1.0,1.0,0.0,0.21875
0.0,-1.0,0.0,3.0,0.0,3.0,1.0,0.0,0.21875
0.0,-2.0,0.0,3.0,-2.0,1.0,1.0,0.0,0.21875
0.0,0.0,0.0,0.0,0.0,0.0,1.0,2.0,-0.5625
0.0,0.0,0.0,0.0,0.0,-1.0,1.0,0.0,-0.5625
0.0,0.0,0.0,1.0,0.0,1.0,1.0,0.0,-0.5625
0.0,0.0,0.0,1.0,0.0,1.0,0.0,-2.0,-0.5625
0.0,0.0,0.0,1.0,0.0,2.0,2.0,0.0,-0.5625
0.0,0.0,-1.0,1.0,0.0,0.0,2.0,0.0,-0.5625
0.0,0.0,-1.0,1.0,0.0,0.0,3.0,2.0,-0.5625
0.0,-1.0,-1.0,-1.0,0.0,0.0,3.0,2.0,-0.5625
0.0,-1.0,-1.0,-1.0,0.0,0.0,4.0,4.0,-0.5625
0.0,-1.0,-1.0,-1.0,0.0,-1.0,4.0,0.0,-0.5625
0.0,-1.0,-1.0,-1.0,0.0,-1.0,5.0,2.0,-0.5625
0.0,-1.0,-1.0,-1.0,0.0,-1.0,2.0,0.0,-0.5625
0.0,-1.0,-1.0,0.0,0.0,1.0,6.0,0.0,-0.5625
0.0,-1.0,-1.0,0.0,-1.0,1.0,4.0,0.0,-0.5625
1.0,-1.0,1.0,0.0,-1.0,3.0,4.0,2.0,-0.5625
1.0,-2.0,1.0,-2.0,-1.0,1.0,2.0,2.0,-0.5625
1.0,-1.0,1.0,-2.0,1.0,1.0,4.0,2.0,-0.5625
1.0,-1.0,1.0,-3.0,1.0,-3.0,0.0,2.0,-0.5625
1.0,-1.0,2.0,-1.0,1.0,-1.0,0.0,4.0,-0.5625
0.0,0.0,0.0,0.0,0.0,0.0,1.0,2.0,0.6875
0.0,0.0,0.0,0.0,0.0,-1.0,1.0,0.0,0.6875
0.0,0.0,0.0,1.0,0.0,1.0,1.0,0.0,0.6875
0.0,0.0,0.0,1.0,0.0,1.0,0.0,-2.0,0.6875
0.0,0.0,0.0,1.0,0.0,2.0,2.0,0.0,0.6875
0.0,0.0,-1.0,1.0,0.0,0.0,2.0,0.0,0.6875
0.0,0.0,-1.0,1.0,0.0,0.0,3.0,2.0,0.6875
0.0,-1.0,-1.0,-1.0,0.0,0.0,3.0,2.0,0.6875
1.0,-1.0,1.0,-1.0,0.0,2.0,3.0,4.0,0.6875
1.0,-2.0,-1.0,-1.0,0.0,2.0,3.0,4.0,0.6875
1.0,-2.0,-1.0,-1.0,0.0,-1.0,3.0,0.0,0.6875
1.0,-2.0,2.0,-1.0,0.0,3.0,3.0,4.0,0.6875
1.0,-2.0,2.0,-2.0,0.0,-1.0,-1.0,4.0,0.6875
1.0,-2.0,2.0,0.0,1.0,-1.0,-1.0,4.0,0.6875
0.0,-2.0,0.0,0.0,1.0,-3.0,-1.0,0.0,0.6875
0.0,-1.0,0.0,2.0,1.0,1.0,3.0,0.0,0.6875
0.0,-1.0,0.0,2.0,0.0,1.0,1.0,0.0,0.6875
0.0,-1.0,0.0,3.0,0.0,3.0,1.0,0.0,0.6875
0.0,-2.0,0.0,3.0,-2.0,1.0,1.0,0.0,0.6875
0.0,0.0,0.0,0.0,0.0,0.0,1.0,2.0,0.734375
0.0,0.0,0.0,0.0,0.0,-1.0,1.0,0.0,0.734375
0.0,0.0,0.0,1.0,0.0,1.0,1.0,0.0,0.734375
0.0,0.0,0.0,1.0,0.0,1.0,0.0,-2.0,0.734375
0.0,0.0,0.0,1.0,0.0,2.0,2.0,0.0,0.734375
0.0,0.0,-1.0,1.0,0.0,0.0,2.0,0.0,0.734375
0.0,0.0,-1.0,1.0,0.0,0.0,3.0,2.0,0.734375
0.0,0.0,-1.0,1.0,-1.0,0.0,1.0,2.0,0.734375
0.0,1.0,-1.0,1.0,1.0,0.0,3.0,4.0,0.734375
0.0,1.0,-1.0,1.0,1.0,-1.0,3.0,0.0,0.734375
0.0,1.0,-1.0,2.0,1.0,1.0,3.0,0.0,0.734375
0.0,1.0,-1.0,2.0,1.0,1.0,2.0,-2.0,0.734375
0.0,1.0,-1.0,2.0,2.0,3.0,2.0,-2.0,0.734375
0.0,0.0,-1.0,2.0,0.0,3.0,0.0,-2.0,0.734375
1.0,0.0,1.0,2.0,0.0,3.0,0.0,-2.0,0.734375
1.0,-3.0,1.0,2.0,0.0,3.0,0.0,-2.0,0.734375
1.0,-4.0,1.0,2.0,-2.0,1.0,0.0,-2.0,0.734375
1.0,-4.0,1.0,2.0,1.0,1.0,0.0,-2.0,0.734375
1.0,-5.0,1.0,0.0,1.0,-1.0,-2.0,-2.0,0.734375
0.0,0.0,0.0,0.0,0.0,0.0,1.0,2.0,0.3125
0.0,0.0,0.0,0.0,0.0,-1.0,1.0,0.0,0.3125
0.0,0.0,0.0,0.0,0.0,-1.0,2.0,2.0,0.3125
0.0,0.0,0.0,0.0,0.0,-1.0,-1.0,2.0,0.3125
0.0,0.0,0.0,0.0,0.0,-1.0,0.0,4.0,0.3125
0.0,0.0,0.0,0.0,0.0,-1.0,-3.0,2.0,0.3125
0.0,0.0,0.0,0.0,1.0,-1.0,-1.0,2.0,0.3125
0.0,-1.0,0.0,0.0,-1.0,-1.0,-1.0,2.0,0.3125
0.0,-1.0,1.0,0.0,-1.0,1.0,-1.0,4.0,0.3125
0.0,-1.0,1.0,0.0,-1.0,1.0,-4.0,-2.0,0.3125
0.0,-1.0,1.0,0.0,-1.0,1.0,-3.0,0.0,0.3125
-1.0,-1.0,-1.0,0.0,-1.0,-1.0,-3.0,-2.0,0.3125
-1.0,-1.0,-1.0,0.0,-1.0,0.0,-1.0,-2.0,0.3125
-1.0,-1.0,-1.0,0.0,-2.0,0.0,-3.0,-4.0,0.3125
-1.0,-1.0,-1.0,0.0,-1.0,0.0,-1.0,0.0,0.3125
-1.0,-1.0,-1.0,-1.0,-1.0,-2.0,-5.0,0.0,0.3125
-1.0,0.0,-1.0,-1.0,1.0,-2.0,-3.0,2.0,0.3125
-1.0,-3.0,-1.0,-1.0,1.0,-2.0,-3.0,2.0,0.3125
-1.0,-2.0,-1.0,1.0,1.0,-2.0,-1.0,2.0,0.3125
0.0,0.0,0.0,0.0,0.0,0.0,1.0,2.0,0.28125
0.0,0.0,0.0,0.0,0.0,-1.0,1.0,0.0,0.28125
0.0,0.0,0.0,0.0,0.0,-1.0,2.0,2.0,0.28125
0.0,0.0,0.0,0.0,0.0,-1.0,-1.0,0.0,0.28125
0.0,0.0,0.0,0.0,0.0,0.0,-1.0,2.0,0.28125
0.0,0.0,0.0,0.0,-1.0,0.0,-3.0,2.0,0.28125
0.0,0.0,0.0,1.0,-1.0,2.0,3.0,2.0,0.28125
0.0,0.0,0.0,1.0,-2.0,2.0,-3.0,0.0,0.28125
0.0,0.0,0.0,1.0,-2.0,2.0,-2.0,2.0,0.28125
0.0,0.0,0.0,1.0,-2.0,2.0,-3.0,-2.0,0.28125
0.0,0.0,0.0,1.0,-2.0,2.0,0.0,2.0,0.28125
0.0,-1.0,0.0,-1.0,-2.0,0.0,0.0,2.0,0.28125
0.0,0.0,0.0,-1.0,0.0,0.0,2.0,2.0,0.28125
0.0,0.0,0.0,-1.0,-1.0,0.0,0.0,2.0,0.28125
0.0,1.0,0.0,-1.0,1.0,0.0,0.0,2.0,0.28125
0.0,0.0,0.0,-1.0,-1.0,0.0,0.0,2.0,0.28125
0.0,1.0,0.0,-1.0,1.0,0.0,0.0,2.0,0.28125
0.0,1.0,0.0,-1.0,1.0,-1.0,-4.0,0.0,0.28125
0.0,1.0,0.0,-1.0,2.0,-1.0,-2.0,0.0,0.28125
0.0,0.0,0.0,0.0,0.0,0.0,1.0,2.0,-0.0625
0.0,0.0,0.0,0.0,0.0,-1.0,1.0,0.0,-0.0625
0.0,0.0,0.0,1.0,0.0,1.0,1.0,0.0,-0.0625
0.0,0.0,0.0,1.0,0.0,1.0,0.0,-2.0,-0.0625
0.0,0.0,0.0,1.0,0.0,2.0,2.0,0.0,-0.0625
0.0,0.0,-1.0,1.0,0.0,0.0,2.0,0.0,-0.0625
0.0,0.0,-1.0,1.0,0.0,0.0,3.0,2.0,-0.0625
0.0,0.0,-1.0,1.0,0.0,-1.0,3.0,0.0,-0.0625
0.0,0.0,-1.0,2.0,0.0,1.0,3.0,0.0,-0.0625
0.0,-1.0,-1.0,0.0,0.0,1.0,3.0,0.0,-0.0625
1.0,-1.0,1.0,0.0,0.0,3.0,3.0,4.0,-0.0625
1.0,-2.0,-1.0,0.0,0.0,3.0,3.0,4.0,-0.0625
1.0,-2.0,-1.0,-1.0,0.0,-1.0,-1.0,4.0,-0.0625
1.0,-2.0,-1.0,0.0,0.0,-1.0,1.0,4.0,-0.0625
1.0,-2.0,-1.0,0.0,0.0,-1.0,0.0,2.0,-0.0625
1.0,-1.0,1.0,0.0,0.0,-1.0,0.0,2.0,-0.0625
1.0,-1.0,1.0,0.0,-1.0,-1.0,-2.0,2.0,-0.0625
1.0,2.0,1.0,2.0,-1.0,-1.0,-2.0,2.0,-0.0625
1.0,2.0,1.0,2.0,-1.0,-1.0,-3.0,0.0,-0.0625
0.0,0.0,0.0,0.0,0.0,0.0,1.0,2.0,0.6875
0.0,0.0,0.0,0.0,0.0,-1.0,1.0,0.0,0.6875
0.0,0.0,0.0,0.0,0.0,-1.0,2.0,2.0,0.6875
0.0,0.0,0.0,0.0,0.0,-1.0,-1.0,2.0,0.6875
0.0,0.0,0.0,0.0,1.0,-1.0,1.0,2.0,0.6875
0.0,-1.0,0.0,0.0,-1.0,-1.0,1.0,2.0,0.6875
0.0,-1.0,0.0,0.0,-1.0,-1.0,2.0,4.0,0.6875
0.0,-1.0,0.0,0.0,-1.0,-1.0,-1.0,4.0,0.6875
0.0,-1.0,0.0,1.0,-1.0,-1.0,1.0,4.0,0.6875
0.0,-1.0,0.0,1.0,-1.0,-1.0,-2.0,-2.0,0.6875
0.0,-1.0,0.0,2.0,-1.0,1.0,2.0,0.0,0.6875
0.0,-2.0,0.0,0.0,-1.0,1.0,0.0,-2.0,0.6875
0.0,-2.0,0.0,0.0,-1.0,1.0,1.0,2.0,0.6875
0.0,-3.0,0.0,-2.0,-1.0,-1.0,-1.0,2.0,0.6875
0.0,-3.0,0.0,-2.0,0.0,-1.0,3.0,2.0,0.6875
0.0,-3.0,0.0,-3.0,0.0,-1.0,-1.0,0.0,0.6875
0.0,-3.0,0.0,-3.0,0.0,-1.0,0.0,4.0,0.6875
0.0,-3.0,0.0,-3.0,0.0,-2.0,-2.0,4.0,0.6875
0.0,-2.0,0.0,-1.0,0.0,-2.0,0.0,4.0,0.6875
0.0,0.0,0.0,0.0,0.0,0.0,1.0,2.0,0.0625
0.0,0.0,0.0,0.0,0.0,-1.0,1.0,0.0,0.0625
0.0,0.0,0.0,1.0,0.0,1.0,1.0,0.0,0.0625
0.0,0.0,0.0,1.0,0.0,1.0,0.0,-2.0,0.0625
0.0,0.0,0.0,1.0,0.0,2.0,2.0,0.0,0.0625
0.0,0.0,-1.0,1.0,0.0,0.0,2.0,0.0,0.0625
0.0,0.0,-1.0,1.0,0.0,0.0,3.0,2.0,0.0625
0.0,-1.0,-1.0,-1.0,0.0,0.0,3.0,2.0,0.0625
1.0,-1.0,1.0,-1.0,0.0,2.0,3.0,4.0,0.0625
1.0,-2.0,-1.0,-1.0,0.0,2.0,3.0,4.0,0.0625
1.0,-2.0,-1.0,-1.0,0.0,-1.0,3.0,0.0,0.0625
1.0,-2.0,2.0,-1.0,0.0,3.0,3.0,4.0,0.0625
1.0,-2.0,2.0,-2.0,0.0,-1.0,-1.0,4.0,0.0625
1.0,-2.0,2.0,0.0,1.0,-1.0,-1.0,4.0,0.0625
0.0,-2.0,0.0,0.0,1.0,-3.0,-1.0,0.0,0.0625
0.0,-1.0,0.0,2.0,1.0,1.0,3.0,0.0,0.0625
0.0,-1.0,0.0,2.0,0.0,1.0,1.0,0.0,0.0625
0.0,-1.0,0.0,3.0,0.0,3.0,1.0,0.0,0.0625
0.0,-2.0,0.0,3.0,-2.0,1.0,1.0,0.0,0.0625
0.0,0.0,0.0,0.0,0.0,0.0,1.0,2.0,-0.125
0.0,0.0,0.0,0.0,0.0,-1.0,1.0,0.0,-0.125
0.0,0.0,0.0,1.0,0.0,1.0,1.0,0.0,-0.125
0.0,0.0,0.0,1.0,0.0,1.0,0.0,-2.0,-0.125
0.0,0.0,0.0,1.0,0.0,2.0,2.0,0.0,-0.125
0.0,0.0,-1.0,1.0,0.0,0.0,2.0,0.0,-0.125
0.0,0.0,-1.0,1.0,0.0,0.0,3.0,2.0,-0.125
0.0,-1.0,-1.0,-1.0,0.0,0.0,3.0,2.0,-0.125
1.0,-1.0,1.0,-1.0,0.0,2.0,3.0,4.0,-0.125
1.0,-2.0,-1.0,-1.0,0.0,2.0,3.0,4.0,-0.125
1.0,-2.0,-1.0,-1.0,0.0,-1.0,3.0,0.0,-0.125
1.0,-2.0,2.0,-1.0,0.0,3.0,3.0,4.0,-0.125
1.0,-2.0,2.0,-2.0,0.0,-1.0,-1.0,4.0,-0.125
1.0,-2.0,2.0,0.0,1.0,-1.0,-1.0,4.0,-0.125
0.0,-2.0,0.0,0.0,1.0,-3.0,-1.0,0.0,-0.125
0.0,-1.0,0.0,2.0,1.0,1.0,3.0,0.0,-0.125
0.0,-1.0,0.0,2.0,0.0,1.0,1.0,0.0,-0.125
0.0,-1.0,0.0,3.0,0.0,3.0,1.0,0.0,-0.125
0.0,-2.0,0.0,3.0,-2.0,1.0,1.0,0.0,-0.125
0.0,0.0,0.0,0.0,0.0,0.0,1.0,2.0,0.90625
0.0,0.0,0.0,0.0,0.0,-1.0,1.0,0.0,0.90625
0.0,0.0,0.0,1.0,0.0,1.0,1.0,0.0,0.90625
0.0,0.0,0.0,1.0,0.0,1.0,0.0,-2.0,0.90625
0.0,0.0,0.0,1.0,0.0,2.0,2.0,0.0,0.90625
0.0,0.0,-1.0,1.0,0.0,0.0,2.0,0.0,0.90625
0.0,0.0,-1.0,1.0,0.0,0.0,3.0,2.0,0.90625
0.0,-1.0,-1.0,-1.0,0.0,0.0,3.0,2.0,0.90625
0.0,-1.0,-1.0,-1.0,0.0,0.0,4.0,4.0,0.90625
0.0,-1.0,-1.0,-1.0,0.0,0.0,1.0,2.0,0.90625
1.0,-1.0,1.0,-1.0,0.0,2.0,1.0,2.0,0.90625
1.0,-1.0,1.0,-1.0,-1.0,2.0,-1.0,2.0,0.90625
1.0,-1.0,1.0,-1.0,0.0,2.0,1.0,2.0,0.90625
1.0,-2.0,-1.0,-1.0,0.0,2.0,1.0,2.0,0.90625
1.0,-2.0,-1.0,-1.0,1.0,2.0,3.0,2.0,0.90625
1.0,-3.0,-1.0,-1.0,-1.0,2.0,1.0,0.0,0.90625
1.0,-2.0,-1.0,1.0,-1.0,2.0,1.0,0.0,0.90625
1.0,-2.0,-1.0,1.0,-2.0,2.0,-1.0,-2.0,0.90625
1.0,-2.0,1.0,2.0,-2.0,2.0,1.0,-2.0,0.90625
0.0,0.0,0.0,0.0,0.0,0.0,1.0,2.0,0.15625
0.0,0.0,0.0,0.0,0.0,-1.0,1.0,0.0,0.15625
0.0,0.0,0.0,1.0,0.0,1.0,1.0,0.0,0.15625
0.0,0.0,0.0,1.0,0.0,1.0,0.0,-2.0,0.15625
0.0,0.0,0.0,1.0,0.0,2.0,2.0,0.0,0.15625
0.0,0.0,-1.0,1.0,0.0,0.0,2.0,0.0,0.15625
0.0,0.0,-1.0,1.0,0.0,0.0,3.0,2.0,0.15625
0.0,-1.0,-1.0,-1.0,0.0,0.0,3.0,2.0,0.15625
1.0,-1.0,1.0,-1.0,0.0,2.0,3.0,4.0,0.15625
1.0,-2.0,-1.0,-1.0,0.0,2.0,3.0,4.0,0.15625
1.0,-2.0,-1.0,-1.0,0.0,-1.0,3.0,0.0,0.15625
1.0,-2.0,2.0,-1.0,0.0,3.0,3.0,4.0,0.15625
1.0,-2.0,2.0,-2.0,0.0,-1.0,-1.0,4.0,0.15625
1.0,-2.0,2.0,0.0,1.0,-1.0,-1.0,4.0,0.15625
0.0,-2.0,0.0,0.0,1.0,-3.0,-1.0,0.0,0.15625
0.0,-2.0,0.0,0.0,1.0,-3.0,0.0,2.0,0.15625
0.0,-2.0,0.0,0.0,-1.0,-3.0,-3.0,-2.0,0.15625
0.0,-1.0,0.0,2.0,-1.0,1.0,1.0,-2.0,0.15625
0.0,-1.0,0.0,2.0,-2.0,-1.0,-1.0,-2.0,0.15625
0.0,0.0,0.0,0.0,0.0,0.0,1.0,2.0,0.09375
0.0,0.0,0.0,0.0,0.0,-1.0,1.0,0.0,0.09375
0.0,0.0,0.0,0.0,0.0,-1.0,2.0,2.0,0.09375
0.0,0.0,0.0,0.0,0.0,-1.0,-1.0,0.0,0.09375
0.0,0.0,0.0,0.0,0.0,0.0,-1.0,2.0,0.09375
0.0,0.0,0.0,0.0,-1.0,0.0,-3.0,2.0,0.09375
0.0,0.0,0.0,1.0,-1.0,2.0,3.0,2.0,0.09375
0.0,0.0,0.0,1.0,-2.0,2.0,-3.0,0.0,0.09375
0.0,0.0,0.0,1.0,-2.0,2.0,-2.0,2.0,0.09375
0.0,0.0,0.0,1.0,-2.0,2.0,-3.0,-2.0,0.09375
0.0,0.0,0.0,1.0,-2.0,2.0,0.0,2.0,0.09375
0.0,-1.0,0.0,-1.0,-2.0,0.0,0.0,2.0,0.09375
0.0,0.0,0.0,-1.0,0.0,0.0,2.0,2.0,0.09375
0.0,0.0,0.0,-1.0,-1.0,0.0,0.0,2.0,0.09375
0.0,1.0,0.0,-1.0,1.0,0.0,0.0,2.0,0.09375
0.0,0.0,0.0,-1.0,-1.0,0.0,0.0,2.0,0.09375
0.0,1.0,0.0,-1.0,1.0,0.0,0.0,2.0,0.09375
0.0,1.0,0.0,-2.0,1.0,0.0,-2.0,0.0,0.09375
0.0,1.0,0.0,-2.0,2.0,0.0,0.0,0.0,0.09375
0.0,0.0,0.0,0.0,0.0,0.0,1.0,2.0,-0.9375
0.0,0.0,0.0,0.0,0.0,-1.0,1.0,0.0,-0.9375
0.0,0.0,0.0,1.0,0.0,1.0,1.0,0.0,-0.9375
0.0,0.0,0.0,1.0,0.0,1.0,0.0,-2.0,-0.9375
0.0,0.0,0.0,1.0,0.0,1.0,1.0,2.0,-0.9375
0.0,-1.0,0.0,-1.0,0.0,-1.0,-1.0,2.0,-0.9375
0.0,-1.0,0.0,0.0,0.0,-1.0,1.0,2.0,-0.9375
0.0,-1.0,0.0,0.0,0.0,-1.0,0.0,-2.0,-0.9375
0.0,0.0,0.0,2.0,0.0,-1.0,0.0,-2.0,-0.9375
0.0,-3.0,0.0,2.0,0.0,-1.0,0.0,-2.0,-0.9375
0.0,-3.0,0.0,3.0,0.0,-1.0,2.0,-2.0,-0.9375
0.0,-4.0,0.0,-1.0,0.0,-1.0,2.0,-2.0,-0.9375
0.0,-3.0,0.0,1.0,0.0,-1.0,2.0,-2.0,-0.9375
0.0,-3.0,0.0,1.0,-1.0,-1.0,0.0,-2.0,-0.9375
0.0,-3.0,0.0,1.0,2.0,-1.0,2.0,2.0,-0.9375
0.0,-4.0,0.0,1.0,0.0,-1.0,2.0,2.0,-0.9375
0.0,-4.0,1.0,1.0,0.0,1.0,2.0,4.0,-0.9375
0.0,-4.0,1.0,0.0,-2.0,1.0,2.0,4.0,-0.9375
0.0,-3.0,1.0,0.0,0.0,1.0,2.0,4.0,-0.9375
0.0,0.0,0.0,0.0,0.0,0.0,1.0,2.0,0.375
0.0,0.0,0.0,0.0,0.0,-1.0,1.0,0.0,0.375
0.0,0.0,0.0,1.0,0.0,1.0,1.0,0.0,0.375
0.0,0.0,0.0,1.0,0.0,1.0,0.0,-2.0,0.375
0.0,0.0,0.0,1.0,0.0,2.0,2.0,0.0,0.375
0.0,0.0,-1.0,1.0,0.0,0.0,2.0,0.0,0.375
0.0,0.0,-1.0,1.0,0.0,0.0,3.0,2.0,0.375
0.0,-1.0,-1.0,-1.0,0.0,0.0,3.0,2.0,0.375
1.0,-1.0,1.0,-1.0,0.0,2.0,3.0,4.0,0.375
1.0,-2.0,-1.0,-1.0,0.0,2.0,3.0,4.0,0.375
1.0,-2.0,-1.0,-1.0,0.0,-1.0,3.0,0.0,0.375
1.0,-2.0,2.0,-1.0,0.0,3.0,3.0,4.0,0.375
1.0,-2.0,2.0,-2.0,0.0,-1.0,-1.0,4.0,0.375
1.0,-2.0,2.0,0.0,1.0,-1.0,-1.0,4.0,0.375
0.0,-2.0,0.0,0.0,1.0,-3.0,-1.0,0.0,0.375
0.0,-1.0,0.0,2.0,1.0,1.0,3.0,0.0,0.375
0.0,-1.0,0.0,2.0,0.0,1.0,1.0,0.0,0.375
0.0,-1.0,0.0,3.0,0.0,3.0,1.0,0.0,0.375
0.0,-2.0,0.0,3.0,-2.0,1.0,1.0,0.0,0.375
0.0,0.0,0.0,0.0,0.0,0.0,1.0,2.0,0.65625
0.0,0.0,0.0,0.0,0.0,-1.0,1.0,0.0,0.65625
0.0,0.0,0.0,1.0,0.0,1.0,1.0,0.0,0.65625
0.0,0.0,0.0,1.0,0.0,1.0,0.0,-2.0,0.65625
0.0,0.0,0.0,1.0,0.0,2.0,2.0,0.0,0.65625
0.0,0.0,-1.0,1.0,0.0,0.0,2.0,0.0,0.65625
0.0,0.0,-1.0,1.0,0.0,0.0,3.0,2.0,0.65625
0.0,-1.0,-1.0,-1.0,0.0,0.0,3.0,2.0,0.65625
1.0,-1.0,1.0,-1.0,0.0,2.0,3.0,4.0,0.65625
1.0,-2.0,-1.0,-1.0,0.0,2.0,3.0,4.0,0.65625
1.0,-2.0,-1.0,-1.0,0.0,-1.0,3.0,0.0,0.65625
1.0,-2.0,-1.0,-1.0,0.0,-1.0,4.0,2.0,0.65625
1.0,-2.0,-1.0,-1.0,0.0,-1.0,1.0,2.0,0.65625
1.0,-2.0,-1.0,0.0,0.0,1.0,5.0,2.0,0.65625
1.0,-2.0,-1.0,-1.0,0.0,-1.0,-1.0,2.0,0.65625
1.0,-2.0,-1.0,0.0,0.0,-1.0,1.0,2.0,0.65625
1.0,-2.0,-1.0,-2.0,-1.0,-1.0,1.0,2.0,0.65625
1.0,-1.0,-1.0,0.0,-1.0,-1.0,1.0,2.0,0.65625
1.0,-2.0,-1.0,-2.0,-1.0,-3.0,-1.0,2.0,0.65625
0.0,0.0,0.0,0.0,0.0,0.0,1.0,2.0,0.78125
0.0,0.0,0.0,0.0,0.0,0.0,0.0,0.0,0.78125
0.0,0.0,0.0,0.0,0.0,0.0,1.0,2.0,0.78125
0.0,0.0,0.0,0.0,0.0,-1.0,1.0,0.0,0.78125
0.0,0.0,0.0,0.0,1.0,-1.0,3.0,2.0,0.78125
0.0,0.0,0.0,0.0,1.0,-2.0,3.0,0.0,0.78125
0.0,0.0,0.0,0.0,1.0,-2.0,4.0,2.0,0.78125
0.0,-1.0,0.0,0.0,-1.0,-2.0,4.0,2.0,0.78125
0.0,-1.0,0.0,1.0,-1.0,0.0,4.0,2.0,0.78125
0.0,-1.0,0.0,0.0,-1.0,0.0,2.0,2.0,0.78125
0.0,-1.0,0.0,0.0,0.0,0.0,4.0,2.0,0.78125
0.0,-1.0,0.0,0.0,-1.0,-2.0,4.0,2.0,0.78125
0.0,0.0,0.0,2.0,-1.0,-2.0,4.0,2.0,0.78125
0.0,-1.0,0.0,2.0,-3.0,-2.0,0.0,-2.0,0.78125
0.0,-1.0,0.0,2.0,-3.0,-2.0,3.0,0.0,0.78125
0.0,-2.0,0.0,0.0,-3.0,-2.0,1.0,0.0,0.78125
0.0,-1.0,0.0,0.0,-1.0,-2.0,3.0,4.0,0.78125
0.0,-1.0,-1.0,-2.0,-1.0,-2.0,3.0,4.0,0.78125
0.0,-1.0,-1.0,-2.0,0.0,-2.0,5.0,4.0,0.78125
0.0,0.0,0.0,0.0,0.0,0.0,1.0,2.0,0.34375
0.0,0.0,0.0,0.0,0.0,-1.0,1.0,0.0,0.34375
0.0,0.0,0.0,1.0,0.0,1.0,1.0,0.0,0.34375
0.0,0.0,0.0,1.0,0.0,1.0,0.0,-2.0,0.34375
0.0,0.0,0.0,1.0,0.0,2.0,2.0,0.0,0.34375
0.0,0.0,-1.0,1.0,0.0,0.0,2.0,0.0,0.34375
0.0,0.0,-1.0,1.0,0.0,0.0,3.0,2.0,0.34375
0.0,-1.0,-1.0,-1.0,0.0,0.0,3.0,2.0,0.34375
1.0,-1.0,1.0,-1.0,0.0,2.0,3.0,4.0,0.34375
1.0,-2.0,-1.0,-1.0,0.0,2.0,3.0,4.0,0.34375
1.0,-2.0,-1.0,-1.0,0.0,-1.0,3.0,0.0,0.34375
1.0,-2.0,2.0,-1.0,0.0,3.0,3.0,4.0,0.34375
1.0,-2.0,2.0,-2.0,0.0,-1.0,-1.0,4.0,0.34375
1.0,-2.0,2.0,0.0,1.0,-1.0,-1.0,4.0,0.34375
0.0,-2.0,0.0,0.0,1.0,-3.0,-1.0,0.0,0.34375
0.0,-1.0,0.0,2.0,1.0,1.0,3.0,0.0,0.34375
0.0,-1.0,0.0,2.0,0.0,1.0,1.0,0.0,0.34375
0.0,-1.0,0.0,2.0,0.0,1.0,2.0,2.0,0.34375
0.0,-1.0,0.0,2.0,-1.0,1.0,0.0,0.0,0.34375
0.0,0.0,0.0,0.0,0.0,0.0,1.0,2.0,-0.28125
0.0,0.0,0.0,0.0,0.0,-1.0,1.0,0.0,-0.28125
0.0,0.0,0.0,1.0,0.0,1.0,1.0,0.0,-0.28125
0.0,0.0,0.0,1.0,-1.0,1.0,-1.0,0.0,-0.28125
0.0,0.0,0.0,1.0,-1.0,2.0,-1.0,4.0,-0.28125
0.0,-1.0,0.0,-1.0,-1.0,0.0,-1.0,4.0,-0.28125
0.0,0.0,0.0,-1.0,1.0,0.0,1.0,4.0,-0.28125
0.0,0.0,0.0,-1.0,1.0,0.0,-2.0,4.0,-0.28125
0.0,0.0,0.0,0.0,1.0,0.0,0.0,4.0,-0.28125
0.0,0.0,0.0,0.0,1.0,0.0,-1.0,0.0,-0.28125
0.0,0.0,0.0,0.0,2.0,0.0,3.0,4.0,-0.28125
0.0,0.0,0.0,0.0,2.0,-1.0,-1.0,4.0,-0.28125
0.0,0.0,0.0,1.0,2.0,-1.0,1.0,4.0,-0.28125
0.0,-1.0,0.0,-1.0,2.0,-1.0,1.0,4.0,-0.28125
0.0,-1.0,0.0,-1.0,2.0,1.0,2.0,4.0,-0.28125
0.0,-1.0,0.0,-1.0,2.0,0.0,2.0,0.0,-0.28125
0.0,-1.0,0.0,0.0,2.0,2.0,2.0,0.0,-0.28125
0.0,-2.0,0.0,-2.0,2.0,2.0,0.0,0.0,-0.28125
0.0,-2.0,0.0,-2.0,3.0,2.0,4.0,2.0,-0.28125
0.0,0.0,0.0,0.0,0.0,0.0,1.0,2.0,0.25
0.0,0.0,0.0,0.0,0.0,-1.0,1.0,0.0,0.25
0.0,0.0,0.0,1.0,0.0,1.0,1.0,0.0,0.25
0.0,0.0,0.0,1.0,0.0,1.0,0.0,-2.0,0.25
0.0,0.0,0.0,1.0,0.0,2.0,2.0,0.0,0.25
0.0,0.0,-1.0,1.0,0.0,0.0,2.0,0.0,0.25
0.0,0.0,-1.0,1.0,0.0,0.0,3.0,2.0,0.25
0.0,-1.0,-1.0,-1.0,0.0,0.0,3.0,2.0,0.25
1.0,-1.0,1.0,-1.0,0.0,2.0,3.0,4.0,0.25
1.0,-2.0,-1.0,-1.0,0.0,2.0,3.0,4.0,0.25
1.0,-2.0,-1.0,-1.0,0.0,-1.0,3.0,0.0,0.25
1.0,-2.0,2.0,-1.0,0.0,3.0,3.0,4.0,0.25
1.0,-2.0,2.0,-2.0,0.0,-1.0,-1.0,4.0,0.25
1.0,-2.0,2.0,0.0,1.0,-1.0,-1.0,4.0,0.25
0.0,-2.0,0.0,0.0,1.0,-3.0,-1.0,0.0,0.25
0.0,-1.0,0.0,2.0,1.0,1.0,3.0,0.0,0.25
0.0,-1.0,0.0,2.0,0.0,1.0,1.0,0.0,0.25
0.0,-1.0,0.0,3.0,0.0,3.0,1.0,0.0,0.25
0.0,-2.0,0.0,3.0,-2.0,1.0,1.0,0.0,0.25
0.0,0.0,0.0,0.0,0.0,0.0,1.0,2.0,0.65625
0.0,0.0,0.0,0.0,0.0,-1.0,1.0,0.0,0.65625
0.0,0.0,0.0,1.0,0.0,1.0,1.0,0.0,0.65625
0.0,0.0,0.0,1.0,0.0,1.0,0.0,-2.0,0.65625
0.0,0.0,0.0,1.0,0.0,2.0,2.0,0.0,0.65625
0.0,0.0,-1.0,1.0,0.0,0.0,2.0,0.0,0.65625
0.0,0.0,-1.0,1.0,0.0,0.0,3.0,2.0,0.65625
0.0,-1.0,-1.0,-1.0,0.0,0.0,3.0,2.0,0.65625
1.0,-1.0,1.0,-1.0,0.0,2.0,3.0,4.0,0.65625
1.0,-2.0,-1.0,-1.0,0.0,2.0,3.0,4.0,0.65625
1.0,-2.0,-1.0,-1.0,0.0,-1.0,3.0,0.0,0.65625
1.0,-2.0,-1.0,0.0,0.0,1.0,3.0,0.0,0.65625
1.0,-2.0,-1.0,0.0,-1.0,1.0,1.0,-2.0,0.65625
1.0,-1.0,-1.0,0.0,1.0,1.0,1.0,-2.0,0.65625
1.0,-2.0,-1.0,0.0,-1.0,1.0,1.0,-2.0,0.65625
1.0,1.0,-1.0,0.0,1.0,1.0,1.0,-2.0,0.65625
1.0,-6.0,-1.0,0.0,1.0,1.0,1.0,-2.0,0.65625
1.0,-6.0,-1.0,0.0,1.0,1.0,4.0,2.0,0.65625
1.0,-6.0,-1.0,0.0,1.0,1.0,3.0,0.0,0.65625
0.0,0.0,0.0,0.0,0.0,0.0,1.0,2.0,-0.09375
0.0,0.0,0.0,0.0,0.0,-1.0,1.0,0.0,-0.09375
0.0,0.0,0.0,1.0,0.0,1.0,1.0,0.0,-0.09375
0.0,0.0,0.0,1.0,0.0,1.0,0.0,-2.0,-0.09375
0.0,0.0,0.0,1.0,0.0,2.0,2.0,0.0,-0.09375
0.0,0.0,-1.0,1.0,0.0,0.0,2.0,0.0,-0.09375
0.0,0.0,-1.0,1.0,0.0,0.0,3.0,2.0,-0.09375
0.0,-1.0,-1.0,-1.0,0.0,0.0,3.0,2.0,-0.09375
1.0,-1.0,1.0,-1.0,0.0,2.0,3.0,4.0,-0.09375
1.0,-1.0,1.0,-2.0,0.0,-2.0,-1.0,4.0,-0.09375
1.0,-1.0,1.0,0.0,1.0,-2.0,-1.0,4.0,-0.09375
1.0,-2.0,-1.0,0.0,1.0,-2.0,-1.0,4.0,-0.09375
1.0,-1.0,1.0,0.0,1.0,-2.0,-1.0,4.0,-0.09375
1.0,-1.0,1.0,0.0,-1.0,-2.0,-2.0,2.0,-0.09375
1.0,0.0,1.0,2.0,-1.0,2.0,2.0,2.0,-0.09375
1.0,0.0,1.0,1.0,-1.0,2.0,0.0,2.0,-0.09375
1.0,3.0,1.0,1.0,-1.0,2.0,0.0,2.0,-0.09375
1.0,3.0,1.0,1.0,-2.0,2.0,-2.0,-2.0,-0.09375
1.0,3.0,1.0,1.0,-2.0,2.0,-1.0,2.0,-0.09375
0.0,0.0,0.0,0.0,0.0,0.0,1.0,2.0,0.3125
0.0,0.0,0.0,0.0,0.0,-1.0,1.0,0.0,0.3125
0.0,0.0,0.0,1.0,0.0,1.0,1.0,0.0,0.3125
0.0,0.0,0.0,1.0,0.0,1.0,0.0,-2.0,0.3125
0.0,0.0,0.0,1.0,0.0,2.0,2.0,0.0,0.3125
0.0,0.0,0.0,1.0,-1.0,2.0,0.0,-2.0,0.3125
0.0,0.0,0.0,1.0,-1.0,3.0,0.0,2.0,0.3125
0.0,-1.0,0.0,-1.0,-1.0,1.0,-2.0,2.0,0.3125
0.0,0.0,0.0,-1.0,1.0,1.0,0.0,4.0,0.3125
0.0,0.0,0.0,-1.0,1.0,1.0,-1.0,0.0,0.3125
0.0,0.0,0.0,-1.0,1.0,1.0,2.0,2.0,0.3125
0.0,0.0,0.0,-1.0,1.0,1.0,-1.0,2.0,0.3125
0.0,0.0,0.0,-1.0,2.0,1.0,3.0,4.0,0.3125
0.0,0.0,-1.0,-1.0,2.0,-1.0,3.0,0.0,0.3125
0.0,0.0,-1.0,-1.0,2.0,-1.0,4.0,2.0,0.3125
0.0,0.0,-1.0,-1.0,2.0,-1.0,3.0,-2.0,0.3125
0.0,0.0,-1.0,-1.0,3.0,-1.0,5.0,2.0,0.3125
0.0,-1.0,-1.0,-1.0,1.0,-1.0,3.0,0.0,0.3125
1.0,-1.0,1.0,-1.0,1.0,1.0,3.0,2.0,0.3125
0.0,0.0,0.0,0.0,0.0,0.0,1.0,2.0,0.53125
0.0,0.0,0.0,0.0,0.0,-1.0,1.0,0.0,0.53125
0.0,0.0,0.0,1.0,0.0,1.0,1.0,0.0,0.53125
0.0,0.0,0.0,1.0,0.0,1.0,0.0,-2.0,0.53125
0.0,0.0,0.0,1.0,0.0,2.0,2.0,0.0,0.53125
0.0,0.0,-1.0,1.0,0.0,0.0,2.0,0.0,0.53125
0.0,0.0,-1.0,1.0,0.0,0.0,3.0,2.0,0.53125
0.0,-1.0,-1.0,-1.0,0.0,0.0,3.0,2.0,0.53125
1.0,-1.0,1.0,-1.0,0.0,2.0,3.0,4.0,0.53125
1.0,-2.0,-1.0,-1.0,0.0,2.0,3.0,4.0,0.53125
1.0,-2.0,-1.0,-1.0,0.0,-1.0,3.0,0.0,0.53125
1.0,-2.0,-1.0,-1.0,0.0,-1.0,4.0,2.0,0.53125
1.0,-2.0,-1.0,-1.0,0.0,-1.0,1.0,2.0,0.53125
1.0,-2.0,-1.0,0.0,0.0,1.0,5.0,2.0,0.53125
1.0,-2.0,-2.0,0.0,0.0,-1.0,5.0,2.0,0.53125
2.0,-2.0,0.0,0.0,0.0,1.0,5.0,4.0,0.53125
2.0,-2.0,0.0,-1.0,0.0,-1.0,1.0,4.0,0.53125
2.0,-2.0,0.0,0.0,0.0,-1.0,3.0,4.0,0.53125
2.0,-2.0,0.0,0.0,0.0,-2.0,3.0,0.0,0.53125
0.0,0.0,0.0,0.0,0.0,0.0,1.0,2.0,-0.28125
0.0,0.0,0.0,0.0,0.0,-1.0,1.0,0.0,-0.28125
0.0,0.0,0.0,1.0,0.0,1.0,1.0,0.0,-0.28125
0.0,0.0,0.0,1.0,0.0,1.0,0.0,-2.0,-0.28125
0.0,0.0,0.0,1.0,0.0,2.0,2.0,0.0,-0.28125
0.0,0.0,-1.0,1.0,0.0,0.0,2.0,0.0,-0.28125
0.0,0.0,-1.0,1.0,0.0,0.0,3.0,2.0,-0.28125
0.0,-1.0,-1.0,-1.0,0.0,0.0,3.0,2.0,-0.28125
1.0,-1.0,1.0,-1.0,0.0,2.0,3.0,4.0,-0.28125
1.0,-2.0,-1.0,-1.0,0.0,2.0,3.0,4.0,-0.28125
1.0,-2.0,-1.0,-1.0,0.0,-1.0,3.0,0.0,-0.28125
1.0,-2.0,2.0,-1.0,0.0,3.0,3.0,4.0,-0.28125
1.0,-2.0,2.0,-2.0,0.0,-1.0,-1.0,4.0,-0.28125
1.0,-2.0,2.0,0.0,1.0,-1.0,-1.0,4.0,-0.28125
0.0,-2.0,0.0,0.0,1.0,-3.0,-1.0,0.0,-0.28125
0.0,-1.0,0.0,2.0,1.0,1.0,3.0,0.0,-0.28125
0.0,-1.0,0.0,2.0,0.0,1.0,1.0,0.0,-0.28125
0.0,0.0,0.0,2.0,2.0,1.0,1.0,0.0,-0.28125
0.0,0.0,0.0,2.0,0.0,1.0,-4.0,-2.0,-0.28125
0.0,0.0,0.0,0.0,0.0,0.0,1.0,2.0,0.40625
0.0,0.0,0.0,0.0,0.0,-1.0,1.0,0.0,0.40625
0.0,0.0,0.0,1.0,0.0,1.0,1.0,0.0,0.40625
0.0,0.0,0.0,1.0,0.0,1.0,0.0,-2.0,0.40625
0.0,0.0,0.0,1.0,0.0,2.0,2.0,0.0,0.40625
0.0,0.0,-1.0,1.0,0.0,0.0,2.0,0.0,0.40625
0.0,0.0,-1.0,1.0,0.0,0.0,3.0,2.0,0.40625
0.0,-1.0,-1.0,-1.0,0.0,0.0,3.0,2.0,0.40625
1.0,-1.0,1.0,-1.0,0.0,2.0,3.0,4.0,0.40625
1.0,-2.0,-1.0,-1.0,0.0,2.0,3.0,4.0,0.40625
1.0,-2.0,-1.0,-1.0,0.0,-1.0,3.0,0.0,0.40625
1.0,-2.0,2.0,-1.0,0.0,3.0,3.0,4.0,0.40625
1.0,-2.0,2.0,-2.0,0.0,-1.0,-1.0,4.0,0.40625
1.0,-2.0,2.0,0.0,1.0,-1.0,-1.0,4.0,0.40625
0.0,-2.0,0.0,0.0,1.0,-3.0,-1.0,0.0,0.40625
0.0,-2.0,0.0,0.0,2.0,-3.0,1.0,0.0,0.40625
0.0,-3.0,0.0,0.0,0.0,-3.0,1.0,0.0,0.40625
0.0,-3.0,0.0,0.0,3.0,-3.0,1.0,0.0,0.40625
0.0,-3.0,0.0,0.0,-1.0,-3.0,0.0,-2.0,0.40625
0.0,0.0,0.0,0.0,0.0,0.0,1.0,2.0,0.5
0.0,0.0,0.0,0.0,0.0,-1.0,1.0,0.0,0.5
0.0,0.0,0.0,1.0,0.0,1.0,1.0,0.0,0.5
0.0,0.0,0.0,1.0,0.0,1.0,0.0,-2.0,0.5
0.0,0.0,0.0,1.0,0.0,2.0,2.0,0.0,0.5
0.0,0.0,-1.0,1.0,0.0,0.0,2.0,0.0,0.5
0.0,1.0,1.0,1.0,0.0,0.0,2.0,0.0,0.5
-1.0,1.0,-1.0,1.0,0.0,0.0,2.0,0.0,0.5
-1.0,1.0,-1.0,1.0,0.0,0.0,3.0,2.0,0.5
-1.0,-2.0,-1.0,1.0,0.0,0.0,3.0,2.0,0.5
-1.0,-2.0,-1.0,1.0,0.0,1.0,3.0,4.0,0.5
-1.0,-3.0,-1.0,-1.0,0.0,1.0,3.0,4.0,0.5
-1.0,-3.0,-1.0,-2.0,0.0,-1.0,-1.0,4.0,0.5
-1.0,-3.0,-1.0,-2.0,1.0,-1.0,1.0,4.0,0.5
-1.0,-3.0,-1.0,-2.0,1.0,-2.0,1.0,0.0,0.5
-1.0,-3.0,-1.0,-2.0,1.0,-2.0,2.0,2.0,0.5
-1.0,-3.0,-1.0,-2.0,1.0,-2.0,-1.0,0.0,0.5
-1.0,-2.0,-1.0,0.0,1.0,0.0,1.0,0.0,0.5
-1.0,-2.0,-1.0,0.0,0.0,0.0,-1.0,-2.0,0.5
0.0,0.0,0.0,0.0,0.0,0.0,1.0,2.0,0.34375
0.0,0.0,0.0,0.0,0.0,-1.0,1.0,0.0,0.34375
0.0,0.0,0.0,1.0,0.0,1.0,1.0,0.0,0.34375
0.0,0.0,0.0,1.0,0.0,1.0,0.0,-2.0,0.34375
0.0,0.0,0.0,1.0,0.0,2.0,2.0,0.0,0.34375
0.0,0.0,-1.0,1.0,0.0,0.0,2.0,0.0,0.34375
0.0,0.0,-1.0,1.0,0.0,0.0,3.0,2.0,0.34375
0.0,-1.0,-1.0,-1.0,0.0,0.0,3.0,2.0,0.34375
1.0,-1.0,1.0,-1.0,0.0,2.0,3.0,4.0,0.34375
1.0,-2.0,-1.0,-1.0,0.0,2.0,3.0,4.0,0.34375
1.0,-2.0,-1.0,-1.0,0.0,-1.0,3.0,0.0,0.34375
1.0,-2.0,2.0,-1.0,0.0,3.0,3.0,4.0,0.34375
1.0,-2.0,2.0,-2.0,0.0,-1.0,-1.0,4.0,0.34375
1.0,-2.0,2.0,-1.0,0.0,-1.0,1.0,4.0,0.34375
1.0,-3.0,2.0,-3.0,0.0,-1.0,1.0,4.0,0.34375
1.0,-2.0,2.0,-1.0,0.0,1.0,1.0,4.0,0.34375
0.0,-2.0,0.0,-1.0,0.0,-1.0,1.0,0.0,0.34375
0.0,-2.0,0.0,0.0,0.0,-1.0,3.0,0.0,0.34375
0.0,-2.0,0.0,0.0,0.0,-3.0,0.0,-2.0,0.34375
0.0,0.0,0.0,0.0,0.0,0.0,1.0,2.0,0.5
0.0,0.0,0.0,0.0,0.0,-1.0,1.0,0.0,0.5
0.0,0.0,0.0,1.0,0.0,1.0,1.0,0.0,0.5
0.0,0.0,0.0,1.0,0.0,1.0,0.0,-2.0,0.5
0.0,0.0,0.0,1.0,0.0,2.0,2.0,0.0,0.5
0.0,0.0,-1.0,1.0,0.0,0.0,2.0,0.0,0.5
0.0,0.0,-1.0,1.0,0.0,0.0,3.0,2.0,0.5
0.0,-1.0,-1.0,-1.0,0.0,0.0,3.0,2.0,0.5
1.0,-1.0,1.0,-1.0,0.0,2.0,3.0,4.0,0.5
1.0,-2.0,-1.0,-1.0,0.0,2.0,3.0,4.0,0.5
1.0,-2.0,-1.0,-1.0,0.0,-1.0,3.0,0.0,0.5
1.0,-2.0,2.0,-1.0,0.0,3.0,3.0,4.0,0.5
1.0,-2.0,2.0,-2.0,0.0,-1.0,-1.0,4.0,0.5
1.0,-2.0,2.0,0.0,1.0,-1.0,-1.0,4.0,0.5
0.0,-2.0,0.0,0.0,1.0,-3.0,-1.0,0.0,0.5
0.0,-1.0,0.0,2.0,1.0,1.0,3.0,0.0,0.5
0.0,-1.0,0.0,2.0,0.0,1.0,1.0,0.0,0.5
0.0,-1.0,0.0,3.0,0.0,3.0,1.0,0.0,0.5
0.0,-2.0,0.0,3.0,-2.0,1.0,1.0,0.0,0.5
0.0,0.0,0.0,0.0,0.0,0.0,1.0,2.0,0.40625
0.0,0.0,0.0,0.0,0.0,-1.0,1.0,0.0,0.40625
0.0,0.0,0.0,1.0,0.0,1.0,1.0,0.0,0.40625
0.0,0.0,0.0,1.0,0.0,1.0,0.0,-2.0,0.40625
0.0,0.0,0.0,1.0,0.0,2.0,0.0,2.0,0.40625
0.0,0.0,0.0,1.0,0.0,2.0,-1.0,0.0,0.40625
0.0,0.0,0.0,1.0,0.0,3.0,1.0,0.0,0.40625
0.0,0.0,-1.0,1.0,0.0,1.0,1.0,-2.0,0.40625
0.0,0.0,-1.0,1.0,1.0,1.0,3.0,0.0,0.40625
0.0,0.0,-1.0,1.0,1.0,1.0,2.0,-2.0,0.40625
0.0,0.0,-1.0,2.0,1.0,3.0,2.0,-2.0,0.40625
0.0,-1.0,-1.0,2.0,-1.0,3.0,0.0,-2.0,0.40625
1.0,-1.0,1.0,2.0,-1.0,3.0,0.0,-2.0,0.40625
1.0,-1.0,1.0,1.0,-1.0,3.0,-2.0,-2.0,0.40625
1.0,0.0,1.0,3.0,-1.0,3.0,-2.0,-2.0,0.40625
1.0,-1.0,1.0,1.0,-1.0,1.0,-4.0,-2.0,0.40625
1.0,-1.0,1.0,1.0,-1.0,4.0,-4.0,2.0,0.40625
1.0,-2.0,-1.0,1.0,-1.0,4.0,-4.0,2.0,0.40625
1.0,-2.0,-1.0,1.0,0.0,4.0,-2.0,2.0,0.40625
0.0,0.0,0.0,0.0,0.0,0.0,1.0,2.0,-0.1875
0.0,0.0,0.0,0.0,0.0,-1.0,1.0,0.0,-0.1875
0.0,0.0,0.0,1.0,0.0,1.0,1.0,0.0,-0.1875
0.0,0.0,0.0,1.0,0.0,1.0,0.0,-2.0,-0.1875
0.0,0.0,0.0,1.0,1.0,1.0,2.0,2.0,-0.1875
0.0,0.0,0.0,0.0,1.0,1.0,0.0,2.0,-0.1875
0.0,0.0,1.0,2.0,1.0,1.0,0.0,2.0,-0.1875
0.0,-1.0,1.0,2.0,-1.0,1.0,0.0,2.0,-0.1875
0.0,-1.0,1.0,2.0,-1.0,1.0,1.0,4.0,-0.1875
0.0,-1.0,1.0,2.0,-2.0,1.0,-1.0,0.0,-0.1875
0.0,-1.0,1.0,2.0,1.0,1.0,-1.0,0.0,-0.1875
0.0,-2.0,1.0,0.0,1.0,-1.0,-1.0,0.0,-0.1875
0.0,-1.0,1.0,0.0,3.0,-1.0,3.0,4.0,-0.1875
0.0,-1.0,1.0,0.0,1.0,-2.0,3.0,0.0,-0.1875
0.0,0.0,1.0,0.0,3.0,-2.0,3.0,0.0,-0.1875
0.0,-1.0,1.0,-2.0,3.0,-2.0,1.0,0.0,-0.1875
0.0,-1.0,1.0,-2.0,3.0,-1.0,3.0,0.0,-0.1875
0.0,-2.0,1.0,-2.0,1.0,-1.0,1.0,0.0,-0.1875
0.0,-2.0,1.0,-1.0,1.0,1.0,3.0,0.0,-0.1875
0.0,0.0,0.0,0.0,0.0,0.0,1.0,2.0,0.25
0.0,0.0,0.0,0.0,0.0,-1.0,1.0,0.0,0.25
0.0,0.0,0.0,1.0,0.0,1.0,1.0,0.0,0.25
0.0,0.0,0.0,1.0,0.0,1.0,0.0,-2.0,0.25
0.0,0.0,0.0,1.0,0.0,2.0,2.0,0.0,0.25
0.0,0.0,-1.0,1.0,0.0,0.0,2.0,0.0,0.25
0.0,0.0,-1.0,1.0,0.0,0.0,3.0,2.0,0.25
0.0,0.0,-1.0,1.0,0.0,0.0,2.0,0.0,0.25
1.0,0.0,1.0,1.0,0.0,2.0,2.0,2.0,0.25
1.0,0.0,1.0,1.0,0.0,2.0,1.0,0.0,0.25
1.0,0.0,1.0,1.0,1.0,2.0,3.0,0.0,0.25
1.0,0.0,1.0,1.0,0.0,2.0,1.0,-2.0,0.25
1.0,1.0,1.0,1.0,2.0,2.0,1.0,-2.0,0.25
1.0,0.0,1.0,1.0,0.0,2.0,-1.0,-2.0,0.25
1.0,0.0,1.0,1.0,0.0,2.0,2.0,2.0,0.25
1.0,0.0,1.0,1.0,0.0,1.0,-2.0,2.0,0.25
1.0,1.0,1.0,1.0,2.0,1.0,-2.0,2.0,0.25
1.0,-2.0,1.0,1.0,2.0,1.0,-2.0,2.0,0.25
1.0,-2.0,1.0,1.0,3.0,1.0,4.0,4.0,0.25
0.0,0.0,0.0,0.0,0.0,0.0,1.0,2.0,-0.8125
0.0,0.0,0.0,0.0,0.0,-1.0,1.0,0.0,-0.8125
0.0,0.0,0.0,1.0,0.0,1.0,1.0,0.0,-0.8125
0.0,0.0,0.0,1.0,0.0,1.0,0.0,-2.0,-0.8125
0.0,0.0,0.0,1.0,0.0,2.0,0.0,2.0,-0.8125
0.0,-1.0,0.0,-1.0,0.0,0.0,-2.0,2.0,-0.8125
0.0,-1.0,0.0,-1.0,0.0,1.0,-2.0,4.0,-0.8125
0.0,-1.0,0.0,-1.0,0.0,1.0,-3.0,0.0,-0.8125
0.0,-1.0,0.0,-1.0,0.0,2.0,-3.0,2.0,-0.8125
0.0,-1.0,0.0,-2.0,0.0,0.0,-3.0,2.0,-0.8125
0.0,-1.0,0.0,-2.0,1.0,0.0,-1.0,2.0,-0.8125
0.0,-1.0,0.0,-2.0,1.0,0.0,-2.0,0.0,-0.8125
0.0,-1.0,0.0,-2.0,1.0,0.0,1.0,0.0,-0.8125
0.0,-2.0,0.0,-2.0,-1.0,0.0,-1.0,0.0,-0.8125
0.0,-2.0,0.0,-1.0,-1.0,0.0,1.0,0.0,-0.8125
0.0,-3.0,0.0,-3.0,-1.0,0.0,1.0,0.0,-0.8125
0.0,-3.0,0.0,-3.0,-1.0,0.0,4.0,4.0,-0.8125
0.0,-3.0,0.0,-3.0,-1.0,0.0,1.0,2.0,-0.8125
0.0,-2.0,0.0,-3.0,1.0,0.0,1.0,2.0,-0.8125
0.0,0.0,0.0,0.0,0.0,0.0,1.0,2.0,-0.34375
0.0,0.0,0.0,0.0,0.0,-1.0,1.0,0.0,-0.34375
0.0,0.0,0.0,1.0,0.0,1.0,1.0,0.0,-0.34375
0.0,0.0,0.0,1.0,0.0,1.0,0.0,-2.0,-0.34375
0.0,0.0,0.0,1.0,0.0,2.0,0.0,2.0,-0.34375
0.0,0.0,0.0,1.0,0.0,2.0,-1.0,0.0,-0.34375
0.0,0.0,0.0,1.0,1.0,2.0,1.0,2.0,-0.34375
0.0,0.0,0.0,1.0,0.0,2.0,-1.0,-2.0,-0.34375
0.0,0.0,0.0,2.0,0.0,2.0,1.0,-2.0,-0.34375
0.0,0.0,0.0,2.0,0.0,1.0,1.0,-4.0,-0.34375
0.0,0.0,0.0,2.0,1.0,1.0,3.0,0.0,-0.34375
0.0,-1.0,0.0,2.0,-1.0,1.0,-1.0,-4.0,-0.34375
0.0,-1.0,0.0,3.0,-1.0,3.0,-1.0,-4.0,-0.34375
0.0,-2.0,0.0,1.0,-1.0,1.0,-1.0,-4.0,-0.34375
0.0,-2.0,0.0,1.0,-1.0,3.0,0.0,0.0,-0.34375
0.0,-2.0,0.0,1.0,-1.0,3.0,-1.0,-2.0,-0.34375
0.0,-2.0,0.0,2.0,-1.0,3.0,3.0,0.0,-0.34375
0.0,-2.0,0.0,2.0,-1.0,1.0,0.0,-2.0,-0.34375
0.0,-2.0,1.0,2.0,-1.0,3.0,0.0,-2.0,-0.34375
0.0,0.0,0.0,0.0,0.0,0.0,1.0,2.0,0.34375
0.0,0.0,0.0,0.0,0.0,-1.0,1.0,0.0,0.34375
0.0,0.0,0.0,1.0,0.0,1.0,1.0,0.0,0.34375
0.0,0.0,0.0,1.0,0.0,1.0,0.0,-2.0,0.34375
0.0,0.0,0.0,1.0,0.0,2.0,2.0,0.0,0.34375
0.0,0.0,-1.0,1.0,0.0,0.0,2.0,0.0,0.34375
0.0,0.0,-1.0,1.0,0.0,0.0,3.0,2.0,0.34375
0.0,-1.0,-1.0,-1.0,0.0,0.0,3.0,2.0,0.34375
1.0,-1.0,1.0,-1.0,0.0,2.0,3.0,4.0,0.34375
1.0,-2.0,-1.0,-1.0,0.0,2.0,3.0,4.0,0.34375
1.0,-2.0,-1.0,-1.0,0.0,-1.0,3.0,0.0,0.34375
1.0,-2.0,2.0,-1.0,0.0,3.0,3.0,4.0,0.34375
1.0,-2.0,2.0,-2.0,0.0,-1.0,-1.0,4.0,0.34375
1.0,-2.0,2.0,0.0,1.0,-1.0,-1.0,4.0,0.34375
0.0,-2.0,0.0,0.0,1.0,-3.0,-1.0,0.0,0.34375
0.0,-1.0,0.0,2.0,1.0,1.0,3.0,0.0,0.34375
0.0,-1.0,0.0,2.0,0.0,1.0,1.0,0.0,0.34375
0.0,-1.0,0.0,3.0,0.0,3.0,1.0,0.0,0.34375
0.0,-2.0,0.0,3.0,-2.0,1.0,1.0,0.0,0.34375
0.0,0.0,0.0,0.0,0.0,0.0,1.0,2.0,0.03125
0.0,0.0,0.0,0.0,0.0,-1.0,1.0,0.0,0.03125
0.0,0.0,0.0,1.0,0.0,1.0,1.0,0.0,0.03125
0.0,0.0,0.0,1.0,0.0,1.0,0.0,-2.0,0.03125
0.0,0.0,0.0,1.0,0.0,2.0,0.0,2.0,0.03125
0.0,-1.0,0.0,-1.0,0.0,0.0,-2.0,2.0,0.03125
0.0,-1.0,0.0,-1.0,0.0,1.0,-2.0,4.0,0.03125
0.0,-1.0,0.0,-1.0,0.0,1.0,-3.0,0.0,0.03125
0.0,-1.0,1.0,-1.0,0.0,3.0,-3.0,2.0,0.03125
0.0,-1.0,1.0,-1.0,0.0,3.0,-4.0,-2.0,0.03125
0.0,-1.0,1.0,-1.0,0.0,3.0,-1.0,0.0,0.03125
-1.0,-1.0,-1.0,-1.0,0.0,1.0,-1.0,-2.0,0.03125
-1.0,-1.0,-1.0,-1.0,0.0,2.0,-1.0,0.0,0.03125
-1.0,-1.0,-1.0,-2.0,0.0,0.0,-1.0,0.0,0.03125
-1.0,-1.0,-1.0,-2.0,0.0,0.0,0.0,2.0,0.03125
-1.0,-1.0,-1.0,-2.0,0.0,0.0,-3.0,-2.0,0.03125
-1.0,-1.0,0.0,-2.0,0.0,2.0,-3.0,0.0,0.03125
-1.0,-1.0,0.0,-3.0,0.0,2.0,-5.0,-2.0,0.03125
-1.0,-1.0,0.0,-3.0,1.0,2.0,-3.0,2.0,0.03125
0.0,0.0,0.0,0.0,0.0,0.0,1.0,2.0,0.3125
0.0,0.0,0.0,0.0,0.0,-1.0,1.0,0.0,0.3125
0.0,0.0,0.0,1.0,0.0,1.0,1.0,0.0,0.3125
0.0,0.0,0.0,1.0,0.0,1.0,0.0,-2.0,0.3125
0.0,0.0,0.0,1.0,0.0,2.0,2.0,0.0,0.3125
0.0,0.0,-1.0,1.0,0.0,0.0,2.0,0.0,0.3125
0.0,0.0,-1.0,1.0,0.0,0.0,3.0,2.0,0.3125
0.0,-1.0,-1.0,-1.0,0.0,0.0,3.0,2.0,0.3125
1.0,-1.0,1.0,-1.0,0.0,2.0,3.0,4.0,0.3125
1.0,-2.0,-1.0,-1.0,0.0,2.0,3.0,4.0,0.3125
1.0,-2.0,-1.0,-1.0,0.0,-1.0,3.0,0.0,0.3125
1.0,-2.0,2.0,-1.0,0.0,3.0,3.0,4.0,0.3125
1.0,-2.0,2.0,-2.0,0.0,-1.0,-1.0,4.0,0.3125
1.0,-2.0,2.0,0.0,1.0,-1.0,-1.0,4.0,0.3125
0.0,-2.0,0.0,0.0,1.0,-3.0,-1.0,0.0,0.3125
0.0,-1.0,0.0,2.0,1.0,1.0,3.0,0.0,0.3125
0.0,-1.0,0.0,2.0,0.0,1.0,1.0,0.0,0.3125
0.0,-1.0,0.0,3.0,0.0,3.0,1.0,0.0,0.3125
0.0,-2.0,0.0,3.0,-2.0,1.0,1.0,0.0,0.3125
0.0,0.0,0.0,0.0,0.0,0.0,1.0,2.0,-0.375
0.0,0.0,0.0,0.0,0.0,-1.0,1.0,0.0,-0.375
0.0,0.0,0.0,1.0,0.0,1.0,1.0,0.0,-0.375
0.0,0.0,0.0,1.0,0.0,1.0,0.0,-2.0,-0.375
0.0,0.0,0.0,1.0,0.0,2.0,2.0,0.0,-0.375
0.0,0.0,-1.0,1.0,0.0,0.0,2.0,0.0,-0.375
0.0,0.0,-1.0,1.0,0.0,0.0,3.0,2.0,-0.375
0.0,-1.0,-1.0,-1.0,0.0,0.0,3.0,2.0,-0.375
1.0,-1.0,1.0,-1.0,0.0,2.0,3.0,4.0,-0.375
1.0,-2.0,-1.0,-1.0,0.0,2.0,3.0,4.0,-0.375
1.0,-2.0,-1.0,-1.0,0.0,-1.0,3.0,0.0,-0.375
1.0,-2.0,2.0,-1.0,0.0,3.0,3.0,4.0,-0.375
1.0,-2.0,2.0,-2.0,0.0,-1.0,-1.0,4.0,-0.375
1.0,-2.0,2.0,0.0,1.0,-1.0,-1.0,4.0,-0.375
0.0,-2.0,0.0,0.0,1.0,-3.0,-1.0,0.0,-0.375
0.0,-1.0,0.0,2.0,1.0,1.0,3.0,0.0,-0.375
0.0,-1.0,0.0,2.0,0.0,1.0,1.0,-2.0,-0.375
0.0,-1.0,0.0,3.0,0.0,3.0,1.0,-2.0,-0.375
0.0,-1.0,0.0,3.0,-1.0,1.0,1.0,-2.0,-0.375
0.0,0.0,0.0,0.0,0.0,0.0,1.0,2.0,0.921875
0.0,0.0,0.0,0.0,0.0,-1.0,1.0,0.0,0.921875
0.0,0.0,0.0,1.0,0.0,1.0,1.0,0.0,0.921875
0.0,0.0,0.0,1.0,0.0,1.0,0.0,-2.0,0.921875
0.0,0.0,0.0,1.0,0.0,2.0,2.0,0.0,0.921875
0.0,0.0,-1.0,1.0,0.0,0.0,2.0,0.0,0.921875
0.0,0.0,-1.0,1.0,0.0,0.0,3.0,2.0,0.921875
0.0,-1.0,-1.0,-1.0,0.0,0.0,3.0,2.0,0.921875
1.0,-1.0,1.0,-1.0,0.0,2.0,3.0,4.0,0.921875
1.0,-2.0,-1.0,-1.0,0.0,2.0,3.0,4.0,0.921875
1.0,-2.0,-1.0,-2.0,0.0,-2.0,-1.0,4.0,0.921875
1.0,-2.0,-1.0,-1.0,0.0,-2.0,1.0,4.0,0.921875
1.0,-2.0,-1.0,-1.0,0.0,-2.0,0.0,2.0,0.921875
1.0,-1.0,1.0,-1.0,0.0,-2.0,0.0,2.0,0.921875
1.0,-1.0,1.0,-1.0,-1.0,-2.0,-2.0,-2.0,0.921875
1.0,2.0,1.0,1.0,-1.0,-2.0,-2.0,-2.0,0.921875
1.0,2.0,1.0,1.0,-2.0,-2.0,-4.0,-2.0,0.921875
1.0,2.0,1.0,1.0,-2.0,0.0,-3.0,0.0,0.921875
1.0,2.0,1.0,1.0,-3.0,-2.0,-3.0,0.0,0.921875
0.0,0.0,0.0,0.0,0.0,0.0,1.0,2.0,0.25
0.0,0.0,0.0,0.0,0.0,-1.0,1.0,0.0,0.25
0.0,0.0,0.0,1.0,0.0,1.0,1.0,0.0,0.25
0.0,0.0,0.0,1.0,0.0,1.0,0.0,-2.0,0.25
0.0,0.0,0.0,1.0,0.0,2.0,2.0,0.0,0.25
0.0,0.0,-1.0,1.0,0.0,0.0,2.0,0.0,0.25
0.0,0.0,-1.0,1.0,0.0,0.0,3.0,2.0,0.25
0.0,-1.0,-1.0,-1.0,0.0,0.0,3.0,2.0,0.25
1.0,-1.0,1.0,-1.0,0.0,2.0,3.0,4.0,0.25
1.0,-2.0,-1.0,-1.0,0.0,2.0,3.0,4.0,0.25
1.0,-2.0,-1.0,-1.0,0.0,-1.0,3.0,0.0,0.25
1.0,-2.0,2.0,-1.0,0.0,3.0,3.0,4.0,0.25
1.0,-3.0,0.0,-1.0,0.0,3.0,3.0,4.0,0.25
1.0,2.0,0.0,-1.0,0.0,3.0,3.0,4.0,0.25
0.0,2.0,-2.0,-1.0,0.0,-1.0,3.0,0.0,0.25
0.0,2.0,0.0,1.0,1.0,-1.0,3.0,0.0,0.25
0.0,1.0,0.0,1.0,-1.0,-1.0,3.0,0.0,0.25
0.0,1.0,0.0,1.0,-1.0,-1.0,4.0,2.0,0.25
0.0,1.0,0.0,1.0,-2.0,-1.0,2.0,2.0,0.25
0.0,0.0,0.0,0.0,0.0,0.0,1.0,2.0,0.65625
0.0,0.0,0.0,0.0,0.0,-1.0,1.0,0.0,0.65625
0.0,0.0,0.0,1.0,0.0,1.0,1.0,0.0,0.65625
0.0,0.0,0.0,1.0,0.0,1.0,0.0,-2.0,0.65625
0.0,0.0,0.0,1.0,0.0,2.0,2.0,0.0,0.65625
0.0,0.0,0.0,1.0,0.0,2.0,1.0,-2.0,0.65625
0.0,0.0,0.0,1.0,1.0,2.0,3.0,2.0,0.65625
0.0,0.0,0.0,0.0,1.0,2.0,1.0,2.0,0.65625
0.0,0.0,0.0,0.0,1.0,2.0,2.0,4.0,0.65625
0.0,-1.0,0.0,0.0,-1.0,2.0,2.0,4.0,0.65625
0.0,0.0,0.0,2.0,-1.0,2.0,4.0,4.0,0.65625
0.0,0.0,-1.0,0.0,-1.0,2.0,4.0,4.0,0.65625
0.0,0.0,1.0,1.0,-1.0,2.0,4.0,4.0,0.65625
0.0,-1.0,-1.0,1.0,-1.0,2.0,4.0,4.0,0.65625
0.0,-1.0,-1.0,-1.0,-2.0,2.0,4.0,4.0,0.65625
0.0,-1.0,1.0,1.0,1.0,2.0,4.0,4.0,0.65625
0.0,-2.0,1.0,-1.0,1.0,2.0,4.0,4.0,0.65625
0.0,-2.0,1.0,1.0,4.0,2.0,4.0,4.0,0.65625
0.0,-2.0,1.0,1.0,2.0,2.0,3.0,4.0,0.65625
0.0,0.0,0.0,0.0,0.0,0.0,1.0,2.0,0.0
0.0,0.0,0.0,0.0,0.0,-1.0,1.0,0.0,0.0
0.0,0.0,0.0,1.0,0.0,1.0,1.0,0.0,0.0
0.0,0.0,-1.0,1.0,0.0,-1.0,1.0,0.0,0.0
0.0,0.0,-1.0,1.0,0.0,-1.0,2.0,2.0,0.0
0.0,0.0,-1.0,1.0,0.0,-1.0,-1.0,0.0,0.0
1.0,0.0,1.0,1.0,0.0,1.0,-1.0,0.0,0.0
1.0,0.0,1.0,1.0,-1.0,1.0,-3.0,-2.0,0.0
1.0,0.0,1.0,1.0,2.0,1.0,-3.0,-2.0,0.0
1.0,-1.0,1.0,1.0,0.0,1.0,-3.0,-2.0,0.0
1.0,-1.0,1.0,1.0,0.0,1.0,0.0,-2.0,0.0
1.0,-1.0,1.0,1.0,0.0,0.0,0.0,-4.0,0.0
1.0,0.0,1.0,1.0,2.0,0.0,0.0,-4.0,0.0
1.0,0.0,1.0,0.0,2.0,-2.0,-4.0,-4.0,0.0
1.0,0.0,1.0,0.0,2.0,1.0,0.0,-4.0,0.0
1.0,0.0,1.0,0.0,1.0,1.0,-4.0,-4.0,0.0
1.0,0.0,1.0,0.0,1.0,1.0,-1.0,0.0,0.0
1.0,-3.0,1.0,-2.0,-3.0,1.0,-1.0,0.0,0.0
1.0,-2.0,1.0,0.0,-1.0,1.0,-1.0,0.0,0.0
0.0,0.0,0.0,0.0,0.0,0.0,1.0,2.0,0.625
0.0,0.0,0.0,0.0,0.0,-1.0,1.0,0.0,0.625
0.0,0.0,0.0,1.0,0.0,1.0,1.0,0.0,0.625
0.0,0.0,0.0,1.0,0.0,1.0,0.0,-2.0,0.625
0.0,0.0,0.0,1.0,0.0,2.0,2.0,0.0,0.625
0.0,0.0,-1.0,1.0,0.0,0.0,2.0,0.0,0.625
0.0,0.0,-1.0,1.0,0.0,0.0,3.0,2.0,0.625
0.0,-1.0,-1.0,-1.0,0.0,0.0,3.0,2.0,0.625
1.0,-1.0,1.0,-1.0,0.0,2.0,3.0,4.0,0.625
1.0,-2.0,-1.0,-1.0,0.0,2.0,3.0,4.0,0.625
1.0,-2.0,-1.0,-1.0,0.0,-1.0,3.0,0.0,0.625
1.0,-2.0,2.0,-1.0,0.0,3.0,3.0,4.0,0.625
1.0,-2.0,2.0,-2.0,0.0,-1.0,-1.0,4.0,0.625
1.0,-2.0,2.0,0.0,1.0,-1.0,-1.0,4.0,0.625
0.0,-2.0,0.0,0.0,1.0,-3.0,-1.0,0.0,0.625
0.0,-1.0,0.0,2.0,1.0,1.0,3.0,0.0,0.625
0.0,-1.0,0.0,2.0,0.0,1.0,1.0,0.0,0.625
0.0,-1.0,0.0,3.0,0.0,3.0,1.0,0.0,0.625
0.0,-2.0,0.0,3.0,-2.0,1.0,1.0,0.0,0.625
0.0,0.0,0.0,0.0,0.0,0.0,1.0,2.0,-0.625
0.0,0.0,0.0,0.0,0.0,0.0,0.0,0.0,-0.625
0.0,0.0,0.0,0.0,0.0,0.0,1.0,2.0,-0.625
0.0,0.0,0.0,0.0,0.0,-1.0,1.0,0.0,-0.625
0.0,0.0,0.0,0.0,1.0,-1.0,3.0,2.0,-0.625
0.0,0.0,0.0,0.0,1.0,-2.0,3.0,0.0,-0.625
0.0,0.0,0.0,0.0,1.0,-2.0,4.0,2.0,-0.625
0.0,-1.0,0.0,0.0,-1.0,-2.0,4.0,2.0,-0.625
0.0,-1.0,0.0,1.0,-1.0,0.0,4.0,2.0,-0.625
0.0,-1.0,0.0,0.0,-1.0,0.0,2.0,2.0,-0.625
0.0,-1.0,0.0,0.0,0.0,0.0,4.0,2.0,-0.625
0.0,-1.0,0.0,0.0,-1.0,-2.0,4.0,2.0,-0.625
0.0,0.0,0.0,2.0,-1.0,-2.0,4.0,2.0,-0.625
0.0,-1.0,0.0,2.0,-3.0,-2.0,0.0,-2.0,-0.625
0.0,-1.0,0.0,2.0,-3.0,-2.0,3.0,0.0,-0.625
0.0,-2.0,0.0,0.0,-3.0,-2.0,1.0,0.0,-0.625
0.0,-2.0,0.0,0.0,-3.0,-2.0,2.0,4.0,-0.625
0.0,-2.0,0.0,0.0,-4.0,-2.0,-2.0,4.0,-0.625
0.0,-2.0,0.0,1.0,-4.0,-2.0,0.0,4.0,-0.625
0.0,0.0,0.0,0.0,0.0,0.0,1.0,2.0,-0.15625
0.0,0.0,0.0,0.0,0.0,-1.0,1.0,0.0,-0.15625
0.0,0.0,0.0,1.0,0.0,1.0,1.0,0.0,-0.15625
0.0,0.0,0.0,1.0,0.0,1.0,0.0,-2.0,-0.15625
0.0,0.0,0.0,1.0,0.0,2.0,2.0,0.0,-0.15625
0.0,0.0,-1.0,1.0,0.0,0.0,2.0,0.0,-0.15625
0.0,0.0,-1.0,1.0,0.0,0.0,3.0,2.0,-0.15625
0.0,-1.0,-1.0,-1.0,0.0,0.0,3.0,2.0,-0.15625
1.0,-1.0,1.0,-1.0,0.0,2.0,3.0,4.0,-0.15625
1.0,-2.0,-1.0,-1.0,0.0,2.0,3.0,4.0,-0.15625
1.0,-2.0,-1.0,-1.0,0.0,-1.0,3.0,0.0,-0.15625
1.0,-2.0,2.0,-1.0,0.0,3.0,3.0,4.0,-0.15625
1.0,-3.0,0.0,-1.0,0.0,3.0,3.0,4.0,-0.15625
1.0,2.0,0.0,-1.0,0.0,3.0,3.0,4.0,-0.15625
0.0,2.0,-2.0,-1.0,0.0,-1.0,3.0,0.0,-0.15625
0.0,2.0,0.0,1.0,1.0,-1.0,3.0,0.0,-0.15625
0.0,2.0,0.0,0.0,1.0,-3.0,-1.0,0.0,-0.15625
0.0,3.0,0.0,2.0,1.0,1.0,3.0,0.0,-0.15625
0.0,3.0,0.0,2.0,0.0,1.0,1.0,-2.0,-0.15625
0.0,0.0,0.0,0.0,0.0,0.0,1.0,2.0,0.53125
0.0,0.0,0.0,0.0,0.0,-1.0,1.0,0.0,0.53125
0.0,0.0,0.0,1.0,0.0,1.0,1.0,0.0,0.53125
0.0,0.0,0.0,1.0,0.0,1.0,0.0,-2.0,0.53125
0.0,0.0,0.0,1.0,0.0,2.0,2.0,0.0,0.53125
0.0,0.0,-1.0,1.0,0.0,0.0,2.0,0.0,0.53125
0.0,0.0,-1.0,1.0,0.0,0.0,3.0,2.0,0.53125
0.0,-1.0,-1.0,-1.0,0.0,0.0,3.0,2.0,0.53125
1.0,-1.0,1.0,-1.0,0.0,2.0,3.0,4.0,0.53125
1.0,-2.0,-1.0,-1.0,0.0,2.0,3.0,4.0,0.53125
1.0,-2.0,-1.0,-1.0,0.0,-1.0,3.0,0.0,0.53125
1.0,-2.0,2.0,-1.0,0.0,3.0,3.0,4.0,0.53125
1.0,-2.0,2.0,-2.0,0.0,-1.0,-1.0,4.0,0.53125
1.0,-2.0,2.0,0.0,1.0,-1.0,-1.0,4.0,0.53125
0.0,-2.0,0.0,0.0,1.0,-3.0,-1.0,0.0,0.53125
0.0,-1.0,0.0,2.0,1.0,1.0,3.0,0.0,0.53125
0.0,-1.0,0.0,2.0,0.0,1.0,1.0,0.0,0.53125
0.0,-1.0,0.0,3.0,0.0,3.0,1.0,0.0,0.53125
0.0,-2.0,0.0,3.0,-2.0,1.0,1.0,0.0,0.53125
0.0,0.0,0.0,0.0,0.0,0.0,1.0,2.0,0.921875
0.0,0.0,0.0,0.0,0.0,-1.0,1.0,0.0,0.921875
0.0,0.0,0.0,1.0,0.0,1.0,1.0,0.0,0.921875
0.0,0.0,0.0,1.0,0.0,1.0,0.0,-2.0,0.921875
0.0,0.0,0.0,1.0,0.0,2.0,2.0,0.0,0.921875
0.0,0.0,-1.0,1.0,0.0,0.0,2.0,0.0,0.921875
0.0,0.0,-1.0,1.0,0.0,0.0,3.0,2.0,0.921875
0.0,0.0,-1.0,1.0,-1.0,0.0,1.0,2.0,0.921875
0.0,1.0,-1.0,1.0,1.0,0.0,3.0,4.0,0.921875
0.0,1.0,-1.0,1.0,1.0,-1.0,3.0,0.0,0.921875
0.0,1.0,-1.0,2.0,1.0,1.0,3.0,0.0,0.921875
0.0,1.0,-1.0,2.0,1.0,1.0,2.0,-2.0,0.921875
1.0,1.0,1.0,2.0,1.0,3.0,2.0,2.0,0.921875
1.0,1.0,0.0,2.0,1.0,1.0,2.0,0.0,0.921875
1.0,1.0,0.0,2.0,2.0,1.0,4.0,2.0,0.921875
1.0,0.0,0.0,0.0,2.0,-1.0,0.0,2.0,0.921875
2.0,0.0,2.0,0.0,2.0,1.0,0.0,4.0,0.921875
2.0,0.0,2.0,0.0,2.0,1.0,-1.0,0.0,0.921875
2.0,0.0,2.0,1.0,2.0,1.0,1.0,2.0,0.921875
0.0,0.0,0.0,0.0,0.0,0.0,1.0,2.0,0.90625
0.0,0.0,0.0,0.0,0.0,-1.0,1.0,0.0,0.90625
0.0,0.0,0.0,1.0,0.0,1.0,1.0,0.0,0.90625
0.0,0.0,0.0,1.0,0.0,1.0,0.0,-2.0,0.90625
0.0,0.0,0.0,1.0,0.0,2.0,2.0,0.0,0.90625
0.0,0.0,-1.0,1.0,0.0,0.0,2.0,0.0,0.90625
0.0,0.0,-1.0,1.0,0.0,0.0,3.0,2.0,0.90625
0.0,-1.0,-1.0,-1.0,0.0,0.0,3.0,2.0,0.90625
1.0,-1.0,1.0,-1.0,0.0,2.0,3.0,4.0,0.90625
1.0,-2.0,-1.0,-1.0,0.0,2.0,3.0,4.0,0.90625
1.0,-2.0,-1.0,-1.0,0.0,-1.0,3.0,0.0,0.90625
1.0,-2.0,-1.0,-1.0,0.0,-1.0,4.0,2.0,0.90625
1.0,-2.0,-1.0,-1.0,0.0,-1.0,1.0,2.0,0.90625
1.0,-2.0,-1.0,0.0,0.0,1.0,5.0,2.0,0.90625
1.0,-2.0,-1.0,-1.0,0.0,-1.0,-1.0,2.0,0.90625
1.0,-2.0,-1.0,0.0,0.0,-1.0,1.0,2.0,0.90625
1.0,-2.0,-1.0,-2.0,-1.0,-1.0,1.0,2.0,0.90625
1.0,-2.0,-1.0,-1.0,-1.0,1.0,5.0,2.0,0.90625
1.0,-3.0,-1.0,-3.0,-1.0,1.0,5.0,2.0,0.90625
0.0,0.0,0.0,0.0,0.0,0.0,1.0,2.0,-0.578125
0.0,0.0,0.0,0.0,0.0,0.0,0.0,0.0,-0.578125
0.0,0.0,0.0,0.0,0.0,1.0,2.0,2.0,-0.578125
0.0,0.0,0.0,0.0,0.0,0.0,2.0,0.0,-0.578125
0.0,0.0,0.0,0.0,0.0,0.0,3.0,2.0,-0.578125
0.0,0.0,0.0,-1.0,0.0,-2.0,-1.0,2.0,-0.578125
0.0,0.0,1.0,-1.0,0.0,0.0,-1.0,4.0,-0.578125
0.0,0.0,1.0,-1.0,0.0,0.0,-2.0,0.0,-0.578125
0.0,1.0,1.0,1.0,0.0,2.0,2.0,0.0,-0.578125
0.0,1.0,1.0,1.0,0.0,1.0,0.0,-2.0,-0.578125
0.0,1.0,2.0,1.0,0.0,3.0,0.0,2.0,-0.578125
0.0,1.0,2.0,1.0,-1.0,3.0,-2.0,-2.0,-0.578125
0.0,1.0,2.0,1.0,-1.0,3.0,-1.0,0.0,-0.578125
-1.0,1.0,0.0,1.0,-1.0,1.0,-1.0,-2.0,-0.578125
-1.0,2.0,0.0,1.0,1.0,1.0,1.0,-2.0,-0.578125
-2.0,2.0,-2.0,1.0,1.0,-1.0,1.0,-2.0,-0.578125
-2.0,2.0,-2.0,1.0,2.0,-1.0,5.0,2.0,-0.578125
-2.0,2.0,-2.0,1.0,2.0,-2.0,1.0,2.0,-0.578125
-2.0,2.0,-2.0,2.0,2.0,0.0,3.0,2.0,-0.578125
0.0,0.0,0.0,0.0,0.0,0.0,1.0,2.0,-0.09375
0.0,0.0,0.0,0.0,0.0,-1.0,1.0,0.0,-0.09375
0.0,0.0,0.0,1.0,0.0,1.0,1.0,0.0,-0.09375
0.0,0.0,0.0,1.0,0.0,1.0,0.0,-2.0,-0.09375
0.0,0.0,0.0,1.0,0.0,2.0,2.0,0.0,-0.09375
0.0,0.0,-1.0,1.0,0.0,0.0,2.0,0.0,-0.09375
0.0,0.0,-1.0,1.0,0.0,0.0,3.0,2.0,-0.09375
0.0,-1.0,-1.0,-1.0,0.0,0.0,3.0,2.0,-0.09375
1.0,-1.0,1.0,-1.0,0.0,2.0,3.0,4.0,-0.09375
1.0,-2.0,-1.0,-1.0,0.0,2.0,3.0,4.0,-0.09375
1.0,-2.0,-1.0,-1.0,0.0,-1.0,3.0,0.0,-0.09375
1.0,-2.0,2.0,-1.0,0.0,3.0,3.0,4.0,-0.09375
1.0,-2.0,2.0,-2.0,0.0,-1.0,-1.0,4.0,-0.09375
1.0,-2.0,2.0,0.0,1.0,-1.0,-1.0,4.0,-0.09375
0.0,-2.0,0.0,0.0,1.0,-3.0,-1.0,0.0,-0.09375
0.0,-2.0,0.0,1.0,1.0,-3.0,1.0,0.0,-0.09375
0.0,-3.0,0.0,1.0,-1.0,-3.0,1.0,0.0,-0.09375
0.0,-3.0,0.0,2.0,-1.0,-1.0,1.0,0.0,-0.09375
0.0,-3.0,0.0,0.0,-2.0,-1.0,1.0,0.0,-0.09375
0.0,0.0,0.0,0.0,0.0,0.0,1.0,2.0,-0.09375
0.0,0.0,0.0,0.0,0.0,-1.0,1.0,0.0,-0.09375
0.0,0.0,0.0,1.0,0.0,1.0,1.0,0.0,-0.09375
0.0,0.0,0.0,1.0,0.0,1.0,0.0,-2.0,-0.09375
0.0,0.0,0.0,1.0,0.0,2.0,2.0,0.0,-0.09375
0.0,0.0,-1.0,1.0,0.0,0.0,2.0,0.0,-0.09375
0.0,0.0,-1.0,1.0,0.0,0.0,3.0,2.0,-0.09375
0.0,-1.0,-1.0,-1.0,0.0,0.0,3.0,2.0,-0.09375
1.0,-1.0,1.0,-1.0,0.0,2.0,3.0,4.0,-0.09375
1.0,-2.0,-1.0,-1.0,0.0,2.0,3.0,4.0,-0.09375
1.0,-2.0,-1.0,-1.0,0.0,-1.0,3.0,0.0,-0.09375
1.0,-2.0,2.0,-1.0,0.0,3.0,3.0,4.0,-0.09375
1.0,-2.0,2.0,-2.0,0.0,-1.0,-1.0,4.0,-0.09375
1.0,-2.0,2.0,0.0,1.0,-1.0,-1.0,4.0,-0.09375
0.0,-2.0,0.0,0.0,1.0,-3.0,-1.0,0.0,-0.09375
0.0,-1.0,0.0,2.0,1.0,1.0,3.0,0.0,-0.09375
0.0,-1.0,0.0,2.0,0.0,1.0,1.0,0.0,-0.09375
0.0,-1.0,0.0,3.0,0.0,3.0,1.0,0.0,-0.09375
0.0,-1.0,0.0,3.0,-1.0,3.0,-1.0,-2.0,-0.09375
0.0,0.0,0.0,0.0,0.0,0.0,1.0,2.0,0.125
0.0,0.0,0.0,0.0,0.0,-1.0,1.0,0.0,0.125
0.0,0.0,0.0,1.0,0.0,1.0,1.0,0.0,0.125
0.0,0.0,0.0,1.0,0.0,1.0,0.0,-2.0,0.125
0.0,0.0,0.0,1.0,0.0,2.0,2.0,0.0,0.125
0.0,0.0,-1.0,1.0,0.0,0.0,2.0,0.0,0.125
0.0,0.0,-1.0,1.0,0.0,0.0,3.0,2.0,0.125
0.0,-1.0,-1.0,-1.0,0.0,0.0,3.0,2.0,0.125
1.0,-1.0,1.0,-1.0,0.0,2.0,3.0,4.0,0.125
1.0,-2.0,-1.0,-1.0,0.0,2.0,3.0,4.0,0.125
1.0,-2.0,-1.0,-1.0,0.0,-1.0,3.0,0.0,0.125
1.0,-2.0,2.0,-1.0,0.0,3.0,3.0,4.0,0.125
1.0,-2.0,2.0,-2.0,0.0,-1.0,-1.0,4.0,0.125
1.0,-2.0,2.0,0.0,1.0,-1.0,-1.0,4.0,0.125
0.0,-2.0,0.0,0.0,1.0,-3.0,-1.0,0.0,0.125
0.0,-1.0,0.0,2.0,1.0,1.0,3.0,0.0,0.125
0.0,-1.0,0.0,2.0,0.0,1.0,1.0,0.0,0.125
0.0,-1.0,0.0,3.0,0.0,3.0,1.0,0.0,0.125
0.0,-1.0,0.0,1.0,-1.0,3.0,1.0,0.0,0.125
0.0,0.0,0.0,0.0,0.0,0.0,1.0,2.0,0.5625
0.0,0.0,0.0,0.0,0.0,-1.0,1.0,0.0,0.5625
0.0,0.0,0.0,0.0,0.0,-1.0,2.0,2.0,0.5625
0.0,0.0,0.0,0.0,0.0,-1.0,-1.0,0.0,0.5625
0.0,0.0,0.0,0.0,0.0,0.0,-1.0,2.0,0.5625
0.0,0.0,0.0,0.0,-1.0,0.0,-3.0,2.0,0.5625
0.0,0.0,0.0,1.0,-1.0,2.0,3.0,2.0,0.5625
0.0,0.0,0.0,1.0,-2.0,2.0,-3.0,0.0,0.5625
0.0,0.0,0.0,1.0,-2.0,2.0,-2.0,2.0,0.5625
0.0,0.0,0.0,1.0,-3.0,0.0,-4.0,-2.0,0.5625
0.0,0.0,0.0,1.0,-3.0,0.0,-1.0,-2.0,0.5625
0.0,-1.0,0.0,-1.0,-3.0,-2.0,-1.0,-2.0,0.5625
0.0,0.0,0.0,-1.0,-1.0,-2.0,-1.0,-2.0,0.5625
0.0,0.0,0.0,-1.0,-1.0,-3.0,-5.0,-4.0,0.5625
0.0,1.0,0.0,-1.0,1.0,-3.0,-1.0,-4.0,0.5625
0.0,0.0,0.0,-1.0,-1.0,-3.0,-1.0,-4.0,0.5625
0.0,1.0,0.0,-1.0,1.0,-3.0,1.0,0.0,0.5625
0.0,1.0,0.0,-1.0,0.0,-3.0,-1.0,-2.0,0.5625
0.0,1.0,0.0,0.0,0.0,-1.0,-1.0,-2.0,0.5625
0.0,0.0,0.0,0.0,0.0,0.0,1.0,2.0,0.296875
0.0,0.0,0.0,0.0,0.0,-1.0,1.0,0.0,0.296875
0.0,0.0,0.0,1.0,0.0,1.0,1.0,0.0,0.296875
0.0,0.0,0.0,1.0,0.0,1.0,0.0,-2.0,0.296875
0.0,0.0,0.0,1.0,0.0,2.0,2.0,0.0,0.296875
0.0,0.0,-1.0,1.0,0.0,0.0,2.0,0.0,0.296875
0.0,0.0,-1.0,1.0,0.0,0.0,3.0,2.0,0.296875
0.0,-1.0,-1.0,-1.0,0.0,0.0,3.0,2.0,0.296875
1.0,-1.0,1.0,-1.0,0.0,2.0,3.0,4.0,0.296875
1.0,-2.0,-1.0,-1.0,0.0,2.0,3.0,4.0,0.296875
1.0,-2.0,-1.0,-1.0,0.0,-1.0,3.0,0.0,0.296875
1.0,-2.0,2.0,-1.0,0.0,3.0,3.0,4.0,0.296875
1.0,-2.0,2.0,-2.0,0.0,-1.0,-1.0,4.0,0.296875
1.0,-2.0,2.0,0.0,1.0,-1.0,-1.0,4.0,0.296875
0.0,-2.0,0.0,0.0,1.0,-3.0,-1.0,0.0,0.296875
0.0,-2.0,0.0,0.0,2.0,-3.0,1.0,0.0,0.296875
0.0,-3.0,0.0,0.0,0.0,-3.0,1.0,0.0,0.296875
0.0,-3.0,0.0,0.0,3.0,-3.0,1.0,0.0,0.296875
0.0,-3.0,0.0,0.0,-1.0,-3.0,0.0,-2.0,0.296875
0.0,0.0,0.0,0.0,0.0,0.0,1.0,2.0,0.3125
0.0,0.0,0.0,0.0,0.0,0.0,0.0,0.0,0.3125
0.0,0.0,0.0,0.0,0.0,1.0,0.0,2.0,0.3125
0.0,0.0,0.0,0.0,-1.0,1.0,-2.0,0.0,0.3125
0.0,0.0,0.0,0.0,0.0,1.0,0.0,2.0,0.3125
0.0,0.0,0.0,0.0,0.0,1.0,-1.0,0.0,0.3125
0.0,1.0,0.0,0.0,2.0,1.0,1.0,2.0,0.3125
0.0,0.0,0.0,0.0,0.0,1.0,-1.0,-2.0,0.3125
0.0,0.0,0.0,0.0,0.0,1.0,0.0,0.0,0.3125
0.0,0.0,0.0,-1.0,0.0,-1.0,0.0,0.0,0.3125
0.0,0.0,0.0,-1.0,0.0,-1.0,1.0,4.0,0.3125
0.0,0.0,0.0,-1.0,0.0,-2.0,-1.0,4.0,0.3125
0.0,0.0,1.0,-1.0,0.0,0.0,-1.0,4.0,0.3125
0.0,0.0,1.0,-2.0,0.0,-2.0,-1.0,4.0,0.3125
0.0,0.0,1.0,-2.0,1.0,-2.0,1.0,4.0,0.3125
0.0,-1.0,1.0,-2.0,-1.0,-2.0,1.0,4.0,0.3125
0.0,0.0,1.0,0.0,-1.0,0.0,1.0,4.0,0.3125
0.0,0.0,1.0,-1.0,-1.0,0.0,-1.0,2.0,0.3125
0.0,1.0,1.0,1.0,-1.0,2.0,1.0,2.0,0.3125
0.0,0.0,0.0,0.0,0.0,0.0,1.0,2.0,0.28125
0.0,0.0,0.0,0.0,0.0,-1.0,1.0,0.0,0.28125
0.0,0.0,0.0,1.0,0.0,1.0,1.0,0.0,0.28125
0.0,0.0,0.0,1.0,0.0,1.0,0.0,-2.0,0.28125
0.0,0.0,0.0,1.0,0.0,2.0,2.0,0.0,0.28125
0.0,0.0,-1.0,1.0,0.0,0.0,2.0,0.0,0.28125
0.0,0.0,-1.0,1.0,0.0,0.0,3.0,2.0,0.28125
0.0,-1.0,-1.0,-1.0,0.0,0.0,3.0,2.0,0.28125
1.0,-1.0,1.0,-1.0,0.0,2.0,3.0,4.0,0.28125
1.0,-2.0,-1.0,-1.0,0.0,2.0,3.0,4.0,0.28125
1.0,-2.0,-1.0,-1.0,0.0,-1.0,3.0,0.0,0.28125
1.0,-2.0,2.0,-1.0,0.0,3.0,3.0,4.0,0.28125
1.0,-2.0,2.0,-2.0,0.0,-1.0,-1.0,4.0,0.28125
1.0,-2.0,2.0,0.0,1.0,-1.0,-1.0,4.0,0.28125
0.0,-2.0,0.0,0.0,1.0,-3.0,-1.0,0.0,0.28125
0.0,-1.0,0.0,2.0,1.0,1.0,3.0,0.0,0.28125
0.0,-1.0,0.0,2.0,0.0,1.0,1.0,0.0,0.28125
0.0,-1.0,0.0,3.0,0.0,3.0,1.0,0.0,0.28125
0.0,-2.0,0.0,3.0,-2.0,1.0,1.0,0.0,0.28125
0.0,0.0,0.0,0.0,0.0,0.0,1.0,2.0,0.5
0.0,0.0,0.0,0.0,0.0,-1.0,1.0,0.0,0.5
0.0,0.0,0.0,1.0,0.0,1.0,1.0,0.0,0.5
0.0,0.0,0.0,1.0,0.0,1.0,0.0,-2.0,0.5
0.0,0.0,0.0,1.0,0.0,2.0,2.0,0.0,0.5
0.0,0.0,-1.0,1.0,0.0,0.0,2.0,0.0,0.5
0.0,0.0,-1.0,1.0,0.0,0.0,3.0,2.0,0.5
0.0,-1.0,-1.0,-1.0,0.0,0.0,3.0,2.0,0.5
1.0,-1.0,1.0,-1.0,0.0,2.0,3.0,4.0,0.5
1.0,-2.0,-1.0,-1.0,0.0,2.0,3.0,4.0,0.5
1.0,-2.0,-1.0,-2.0,0.0,-2.0,-1.0,4.0,0.5
1.0,-2.0,-1.0,-1.0,0.0,-2.0,1.0,4.0,0.5
1.0,-2.0,-1.0,-3.0,-1.0,-2.0,1.0,4.0,0.5
1.0,-1.0,-1.0,-1.0,-1.0,-2.0,1.0,4.0,0.5
1.0,-2.0,-1.0,-3.0,-1.0,-2.0,1.0,4.0,0.5
1.0,3.0,-1.0,-3.0,-1.0,-2.0,1.0,4.0,0.5
1.0,3.0,-1.0,-3.0,-2.0,-2.0,-1.0,0.0,0.5
1.0,4.0,-1.0,1.0,-2.0,-2.0,-1.0,0.0,0.5
1.0,4.0,-1.0,-1.0,-3.0,-2.0,-1.0,0.0,0.5
0.0,0.0,0.0,0.0,0.0,0.0,1.0,2.0,-0.0625
0.0,0.0,0.0,0.0,0.0,-1.0,1.0,0.0,-0.0625
0.0,0.0,0.0,1.0,0.0,1.0,1.0,0.0,-0.0625
0.0,0.0,0.0,1.0,0.0,1.0,0.0,-2.0,-0.0625
0.0,0.0,0.0,1.0,0.0,2.0,2.0,0.0,-0.0625
0.0,0.0,-1.0,1.0,0.0,0.0,2.0,0.0,-0.0625
0.0,0.0,-1.0,1.0,0.0,0.0,3.0,2.0,-0.0625
0.0,-1.0,-1.0,-1.0,0.0,0.0,3.0,2.0,-0.0625
1.0,-1.0,1.0,-1.0,0.0,2.0,3.0,4.0,-0.0625
1.0,-2.0,-1.0,-1.0,0.0,2.0,3.0,4.0,-0.0625
1.0,-2.0,-1.0,-1.0,0.0,-1.0,3.0,0.0,-0.0625
1.0,-2.0,2.0,-1.0,0.0,3.0,3.0,4.0,-0.0625
1.0,-2.0,2.0,-2.0,0.0,-1.0,-1.0,4.0,-0.0625
1.0,-2.0,2.0,0.0,1.0,-1.0,-1.0,4.0,-0.0625
1.0,-2.0,2.0,0.0,1.0,-1.0,-2.0,0.0,-0.0625
1.0,-1.0,2.0,2.0,1.0,3.0,2.0,0.0,-0.0625
0.0,-1.0,0.0,2.0,1.0,1.0,2.0,-2.0,-0.0625
0.0,-1.0,0.0,2.0,2.0,1.0,4.0,2.0,-0.0625
0.0,-1.0,0.0,1.0,2.0,1.0,2.0,2.0,-0.0625
0.0,0.0,0.0,0.0,0.0,0.0,1.0,2.0,0.125
0.0,0.0,0.0,0.0,0.0,-1.0,1.0,0.0,0.125
0.0,0.0,0.0,1.0,0.0,1.0,1.0,0.0,0.125
0.0,0.0,0.0,1.0,0.0,1.0,0.0,-2.0,0.125
0.0,0.0,0.0,1.0,0.0,2.0,2.0,0.0,0.125
0.0,0.0,-1.0,1.0,0.0,0.0,2.0,0.0,0.125
0.0,0.0,-1.0,1.0,0.0,0.0,3.0,2.0,0.125
0.0,-1.0,-1.0,-1.0,0.0,0.0,3.0,2.0,0.125
1.0,-1.0,1.0,-1.0,0.0,2.0,3.0,4.0,0.125
1.0,-2.0,-1.0,-1.0,0.0,2.0,3.0,4.0,0.125
1.0,-2.0,-1.0,-1.0,0.0,-1.0,3.0,0.0,0.125
1.0,-2.0,2.0,-1.0,0.0,3.0,3.0,4.0,0.125
1.0,-2.0,2.0,-2.0,0.0,-1.0,-1.0,4.0,0.125
1.0,-2.0,2.0,0.0,1.0,-1.0,-1.0,4.0,0.125
0.0,-2.0,0.0,0.0,1.0,-3.0,-1.0,0.0,0.125
0.0,-1.0,0.0,2.0,1.0,1.0,3.0,0.0,0.125
0.0,-1.0,0.0,2.0,0.0,1.0,1.0,0.0,0.125
0.0,-1.0,0.0,3.0,0.0,3.0,1.0,0.0,0.125
0.0,-2.0,0.0,3.0,-2.0,1.0,1.0,0.0,0.125
0.0,0.0,0.0,0.0,0.0,0.0,1.0,2.0,-0.203125
0.0,0.0,0.0,0.0,0.0,-1.0,1.0,0.0,-0.203125
0.0,0.0,0.0,1.0,0.0,1.0,1.0,0.0,-0.203125
0.0,0.0,0.0,1.0,0.0,1.0,0.0,-2.0,-0.203125
0.0,0.0,0.0,1.0,0.0,2.0,2.0,0.0,-0.203125
0.0,0.0,-1.0,1.0,0.0,0.0,2.0,0.0,-0.203125
0.0,0.0,-1.0,1.0,0.0,0.0,3.0,2.0,-0.203125
0.0,-1.0,-1.0,-1.0,0.0,0.0,3.0,2.0,-0.203125
1.0,-1.0,1.0,-1.0,0.0,2.0,3.0,4.0,-0.203125
1.0,-2.0,-1.0,-1.0,0.0,2.0,3.0,4.0,-0.203125
1.0,-2.0,-1.0,-1.0,0.0,-1.0,3.0,0.0,-0.203125
1.0,-2.0,2.0,-1.0,0.0,3.0,3.0,4.0,-0.203125
1.0,-2.0,2.0,-2.0,0.0,-1.0,-1.0,4.0,-0.203125
1.0,-2.0,2.0,0.0,1.0,-1.0,-1.0,4.0,-0.203125
0.0,-2.0,0.0,0.0,1.0,-3.0,-1.0,0.0,-0.203125
0.0,-1.0,0.0,2.0,1.0,1.0,3.0,0.0,-0.203125
0.0,-1.0,0.0,2.0,0.0,1.0,1.0,-2.0,-0.203125
0.0,-1.0,0.0,3.0,0.0,3.0,1.0,-2.0,-0.203125
0.0,-1.0,0.0,3.0,-1.0,1.0,1.0,-2.0,-0.203125
0.0,0.0,0.0,0.0,0.0,0.0,1.0,2.0,-0.5625
0.0,0.0,0.0,0.0,0.0,-1.0,1.0,0.0,-0.5625
0.0,0.0,0.0,1.0,0.0,1.0,1.0,0.0,-0.5625
0.0,0.0,0.0,1.0,0.0,1.0,0.0,-2.0,-0.5625
0.0,0.0,0.0,1.0,0.0,2.0,2.0,0.0,-0.5625
0.0,0.0,0.0,1.0,0.0,2.0,1.0,-2.0,-0.5625
0.0,0.0,0.0,1.0,1.0,2.0,3.0,2.0,-0.5625
0.0,0.0,0.0,0.0,1.0,2.0,1.0,2.0,-0.5625
0.0,0.0,0.0,0.0,1.0,2.0,2.0,4.0,-0.5625
0.0,-1.0,0.0,0.0,-1.0,2.0,2.0,4.0,-0.5625
0.0,0.0,0.0,2.0,-1.0,2.0,4.0,4.0,-0.5625
0.0,0.0,0.0,2.0,-2.0,2.0,0.0,0.0,-0.5625
0.0,0.0,0.0,2.0,1.0,2.0,0.0,0.0,-0.5625
0.0,-1.0,0.0,2.0,-1.0,2.0,0.0,0.0,-0.5625
0.0,0.0,0.0,2.0,1.0,2.0,4.0,4.0,-0.5625
0.0,0.0,-1.0,0.0,-1.0,2.0,4.0,4.0,-0.5625
0.0,0.0,1.0,1.0,-1.0,2.0,4.0,4.0,-0.5625
0.0,-1.0,-1.0,1.0,-1.0,2.0,4.0,4.0,-0.5625
0.0,-1.0,-1.0,-1.0,-2.0,2.0,4.0,4.0,-0.5625
0.0,0.0,0.0,0.0,0.0,0.0,1.0,2.0,0.46875
0.0,0.0,0.0,0.0,0.0,-1.0,1.0,0.0,0.46875
0.0,0.0,0.0,1.0,0.0,1.0,1.0,0.0,0.46875
0.0,0.0,0.0,1.0,0.0,1.0,0.0,-2.0,0.46875
0.0,0.0,0.0,1.0,0.0,2.0,2.0,0.0,0.46875
0.0,0.0,0.0,1.0,-1.0,2.0,0.0,-2.0,0.46875
0.0,0.0,0.0,1.0,-1.0,3.0,0.0,2.0,0.46875
0.0,-1.0,0.0,-1.0,-1.0,1.0,-2.0,2.0,0.46875
0.0,0.0,0.0,-1.0,1.0,1.0,0.0,4.0,0.46875
0.0,0.0,0.0,-1.0,1.0,1.0,-1.0,0.0,0.46875
0.0,0.0,0.0,-1.0,1.0,1.0,2.0,2.0,0.46875
0.0,0.0,0.0,-1.0,1.0,1.0,-1.0,2.0,0.46875
0.0,0.0,0.0,-1.0,2.0,1.0,3.0,4.0,0.46875
0.0,0.0,-1.0,-1.0,2.0,-1.0,3.0,0.0,0.46875
0.0,0.0,-1.0,-1.0,2.0,-1.0,4.0,2.0,0.46875
0.0,0.0,-1.0,-1.0,2.0,-1.0,1.0,-2.0,0.46875
0.0,0.0,-1.0,0.0,2.0,1.0,5.0,-2.0,0.46875
0.0,-1.0,-1.0,0.0,0.0,1.0,3.0,-4.0,0.46875
1.0,-1.0,1.0,0.0,0.0,1.0,3.0,-4.0,0.46875
0.0,0.0,0.0,0.0,0.0,0.0,1.0,2.0,0.0625
0.0,0.0,0.0,0.0,0.0,-1.0,1.0,0.0,0.0625
0.0,0.0,0.0,1.0,0.0,1.0,1.0,0.0,0.0625
0.0,0.0,0.0,1.0,0.0,1.0,0.0,-2.0,0.0625
0.0,0.0,0.0,1.0,0.0,1.0,1.0,2.0,0.0625
0.0,-1.0,0.0,-1.0,0.0,-1.0,-1.0,2.0,0.0625
0.0,-1.0,0.0,-1.0,1.0,-1.0,1.0,4.0,0.0625
0.0,-2.0,0.0,-1.0,-1.0,-1.0,1.0,4.0,0.0625
0.0,-2.0,0.0,-1.0,0.0,-1.0,3.0,4.0,0.0625
0.0,-2.0,0.0,-1.0,0.0,-1.0,0.0,0.0,0.0625
0.0,-2.0,0.0,-1.0,0.0,0.0,0.0,2.0,0.0625
0.0,-3.0,0.0,-1.0,-2.0,0.0,0.0,2.0,0.0625
0.0,-3.0,0.0,-1.0,-2.0,0.0,3.0,2.0,0.0625
0.0,-3.0,0.0,-2.0,-2.0,0.0,1.0,0.0,0.0625
0.0,-3.0,0.0,-2.0,-1.0,0.0,3.0,0.0,0.0625
0.0,-3.0,-1.0,-2.0,-1.0,-2.0,3.0,-2.0,0.0625
0.0,-2.0,-1.0,-2.0,1.0,-2.0,5.0,2.0,0.0625
0.0,-5.0,-1.0,-2.0,-1.0,-2.0,5.0,2.0,0.0625
1.0,-5.0,1.0,-2.0,-1.0,0.0,5.0,2.0,0.0625
0.0,0.0,0.0,0.0,0.0,0.0,1.0,2.0,0.65625
0.0,0.0,0.0,0.0,0.0,-1.0,1.0,0.0,0.65625
0.0,0.0,0.0,1.0,0.0,1.0,1.0,0.0,0.65625
0.0,0.0,0.0,1.0,0.0,1.0,0.0,-2.0,0.65625
0.0,0.0,0.0,1.0,0.0,2.0,2.0,0.0,0.65625
0.0,0.0,-1.0,1.0,0.0,0.0,2.0,0.0,0.65625
0.0,0.0,-1.0,1.0,0.0,0.0,3.0,2.0,0.65625
0.0,-1.0,-1.0,-1.0,0.0,0.0,3.0,2.0,0.65625
1.0,-1.0,1.0,-1.0,0.0,2.0,3.0,4.0,0.65625
1.0,-2.0,-1.0,-1.0,0.0,2.0,3.0,4.0,0.65625
1.0,-2.0,-1.0,-1.0,0.0,-1.0,3.0,0.0,0.65625
1.0,-2.0,2.0,-1.0,0.0,3.0,3.0,4.0,0.65625
1.0,-2.0,2.0,-2.0,0.0,-1.0,-1.0,4.0,0.65625
1.0,-2.0,2.0,0.0,1.0,-1.0,-1.0,4.0,0.65625
0.0,-2.0,0.0,0.0,1.0,-3.0,-1.0,0.0,0.65625
0.0,-1.0,0.0,2.0,1.0,1.0,3.0,0.0,0.65625
0.0,-1.0,0.0,2.0,0.0,1.0,1.0,0.0,0.65625
0.0,-1.0,0.0,3.0,0.0,3.0,1.0,0.0,0.65625
0.0,-2.0,0.0,3.0,-2.0,1.0,1.0,0.0,0.65625
0.0,0.0,0.0,0.0,0.0,0.0,1.0,2.0,-0.625
0.0,0.0,0.0,0.0,0.0,-1.0,1.0,0.0,-0.625
0.0,0.0,0.0,1.0,0.0,1.0,1.0,0.0,-0.625
0.0,0.0,0.0,1.0,0.0,1.0,0.0,-2.0,-0.625
0.0,0.0,0.0,1.0,0.0,2.0,0.0,2.0,-0.625
0.0,-1.0,0.0,-1.0,0.0,0.0,-2.0,2.0,-0.625
0.0,-1.0,0.0,-1.0,0.0,1.0,-2.0,4.0,-0.625
0.0,-1.0,0.0,-1.0,0.0,1.0,-3.0,0.0,-0.625
0.0,-1.0,0.0,-1.0,0.0,2.0,-3.0,2.0,-0.625
0.0,-1.0,0.0,-2.0,0.0,0.0,-3.0,2.0,-0.625
0.0,-1.0,0.0,-2.0,1.0,0.0,-1.0,2.0,-0.625
0.0,-1.0,0.0,-2.0,1.0,0.0,-2.0,0.0,-0.625
0.0,-1.0,0.0,-1.0,1.0,0.0,0.0,0.0,-0.625
0.0,-2.0,0.0,-3.0,1.0,0.0,0.0,0.0,-0.625
0.0,-2.0,0.0,-3.0,1.0,0.0,3.0,0.0,-0.625
0.0,-3.0,0.0,-3.0,-1.0,0.0,1.0,0.0,-0.625
0.0,-3.0,0.0,-3.0,-1.0,0.0,4.0,4.0,-0.625
0.0,-3.0,0.0,-3.0,-1.0,0.0,1.0,2.0,-0.625
0.0,-2.0,0.0,-3.0,1.0,0.0,1.0,2.0,-0.625
0.0,0.0,0.0,0.0,0.0,0.0,1.0,2.0,0.1875
0.0,0.0,0.0,0.0,0.0,-1.0,1.0,0.0,0.1875
0.0,0.0,0.0,1.0,0.0,1.0,1.0,0.0,0.1875
0.0,0.0,0.0,1.0,0.0,1.0,0.0,-2.0,0.1875
0.0,0.0,0.0,1.0,0.0,2.0,2.0,0.0,0.1875
0.0,0.0,-1.0,1.0,0.0,0.0,2.0,0.0,0.1875
0.0,0.0,-1.0,1.0,0.0,0.0,3.0,2.0,0.1875
0.0,-1.0,-1.0,-1.0,0.0,0.0,3.0,2.0,0.1875
1.0,-1.0,1.0,-1.0,0.0,2.0,3.0,4.0,0.1875
1.0,-2.0,-1.0,-1.0,0.0,2.0,3.0,4.0,0.1875
1.0,-2.0,-1.0,-1.0,0.0,-1.0,3.0,0.0,0.1875
1.0,-2.0,2.0,-1.0,0.0,3.0,3.0,4.0,0.1875
1.0,-2.0,2.0,-2.0,0.0,-1.0,-1.0,4.0,0.1875
1.0,-2.0,2.0,0.0,1.0,-1.0,-1.0,4.0,0.1875
0.0,-2.0,0.0,0.0,1.0,-3.0,-1.0,0.0,0.1875
0.0,-1.0,0.0,2.0,1.0,1.0,3.0,0.0,0.1875
0.0,-1.0,0.0,2.0,0.0,1.0,1.0,0.0,0.1875
0.0,-1.0,0.0,3.0,0.0,3.0,1.0,0.0,0.1875
0.0,-2.0,0.0,3.0,-2.0,1.0,1.0,0.0,0.1875
0.0,0.0,0.0,0.0,0.0,0.0,1.0,2.0,-0.21875
0.0,0.0,0.0,0.0,0.0,-1.0,1.0,0.0,-0.21875
0.0,0.0,0.0,1.0,0.0,1.0,1.0,0.0,-0.21875
0.0,0.0,0.0,1.0,0.0,1.0,0.0,-2.0,-0.21875
0.0,0.0,0.0,1.0,0.0,2.0,2.0,0.0,-0.21875
0.0,0.0,-1.0,1.0,0.0,0.0,2.0,0.0,-0.21875
0.0,0.0,-1.0,1.0,0.0,0.0,3.0,2.0,-0.21875
0.0,-1.0,-1.0,-1.0,0.0,0.0,3.0,2.0,-0.21875
1.0,-1.0,1.0,-1.0,0.0,2.0,3.0,4.0,-0.21875
1.0,-2.0,-1.0,-1.0,0.0,2.0,3.0,4.0,-0.21875
1.0,-2.0,-1.0,-1.0,0.0,-1.0,3.0,0.0,-0.21875
1.0,-2.0,2.0,-1.0,0.0,3.0,3.0,4.0,-0.21875
1.0,-2.0,2.0,-2.0,0.0,-1.0,-1.0,4.0,-0.21875
1.0,-2.0,2.0,-1.0,0.0,-1.0,1.0,4.0,-0.21875
0.0,-2.0,0.0,-1.0,0.0,-3.0,1.0,0.0,-0.21875
0.0,-1.0,0.0,1.0,0.0,-1.0,3.0,0.0,-0.21875
0.0,-1.0,0.0,1.0,-1.0,-1.0,1.0,-2.0,-0.21875
0.0,-1.0,0.0,1.0,-1.0,1.0,2.0,-2.0,-0.21875
0.0,-1.0,0.0,1.0,-1.0,1.0,-1.0,-4.0,-0.21875
0.0,0.0,0.0,0.0,0.0,0.0,1.0,2.0,0.5
0.0,0.0,0.0,0.0,0.0,-1.0,1.0,0.0,0.5
0.0,0.0,0.0,1.0,0.0,1.0,1.0,0.0,0.5
0.0,0.0,0.0,1.0,0.0,1.0,0.0,-2.0,0.5
0.0,0.0,0.0,1.0,0.0,2.0,2.0,0.0,0.5
0.0,0.0,-1.0,1.0,0.0,0.0,2.0,0.0,0.5
0.0,0.0,-1.0,1.0,0.0,0.0,3.0,2.0,0.5
0.0,-1.0,-1.0,-1.0,0.0,0.0,3.0,2.0,0.5
1.0,-1.0,1.0,-1.0,0.0,2.0,3.0,4.0,0.5
1.0,-2.0,-1.0,-1.0,0.0,2.0,3.0,4.0,0.5
1.0,-2.0,-1.0,-1.0,0.0,-1.0,3.0,0.0,0.5
1.0,-2.0,2.0,-1.0,0.0,3.0,3.0,4.0,0.5
1.0,-2.0,2.0,-2.0,0.0,-1.0,-1.0,4.0,0.5
1.0,-2.0,2.0,0.0,1.0,-1.0,-1.0,4.0,0.5
0.0,-2.0,0.0,0.0,1.0,-3.0,-1.0,0.0,0.5
0.0,-1.0,0.0,2.0,1.0,1.0,3.0,0.0,0.5
0.0,-1.0,0.0,2.0,0.0,1.0,1.0,0.0,0.5
0.0,-1.0,0.0,3.0,0.0,3.0,1.0,0.0,0.5
0.0,-2.0,0.0,3.0,-2.0,1.0,1.0,0.0,0.5
0.0,0.0,0.0,0.0,0.0,0.0,1.0,2.0,0.28125
0.0,0.0,0.0,0.0,0.0,-1.0,1.0,0.0,0.28125
0.0,0.0,0.0,1.0,0.0,1.0,1.0,0.0,0.28125
0.0,0.0,0.0,1.0,0.0,1.0,0.0,-2.0,0.28125
0.0,0.0,0.0,1.0,0.0,2.0,2.0,0.0,0.28125
0.0,0.0,-1.0,1.0,0.0,0.0,2.0,0.0,0.28125
0.0,0.0,-1.0,1.0,0.0,0.0,3.0,2.0,0.28125
0.0,-1.0,-1.0,-1.0,0.0,0.0,3.0,2.0,0.28125
1.0,-1.0,1.0,-1.0,0.0,2.0,3.0,4.0,0.28125
1.0,-2.0,-1.0,-1.0,0.0,2.0,3.0,4.0,0.28125
1.0,-2.0,-1.0,-1.0,0.0,-1.0,3.0,0.0,0.28125
1.0,-2.0,2.0,-1.0,0.0,3.0,3.0,4.0,0.28125
1.0,-2.0,2.0,-2.0,0.0,-1.0,-1.0,4.0,0.28125
1.0,-2.0,2.0,0.0,1.0,-1.0,-1.0,4.0,0.28125
0.0,-2.0,0.0,0.0,1.0,-3.0,-1.0,0.0,0.28125
0.0,-1.0,0.0,2.0,1.0,1.0,3.0,0.0,0.28125
0.0,-1.0,0.0,2.0,0.0,1.0,1.0,0.0,0.28125
0.0,-1.0,0.0,3.0,0.0,3.0,1.0,0.0,0.28125
0.0,-2.0,0.0,3.0,-2.0,1.0,1.0,0.0,0.28125
0.0,0.0,0.0,0.0,0.0,0.0,1.0,2.0,0.84375
0.0,0.0,0.0,0.0,0.0,-1.0,1.0,0.0,0.84375
0.0,0.0,0.0,1.0,0.0,1.0,1.0,0.0,0.84375
0.0,0.0,0.0,1.0,0.0,1.0,0.0,-2.0,0.84375
0.0,0.0,0.0,1.0,0.0,2.0,2.0,0.0,0.84375
0.0,0.0,-1.0,1.0,0.0,0.0,2.0,0.0,0.84375
0.0,0.0,-1.0,1.0,0.0,0.0,3.0,2.0,0.84375
0.0,-1.0,-1.0,-1.0,0.0,0.0,3.0,2.0,0.84375
1.0,-1.0,1.0,-1.0,0.0,2.0,3.0,4.0,0.84375
1.0,-2.0,-1.0,-1.0,0.0,2.0,3.0,4.0,0.84375
1.0,-2.0,-1.0,-1.0,0.0,-1.0,3.0,0.0,0.84375
1.0,-2.0,-1.0,-1.0,0.0,-1.0,4.0,2.0,0.84375
1.0,-2.0,-1.0,-1.0,0.0,-1.0,1.0,2.0,0.84375
1.0,-2.0,-1.0,0.0,0.0,1.0,5.0,2.0,0.84375
1.0,-2.0,-1.0,0.0,-1.0,1.0,3.0,2.0,0.84375
1.0,-1.0,-1.0,0.0,1.0,1.0,5.0,4.0,0.84375
1.0,-1.0,-1.0,-1.0,1.0,-1.0,1.0,4.0,0.84375
1.0,-1.0,-1.0,0.0,1.0,-1.0,3.0,4.0,0.84375
1.0,-2.0,-1.0,0.0,-1.0,-1.0,1.0,4.0,0.84375
0.0,0.0,0.0,0.0,0.0,0.0,1.0,2.0,-0.1875
0.0,0.0,0.0,0.0,0.0,-1.0,1.0,0.0,-0.1875
0.0,0.0,0.0,1.0,0.0,1.0,1.0,0.0,-0.1875
0.0,0.0,0.0,1.0,0.0,1.0,0.0,-2.0,-0.1875
0.0,0.0,0.0,1.0,0.0,2.0,2.0,0.0,-0.1875
0.0,0.0,-1.0,1.0,0.0,0.0,2.0,0.0,-0.1875
0.0,0.0,-1.0,1.0,0.0,0.0,3.0,2.0,-0.1875
0.0,-1.0,-1.0,-1.0,0.0,0.0,3.0,2.0,-0.1875
1.0,-1.0,1.0,-1.0,0.0,2.0,3.0,4.0,-0.1875
1.0,-2.0,-1.0,-1.0,0.0,2.0,3.0,4.0,-0.1875
1.0,-2.0,-1.0,-1.0,0.0,-1.0,3.0,0.0,-0.1875
1.0,-2.0,2.0,-1.0,0.0,3.0,3.0,4.0,-0.1875
1.0,-2.0,2.0,-2.0,0.0,-1.0,-1.0,4.0,-0.1875
1.0,-2.0,2.0,0.0,1.0,-1.0,-1.0,4.0,-0.1875
0.0,-2.0,0.0,0.0,1.0,-3.0,-1.0,0.0,-0.1875
0.0,-1.0,0.0,2.0,1.0,1.0,3.0,0.0,-0.1875
0.0,-1.0,0.0,2.0,0.0,1.0,1.0,0.0,-0.1875
0.0,-1.0,0.0,3.0,0.0,3.0,1.0,0.0,-0.1875
0.0,-2.0,0.0,3.0,-2.0,1.0,1.0,0.0,-0.1875
0.0,0.0,0.0,0.0,0.0,0.0,1.0,2.0,-0.0625
0.0,0.0,0.0,0.0,0.0,-1.0,1.0,0.0,-0.0625
0.0,0.0,0.0,1.0,0.0,1.0,1.0,0.0,-0.0625
0.0,0.0,0.0,1.0,0.0,1.0,0.0,-2.0,-0.0625
0.0,0.0,0.0,1.0,0.0,2.0,2.0,0.0,-0.0625
0.0,0.0,-1.0,1.0,0.0,0.0,2.0,0.0,-0.0625
0.0,0.0,-1.0,1.0,0.0,0.0,3.0,2.0,-0.0625
0.0,-1.0,-1.0,-1.0,0.0,0.0,3.0,2.0,-0.0625
1.0,-1.0,1.0,-1.0,0.0,2.0,3.0,4.0,-0.0625
1.0,-2.0,-1.0,-1.0,0.0,2.0,3.0,4.0,-0.0625
1.0,-2.0,-1.0,-1.0,0.0,-1.0,3.0,0.0,-0.0625
1.0,-2.0,2.0,-1.0,0.0,3.0,3.0,4.0,-0.0625
1.0,-2.0,2.0,-2.0,0.0,-1.0,-1.0,4.0,-0.0625
1.0,-2.0,2.0,0.0,1.0,-1.0,-1.0,4.0,-0.0625
0.0,-2.0,0.0,0.0,1.0,-3.0,-1.0,0.0,-0.0625
0.0,-1.0,0.0,2.0,1.0,1.0,3.0,0.0,-0.0625
0.0,-1.0,0.0,2.0,0.0,1.0,1.0,0.0,-0.0625
0.0,-1.0,0.0,3.0,0.0,3.0,1.0,0.0,-0.0625
0.0,-2.0,0.0,3.0,-2.0,1.0,1.0,0.0,-0.0625
0.0,0.0,0.0,0.0,0.0,0.0,1.0,2.0,0.46875
0.0,0.0,0.0,0.0,0.0,-1.0,1.0,0.0,0.46875
0.0,0.0,0.0,1.0,0.0,1.0,1.0,0.0,0.46875
0.0,0.0,0.0,1.0,0.0,1.0,0.0,-2.0,0.46875
0.0,0.0,0.0,1.0,0.0,2.0,2.0,0.0,0.46875
0.0,0.0,-1.0,1.0,0.0,0.0,2.0,0.0,0.46875
0.0,0.0,-1.0,1.0,0.0,0.0,3.0,2.0,0.46875
0.0,0.0,-1.0,0.0,0.0,0.0,1.0,2.0,0.46875
0.0,0.0,-1.0,0.0,0.0,0.0,2.0,4.0,0.46875
0.0,0.0,-1.0,0.0,0.0,-1.0,2.0,0.0,0.46875
0.0,1.0,-1.0,2.0,0.0,-1.0,2.0,0.0,0.46875
0.0,1.0,-1.0,2.0,0.0,-1.0,-1.0,-2.0,0.46875
0.0,1.0,-1.0,2.0,1.0,-1.0,1.0,2.0,0.46875
0.0,1.0,-1.0,2.0,1.0,-1.0,-2.0,-2.0,0.46875
0.0,1.0,-1.0,2.0,1.0,-1.0,3.0,2.0,0.46875
0.0,0.0,-1.0,2.0,-1.0,-1.0,1.0,0.0,0.46875
1.0,0.0,1.0,2.0,-1.0,1.0,1.0,2.0,0.46875
1.0,0.0,1.0,2.0,-2.0,1.0,-1.0,0.0,0.46875
1.0,0.0,1.0,2.0,-2.0,2.0,1.0,0.0,0.46875
0.0,0.0,0.0,0.0,0.0,0.0,1.0,2.0,0.34375
0.0,0.0,0.0,0.0,0.0,-1.0,1.0,0.0,0.34375
0.0,0.0,0.0,1.0,0.0,1.0,1.0,0.0,0.34375
0.0,0.0,0.0,1.0,0.0,1.0,0.0,-2.0,0.34375
0.0,0.0,0.0,1.0,0.0,2.0,2.0,0.0,0.34375
0.0,0.0,-1.0,1.0,0.0,0.0,2.0,0.0,0.34375
0.0,0.0,-1.0,1.0,0.0,0.0,3.0,2.0,0.34375
0.0,-1.0,-1.0,-1.0,0.0,0.0,3.0,2.0,0.34375
1.0,-1.0,1.0,-1.0,0.0,2.0,3.0,4.0,0.34375
1.0,-2.0,-1.0,-1.0,0.0,2.0,3.0,4.0,0.34375
1.0,-2.0,-1.0,-1.0,0.0,-1.0,3.0,0.0,0.34375
1.0,-2.0,2.0,-1.0,0.0,3.0,3.0,4.0,0.34375
1.0,-2.0,2.0,-2.0,0.0,-1.0,-1.0,4.0,0.34375
1.0,-2.0,2.0,0.0,1.0,-1.0,-1.0,4.0,0.34375
0.0,-2.0,0.0,0.0,1.0,-3.0,-1.0,0.0,0.34375
0.0,-1.0,0.0,2.0,1.0,1.0,3.0,0.0,0.34375
0.0,-1.0,0.0,2.0,0.0,1.0,1.0,0.0,0.34375
0.0,-1.0,0.0,2.0,0.0,1.0,2.0,2.0,0.34375
0.0,-1.0,0.0,1.0,0.0,1.0,0.0,0.0,0.34375
0.0,0.0,0.0,0.0,0.0,0.0,1.0,2.0,0.5625
0.0,0.0,0.0,0.0,0.0,-1.0,1.0,0.0,0.5625
0.0,0.0,0.0,1.0,0.0,1.0,1.0,0.0,0.5625
0.0,0.0,0.0,1.0,0.0,1.0,0.0,-2.0,0.5625
0.0,0.0,0.0,1.0,0.0,2.0,2.0,0.0,0.5625
0.0,0.0,-1.0,1.0,0.0,0.0,2.0,0.0,0.5625
0.0,0.0,-1.0,1.0,0.0,0.0,3.0,2.0,0.5625
0.0,-1.0,-1.0,-1.0,0.0,0.0,3.0,2.0,0.5625
1.0,-1.0,1.0,-1.0,0.0,2.0,3.0,4.0,0.5625
1.0,-2.0,-1.0,-1.0,0.0,2.0,3.0,4.0,0.5625
1.0,-2.0,-1.0,-1.0,0.0,-1.0,3.0,0.0,0.5625
1.0,-2.0,2.0,-1.0,0.0,3.0,3.0,4.0,0.5625
1.0,-2.0,2.0,-2.0,0.0,-1.0,-1.0,4.0,0.5625
1.0,-2.0,2.0,0.0,1.0,-1.0,-1.0,4.0,0.5625
0.0,-2.0,0.0,0.0,1.0,-3.0,-1.0,0.0,0.5625
0.0,-1.0,0.0,2.0,1.0,1.0,3.0,0.0,0.5625
0.0,-1.0,0.0,2.0,0.0,1.0,1.0,0.0,0.5625
0.0,-1.0,0.0,3.0,0.0,3.0,1.0,0.0,0.5625
0.0,-2.0,0.0,3.0,-2.0,1.0,1.0,0.0,0.5625
0.0,0.0,0.0,0.0,0.0,0.0,1.0,2.0,-0.28125
0.0,0.0,0.0,0.0,0.0,-1.0,1.0,0.0,-0.28125
0.0,0.0,0.0,1.0,0.0,1.0,1.0,0.0,-0.28125
0.0,0.0,0.0,1.0,0.0,1.0,0.0,-2.0,-0.28125
0.0,0.0,0.0,1.0,0.0,2.0,2.0,0.0,-0.28125
0.0,0.0,-1.0,1.0,0.0,0.0,2.0,0.0,-0.28125
0.0,0.0,-1.0,1.0,0.0,0.0,3.0,2.0,-0.28125
0.0,-1.0,-1.0,-1.0,0.0,0.0,3.0,2.0,-0.28125
1.0,-1.0,1.0,-1.0,0.0,2.0,3.0,4.0,-0.28125
1.0,-2.0,-1.0,-1.0,0.0,2.0,3.0,4.0,-0.28125
1.0,-2.0,-1.0,-1.0,0.0,-1.0,3.0,0.0,-0.28125
1.0,-2.0,2.0,-1.0,0.0,3.0,3.0,4.0,-0.28125
1.0,-3.0,0.0,-1.0,0.0,3.0,3.0,4.0,-0.28125
1.0,2.0,0.0,-1.0,0.0,3.0,3.0,4.0,-0.28125
0.0,2.0,-2.0,-1.0,0.0,-1.0,3.0,0.0,-0.28125
0.0,2.0,0.0,1.0,1.0,-1.0,3.0,0.0,-0.28125
0.0,1.0,0.0,1.0,-1.0,-1.0,3.0,0.0,-0.28125
0.0,1.0,0.0,1.0,-1.0,-1.0,4.0,2.0,-0.28125
0.0,1.0,0.0,1.0,-2.0,-1.0,2.0,2.0,-0.28125
0.0,0.0,0.0,0.0,0.0,0.0,1.0,2.0,0.1875
0.0,0.0,0.0,0.0,0.0,-1.0,1.0,0.0,0.1875
0.0,0.0,0.0,1.0,0.0,1.0,1.0,0.0,0.1875
0.0,0.0,0.0,1.0,0.0,1.0,0.0,-2.0,0.1875
0.0,0.0,0.0,1.0,0.0,2.0,2.0,0.0,0.1875
0.0,0.0,-1.0,1.0,0.0,0.0,2.0,0.0,0.1875
0.0,0.0,-1.0,1.0,0.0,0.0,3.0,2.0,0.1875
0.0,-1.0,-1.0,-1.0,0.0,0.0,3.0,2.0,0.1875
1.0,-1.0,1.0,-1.0,0.0,2.0,3.0,4.0,0.1875
1.0,-2.0,-1.0,-1.0,0.0,2.0,3.0,4.0,0.1875
1.0,-2.0,-1.0,-1.0,0.0,-1.0,3.0,0.0,0.1875
1.0,-2.0,2.0,-1.0,0.0,3.0,3.0,4.0,0.1875
1.0,-2.0,2.0,-2.0,0.0,-1.0,-1.0,4.0,0.1875
1.0,-2.0,2.0,0.0,1.0,-1.0,-1.0,4.0,0.1875
0.0,-2.0,0.0,0.0,1.0,-3.0,-1.0,0.0,0.1875
0.0,-1.0,0.0,2.0,1.0,1.0,3.0,0.0,0.1875
0.0,-1.0,0.0,2.0,0.0,1.0,1.0,0.0,0.1875
0.0,-1.0,0.0,3.0,0.0,3.0,1.0,0.0,0.1875
0.0,-2.0,0.0,3.0,-2.0,1.0,1.0,0.0,0.1875
0.0,0.0,0.0,0.0,0.0,0.0,1.0,2.0,0.5625
0.0,0.0,0.0,0.0,0.0,-1.0,1.0,0.0,0.5625
0.0,0.0,0.0,1.0,0.0,1.0,1.0,0.0,0.5625
0.0,0.0,0.0,1.0,0.0,1.0,0.0,-2.0,0.5625
0.0,0.0,0.0,1.0,0.0,2.0,2.0,0.0,0.5625
0.0,0.0,-1.0,1.0,0.0,0.0,2.0,0.0,0.5625
0.0,0.0,-1.0,1.0,0.0,0.0,3.0,2.0,0.5625
0.0,-1.0,-1.0,-1.0,0.0,0.0,3.0,2.0,0.5625
1.0,-1.0,1.0,-1.0,0.0,2.0,3.0,2.0,0.5625
1.0,-1.0,1.0,-1.0,0.0,2.0,0.0,0.0,0.5625
1.0,-1.0,1.0,-1.0,0.0,2.0,3.0,0.0,0.5625
1.0,-2.0,-1.0,-1.0,0.0,2.0,3.0,0.0,0.5625
1.0,-1.0,-1.0,1.0,0.0,2.0,3.0,0.0,0.5625
1.0,-1.0,-1.0,-2.0,0.0,-2.0,-1.0,0.0,0.5625
1.0,2.0,-1.0,-2.0,0.0,-2.0,-1.0,0.0,0.5625
1.0,2.0,-1.0,-2.0,0.0,-3.0,-5.0,0.0,0.5625
1.0,3.0,-1.0,2.0,0.0,1.0,-1.0,0.0,0.5625
1.0,3.0,-1.0,0.0,-1.0,1.0,-1.0,0.0,0.5625
1.0,4.0,-1.0,0.0,1.0,1.0,-1.0,0.0,0.5625
0.0,0.0,0.0,0.0,0.0,0.0,1.0,2.0,-0.21875
0.0,0.0,0.0,0.0,0.0,-1.0,1.0,0.0,-0.21875
0.0,0.0,0.0,1.0,0.0,1.0,1.0,0.0,-0.21875
0.0,0.0,0.0,1.0,0.0,1.0,0.0,-2.0,-0.21875
0.0,0.0,0.0,1.0,0.0,1.0,1.0,0.0,-0.21875
0.0,-1.0,0.0,-1.0,0.0,1.0,-1.0,0.0,-0.21875
0.0,-1.0,0.0,-1.0,1.0,1.0,1.0,0.0,-0.21875
0.0,-1.0,0.0,-1.0,1.0,-1.0,-2.0,-2.0,-0.21875
0.0,-1.0,0.0,0.0,1.0,-1.0,0.0,-2.0,-0.21875
0.0,-2.0,0.0,0.0,-1.0,-1.0,0.0,-2.0,-0.21875
0.0,-2.0,0.0,0.0,-1.0,0.0,0.0,0.0,-0.21875
0.0,-2.0,0.0,0.0,-1.0,-1.0,-2.0,0.0,-0.21875
0.0,-2.0,0.0,0.0,-1.0,1.0,-1.0,2.0,-0.21875
0.0,-2.0,0.0,0.0,-1.0,1.0,-2.0,-2.0,-0.21875
0.0,-1.0,0.0,2.0,-1.0,3.0,2.0,-2.0,-0.21875
0.0,-4.0,0.0,2.0,-1.0,3.0,2.0,-2.0,-0.21875
0.0,-4.0,0.0,2.0,0.0,3.0,4.0,0.0,-0.21875
0.0,-5.0,0.0,0.0,0.0,1.0,2.0,0.0,-0.21875
0.0,-5.0,0.0,0.0,1.0,1.0,6.0,2.0,-0.21875
0.0,0.0,0.0,0.0,0.0,0.0,1.0,2.0,0.28125
0.0,0.0,0.0,0.0,0.0,-1.0,1.0,0.0,0.28125
0.0,0.0,0.0,1.0,0.0,1.0,1.0,0.0,0.28125
0.0,0.0,0.0,1.0,0.0,1.0,0.0,-2.0,0.28125
0.0,0.0,0.0,1.0,0.0,2.0,2.0,0.0,0.28125
0.0,0.0,-1.0,1.0,0.0,0.0,2.0,0.0,0.28125
0.0,0.0,-1.0,1.0,0.0,0.0,3.0,2.0,0.28125
0.0,-1.0,-1.0,-1.0,0.0,0.0,3.0,2.0,0.28125
1.0,-1.0,1.0,-1.0,0.0,2.0,3.0,4.0,0.28125
1.0,-2.0,-1.0,-1.0,0.0,2.0,3.0,4.0,0.28125
1.0,-2.0,-1.0,-1.0,0.0,-1.0,3.0,0.0,0.28125
1.0,-2.0,2.0,-1.0,0.0,3.0,3.0,4.0,0.28125
1.0,-2.0,2.0,-2.0,0.0,-1.0,-1.0,4.0,0.28125
1.0,-2.0,2.0,0.0,1.0,-1.0,-1.0,4.0,0.28125
0.0,-2.0,0.0,0.0,1.0,-3.0,-1.0,0.0,0.28125
0.0,-1.0,0.0,2.0,1.0,1.0,3.0,0.0,0.28125
0.0,-1.0,0.0,2.0,0.0,1.0,1.0,0.0,0.28125
0.0,-1.0,0.0,3.0,0.0,3.0,1.0,0.0,0.28125
0.0,-2.0,0.0,3.0,-2.0,1.0,1.0,0.0,0.28125
0.0,0.0,0.0,0.0,0.0,0.0,1.0,2.0,-0.34375
0.0,0.0,0.0,0.0,0.0,0.0,0.0,0.0,-0.34375
0.0,0.0,0.0,0.0,0.0,0.0,1.0,2.0,-0.34375
0.0,0.0,0.0,0.0,0.0,-1.0,1.0,0.0,-0.34375
0.0,0.0,0.0,0.0,1.0,-1.0,3.0,2.0,-0.34375
0.0,0.0,0.0,0.0,1.0,-2.0,3.0,0.0,-0.34375
0.0,0.0,0.0,0.0,1.0,-2.0,4.0,2.0,-0.34375
0.0,-1.0,0.0,0.0,-1.0,-2.0,4.0,2.0,-0.34375
0.0,-1.0,0.0,1.0,-1.0,0.0,4.0,2.0,-0.34375
0.0,-1.0,0.0,0.0,-1.0,0.0,2.0,2.0,-0.34375
0.0,-1.0,0.0,0.0,0.0,0.0,4.0,2.0,-0.34375
0.0,-1.0,0.0,0.0,-1.0,-2.0,4.0,2.0,-0.34375
0.0,0.0,0.0,2.0,-1.0,-2.0,4.0,2.0,-0.34375
0.0,-1.0,0.0,2.0,-3.0,-2.0,0.0,-2.0,-0.34375
0.0,-1.0,0.0,2.0,-3.0,-2.0,3.0,0.0,-0.34375
0.0,-2.0,0.0,0.0,-3.0,-2.0,1.0,0.0,-0.34375
0.0,-2.0,0.0,0.0,0.0,-2.0,1.0,0.0,-0.34375
0.0,-2.0,0.0,0.0,-1.0,-2.0,-3.0,0.0,-0.34375
0.0,-1.0,0.0,0.0,1.0,0.0,-3.0,0.0,-0.34375
0.0,0.0,0.0,0.0,0.0,0.0,1.0,2.0,0.34375
0.0,0.0,0.0,0.0,0.0,-1.0,1.0,0.0,0.34375
0.0,0.0,0.0,1.0,0.0,1.0,1.0,0.0,0.34375
0.0,0.0,0.0,1.0,0.0,1.0,0.0,-2.0,0.34375
0.0,0.0,0.0,1.0,0.0,2.0,2.0,0.0,0.34375
0.0,0.0,-1.0,1.0,0.0,0.0,2.0,0.0,0.34375
0.0,0.0,-1.0,1.0,0.0,0.0,3.0,2.0,0.34375
0.0,-1.0,-1.0,-1.0,0.0,0.0,3.0,2.0,0.34375
1.0,-1.0,1.0,-1.0,0.0,2.0,3.0,4.0,0.34375
1.0,-2.0,-1.0,-1.0,0.0,2.0,3.0,4.0,0.34375
1.0,-2.0,-1.0,-1.0,0.0,-1.0,3.0,0.0,0.34375
1.0,-2.0,2.0,-1.0,0.0,3.0,3.0,4.0,0.34375
1.0,-2.0,2.0,-2.0,0.0,-1.0,-1.0,4.0,0.34375
1.0,-2.0,2.0,0.0,1.0,-1.0,-1.0,4.0,0.34375
0.0,-2.0,0.0,0.0,1.0,-3.0,-1.0,0.0,0.34375
0.0,-1.0,0.0,2.0,1.0,1.0,3.0,0.0,0.34375
0.0,-1.0,0.0,2.0,0.0,1.0,1.0,0.0,0.34375
0.0,-1.0,0.0,3.0,0.0,3.0,1.0,0.0,0.34375
0.0,-2.0,0.0,3.0,-2.0,1.0,1.0,0.0,0.34375
0.0,0.0,0.0,0.0,0.0,0.0,1.0,2.0,0.3125
0.0,0.0,0.0,0.0,0.0,-1.0,1.0,0.0,0.3125
0.0,0.0,0.0,1.0,0.0,1.0,1.0,0.0,0.3125
0.0,0.0,0.0,1.0,0.0,1.0,0.0,-2.0,0.3125
0.0,0.0,0.0,1.0,0.0,2.0,2.0,0.0,0.3125
0.0,0.0,-1.0,1.0,0.0,0.0,2.0,0.0,0.3125
0.0,0.0,-1.0,1.0,0.0,0.0,3.0,2.0,0.3125
0.0,-1.0,-1.0,-1.0,0.0,0.0,3.0,2.0,0.3125
0.0,-1.0,-1.0,-1.0,0.0,0.0,4.0,4.0,0.3125
0.0,-1.0,-1.0,-2.0,0.0,-2.0,0.0,4.0,0.3125
1.0,-1.0,1.0,-2.0,0.0,0.0,0.0,4.0,0.3125
1.0,-1.0,1.0,-2.0,0.0,0.0,-1.0,0.0,0.3125
1.0,0.0,1.0,0.0,0.0,2.0,3.0,0.0,0.3125
1.0,0.0,1.0,0.0,-1.0,2.0,1.0,0.0,0.3125
1.0,0.0,1.0,2.0,2.0,2.0,3.0,2.0,0.3125
1.0,0.0,1.0,2.0,2.0,2.0,2.0,-2.0,0.3125
1.0,0.0,1.0,3.0,2.0,2.0,6.0,0.0,0.3125
1.0,0.0,1.0,3.0,2.0,2.0,5.0,-2.0,0.3125
1.0,0.0,1.0,3.0,2.0,2.0,6.0,2.0,0.3125
0.0,0.0,0.0,0.0,0.0,0.0,1.0,2.0,0.0625
0.0,0.0,0.0,0.0,0.0,-1.0,1.0,0.0,0.0625
0.0,0.0,0.0,1.0,0.0,1.0,1.0,0.0,0.0625
0.0,0.0,0.0,1.0,0.0,1.0,0.0,-2.0,0.0625
0.0,0.0,0.0,1.0,0.0,2.0,0.0,2.0,0.0625
0.0,0.0,0.0,1.0,0.0,2.0,-1.0,0.0,0.0625
0.0,0.0,0.0,1.0,1.0,2.0,1.0,2.0,0.0625
0.0,0.0,0.0,1.0,0.0,2.0,-1.0,-2.0,0.0625
0.0,0.0,0.0,2.0,0.0,2.0,1.0,-2.0,0.0625
0.0,0.0,0.0,2.0,0.0,1.0,1.0,-4.0,0.0625
0.0,1.0,0.0,2.0,2.0,1.0,1.0,-4.0,0.0625
0.0,0.0,0.0,2.0,0.0,1.0,-1.0,-4.0,0.0625
0.0,0.0,0.0,2.0,1.0,1.0,1.0,0.0,0.0625
0.0,0.0,0.0,2.0,1.0,1.0,0.0,-2.0,0.0625
0.0,0.0,0.0,2.0,1.0,1.0,1.0,0.0,0.0625
0.0,-1.0,0.0,2.0,-1.0,1.0,-1.0,0.0,0.0625
0.0,-1.0,0.0,3.0,-1.0,3.0,1.0,0.0,0.0625
0.0,-1.0,0.0,3.0,-1.0,3.0,-2.0,0.0,0.0625
0.0,-1.0,0.0,3.0,-1.0,4.0,2.0,2.0,0.0625
0.0,0.0,0.0,0.0,0.0,0.0,1.0,2.0,0.15625
0.0,0.0,0.0,0.0,0.0,-1.0,1.0,0.0,0.15625
0.0,0.0,0.0,1.0,0.0,1.0,1.0,0.0,0.15625
0.0,0.0,0.0,1.0,0.0,1.0,0.0,-2.0,0.15625
0.0,0.0,0.0,1.0,0.0,2.0,2.0,0.0,0.15625
0.0,0.0,0.0,0.0,0.0,2.0,0.0,0.0,0.15625
0.0,0.0,0.0,0.0,0.0,3.0,0.0,4.0,0.15625
0.0,-1.0,0.0,-2.0,0.0,1.0,-2.0,4.0,0.15625
0.0,0.0,0.0,0.0,0.0,1.0,0.0,4.0,0.15625
0.0,0.0,0.0,-1.0,0.0,-1.0,-2.0,4.0,0.15625
0.0,0.0,0.0,0.0,0.0,-1.0,0.0,4.0,0.15625
0.0,0.0,0.0,0.0,0.0,-2.0,0.0,0.0,0.15625
0.0,1.0,0.0,2.0,0.0,0.0,2.0,0.0,0.15625
0.0,0.0,0.0,0.0,0.0,0.0,0.0,0.0,0.15625
0.0,0.0,0.0,0.0,0.0,0.0,1.0,2.0,0.15625
0.0,0.0,0.0,0.0,0.0,0.0,-2.0,0.0,0.15625
0.0,0.0,0.0,1.0,0.0,0.0,0.0,0.0,0.15625
0.0,0.0,0.0,0.0,0.0,-2.0,-2.0,0.0,0.15625
0.0,1.0,0.0,2.0,0.0,-2.0,-2.0,0.0,0.15625
0.0,0.0,0.0,0.0,0.0,0.0,1.0,2.0,-0.4375
0.0,0.0,0.0,0.0,0.0,-1.0,1.0,0.0,-0.4375
0.0,0.0,0.0,1.0,0.0,1.0,1.0,0.0,-0.4375
0.0,0.0,0.0,1.0,0.0,1.0,0.0,-2.0,-0.4375
0.0,0.0,0.0,1.0,0.0,2.0,2.0,0.0,-0.4375
0.0,0.0,0.0,1.0,0.0,2.0,1.0,-2.0,-0.4375
0.0,0.0,0.0,1.0,0.0,2.0,2.0,0.0,-0.4375
0.0,0.0,0.0,0.0,0.0,2.0,0.0,0.0,-0.4375
0.0,0.0,0.0,0.0,1.0,2.0,2.0,2.0,-0.4375
0.0,-1.0,0.0,-2.0,1.0,0.0,0.0,2.0,-0.4375
0.0,0.0,0.0,0.0,1.0,0.0,2.0,4.0,-0.4375
0.0,0.0,0.0,0.0,1.0,0.0,1.0,2.0,-0.4375
0.0,0.0,0.0,0.0,2.0,0.0,3.0,2.0,-0.4375
0.0,0.0,0.0,0.0,2.0,-1.0,3.0,-2.0,-0.4375
0.0,0.0,0.0,1.0,2.0,1.0,3.0,-2.0,-0.4375
0.0,-1.0,0.0,1.0,0.0,1.0,1.0,-4.0,-0.4375
0.0,-1.0,0.0,1.0,0.0,2.0,1.0,0.0,-0.4375
0.0,-1.0,0.0,1.0,-1.0,2.0,-1.0,0.0,-0.4375
0.0,0.0,0.0,1.0,1.0,2.0,-1.0,0.0,-0.4375
0.0,0.0,0.0,0.0,0.0,0.0,1.0,2.0,0.34375
0.0,0.0,0.0,0.0,0.0,-1.0,1.0,0.0,0.34375
0.0,0.0,0.0,1.0,0.0,1.0,1.0,0.0,0.34375
0.0,0.0,0.0,1.0,0.0,1.0,0.0,-2.0,0.34375
0.0,0.0,0.0,1.0,0.0,2.0,2.0,0.0,0.34375
0.0,0.0,-1.0,1.0,0.0,0.0,2.0,0.0,0.34375
0.0,0.0,-1.0,1.0,0.0,0.0,3.0,2.0,0.34375
0.0,-1.0,-1.0,-1.0,0.0,0.0,3.0,2.0,0.34375
1.0,-1.0,1.0,-1.0,0.0,2.0,3.0,4.0,0.34375
1.0,-2.0,-1.0,-1.0,0.0,2.0,3.0,4.0,0.34375
1.0,-2.0,-1.0,-2.0,0.0,-2.0,-1.0,4.0,0.34375
1.0,-2.0,-1.0,-1.0,0.0,-2.0,1.0,4.0,0.34375
1.0,-2.0,-1.0,-1.0,0.0,-2.0,0.0,2.0,0.34375
1.0,-1.0,1.0,-1.0,0.0,-2.0,0.0,2.0,0.34375
1.0,-1.0,1.0,-1.0,-1.0,-2.0,-2.0,-2.0,0.34375
1.0,2.0,1.0,1.0,-1.0,-2.0,-2.0,-2.0,0.34375
1.0,2.0,1.0,1.0,-2.0,-2.0,-4.0,-2.0,0.34375
1.0,2.0,1.0,1.0,-2.0,0.0,-3.0,0.0,0.34375
1.0,2.0,1.0,1.0,-3.0,-2.0,-3.0,0.0,0.34375
0.0,0.0,0.0,0.0,0.0,0.0,1.0,2.0,-0.125
0.0,0.0,0.0,0.0,0.0,-1.0,1.0,0.0,-0.125
0.0,0.0,0.0,1.0,0.0,1.0,1.0,0.0,-0.125
0.0,0.0,0.0,1.0,0.0,1.0,0.0,-2.0,-0.125
0.0,0.0,0.0,1.0,0.0,2.0,0.0,2.0,-0.125
0.0,0.0,0.0,1.0,0.0,2.0,-1.0,0.0,-0.125
0.0,0.0,0.0,1.0,0.0,3.0,-1.0,2.0,-0.125
0.0,0.0,0.0,1.0,-1.0,3.0,-3.0,-2.0,-0.125
0.0,0.0,0.0,1.0,-1.0,3.0,0.0,0.0,-0.125
0.0,-1.0,0.0,-1.0,-1.0,1.0,0.0,0.0,-0.125
0.0,0.0,0.0,-1.0,1.0,1.0,2.0,4.0,-0.125
0.0,0.0,0.0,-1.0,1.0,1.0,-1.0,4.0,-0.125
0.0,0.0,0.0,0.0,1.0,1.0,1.0,4.0,-0.125
0.0,-1.0,0.0,0.0,-1.0,1.0,-1.0,4.0,-0.125
0.0,2.0,0.0,0.0,-1.0,1.0,-1.0,4.0,-0.125
0.0,1.0,0.0,-2.0,-1.0,1.0,-1.0,4.0,-0.125
0.0,1.0,0.0,-1.0,-1.0,1.0,1.0,4.0,-0.125
0.0,1.0,0.0,-1.0,-1.0,1.0,0.0,2.0,-0.125
0.0,1.0,0.0,-1.0,-1.0,2.0,2.0,2.0,-0.125
0.0,0.0,0.0,0.0,0.0,0.0,1.0,2.0,0.0
0.0,0.0,0.0,0.0,0.0,-1.0,1.0,0.0,0.0
0.0,0.0,0.0,1.0,0.0,1.0,1.0,0.0,0.0
0.0,0.0,0.0,1.0,0.0,1.0,0.0,-2.0,0.0
0.0,0.0,0.0,1.0,0.0,2.0,2.0,0.0,0.0
0.0,0.0,-1.0,1.0,0.0,0.0,2.0,0.0,0.0
0.0,0.0,-1.0,1.0,0.0,0.0,3.0,2.0,0.0
0.0,-1.0,-1.0,-1.0,0.0,0.0,3.0,2.0,0.0
1.0,-1.0,1.0,-1.0,0.0,2.0,3.0,4.0,0.0
1.0,-2.0,-1.0,-1.0,0.0,2.0,3.0,4.0,0.0
1.0,-2.0,-1.0,-1.0,0.0,-1.0,3.0,0.0,0.0
1.0,-2.0,2.0,-1.0,0.0,3.0,3.0,4.0,0.0
1.0,-2.0,2.0,-2.0,0.0,-1.0,-1.0,4.0,0.0
1.0,-2.0,2.0,0.0,1.0,-1.0,-1.0,4.0,0.0
0.0,-2.0,0.0,0.0,1.0,-3.0,-1.0,0.0,0.0
0.0,-1.0,0.0,2.0,1.0,1.0,3.0,0.0,0.0
0.0,-1.0,0.0,2.0,0.0,1.0,1.0,0.0,0.0
0.0,-1.0,0.0,3.0,0.0,3.0,1.0,0.0,0.0
0.0,-2.0,0.0,3.0,-2.0,1.0,1.0,0.0,0.0
0.0,0.0,0.0,0.0,0.0,0.0,1.0,2.0,-0.15625
0.0,0.0,0.0,0.0,0.0,-1.0,1.0,0.0,-0.15625
0.0,0.0,0.0,1.0,0.0,1.0,1.0,0.0,-0.15625
0.0,0.0,0.0,1.0,0.0,1.0,0.0,-2.0,-0.15625
0.0,0.0,0.0,1.0,0.0,2.0,2.0,0.0,-0.15625
0.0,0.0,-1.0,1.0,0.0,0.0,2.0,0.0,-0.15625
0.0,0.0,-1.0,1.0,0.0,0.0,3.0,2.0,-0.15625
0.0,-1.0,-1.0,-1.0,0.0,0.0,3.0,2.0,-0.15625
0.0,-1.0,-1.0,-1.0,0.0,0.0,4.0,4.0,-0.15625
0.0,-1.0,-1.0,-1.0,0.0,-1.0,4.0,0.0,-0.15625
0.0,-1.0,-1.0,-1.0,0.0,-1.0,5.0,2.0,-0.15625
0.0,-1.0,-1.0,-1.0,0.0,-1.0,2.0,0.0,-0.15625
0.0,-1.0,-1.0,0.0,0.0,1.0,6.0,0.0,-0.15625
0.0,-1.0,-1.0,0.0,-1.0,1.0,4.0,0.0,-0.15625
1.0,-1.0,1.0,0.0,-1.0,3.0,4.0,2.0,-0.15625
1.0,-2.0,1.0,-2.0,-1.0,1.0,2.0,2.0,-0.15625
1.0,-1.0,1.0,-2.0,1.0,1.0,4.0,2.0,-0.15625
1.0,-1.0,1.0,-3.0,1.0,-3.0,0.0,2.0,-0.15625
1.0,-1.0,2.0,-1.0,1.0,-1.0,0.0,4.0,-0.15625
0.0,0.0,0.0,0.0,0.0,0.0,1.0,2.0,0.53125
0.0,0.0,0.0,0.0,0.0,-1.0,1.0,0.0,0.53125
0.0,0.0,0.0,1.0,0.0,1.0,1.0,0.0,0.53125
0.0,0.0,-1.0,1.0,0.0,-1.0,1.0,0.0,0.53125
0.0,0.0,-1.0,1.0,0.0,-1.0,2.0,2.0,0.53125
0.0,0.0,-1.0,1.0,0.0,-1.0,-1.0,0.0,0.53125
1.0,0.0,1.0,1.0,0.0,1.0,-1.0,0.0,0.53125
1.0,0.0,1.0,1.0,-1.0,1.0,-3.0,-2.0,0.53125
1.0,0.0,1.0,1.0,-1.0,2.0,1.0,0.0,0.53125
1.0,0.0,1.0,1.0,-2.0,2.0,-3.0,-2.0,0.53125
1.0,0.0,1.0,1.0,-2.0,3.0,-3.0,2.0,0.53125
1.0,0.0,1.0,1.0,-2.0,3.0,-4.0,-2.0,0.53125
1.0,1.0,1.0,1.0,0.0,3.0,-2.0,0.0,0.53125
1.0,1.0,1.0,1.0,0.0,3.0,-3.0,-4.0,0.53125
1.0,1.0,1.0,1.0,0.0,4.0,-3.0,0.0,0.53125
1.0,1.0,1.0,1.0,0.0,4.0,-4.0,-2.0,0.53125
1.0,1.0,1.0,1.0,0.0,4.0,-1.0,2.0,0.53125
1.0,0.0,1.0,-1.0,0.0,2.0,-1.0,2.0,0.53125
1.0,1.0,1.0,1.0,0.0,2.0,1.0,2.0,0.53125
0.0,0.0,0.0,0.0,0.0,0.0,1.0,2.0,-0.09375
0.0,0.0,0.0,0.0,0.0,-1.0,1.0,0.0,-0.09375
0.0,0.0,0.0,1.0,0.0,1.0,1.0,0.0,-0.09375
0.0,0.0,0.0,1.0,0.0,1.0,0.0,-2.0,-0.09375
0.0,0.0,0.0,1.0,0.0,2.0,2.0,0.0,-0.09375
0.0,0.0,-1.0,1.0,0.0,0.0,2.0,0.0,-0.09375
0.0,0.0,-1.0,1.0,0.0,0.0,3.0,2.0,-0.09375
0.0,-1.0,-1.0,-1.0,0.0,0.0,3.0,2.0,-0.09375
1.0,-1.0,1.0,-1.0,0.0,2.0,3.0,4.0,-0.09375
1.0,-2.0,-1.0,-1.0,0.0,2.0,3.0,4.0,-0.09375
1.0,-2.0,-1.0,-1.0,0.0,-1.0,3.0,0.0,-0.09375
1.0,-2.0,2.0,-1.0,0.0,3.0,3.0,4.0,-0.09375
1.0,-2.0,2.0,-2.0,0.0,-1.0,-1.0,4.0,-0.09375
1.0,-2.0,2.0,0.0,1.0,-1.0,-1.0,4.0,-0.09375
0.0,-2.0,0.0,0.0,1.0,-3.0,-1.0,0.0,-0.09375
0.0,-1.0,0.0,2.0,1.0,1.0,3.0,0.0,-0.09375
0.0,-1.0,0.0,2.0,0.0,1.0,1.0,0.0,-0.09375
0.0,0.0,0.0,2.0,2.0,1.0,1.0,0.0,-0.09375
0.0,-1.0,0.0,2.0,0.0,1.0,1.0,0.0,-0.09375
0.0,0.0,0.0,0.0,0.0,0.0,1.0,2.0,0.0625
0.0,0.0,0.0,0.0,0.0,-1.0,1.0,0.0,0.0625
0.0,0.0,0.0,1.0,0.0,1.0,1.0,0.0,0.0625
0.0,0.0,0.0,1.0,0.0,1.0,0.0,-2.0,0.0625
0.0,0.0,0.0,1.0,0.0,2.0,2.0,0.0,0.0625
0.0,0.0,-1.0,1.0,0.0,0.0,2.0,0.0,0.0625
0.0,0.0,-1.0,1.0,0.0,0.0,3.0,2.0,0.0625
0.0,-1.0,-1.0,-1.0,0.0,0.0,3.0,2.0,0.0625
1.0,-1.0,1.0,-1.0,0.0,2.0,3.0,4.0,0.0625
1.0,-2.0,-1.0,-1.0,0.0,2.0,3.0,4.0,0.0625
1.0,-2.0,-1.0,-1.0,0.0,-1.0,3.0,0.0,0.0625
1.0,-2.0,2.0,-1.0,0.0,3.0,3.0,4.0,0.0625
1.0,-2.0,2.0,-2.0,0.0,-1.0,-1.0,4.0,0.0625
1.0,-2.0,3.0,-2.0,0.0,1.0,-1.0,4.0,0.0625
0.0,-2.0,1.0,-2.0,0.0,-1.0,-1.0,0.0,0.0625
0.0,-2.0,1.0,-2.0,1.0,-1.0,1.0,2.0,0.0625
0.0,-2.0,1.0,-2.0,1.0,-1.0,0.0,-2.0,0.0625
0.0,-2.0,1.0,-2.0,1.0,-1.0,1.0,2.0,0.0625
0.0,-2.0,1.0,-3.0,1.0,-1.0,-1.0,2.0,0.0625
0.0,0.0,0.0,0.0,0.0,0.0,1.0,2.0,0.0
0.0,0.0,0.0,0.0,0.0,-1.0,1.0,0.0,0.0
0.0,0.0,0.0,1.0,0.0,1.0,1.0,0.0,0.0
0.0,0.0,0.0,1.0,0.0,1.0,0.0,-2.0,0.0
0.0,0.0,0.0,1.0,0.0,2.0,2.0,0.0,0.0
0.0,0.0,-1.0,1.0,0.0,0.0,2.0,0.0,0.0
0.0,0.0,-1.0,1.0,0.0,0.0,3.0,2.0,0.0
0.0,0.0,-1.0,1.0,-1.0,0.0,1.0,0.0,0.0
1.0,0.0,1.0,1.0,-1.0,2.0,1.0,0.0,0.0
1.0,0.0,1.0,1.0,-2.0,2.0,-3.0,0.0,0.0
1.0,0.0,1.0,1.0,-2.0,2.0,-2.0,2.0,0.0
1.0,0.0,1.0,1.0,-2.0,2.0,-3.0,0.0,0.0
1.0,1.0,1.0,1.0,0.0,2.0,-1.0,2.0,0.0
1.0,1.0,1.0,0.0,0.0,2.0,-3.0,0.0,0.0
1.0,1.0,1.0,0.0,1.0,2.0,-1.0,2.0,0.0
1.0,0.0,1.0,0.0,-1.0,2.0,-3.0,2.0,0.0
1.0,3.0,1.0,0.0,-1.0,2.0,-3.0,2.0,0.0
1.0,3.0,1.0,0.0,-2.0,0.0,-3.0,2.0,0.0
1.0,3.0,1.0,1.0,0.0,0.0,-3.0,2.0,0.0
0.0,0.0,0.0,0.0,0.0,0.0,1.0,2.0,0.1875
0.0,0.0,0.0,0.0,0.0,-1.0,1.0,0.0,0.1875
0.0,0.0,0.0,1.0,0.0,1.0,1.0,0.0,0.1875
0.0,0.0,0.0,1.0,0.0,1.0,0.0,-2.0,0.1875
0.0,0.0,0.0,1.0,0.0,2.0,2.0,0.0,0.1875
0.0,0.0,0.0,1.0,-1.0,2.0,0.0,-2.0,0.1875
0.0,0.0,0.0,1.0,-1.0,3.0,0.0,2.0,0.1875
0.0,-1.0,0.0,-1.0,-1.0,1.0,-2.0,2.0,0.1875
0.0,0.0,0.0,-1.0,1.0,1.0,0.0,4.0,0.1875
0.0,0.0,0.0,-1.0,1.0,1.0,-1.0,0.0,0.1875
0.0,0.0,0.0,-1.0,1.0,1.0,2.0,2.0,0.1875
0.0,0.0,0.0,-1.0,1.0,1.0,1.0,0.0,0.1875
0.0,0.0,0.0,-1.0,2.0,1.0,3.0,0.0,0.1875
0.0,0.0,0.0,-1.0,2.0,1.0,0.0,0.0,0.1875
0.0,0.0,0.0,-1.0,2.0,2.0,0.0,2.0,0.1875
0.0,0.0,0.0,-1.0,1.0,2.0,-2.0,-2.0,0.1875
0.0,1.0,0.0,-1.0,3.0,2.0,-2.0,-2.0,0.1875
0.0,1.0,0.0,-2.0,3.0,0.0,-4.0,-2.0,0.1875
0.0,1.0,0.0,-2.0,3.0,0.0,1.0,2.0,0.1875
0.0,0.0,0.0,0.0,0.0,0.0,1.0,2.0,-0.5625
0.0,0.0,0.0,0.0,0.0,-1.0,1.0,0.0,-0.5625
0.0,0.0,0.0,1.0,0.0,1.0,1.0,0.0,-0.5625
0.0,0.0,0.0,1.0,0.0,1.0,0.0,-2.0,-0.5625
0.0,0.0,0.0,1.0,0.0,2.0,2.0,0.0,-0.5625
0.0,0.0,0.0,0.0,0.0,2.0,0.0,0.0,-0.5625
0.0,0.0,0.0,0.0,0.0,3.0,0.0,4.0,-0.5625
0.0,-1.0,0.0,-2.0,0.0,1.0,-2.0,4.0,-0.5625
0.0,0.0,0.0,0.0,0.0,1.0,0.0,4.0,-0.5625
0.0,0.0,0.0,-1.0,0.0,-1.0,-2.0,4.0,-0.5625
0.0,0.0,0.0,0.0,0.0,-1.0,0.0,4.0,-0.5625
0.0,0.0,0.0,0.0,0.0,-2.0,0.0,0.0,-0.5625
0.0,1.0,0.0,2.0,0.0,-2.0,0.0,0.0,-0.5625
0.0,0.0,0.0,0.0,0.0,-2.0,0.0,0.0,-0.5625
0.0,0.0,0.0,0.0,1.0,-2.0,2.0,2.0,-0.5625
0.0,-1.0,0.0,-2.0,1.0,-2.0,2.0,2.0,-0.5625
0.0,0.0,0.0,0.0,1.0,-2.0,2.0,2.0,-0.5625
0.0,-1.0,0.0,-2.0,1.0,-2.0,2.0,2.0,-0.5625
0.0,0.0,0.0,0.0,1.0,-2.0,2.0,2.0,-0.5625
0.0,0.0,0.0,0.0,0.0,0.0,1.0,2.0,-0.1875
0.0,0.0,0.0,0.0,0.0,-1.0,1.0,0.0,-0.1875
0.0,0.0,0.0,1.0,0.0,1.0,1.0,0.0,-0.1875
0.0,0.0,0.0,1.0,0.0,1.0,0.0,-2.0,-0.1875
0.0,0.0,0.0,1.0,0.0,2.0,2.0,0.0,-0.1875
0.0,0.0,-1.0,1.0,0.0,0.0,2.0,0.0,-0.1875
0.0,0.0,-1.0,1.0,0.0,0.0,3.0,2.0,-0.1875
0.0,0.0,-1.0,0.0,0.0,-2.0,-1.0,2.0,-0.1875
0.0,1.0,-1.0,2.0,0.0,2.0,3.0,2.0,-0.1875
0.0,1.0,-1.0,1.0,0.0,2.0,1.0,2.0,-0.1875
0.0,2.0,-1.0,3.0,0.0,2.0,1.0,2.0,-0.1875
0.0,1.0,-1.0,1.0,0.0,0.0,-1.0,2.0,-0.1875
1.0,1.0,1.0,1.0,0.0,2.0,-1.0,4.0,-0.1875
1.0,1.0,1.0,1.0,0.0,2.0,-2.0,0.0,-0.1875
1.0,1.0,1.0,1.0,0.0,3.0,-2.0,2.0,-0.1875
1.0,0.0,-1.0,1.0,0.0,3.0,-2.0,2.0,-0.1875
1.0,3.0,-1.0,1.0,0.0,3.0,-2.0,2.0,-0.1875
1.0,3.0,-1.0,0.0,0.0,1.0,-2.0,2.0,-0.1875
1.0,3.0,1.0,2.0,1.0,1.0,-2.0,2.0,-0.1875
0.0,0.0,0.0,0.0,0.0,0.0,1.0,2.0,0.25
0.0,0.0,0.0,0.0,0.0,-1.0,1.0,0.0,0.25
0.0,0.0,0.0,1.0,0.0,1.0,1.0,0.0,0.25
0.0,0.0,0.0,1.0,0.0,1.0,0.0,-2.0,0.25
0.0,0.0,0.0,1.0,0.0,2.0,2.0,0.0,0.25
0.0,0.0,0.0,1.0,-1.0,2.0,0.0,-2.0,0.25
0.0,0.0,0.0,1.0,-1.0,3.0,0.0,2.0,0.25
0.0,-1.0,0.0,-1.0,-1.0,1.0,-2.0,2.0,0.25
0.0,0.0,0.0,-1.0,1.0,1.0,0.0,4.0,0.25
0.0,0.0,0.0,-1.0,1.0,1.0,-1.0,0.0,0.25
0.0,0.0,0.0,-1.0,1.0,1.0,2.0,2.0,0.25
0.0,0.0,0.0,-1.0,1.0,1.0,-1.0,2.0,0.25
0.0,0.0,0.0,0.0,1.0,1.0,1.0,2.0,0.25
0.0,0.0,0.0,0.0,1.0,1.0,0.0,-2.0,0.25
0.0,0.0,0.0,1.0,1.0,1.0,2.0,0.0,0.25
0.0,0.0,0.0,0.0,1.0,-1.0,2.0,0.0,0.25
0.0,0.0,0.0,0.0,1.0,-1.0,3.0,2.0,0.25
0.0,-1.0,0.0,-2.0,1.0,-1.0,1.0,0.0,0.25
0.0,0.0,0.0,0.0,1.0,1.0,3.0,0.0,0.25
0.0,0.0,0.0,0.0,0.0,0.0,1.0,2.0,0.625
0.0,0.0,0.0,0.0,0.0,-1.0,1.0,0.0,0.625
0.0,0.0,0.0,1.0,0.0,1.0,1.0,0.0,0.625
0.0,0.0,0.0,1.0,0.0,1.0,0.0,-2.0,0.625
0.0,0.0,0.0,1.0,0.0,2.0,2.0,0.0,0.625
0.0,0.0,-1.0,1.0,0.0,0.0,2.0,0.0,0.625
0.0,0.0,-1.0,1.0,0.0,0.0,3.0,2.0,0.625
0.0,-1.0,-1.0,-1.0,0.0,0.0,3.0,2.0,0.625
1.0,-1.0,1.0,-1.0,0.0,2.0,3.0,4.0,0.625
1.0,-2.0,-1.0,-1.0,0.0,2.0,3.0,4.0,0.625
1.0,-2.0,-1.0,-1.0,0.0,-1.0,3.0,0.0,0.625
1.0,-2.0,2.0,-1.0,0.0,3.0,3.0,4.0,0.625
1.0,-2.0,2.0,-2.0,0.0,-1.0,-1.0,4.0,0.625
1.0,-2.0,2.0,-2.0,1.0,-1.0,1.0,4.0,0.625
0.0,-2.0,0.0,-2.0,1.0,-3.0,1.0,0.0,0.625
0.0,-2.0,0.0,0.0,2.0,-1.0,1.0,0.0,0.625
0.0,-3.0,0.0,0.0,0.0,-1.0,-1.0,0.0,0.625
0.0,-2.0,0.0,2.0,0.0,1.0,3.0,0.0,0.625
0.0,-3.0,0.0,2.0,-2.0,-1.0,3.0,0.0,0.625
0.0,0.0,0.0,0.0,0.0,0.0,1.0,2.0,0.375
0.0,0.0,0.0,0.0,0.0,-1.0,1.0,0.0,0.375
0.0,0.0,0.0,1.0,0.0,1.0,1.0,0.0,0.375
0.0,0.0,0.0,1.0,0.0,1.0,0.0,-2.0,0.375
0.0,0.0,0.0,1.0,0.0,2.0,2.0,0.0,0.375
0.0,0.0,-1.0,1.0,0.0,0.0,2.0,0.0,0.375
0.0,0.0,-1.0,1.0,0.0,0.0,3.0,2.0,0.375
0.0,-1.0,-1.0,-1.0,0.0,0.0,3.0,2.0,0.375
1.0,-1.0,1.0,-1.0,0.0,2.0,3.0,4.0,0.375
1.0,-2.0,-1.0,-1.0,0.0,2.0,3.0,4.0,0.375
1.0,-2.0,-1.0,-1.0,0.0,-1.0,3.0,0.0,0.375
1.0,-2.0,2.0,-1.0,0.0,3.0,3.0,4.0,0.375
1.0,-2.0,2.0,-2.0,0.0,-1.0,-1.0,4.0,0.375
1.0,-2.0,2.0,-2.0,1.0,-1.0,1.0,4.0,0.375
1.0,-2.0,2.0,-2.0,1.0,-1.0,0.0,0.0,0.375
1.0,-2.0,2.0,0.0,2.0,1.0,0.0,0.0,0.375
1.0,-2.0,2.0,0.0,0.0,1.0,-1.0,-4.0,0.375
1.0,-2.0,2.0,0.0,1.0,1.0,1.0,-4.0,0.375
1.0,-3.0,2.0,0.0,-1.0,-1.0,1.0,-4.0,0.375
0.0,0.0,0.0,0.0,0.0,0.0,1.0,2.0,0.09375
0.0,0.0,0.0,0.0,0.0,-1.0,1.0,0.0,0.09375
0.0,0.0,0.0,1.0,0.0,1.0,1.0,0.0,0.09375
0.0,0.0,0.0,1.0,0.0,1.0,0.0,-2.0,0.09375
0.0,0.0,0.0,1.0,0.0,2.0,0.0,2.0,0.09375
0.0,0.0,0.0,1.0,0.0,2.0,-1.0,0.0,0.09375
0.0,0.0,0.0,1.0,0.0,3.0,-1.0,2.0,0.09375
0.0,0.0,0.0,1.0,0.0,3.0,-2.0,0.0,0.09375
0.0,0.0,0.0,2.0,0.0,3.0,0.0,0.0,0.09375
0.0,0.0,0.0,2.0,-1.0,3.0,-4.0,-4.0,0.09375
0.0,1.0,0.0,2.0,1.0,3.0,-4.0,-4.0,0.09375
0.0,0.0,0.0,0.0,1.0,1.0,-4.0,-4.0,0.09375
0.0,0.0,0.0,0.0,2.0,1.0,0.0,0.0,0.09375
0.0,0.0,0.0,0.0,2.0,1.0,-1.0,-4.0,0.09375
0.0,0.0,1.0,0.0,2.0,3.0,-1.0,0.0,0.09375
0.0,0.0,1.0,-1.0,2.0,1.0,-3.0,-2.0,0.09375
0.0,0.0,1.0,-1.0,3.0,3.0,-3.0,-2.0,0.09375
-1.0,0.0,-1.0,-1.0,3.0,1.0,-3.0,-4.0,0.09375
-1.0,1.0,-1.0,1.0,3.0,1.0,-3.0,-4.0,0.09375
0.0,0.0,0.0,0.0,0.0,0.0,1.0,2.0,0.21875
0.0,0.0,0.0,0.0,0.0,0.0,0.0,0.0,0.21875
0.0,0.0,0.0,0.0,0.0,0.0,1.0,2.0,0.21875
0.0,0.0,0.0,0.0,0.0,-1.0,1.0,0.0,0.21875
0.0,0.0,0.0,0.0,1.0,-1.0,3.0,2.0,0.21875
0.0,0.0,0.0,0.0,1.0,-2.0,3.0,0.0,0.21875
0.0,0.0,0.0,0.0,1.0,-2.0,4.0,2.0,0.21875
0.0,-1.0,0.0,0.0,-1.0,-2.0,4.0,2.0,0.21875
0.0,-1.0,0.0,1.0,-1.0,0.0,4.0,2.0,0.21875
0.0,-1.0,0.0,0.0,-1.0,0.0,2.0,2.0,0.21875
0.0,-1.0,0.0,0.0,0.0,0.0,4.0,2.0,0.21875
0.0,-1.0,0.0,0.0,-1.0,-2.0,4.0,2.0,0.21875
0.0,0.0,0.0,2.0,-1.0,-2.0,4.0,2.0,0.21875
0.0,-1.0,0.0,2.0,-3.0,-2.0,0.0,-2.0,0.21875
0.0,-1.0,0.0,2.0,-3.0,-2.0,3.0,0.0,0.21875
0.0,-2.0,0.0,0.0,-3.0,-2.0,3.0,0.0,0.21875
0.0,-2.0,0.0,0.0,0.0,-2.0,3.0,0.0,0.21875
0.0,-2.0,0.0,0.0,0.0,-2.0,2.0,-4.0,0.21875
0.0,-1.0,0.0,0.0,2.0,-2.0,4.0,0.0,0.21875
0.0,0.0,0.0,0.0,0.0,0.0,1.0,2.0,0.09375
0.0,0.0,0.0,0.0,0.0,-1.0,1.0,0.0,0.09375
0.0,0.0,0.0,1.0,0.0,1.0,1.0,0.0,0.09375
0.0,0.0,0.0,1.0,0.0,1.0,0.0,-2.0,0.09375
0.0,0.0,0.0,1.0,0.0,2.0,2.0,0.0,0.09375
0.0,0.0,-1.0,1.0,0.0,0.0,2.0,0.0,0.09375
0.0,0.0,-1.0,1.0,0.0,0.0,3.0,2.0,0.09375
0.0,-1.0,-1.0,-1.0,0.0,0.0,3.0,2.0,0.09375
1.0,-1.0,1.0,-1.0,0.0,2.0,3.0,4.0,0.09375
1.0,-2.0,-1.0,-1.0,0.0,2.0,3.0,4.0,0.09375
1.0,-2.0,-1.0,-2.0,0.0,-2.0,-1.0,4.0,0.09375
1.0,-2.0,-1.0,-1.0,0.0,-2.0,1.0,4.0,0.09375
1.0,-2.0,-1.0,-1.0,0.0,-3.0,1.0,0.0,0.09375
1.0,-1.0,1.0,-1.0,0.0,-3.0,1.0,0.0,0.09375
1.0,-1.0,1.0,-1.0,-1.0,-3.0,-1.0,-2.0,0.09375
1.0,2.0,1.0,1.0,-1.0,-3.0,-1.0,-2.0,0.09375
1.0,2.0,1.0,1.0,-2.0,-3.0,-3.0,-4.0,0.09375
1.0,3.0,1.0,3.0,-2.0,1.0,1.0,-4.0,0.09375
1.0,3.0,0.0,3.0,-2.0,-1.0,1.0,-4.0,0.09375
0.0,0.0,0.0,0.0,0.0,0.0,1.0,2.0,0.84375
0.0,0.0,0.0,0.0,0.0,0.0,0.0,0.0,0.84375
0.0,0.0,0.0,0.0,0.0,0.0,1.0,2.0,0.84375
0.0,0.0,0.0,0.0,-1.0,0.0,-1.0,0.0,0.84375
0.0,0.0,0.0,0.0,-1.0,0.0,0.0,4.0,0.84375
0.0,0.0,0.0,0.0,-1.0,0.0,-1.0,-2.0,0.84375
0.0,1.0,0.0,0.0,1.0,0.0,1.0,-2.0,0.84375
0.0,1.0,0.0,0.0,1.0,-1.0,-1.0,-4.0,0.84375
0.0,1.0,0.0,1.0,1.0,-1.0,1.0,-2.0,0.84375
0.0,1.0,0.0,1.0,1.0,-1.0,0.0,-4.0,0.84375
0.0,1.0,0.0,1.0,2.0,-1.0,4.0,0.0,0.84375
0.0,0.0,0.0,-1.0,2.0,-1.0,2.0,0.0,0.84375
0.0,0.0,0.0,-1.0,3.0,-1.0,6.0,4.0,0.84375
0.0,0.0,0.0,-1.0,3.0,-2.0,2.0,4.0,0.84375
0.0,0.0,0.0,0.0,3.0,0.0,4.0,4.0,0.84375
0.0,0.0,0.0,-1.0,3.0,-2.0,-2.0,2.0,0.84375
0.0,0.0,0.0,-1.0,4.0,-2.0,2.0,2.0,0.84375
0.0,-1.0,0.0,-3.0,2.0,-2.0,2.0,2.0,0.84375
0.0,0.0,0.0,-1.0,2.0,0.0,2.0,2.0,0.84375
0.0,0.0,0.0,0.0,0.0,0.0,1.0,2.0,0.46875
0.0,0.0,0.0,0.0,0.0,-1.0,1.0,0.0,0.46875
0.0,0.0,0.0,0.0,0.0,-1.0,2.0,2.0,0.46875
0.0,0.0,0.0,0.0,0.0,-1.0,-1.0,0.0,0.46875
0.0,0.0,0.0,1.0,0.0,1.0,-1.0,0.0,0.46875
0.0,-1.0,0.0,-1.0,0.0,1.0,-1.0,0.0,0.46875
0.0,-1.0,0.0,-1.0,0.0,2.0,3.0,2.0,0.46875
0.0,-1.0,0.0,-1.0,0.0,0.0,0.0,0.0,0.46875
0.0,-1.0,0.0,-1.0,0.0,1.0,0.0,2.0,0.46875
0.0,-1.0,0.0,-2.0,0.0,-1.0,-4.0,2.0,0.46875
0.0,0.0,0.0,0.0,0.0,1.0,0.0,2.0,0.46875
0.0,-3.0,0.0,0.0,0.0,1.0,0.0,2.0,0.46875
0.0,-2.0,0.0,2.0,0.0,3.0,4.0,2.0,0.46875
0.0,-2.0,0.0,2.0,-1.0,3.0,2.0,0.0,0.46875
0.0,-2.0,0.0,3.0,-1.0,3.0,4.0,0.0,0.46875
0.0,-2.0,0.0,0.0,-1.0,-1.0,0.0,0.0,0.46875
0.0,-2.0,0.0,0.0,0.0,-1.0,4.0,0.0,0.46875
0.0,-3.0,0.0,0.0,-2.0,-1.0,0.0,0.0,0.46875
0.0,-2.0,0.0,2.0,-2.0,1.0,0.0,0.0,0.46875
0.0,0.0,0.0,0.0,0.0,0.0,1.0,2.0,0.5
0.0,0.0,0.0,0.0,0.0,-1.0,1.0,0.0,0.5
0.0,0.0,0.0,1.0,0.0,1.0,1.0,0.0,0.5
0.0,0.0,0.0,1.0,0.0,1.0,0.0,-2.0,0.5
0.0,0.0,0.0,1.0,0.0,2.0,2.0,0.0,0.5
0.0,0.0,-1.0,1.0,0.0,0.0,2.0,0.0,0.5
0.0,0.0,-1.0,1.0,0.0,0.0,3.0,2.0,0.5
0.0,-1.0,-1.0,-1.0,0.0,0.0,3.0,2.0,0.5
1.0,-1.0,1.0,-1.0,0.0,2.0,3.0,4.0,0.5
1.0,-2.0,-1.0,-1.0,0.0,2.0,3.0,4.0,0.5
1.0,-2.0,-1.0,-1.0,0.0,-1.0,3.0,0.0,0.5
1.0,-2.0,2.0,-1.0,0.0,3.0,3.0,4.0,0.5
1.0,-2.0,2.0,-2.0,0.0,-1.0,-1.0,4.0,0.5
1.0,-2.0,2.0,0.0,1.0,-1.0,-1.0,4.0,0.5
0.0,-2.0,0.0,0.0,1.0,-3.0,-1.0,0.0,0.5
0.0,-1.0,0.0,2.0,1.0,1.0,3.0,0.0,0.5
0.0,-1.0,0.0,2.0,1.0,1.0,2.0,-2.0,0.5
0.0,-1.0,0.0,2.0,2.0,1.0,4.0,2.0,0.5
0.0,-1.0,0.0,1.0,2.0,1.0,2.0,2.0,0.5
0.0,0.0,0.0,0.0,0.0,0.0,1.0,2.0,-0.09375
0.0,0.0,0.0,0.0,0.0,-1.0,1.0,0.0,-0.09375
0.0,0.0,0.0,1.0,0.0,1.0,1.0,0.0,-0.09375
0.0,0.0,0.0,1.0,0.0,1.0,0.0,-2.0,-0.09375
0.0,0.0,0.0,1.0,0.0,2.0,2.0,0.0,-0.09375
0.0,0.0,-1.0,1.0,0.0,0.0,2.0,0.0,-0.09375
0.0,0.0,-1.0,1.0,0.0,0.0,3.0,2.0,-0.09375
0.0,-1.0,-1.0,-1.0,0.0,0.0,3.0,2.0,-0.09375
0.0,-1.0,-1.0,-1.0,0.0,0.0,4.0,4.0,-0.09375
0.0,-1.0,-1.0,-1.0,0.0,0.0,1.0,2.0,-0.09375
1.0,-1.0,1.0,-1.0,0.0,2.0,1.0,2.0,-0.09375
1.0,-1.0,1.0,-1.0,-1.0,2.0,-1.0,2.0,-0.09375
1.0,-1.0,1.0,-1.0,-1.0,2.0,2.0,4.0,-0.09375
1.0,-2.0,-1.0,-1.0,-1.0,2.0,2.0,4.0,-0.09375
1.0,-1.0,-1.0,1.0,-1.0,2.0,2.0,4.0,-0.09375
1.0,-1.0,-1.0,1.0,-1.0,-1.0,2.0,0.0,-0.09375
1.0,0.0,1.0,1.0,-1.0,-1.0,2.0,0.0,-0.09375
1.0,0.0,1.0,1.0,-2.0,-1.0,0.0,-2.0,-0.09375
1.0,3.0,1.0,1.0,-2.0,-1.0,0.0,-2.0,-0.09375
0.0,0.0,0.0,0.0,0.0,0.0,1.0,2.0,0.25
0.0,0.0,0.0,0.0,0.0,-1.0,1.0,0.0,0.25
0.0,0.0,0.0,1.0,0.0,1.0,1.0,0.0,0.25
0.0,0.0,0.0,1.0,0.0,1.0,0.0,-2.0,0.25
0.0,0.0,0.0,1.0,0.0,2.0,2.0,0.0,0.25
0.0,0.0,-1.0,1.0,0.0,0.0,2.0,0.0,0.25
0.0,0.0,-1.0,1.0,0.0,0.0,3.0,2.0,0.25
0.0,-1.0,-1.0,-1.0,0.0,0.0,3.0,2.0,0.25
1.0,-1.0,1.0,-1.0,0.0,2.0,3.0,4.0,0.25
1.0,-2.0,-1.0,-1.0,0.0,2.0,3.0,4.0,0.25
1.0,-2.0,-1.0,-1.0,0.0,-1.0,3.0,0.0,0.25
1.0,-2.0,2.0,-1.0,0.0,3.0,3.0,4.0,0.25
1.0,-2.0,2.0,-2.0,0.0,-1.0,-1.0,4.0,0.25
1.0,-2.0,2.0,0.0,1.0,-1.0,-1.0,4.0,0.25
0.0,-2.0,0.0,0.0,1.0,-3.0,-1.0,0.0,0.25
0.0,-1.0,0.0,2.0,1.0,1.0,3.0,0.0,0.25
0.0,-1.0,0.0,2.0,0.0,1.0,1.0,0.0,0.25
0.0,-1.0,0.0,3.0,0.0,3.0,1.0,0.0,0.25
0.0,-2.0,0.0,3.0,-2.0,1.0,1.0,0.0,0.25
0.0,0.0,0.0,0.0,0.0,0.0,1.0,2.0,0.125
0.0,0.0,0.0,0.0,0.0,-1.0,1.0,0.0,0.125
0.0,0.0,0.0,1.0,0.0,1.0,1.0,0.0,0.125
0.0,0.0,-1.0,1.0,0.0,-1.0,1.0,0.0,0.125
0.0,0.0,-1.0,1.0,0.0,-1.0,2.0,2.0,0.125
0.0,0.0,-1.0,-1.0,-1.0,-1.0,2.0,2.0,0.125
0.0,1.0,-1.0,-1.0,1.0,-1.0,2.0,2.0,0.125
0.0,1.0,-1.0,-1.0,1.0,-1.0,-1.0,0.0,0.125
0.0,2.0,-1.0,1.0,1.0,1.0,-1.0,0.0,0.125
0.0,2.0,-1.0,1.0,1.0,1.0,-2.0,-2.0,0.125
0.0,2.0,-1.0,1.0,1.0,2.0,0.0,-2.0,0.125
0.0,2.0,-1.0,0.0,1.0,0.0,-2.0,-2.0,0.125
1.0,2.0,1.0,0.0,1.0,2.0,-2.0,-2.0,0.125
1.0,2.0,0.0,0.0,1.0,0.0,-2.0,-2.0,0.125
1.0,2.0,0.0,0.0,2.0,0.0,0.0,2.0,0.125
1.0,2.0,0.0,0.0,2.0,0.0,-1.0,-2.0,0.125
1.0,2.0,0.0,0.0,2.0,0.0,0.0,0.0,0.125
1.0,1.0,-2.0,-2.0,2.0,0.0,0.0,0.0,0.125
2.0,1.0,0.0,-2.0,2.0,2.0,0.0,0.0,0.125
0.0,0.0,0.0,0.0,0.0,0.0,1.0,2.0,0.28125
0.0,0.0,0.0,0.0,0.0,-1.0,1.0,0.0,0.28125
0.0,0.0,0.0,1.0,0.0,1.0,1.0,0.0,0.28125
0.0,0.0,0.0,1.0,0.0,1.0,0.0,-2.0,0.28125
0.0,0.0,0.0,1.0,0.0,2.0,2.0,0.0,0.28125
0.0,0.0,-1.0,1.0,0.0,0.0,2.0,0.0,0.28125
0.0,0.0,-1.0,1.0,0.0,0.0,3.0,2.0,0.28125
0.0,-1.0,-1.0,-1.0,0.0,0.0,3.0,2.0,0.28125
1.0,-1.0,1.0,-1.0,0.0,2.0,3.0,4.0,0.28125
1.0,-2.0,-1.0,-1.0,0.0,2.0,3.0,4.0,0.28125
1.0,-2.0,-1.0,-2.0,0.0,-2.0,-1.0,4.0,0.28125
1.0,-2.0,-1.0,-1.0,0.0,-2.0,1.0,4.0,0.28125
1.0,-2.0,-1.0,-1.0,0.0,-2.0,0.0,2.0,0.28125
1.0,-2.0,0.0,-1.0,0.0,0.0,0.0,2.0,0.28125
1.0,-2.0,0.0,-1.0,-1.0,0.0,-2.0,-2.0,0.28125
1.0,-1.0,2.0,-1.0,-1.0,0.0,-2.0,-2.0,0.28125
1.0,-1.0,2.0,-1.0,-1.0,0.0,-3.0,-4.0,0.28125
1.0,2.0,2.0,1.0,-1.0,0.0,-3.0,-4.0,0.28125
0.0,2.0,0.0,1.0,-1.0,-2.0,-3.0,-4.0,0.28125
0.0,0.0,0.0,0.0,0.0,0.0,1.0,2.0,0.46875
0.0,0.0,0.0,0.0,0.0,-1.0,1.0,0.0,0.46875
0.0,0.0,0.0,1.0,0.0,1.0,1.0,0.0,0.46875
0.0,0.0,0.0,1.0,0.0,1.0,0.0,-2.0,0.46875
0.0,0.0,0.0,1.0,0.0,2.0,2.0,0.0,0.46875
0.0,0.0,-1.0,1.0,0.0,0.0,2.0,0.0,0.46875
0.0,0.0,-1.0,1.0,0.0,0.0,3.0,2.0,0.46875
0.0,-1.0,-1.0,-1.0,0.0,0.0,3.0,2.0,0.46875
1.0,-1.0,1.0,-1.0,0.0,2.0,3.0,4.0,0.46875
1.0,-2.0,-1.0,-1.0,0.0,2.0,3.0,4.0,0.46875
1.0,-2.0,-1.0,-1.0,0.0,-1.0,3.0,0.0,0.46875
1.0,-2.0,2.0,-1.0,0.0,3.0,3.0,4.0,0.46875
1.0,-2.0,2.0,-2.0,0.0,-1.0,-1.0,4.0,0.46875
1.0,-2.0,2.0,0.0,1.0,-1.0,-1.0,4.0,0.46875
0.0,-2.0,0.0,0.0,1.0,-3.0,-1.0,0.0,0.46875
0.0,-1.0,0.0,2.0,1.0,1.0,3.0,0.0,0.46875
0.0,-1.0,0.0,2.0,0.0,1.0,1.0,0.0,0.46875
0.0,-1.0,0.0,3.0,0.0,3.0,1.0,0.0,0.46875
0.0,-1.0,0.0,1.0,-1.0,3.0,1.0,0.0,0.46875
0.0,0.0,0.0,0.0,0.0,0.0,1.0,2.0,0.15625
0.0,0.0,0.0,0.0,0.0,-1.0,1.0,0.0,0.15625
0.0,0.0,0.0,1.0,0.0,1.0,1.0,0.0,0.15625
0.0,0.0,0.0,1.0,0.0,1.0,0.0,-2.0,0.15625
0.0,0.0,0.0,1.0,0.0,2.0,2.0,0.0,0.15625
0.0,0.0,-1.0,1.0,0.0,0.0,2.0,0.0,0.15625
0.0,0.0,-1.0,1.0,0.0,0.0,3.0,2.0,0.15625
0.0,0.0,-1.0,1.0,0.0,-1.0,3.0,0.0,0.15625
0.0,0.0,-1.0,2.0,0.0,1.0,3.0,0.0,0.15625
0.0,-1.0,-1.0,0.0,0.0,1.0,3.0,0.0,0.15625
1.0,-1.0,1.0,0.0,0.0,3.0,3.0,4.0,0.15625
1.0,-2.0,-1.0,0.0,0.0,3.0,3.0,4.0,0.15625
1.0,-2.0,-1.0,-1.0,0.0,-1.0,-1.0,4.0,0.15625
1.0,-2.0,-1.0,0.0,0.0,-1.0,1.0,4.0,0.15625
1.0,-2.0,-1.0,0.0,0.0,-1.0,0.0,2.0,0.15625
1.0,-1.0,1.0,0.0,0.0,-1.0,0.0,2.0,0.15625
1.0,-1.0,1.0,0.0,-1.0,-1.0,-2.0,-2.0,0.15625
1.0,0.0,1.0,2.0,-1.0,1.0,0.0,-2.0,0.15625
1.0,-1.0,1.0,0.0,-1.0,-1.0,0.0,-2.0,0.15625
0.0,0.0,0.0,0.0,0.0,0.0,1.0,2.0,0.5625
0.0,0.0,0.0,0.0,0.0,-1.0,1.0,0.0,0.5625
0.0,0.0,0.0,1.0,0.0,1.0,1.0,0.0,0.5625
0.0,0.0,0.0,1.0,0.0,1.0,0.0,-2.0,0.5625
0.0,0.0,0.0,1.0,0.0,2.0,2.0,0.0,0.5625
0.0,0.0,-1.0,1.0,0.0,0.0,2.0,0.0,0.5625
0.0,0.0,-1.0,1.0,0.0,0.0,3.0,2.0,0.5625
0.0,-1.0,-1.0,-1.0,0.0,0.0,3.0,2.0,0.5625
1.0,-1.0,1.0,-1.0,0.0,2.0,3.0,4.0,0.5625
1.0,-2.0,-1.0,-1.0,0.0,2.0,3.0,4.0,0.5625
1.0,-2.0,-1.0,-1.0,0.0,-1.0,3.0,0.0,0.5625
1.0,-2.0,2.0,-1.0,0.0,3.0,3.0,4.0,0.5625
1.0,-2.0,2.0,-2.0,0.0,-1.0,-1.0,4.0,0.5625
1.0,-2.0,2.0,0.0,1.0,-1.0,-1.0,4.0,0.5625
0.0,-2.0,0.0,0.0,1.0,-3.0,-1.0,0.0,0.5625
0.0,-1.0,0.0,2.0,1.0,1.0,3.0,0.0,0.5625
0.0,-1.0,0.0,2.0,0.0,1.0,1.0,0.0,0.5625
0.0,-1.0,0.0,3.0,0.0,3.0,1.0,0.0,0.5625
0.0,-2.0,0.0,3.0,-2.0,1.0,1.0,0.0,0.5625
0.0,0.0,0.0,0.0,0.0,0.0,1.0,2.0,-0.25
0.0,0.0,0.0,0.0,0.0,-1.0,1.0,0.0,-0.25
0.0,0.0,0.0,1.0,0.0,1.0,1.0,0.0,-0.25
0.0,0.0,0.0,1.0,0.0,1.0,0.0,-2.0,-0.25
0.0,0.0,0.0,1.0,0.0,2.0,2.0,0.0,-0.25
0.0,0.0,-1.0,1.0,0.0,0.0,2.0,0.0,-0.25
0.0,0.0,-1.0,1.0,0.0,0.0,3.0,2.0,-0.25
0.0,-1.0,-1.0,-1.0,0.0,0.0,3.0,2.0,-0.25
1.0,-1.0,1.0,-1.0,0.0,2.0,3.0,4.0,-0.25
1.0,-2.0,-1.0,-1.0,0.0,2.0,3.0,4.0,-0.25
1.0,-2.0,-1.0,-1.0,0.0,-1.0,3.0,0.0,-0.25
1.0,-2.0,2.0,-1.0,0.0,3.0,3.0,4.0,-0.25
1.0,-2.0,2.0,-2.0,0.0,-1.0,-1.0,4.0,-0.25
1.0,-2.0,2.0,0.0,1.0,-1.0,-1.0,4.0,-0.25
0.0,-2.0,0.0,0.0,1.0,-3.0,-1.0,0.0,-0.25
0.0,-2.0,0.0,0.0,2.0,-1.0,1.0,2.0,-0.25
0.0,-2.0,0.0,0.0,2.0,-2.0,1.0,-2.0,-0.25
0.0,-2.0,0.0,0.0,2.0,-2.0,2.0,2.0,-0.25
0.0,-2.0,0.0,0.0,2.0,-2.0,-1.0,0.0,-0.25
0.0,0.0,0.0,0.0,0.0,0.0,1.0,2.0,-0.75
0.0,0.0,0.0,0.0,0.0,0.0,0.0,0.0,-0.75
0.0,0.0,0.0,0.0,0.0,0.0,1.0,2.0,-0.75
0.0,0.0,0.0,0.0,0.0,-1.0,1.0,0.0,-0.75
0.0,0.0,0.0,0.0,0.0,-1.0,2.0,2.0,-0.75
0.0,0.0,0.0,-1.0,0.0,-1.0,0.0,2.0,-0.75
0.0,0.0,0.0,-1.0,1.0,-1.0,2.0,2.0,-0.75
0.0,0.0,0.0,-1.0,0.0,-1.0,0.0,0.0,-0.75
0.0,0.0,0.0,-1.0,0.0,-1.0,1.0,4.0,-0.75
0.0,0.0,0.0,-2.0,0.0,-1.0,-3.0,2.0,-0.75
0.0,0.0,0.0,-2.0,1.0,-1.0,-1.0,2.0,-0.75
0.0,0.0,0.0,-3.0,1.0,-1.0,-3.0,0.0,-0.75
0.0,1.0,0.0,-1.0,1.0,-1.0,-1.0,2.0,-0.75
0.0,0.0,0.0,-1.0,-1.0,-1.0,-3.0,0.0,-0.75
0.0,1.0,0.0,-1.0,1.0,-1.0,-1.0,0.0,-0.75
0.0,1.0,0.0,-2.0,1.0,-1.0,-3.0,0.0,-0.75
0.0,1.0,0.0,-2.0,2.0,-1.0,1.0,0.0,-0.75
0.0,1.0,0.0,-2.0,2.0,-2.0,-1.0,-2.0,-0.75
0.0,2.0,0.0,0.0,2.0,-2.0,-1.0,-2.0,-0.75
0.0,0.0,0.0,0.0,0.0,0.0,1.0,2.0,0.34375
0.0,0.0,0.0,0.0,0.0,-1.0,1.0,0.0,0.34375
0.0,0.0,0.0,1.0,0.0,1.0,1.0,0.0,0.34375
0.0,0.0,0.0,1.0,0.0,1.0,0.0,-2.0,0.34375
0.0,0.0,0.0,1.0,0.0,2.0,2.0,0.0,0.34375
0.0,0.0,-1.0,1.0,0.0,0.0,2.0,0.0,0.34375
0.0,0.0,-1.0,1.0,0.0,0.0,3.0,2.0,0.34375
0.0,-1.0,-1.0,-1.0,0.0,0.0,3.0,2.0,0.34375
1.0,-1.0,1.0,-1.0,0.0,2.0,3.0,4.0,0.34375
1.0,-2.0,-1.0,-1.0,0.0,2.0,3.0,4.0,0.34375
1.0,-2.0,-1.0,-1.0,0.0,-1.0,3.0,0.0,0.34375
1.0,-2.0,2.0,-1.0,0.0,3.0,3.0,4.0,0.34375
1.0,-2.0,2.0,-2.0,0.0,-1.0,-1.0,4.0,0.34375
1.0,-2.0,2.0,0.0,1.0,-1.0,-1.0,4.0,0.34375
0.0,-2.0,0.0,0.0,1.0,-3.0,-1.0,0.0,0.34375
0.0,-1.0,0.0,2.0,1.0,1.0,3.0,0.0,0.34375
0.0,-1.0,0.0,2.0,0.0,1.0,1.0,0.0,0.34375
0.0,-1.0,0.0,3.0,0.0,3.0,1.0,0.0,0.34375
0.0,-1.0,0.0,3.0,-2.0,3.0,0.0,-2.0,0.34375
0.0,0.0,0.0,0.0,0.0,0.0,1.0,2.0,-0.25
0.0,0.0,0.0,0.0,0.0,-1.0,1.0,0.0,-0.25
0.0,0.0,0.0,1.0,0.0,1.0,1.0,0.0,-0.25
0.0,0.0,0.0,1.0,0.0,1.0,0.0,-2.0,-0.25
0.0,0.0,0.0,1.0,0.0,2.0,2.0,0.0,-0.25
0.0,0.0,-1.0,1.0,0.0,0.0,2.0,0.0,-0.25
0.0,0.0,-1.0,1.0,0.0,0.0,3.0,2.0,-0.25
0.0,-1.0,-1.0,-1.0,0.0,0.0,3.0,2.0,-0.25
1.0,-1.0,1.0,-1.0,0.0,2.0,3.0,4.0,-0.25
1.0,-1.0,1.0,-2.0,0.0,-2.0,-1.0,4.0,-0.25
1.0,-1.0,1.0,0.0,1.0,-2.0,-1.0,4.0,-0.25
1.0,-2.0,-1.0,0.0,1.0,-2.0,-1.0,4.0,-0.25
1.0,-1.0,1.0,0.0,1.0,-2.0,-1.0,4.0,-0.25
1.0,-1.0,1.0,0.0,-1.0,-2.0,-2.0,2.0,-0.25
1.0,0.0,1.0,2.0,-1.0,2.0,2.0,2.0,-0.25
1.0,0.0,1.0,1.0,-1.0,2.0,0.0,2.0,-0.25
1.0,3.0,1.0,1.0,-1.0,2.0,0.0,2.0,-0.25
1.0,3.0,1.0,1.0,-2.0,2.0,-2.0,-2.0,-0.25
1.0,3.0,1.0,1.0,-2.0,2.0,-1.0,2.0,-0.25
0.0,0.0,0.0,0.0,0.0,0.0,1.0,2.0,-0.03125
0.0,0.0,0.0,0.0,0.0,-1.0,1.0,0.0,-0.03125
0.0,0.0,0.0,1.0,0.0,1.0,1.0,0.0,-0.03125
0.0,0.0,0.0,1.0,0.0,1.0,0.0,-2.0,-0.03125
0.0,0.0,0.0,1.0,0.0,2.0,2.0,0.0,-0.03125
0.0,0.0,-1.0,1.0,0.0,0.0,2.0,0.0,-0.03125
0.0,0.0,-1.0,1.0,0.0,0.0,3.0,2.0,-0.03125
0.0,-1.0,-1.0,-1.0,0.0,0.0,3.0,2.0,-0.03125
1.0,-1.0,1.0,-1.0,0.0,2.0,3.0,4.0,-0.03125
1.0,-2.0,-1.0,-1.0,0.0,2.0,3.0,4.0,-0.03125
1.0,-2.0,-1.0,-1.0,0.0,-1.0,3.0,0.0,-0.03125
1.0,-2.0,2.0,-1.0,0.0,3.0,3.0,4.0,-0.03125
1.0,-3.0,0.0,-1.0,0.0,3.0,3.0,4.0,-0.03125
1.0,2.0,0.0,-1.0,0.0,3.0,3.0,4.0,-0.03125
0.0,2.0,-2.0,-1.0,0.0,-1.0,3.0,0.0,-0.03125
0.0,2.0,0.0,1.0,1.0,-1.0,3.0,0.0,-0.03125
0.0,1.0,0.0,1.0,-1.0,-1.0,3.0,0.0,-0.03125
0.0,1.0,0.0,1.0,-1.0,-1.0,4.0,2.0,-0.03125
0.0,1.0,0.0,1.0,-2.0,-1.0,2.0,2.0,-0.03125
0.0,0.0,0.0,0.0,0.0,0.0,1.0,2.0,0.0625
0.0,0.0,0.0,0.0,0.0,-1.0,1.0,0.0,0.0625
0.0,0.0,0.0,1.0,0.0,1.0,1.0,0.0,0.0625
0.0,0.0,0.0,1.0,0.0,1.0,0.0,-2.0,0.0625
0.0,0.0,0.0,1.0,0.0,2.0,2.0,0.0,0.0625
0.0,0.0,-1.0,1.0,0.0,0.0,2.0,0.0,0.0625
0.0,0.0,-1.0,1.0,0.0,0.0,3.0,2.0,0.0625
0.0,-1.0,-1.0,-1.0,0.0,0.0,3.0,2.0,0.0625
1.0,-1.0,1.0,-1.0,0.0,2.0,3.0,4.0,0.0625
1.0,-2.0,-1.0,-1.0,0.0,2.0,3.0,4.0,0.0625
1.0,-2.0,-1.0,-1.0,0.0,-1.0,3.0,0.0,0.0625
1.0,-2.0,2.0,-1.0,0.0,3.0,3.0,4.0,0.0625
1.0,-2.0,2.0,-2.0,0.0,-1.0,-1.0,4.0,0.0625
1.0,-2.0,2.0,-1.0,0.0,-1.0,1.0,4.0,0.0625
1.0,-3.0,2.0,-3.0,0.0,-1.0,1.0,4.0,0.0625
1.0,-2.0,2.0,-1.0,0.0,1.0,1.0,4.0,0.0625
0.0,-2.0,0.0,-1.0,0.0,-1.0,1.0,0.0,0.0625
0.0,-2.0,0.0,0.0,0.0,-1.0,3.0,0.0,0.0625
0.0,-2.0,0.0,0.0,0.0,-3.0,0.0,-2.0,0.0625
0.0,0.0,0.0,0.0,0.0,0.0,1.0,2.0,-0.125
0.0,0.0,0.0,0.0,0.0,-1.0,1.0,0.0,-0.125
0.0,0.0,0.0,1.0,0.0,1.0,1.0,0.0,-0.125
0.0,0.0,0.0,1.0,0.0,1.0,0.0,-2.0,-0.125
0.0,0.0,0.0,1.0,0.0,2.0,2.0,0.0,-0.125
0.0,0.0,-1.0,1.0,0.0,0.0,2.0,0.0,-0.125
0.0,0.0,-1.0,1.0,0.0,0.0,3.0,2.0,-0.125
0.0,-1.0,-1.0,-1.0,0.0,0.0,3.0,2.0,-0.125
0.0,-1.0,-1.0,-1.0,0.0,0.0,4.0,4.0,-0.125
0.0,-1.0,-1.0,-1.0,0.0,-1.0,4.0,0.0,-0.125
0.0,-1.0,-1.0,-1.0,0.0,-1.0,5.0,2.0,-0.125
0.0,-1.0,-1.0,-1.0,0.0,-1.0,2.0,0.0,-0.125
0.0,-1.0,-1.0,0.0,0.0,1.0,6.0,0.0,-0.125
0.0,-1.0,-1.0,0.0,-1.0,1.0,4.0,0.0,-0.125
1.0,-1.0,1.0,0.0,-1.0,3.0,4.0,2.0,-0.125
1.0,-2.0,1.0,-2.0,-1.0,1.0,2.0,2.0,-0.125
1.0,-1.0,1.0,-2.0,1.0,1.0,4.0,2.0,-0.125
1.0,-1.0,1.0,-3.0,1.0,-3.0,0.0,2.0,-0.125
1.0,-1.0,2.0,-1.0,1.0,-1.0,0.0,4.0,-0.125
0.0,0.0,0.0,0.0,0.0,0.0,1.0,2.0,-0.3125
0.0,0.0,0.0,0.0,0.0,-1.0,1.0,0.0,-0.3125
0.0,0.0,0.0,0.0,0.0,-1.0,2.0,2.0,-0.3125
0.0,0.0,0.0,0.0,0.0,-1.0,-1.0,0.0,-0.3125
0.0,0.0,0.0,0.0,0.0,0.0,-1.0,2.0,-0.3125
0.0,0.0,0.0,0.0,-1.0,0.0,-3.0,2.0,-0.3125
0.0,0.0,0.0,1.0,-1.0,2.0,3.0,2.0,-0.3125
0.0,0.0,0.0,1.0,-2.0,2.0,-3.0,0.0,-0.3125
0.0,0.0,0.0,1.0,-2.0,2.0,-2.0,2.0,-0.3125
0.0,0.0,0.0,1.0,-2.0,2.0,-3.0,-2.0,-0.3125
0.0,0.0,0.0,2.0,-2.0,2.0,1.0,0.0,-0.3125
0.0,-1.0,0.0,0.0,-2.0,0.0,1.0,0.0,-0.3125
0.0,0.0,0.0,0.0,0.0,0.0,1.0,0.0,-0.3125
0.0,-1.0,0.0,-2.0,0.0,0.0,-3.0,-2.0,-0.3125
0.0,0.0,0.0,-2.0,2.0,0.0,1.0,-2.0,-0.3125
0.0,0.0,0.0,-2.0,1.0,0.0,-1.0,-2.0,-0.3125
0.0,1.0,0.0,-2.0,3.0,0.0,-1.0,-2.0,-0.3125
0.0,0.0,0.0,-2.0,1.0,0.0,-1.0,-2.0,-0.3125
0.0,0.0,0.0,-2.0,1.0,1.0,-1.0,2.0,-0.3125
0.0,0.0,0.0,0.0,0.0,0.0,1.0,2.0,0.6875
0.0,0.0,0.0,0.0,0.0,-1.0,1.0,0.0,0.6875
0.0,0.0,0.0,1.0,0.0,1.0,1.0,0.0,0.6875
0.0,0.0,0.0,1.0,0.0,1.0,0.0,-2.0,0.6875
0.0,0.0,0.0,1.0,0.0,2.0,2.0,0.0,0.6875
0.0,0.0,-1.0,1.0,0.0,0.0,2.0,0.0,0.6875
0.0,0.0,-1.0,1.0,0.0,0.0,3.0,2.0,0.6875
0.0,-1.0,-1.0,-1.0,0.0,0.0,3.0,2.0,0.6875
1.0,-1.0,1.0,-1.0,0.0,2.0,3.0,4.0,0.6875
1.0,-2.0,-1.0,-1.0,0.0,2.0,3.0,4.0,0.6875
1.0,-2.0,-1.0,-1.0,0.0,-1.0,3.0,0.0,0.6875
1.0,-2.0,-1.0,-1.0,0.0,-1.0,4.0,2.0,0.6875
1.0,-2.0,-1.0,-1.0,0.0,-1.0,1.0,0.0,0.6875
1.0,-2.0,-1.0,0.0,0.0,1.0,3.0,2.0,0.6875
1.0,-2.0,-1.0,0.0,0.0,1.0,2.0,-2.0,0.6875
1.0,-2.0,-1.0,0.0,0.0,1.0,3.0,2.0,0.6875
1.0,-3.0,-1.0,-2.0,0.0,-1.0,1.0,2.0,0.6875
1.0,-2.0,-1.0,0.0,0.0,-1.0,1.0,2.0,0.6875
1.0,-2.0,-1.0,-2.0,-1.0,-1.0,-1.0,-2.0,0.6875
0.0,0.0,0.0,0.0,0.0,0.0,1.0,2.0,0.25
0.0,0.0,0.0,0.0,0.0,-1.0,1.0,0.0,0.25
0.0,0.0,0.0,1.0,0.0,1.0,1.0,0.0,0.25
0.0,0.0,0.0,1.0,0.0,1.0,0.0,-2.0,0.25
0.0,0.0,0.0,1.0,0.0,2.0,2.0,0.0,0.25
0.0,0.0,-1.0,1.0,0.0,0.0,2.0,0.0,0.25
0.0,0.0,-1.0,1.0,0.0,0.0,3.0,2.0,0.25
0.0,-1.0,-1.0,-1.0,0.0,0.0,3.0,2.0,0.25
1.0,-1.0,1.0,-1.0,0.0,2.0,3.0,4.0,0.25
1.0,-2.0,-1.0,-1.0,0.0,2.0,3.0,4.0,0.25
1.0,-2.0,-1.0,-1.0,0.0,-1.0,3.0,0.0,0.25
1.0,-2.0,2.0,-1.0,0.0,3.0,3.0,4.0,0.25
1.0,-2.0,2.0,-2.0,0.0,-1.0,-1.0,4.0,0.25
1.0,-2.0,2.0,0.0,1.0,-1.0,-1.0,4.0,0.25
1.0,-2.0,2.0,0.0,-1.0,-1.0,-2.0,2.0,0.25
1.0,-1.0,2.0,2.0,-1.0,3.0,2.0,2.0,0.25
1.0,-1.0,2.0,2.0,-2.0,1.0,0.0,2.0,0.25
1.0,-1.0,2.0,2.0,-2.0,1.0,1.0,4.0,0.25
1.0,-1.0,2.0,2.0,-2.0,1.0,-4.0,0.0,0.25
0.0,0.0,0.0,0.0,0.0,0.0,1.0,2.0,-0.1875
0.0,0.0,0.0,0.0,0.0,-1.0,1.0,0.0,-0.1875
0.0,0.0,0.0,1.0,0.0,1.0,1.0,0.0,-0.1875
0.0,0.0,0.0,1.0,0.0,1.0,0.0,-2.0,-0.1875
0.0,0.0,0.0,1.0,0.0,2.0,2.0,0.0,-0.1875
0.0,0.0,-1.0,1.0,0.0,0.0,2.0,0.0,-0.1875
0.0,0.0,-1.0,1.0,0.0,0.0,3.0,2.0,-0.1875
0.0,0.0,-1.0,0.0,0.0,0.0,1.0,2.0,-0.1875
1.0,0.0,1.0,0.0,0.0,2.0,1.0,4.0,-0.1875
1.0,0.0,1.0,0.0,0.0,2.0,0.0,0.0,-0.1875
1.0,1.0,1.0,2.0,0.0,2.0,2.0,0.0,-0.1875
1.0,1.0,1.0,2.0,-1.0,2.0,0.0,0.0,-0.1875
1.0,2.0,1.0,2.0,1.0,2.0,0.0,0.0,-0.1875
1.0,1.0,1.0,0.0,1.0,0.0,-2.0,0.0,-0.1875
1.0,1.0,1.0,1.0,1.0,0.0,0.0,2.0,-0.1875
1.0,1.0,1.0,1.0,1.0,0.0,-1.0,-2.0,-0.1875
1.0,1.0,1.0,1.0,2.0,0.0,1.0,2.0,-0.1875
1.0,1.0,1.0,1.0,1.0,0.0,-1.0,2.0,-0.1875
1.0,1.0,1.0,2.0,1.0,0.0,1.0,2.0,-0.1875
0.0,0.0,0.0,0.0,0.0,0.0,1.0,2.0,-0.125
0.0,0.0,0.0,0.0,0.0,-1.0,1.0,0.0,-0.125
0.0,0.0,0.0,0.0,0.0,-1.0,2.0,2.0,-0.125
0.0,0.0,0.0,0.0,0.0,-1.0,-1.0,0.0,-0.125
0.0,0.0,0.0,0.0,0.0,0.0,-1.0,2.0,-0.125
0.0,0.0,0.0,0.0,0.0,0.0,-4.0,-2.0,-0.125
0.0,0.0,0.0,0.0,0.0,1.0,-4.0,0.0,-0.125
0.0,0.0,0.0,0.0,0.0,1.0,-5.0,-2.0,-0.125
0.0,0.0,0.0,0.0,1.0,1.0,-3.0,0.0,-0.125
0.0,-1.0,0.0,0.0,-1.0,1.0,-3.0,0.0,-0.125
0.0,-1.0,0.0,1.0,-1.0,3.0,1.0,0.0,-0.125
0.0,-1.0,0.0,1.0,-1.0,3.0,-2.0,-4.0,-0.125
0.0,0.0,0.0,1.0,1.0,3.0,-2.0,-4.0,-0.125
0.0,-1.0,0.0,-1.0,1.0,3.0,-2.0,-4.0,-0.125
0.0,-1.0,0.0,-1.0,1.0,3.0,1.0,0.0,-0.125
0.0,-1.0,0.0,-2.0,1.0,1.0,-1.0,0.0,-0.125
0.0,-1.0,0.0,-2.0,1.0,2.0,-1.0,2.0,-0.125
0.0,-1.0,0.0,-3.0,1.0,-2.0,-5.0,2.0,-0.125
0.0,0.0,0.0,-1.0,1.0,0.0,-1.0,2.0,-0.125
0.0,0.0,0.0,0.0,0.0,0.0,1.0,2.0,-0.03125
0.0,0.0,0.0,0.0,0.0,-1.0,1.0,0.0,-0.03125
0.0,0.0,0.0,1.0,0.0,1.0,1.0,0.0,-0.03125
0.0,0.0,0.0,1.0,0.0,1.0,0.0,-2.0,-0.03125
0.0,0.0,0.0,1.0,0.0,2.0,2.0,0.0,-0.03125
0.0,0.0,-1.0,1.0,0.0,0.0,2.0,0.0,-0.03125
0.0,0.0,-1.0,1.0,0.0,0.0,3.0,2.0,-0.03125
0.0,-1.0,-1.0,-1.0,0.0,0.0,3.0,2.0,-0.03125
1.0,-1.0,1.0,-1.0,0.0,2.0,3.0,4.0,-0.03125
1.0,-2.0,-1.0,-1.0,0.0,2.0,3.0,4.0,-0.03125
1.0,-2.0,-1.0,-1.0,0.0,-1.0,3.0,0.0,-0.03125
1.0,-2.0,2.0,-1.0,0.0,3.0,3.0,4.0,-0.03125
1.0,-2.0,2.0,-2.0,0.0,-1.0,-1.0,4.0,-0.03125
1.0,-2.0,2.0,0.0,1.0,-1.0,-1.0,4.0,-0.03125
1.0,-2.0,2.0,0.0,1.0,-2.0,-1.0,0.0,-0.03125
1.0,-1.0,2.0,2.0,1.0,2.0,3.0,0.0,-0.03125
1.0,-1.0,2.0,2.0,0.0,2.0,1.0,-2.0,-0.03125
1.0,-1.0,2.0,3.0,0.0,2.0,3.0,0.0,-0.03125
0.0,-1.0,0.0,3.0,0.0,0.0,3.0,-2.0,-0.03125
0.0,0.0,0.0,0.0,0.0,0.0,1.0,2.0,0.28125
0.0,0.0,0.0,0.0,0.0,-1.0,1.0,0.0,0.28125
0.0,0.0,0.0,0.0,0.0,-1.0,2.0,2.0,0.28125
0.0,0.0,0.0,0.0,0.0,-1.0,-1.0,2.0,0.28125
0.0,0.0,0.0,0.0,1.0,-1.0,1.0,4.0,0.28125
0.0,-1.0,0.0,0.0,-1.0,-1.0,1.0,4.0,0.28125
0.0,-1.0,0.0,0.0,-1.0,0.0,3.0,4.0,0.28125
0.0,-1.0,0.0,0.0,-1.0,0.0,0.0,4.0,0.28125
0.0,-1.0,0.0,0.0,-1.0,0.0,3.0,4.0,0.28125
0.0,-1.0,0.0,0.0,-1.0,0.0,2.0,2.0,0.28125
0.0,-1.0,0.0,0.0,-1.0,0.0,3.0,4.0,0.28125
0.0,-1.0,0.0,0.0,-2.0,0.0,-1.0,0.0,0.28125
0.0,-1.0,0.0,0.0,-1.0,0.0,3.0,0.0,0.28125
0.0,-1.0,-1.0,0.0,-1.0,-2.0,3.0,-2.0,0.28125
0.0,0.0,-1.0,0.0,1.0,-2.0,3.0,-2.0,0.28125
0.0,0.0,-1.0,-1.0,1.0,-2.0,1.0,-2.0,0.28125
0.0,0.0,-1.0,-1.0,2.0,-2.0,5.0,2.0,0.28125
0.0,-1.0,-1.0,-1.0,0.0,-2.0,3.0,2.0,0.28125
1.0,-1.0,1.0,-1.0,0.0,0.0,3.0,4.0,0.28125
0.0,0.0,0.0,0.0,0.0,0.0,1.0,2.0,-0.125
0.0,0.0,0.0,0.0,0.0,-1.0,1.0,0.0,-0.125
0.0,0.0,0.0,1.0,0.0,1.0,1.0,0.0,-0.125
0.0,0.0,0.0,1.0,0.0,1.0,0.0,-2.0,-0.125
0.0,0.0,0.0,1.0,0.0,2.0,2.0,0.0,-0.125
0.0,0.0,-1.0,1.0,0.0,0.0,2.0,0.0,-0.125
0.0,0.0,-1.0,1.0,0.0,0.0,3.0,2.0,-0.125
0.0,-1.0,-1.0,-1.0,0.0,0.0,3.0,2.0,-0.125
1.0,-1.0,1.0,-1.0,0.0,2.0,3.0,4.0,-0.125
1.0,-2.0,-1.0,-1.0,0.0,2.0,3.0,4.0,-0.125
1.0,-2.0,-1.0,-1.0,0.0,-1.0,3.0,0.0,-0.125
1.0,-2.0,2.0,-1.0,0.0,3.0,3.0,4.0,-0.125
1.0,-2.0,2.0,-2.0,0.0,-1.0,-1.0,4.0,-0.125
1.0,-2.0,2.0,0.0,1.0,-1.0,-1.0,4.0,-0.125
0.0,-2.0,0.0,0.0,1.0,-3.0,-1.0,0.0,-0.125
0.0,-1.0,0.0,2.0,1.0,1.0,3.0,0.0,-0.125
0.0,-1.0,0.0,2.0,0.0,1.0,1.0,0.0,-0.125
0.0,-1.0,0.0,3.0,0.0,1.0,3.0,0.0,-0.125
0.0,-2.0,0.0,3.0,-2.0,-1.0,3.0,0.0,-0.125
0.0,0.0,0.0,0.0,0.0,0.0,1.0,2.0,0.3125
0.0,0.0,0.0,0.0,0.0,-1.0,1.0,0.0,0.3125
0.0,0.0,0.0,1.0,0.0,1.0,1.0,0.0,0.3125
0.0,0.0,0.0,1.0,-1.0,1.0,-1.0,0.0,0.3125
0.0,1.0,0.0,1.0,1.0,1.0,1.0,2.0,0.3125
0.0,1.0,0.0,1.0,1.0,1.0,0.0,0.0,0.3125
0.0,1.0,0.0,1.0,1.0,1.0,3.0,2.0,0.3125
0.0,1.0,0.0,0.0,1.0,1.0,1.0,2.0,0.3125
0.0,1.0,0.0,0.0,2.0,1.0,3.0,2.0,0.3125
0.0,1.0,-1.0,0.0,2.0,-1.0,3.0,0.0,0.3125
0.0,1.0,-1.0,0.0,2.0,-1.0,4.0,2.0,0.3125
0.0,1.0,-1.0,0.0,2.0,-1.0,1.0,0.0,0.3125
0.0,1.0,-1.0,0.0,2.0,-1.0,4.0,4.0,0.3125
0.0,1.0,-1.0,0.0,2.0,-1.0,1.0,2.0,0.3125
1.0,1.0,1.0,0.0,2.0,1.0,1.0,2.0,0.3125
1.0,1.0,1.0,-1.0,2.0,1.0,-1.0,0.0,0.3125
1.0,1.0,1.0,-1.0,2.0,2.0,3.0,0.0,0.3125
1.0,0.0,1.0,-3.0,2.0,0.0,1.0,0.0,0.3125
1.0,1.0,1.0,-1.0,2.0,0.0,1.0,0.0,0.3125
0.0,0.0,0.0,0.0,0.0,0.0,1.0,2.0,-0.09375
0.0,0.0,0.0,0.0,0.0,0.0,0.0,0.0,-0.09375
0.0,0.0,0.0,0.0,0.0,0.0,1.0,2.0,-0.09375
0.0,0.0,0.0,0.0,0.0,-1.0,1.0,0.0,-0.09375
0.0,0.0,0.0,0.0,0.0,-1.0,2.0,2.0,-0.09375
0.0,0.0,0.0,0.0,0.0,-1.0,-1.0,0.0,-0.09375
0.0,0.0,0.0,0.0,0.0,-1.0,0.0,2.0,-0.09375
0.0,0.0,0.0,-1.0,0.0,-1.0,-2.0,0.0,-0.09375
0.0,0.0,0.0,-1.0,1.0,-1.0,2.0,2.0,-0.09375
0.0,0.0,0.0,-2.0,1.0,-1.0,0.0,0.0,-0.09375
0.0,0.0,0.0,-2.0,1.0,0.0,2.0,2.0,-0.09375
0.0,0.0,0.0,-2.0,1.0,-3.0,-2.0,0.0,-0.09375
0.0,1.0,0.0,0.0,1.0,-3.0,-2.0,0.0,-0.09375
0.0,0.0,0.0,0.0,-1.0,-3.0,-4.0,0.0,-0.09375
0.0,0.0,0.0,1.0,-1.0,1.0,2.0,0.0,-0.09375
0.0,0.0,0.0,0.0,-1.0,1.0,0.0,-2.0,-0.09375
0.0,0.0,0.0,0.0,0.0,1.0,2.0,-2.0,-0.09375
0.0,0.0,0.0,0.0,0.0,-1.0,-1.0,-4.0,-0.09375
0.0,1.0,0.0,0.0,2.0,-1.0,-1.0,-4.0,-0.09375
0.0,0.0,0.0,0.0,0.0,0.0,1.0,2.0,-0.1875
0.0,0.0,0.0,0.0,0.0,-1.0,1.0,0.0,-0.1875
0.0,0.0,0.0,1.0,0.0,1.0,1.0,0.0,-0.1875
0.0,0.0,0.0,1.0,0.0,1.0,0.0,-2.0,-0.1875
0.0,0.0,0.0,1.0,0.0,2.0,2.0,0.0,-0.1875
0.0,0.0,-1.0,1.0,0.0,0.0,2.0,0.0,-0.1875
0.0,0.0,-1.0,1.0,0.0,0.0,3.0,2.0,-0.1875
0.0,0.0,-1.0,0.0,0.0,0.0,1.0,2.0,-0.1875
1.0,0.0,1.0,0.0,0.0,2.0,1.0,4.0,-0.1875
1.0,-1.0,1.0,-2.0,0.0,0.0,-1.0,4.0,-0.1875
1.0,0.0,1.0,0.0,0.0,0.0,1.0,4.0,-0.1875
1.0,0.0,1.0,-1.0,0.0,0.0,-1.0,2.0,-0.1875
1.0,0.0,1.0,-1.0,1.0,0.0,1.0,2.0,-0.1875
1.0,0.0,1.0,-1.0,1.0,0.0,0.0,-2.0,-0.1875
1.0,0.0,1.0,-1.0,1.0,1.0,0.0,2.0,-0.1875
1.0,0.0,1.0,-1.0,1.0,1.0,-1.0,-2.0,-0.1875
1.0,1.0,1.0,1.0,1.0,1.0,-1.0,-2.0,-0.1875
1.0,0.0,1.0,1.0,-1.0,1.0,-3.0,-2.0,-0.1875
1.0,0.0,1.0,3.0,0.0,1.0,-3.0,-2.0,-0.1875
0.0,0.0,0.0,0.0,0.0,0.0,1.0,2.0,0.34375
0.0,0.0,0.0,0.0,0.0,-1.0,1.0,0.0,0.34375
0.0,0.0,0.0,1.0,0.0,1.0,1.0,0.0,0.34375
0.0,0.0,0.0,1.0,0.0,1.0,0.0,-2.0,0.34375
0.0,0.0,0.0,1.0,0.0,2.0,0.0,2.0,0.34375
0.0,0.0,0.0,1.0,0.0,2.0,-1.0,0.0,0.34375
0.0,0.0,0.0,1.0,0.0,3.0,-1.0,2.0,0.34375
0.0,0.0,-1.0,1.0,0.0,1.0,-1.0,2.0,0.34375
1.0,0.0,1.0,1.0,0.0,3.0,-1.0,4.0,0.34375
1.0,0.0,1.0,0.0,0.0,1.0,-1.0,4.0,0.34375
1.0,0.0,1.0,0.0,1.0,1.0,1.0,4.0,0.34375
1.0,0.0,1.0,0.0,1.0,1.0,0.0,0.0,0.34375
1.0,0.0,1.0,0.0,2.0,3.0,2.0,0.0,0.34375
1.0,-1.0,1.0,0.0,0.0,3.0,0.0,-2.0,0.34375
1.0,-1.0,1.0,0.0,0.0,4.0,0.0,2.0,0.34375
1.0,-1.0,1.0,-1.0,0.0,2.0,0.0,2.0,0.34375
1.0,0.0,1.0,1.0,0.0,2.0,0.0,2.0,0.34375
1.0,0.0,0.0,1.0,0.0,0.0,0.0,-2.0,0.34375
1.0,0.0,0.0,1.0,0.0,2.0,3.0,0.0,0.34375
0.0,0.0,0.0,0.0,0.0,0.0,1.0,2.0,-0.0625
0.0,0.0,0.0,0.0,0.0,-1.0,1.0,0.0,-0.0625
0.0,0.0,0.0,1.0,0.0,1.0,1.0,0.0,-0.0625
0.0,0.0,0.0,1.0,0.0,1.0,0.0,-2.0,-0.0625
0.0,0.0,0.0,1.0,0.0,2.0,0.0,2.0,-0.0625
0.0,-1.0,0.0,-1.0,0.0,0.0,-2.0,2.0,-0.0625
0.0,-1.0,0.0,-1.0,0.0,1.0,-2.0,4.0,-0.0625
0.0,-1.0,-1.0,-1.0,0.0,-1.0,-2.0,0.0,-0.0625
0.0,-1.0,-1.0,-1.0,1.0,-1.0,0.0,2.0,-0.0625
0.0,-1.0,-1.0,-1.0,1.0,-1.0,-1.0,-2.0,-0.0625
0.0,-1.0,-1.0,-1.0,1.0,-1.0,0.0,2.0,-0.0625
0.0,-2.0,-1.0,-1.0,-1.0,-1.0,0.0,2.0,-0.0625
1.0,-2.0,1.0,-1.0,-1.0,1.0,0.0,4.0,-0.0625
1.0,-2.0,1.0,-1.0,-2.0,1.0,-2.0,4.0,-0.0625
1.0,-2.0,1.0,-1.0,-1.0,1.0,0.0,4.0,-0.0625
1.0,-2.0,1.0,-2.0,-1.0,1.0,-2.0,2.0,-0.0625
1.0,-2.0,1.0,-2.0,-1.0,1.0,-1.0,4.0,-0.0625
1.0,-3.0,1.0,-2.0,-3.0,1.0,-1.0,4.0,-0.0625
1.0,-2.0,1.0,0.0,-3.0,1.0,1.0,4.0,-0.0625
0.0,0.0,0.0,0.0,0.0,0.0,1.0,2.0,0.15625
0.0,0.0,0.0,0.0,0.0,-1.0,1.0,0.0,0.15625
0.0,0.0,0.0,1.0,0.0,1.0,1.0,0.0,0.15625
0.0,0.0,0.0,1.0,0.0,1.0,0.0,-2.0,0.15625
0.0,0.0,0.0,1.0,0.0,2.0,2.0,0.0,0.15625
0.0,0.0,-1.0,1.0,0.0,0.0,2.0,0.0,0.15625
0.0,0.0,-1.0,1.0,0.0,0.0,3.0,2.0,0.15625
0.0,-1.0,-1.0,-1.0,0.0,0.0,3.0,2.0,0.15625
1.0,-1.0,1.0,-1.0,0.0,2.0,3.0,4.0,0.15625
1.0,-2.0,-1.0,-1.0,0.0,2.0,3.0,4.0,0.15625
1.0,-2.0,-1.0,-1.0,0.0,-1.0,3.0,0.0,0.15625
1.0,-2.0,2.0,-1.0,0.0,3.0,3.0,4.0,0.15625
1.0,-2.0,2.0,-2.0,0.0,-1.0,-1.0,4.0,0.15625
1.0,-2.0,2.0,0.0,1.0,-1.0,-1.0,4.0,0.15625
0.0,-2.0,0.0,0.0,1.0,-3.0,-1.0,0.0,0.15625
0.0,-1.0,0.0,2.0,1.0,1.0,3.0,0.0,0.15625
0.0,-1.0,0.0,2.0,0.0,1.0,1.0,0.0,0.15625
0.0,-1.0,0.0,3.0,0.0,3.0,1.0,0.0,0.15625
0.0,-2.0,0.0,3.0,-2.0,1.0,1.0,0.0,0.15625
0.0,0.0,0.0,0.0,0.0,0.0,1.0,2.0,-0.65625
0.0,0.0,0.0,0.0,0.0,-1.0,1.0,0.0,-0.65625
0.0,0.0,0.0,1.0,0.0,1.0,1.0,0.0,-0.65625
0.0,0.0,0.0,1.0,0.0,1.0,0.0,-2.0,-0.65625
0.0,0.0,0.0,1.0,0.0,2.0,2.0,0.0,-0.65625
0.0,0.0,-1.0,1.0,0.0,0.0,2.0,0.0,-0.65625
0.0,0.0,-1.0,1.0,0.0,0.0,3.0,2.0,-0.65625
0.0,-1.0,-1.0,-1.0,0.0,0.0,3.0,2.0,-0.65625
1.0,-1.0,1.0,-1.0,0.0,2.0,3.0,4.0,-0.65625
1.0,-2.0,-1.0,-1.0,0.0,2.0,3.0,4.0,-0.65625
1.0,-2.0,-1.0,-1.0,0.0,-1.0,3.0,0.0,-0.65625
1.0,-2.0,2.0,-1.0,0.0,3.0,3.0,4.0,-0.65625
1.0,-2.0,2.0,-2.0,0.0,-1.0,-1.0,4.0,-0.65625
1.0,-2.0,2.0,0.0,1.0,-1.0,-1.0,4.0,-0.65625
0.0,-2.0,0.0,0.0,1.0,-3.0,-1.0,0.0,-0.65625
0.0,-2.0,0.0,0.0,2.0,-3.0,1.0,0.0,-0.65625
0.0,-3.0,0.0,0.0,0.0,-3.0,1.0,0.0,-0.65625
0.0,-3.0,0.0,0.0,3.0,-3.0,1.0,0.0,-0.65625
0.0,-3.0,0.0,0.0,-1.0,-3.0,0.0,-2.0,-0.65625
0.0,0.0,0.0,0.0,0.0,0.0,1.0,2.0,0.625
0.0,0.0,0.0,0.0,0.0,-1.0,1.0,0.0,0.625
0.0,0.0,0.0,1.0,0.0,1.0,1.0,0.0,0.625
0.0,0.0,0.0,1.0,0.0,1.0,0.0,-2.0,0.625
0.0,0.0,0.0,1.0,0.0,2.0,2.0,0.0,0.625
0.0,0.0,-1.0,1.0,0.0,0.0,2.0,0.0,0.625
0.0,0.0,-1.0,1.0,0.0,0.0,3.0,2.0,0.625
0.0,-1.0,-1.0,-1.0,0.0,0.0,3.0,2.0,0.625
1.0,-1.0,1.0,-1.0,0.0,2.0,3.0,4.0,0.625
1.0,-2.0,-1.0,-1.0,0.0,2.0,3.0,4.0,0.625
1.0,-2.0,-1.0,-2.0,0.0,-2.0,-1.0,4.0,0.625
1.0,-2.0,-1.0,-1.0,0.0,-2.0,1.0,4.0,0.625
1.0,-2.0,-1.0,-1.0,0.0,-2.0,0.0,2.0,0.625
1.0,-1.0,1.0,-1.0,0.0,-2.0,0.0,2.0,0.625
1.0,-1.0,1.0,-1.0,-1.0,-2.0,-2.0,-2.0,0.625
1.0,2.0,1.0,1.0,-1.0,-2.0,-2.0,-2.0,0.625
1.0,2.0,1.0,1.0,-2.0,-2.0,-4.0,-2.0,0.625
1.0,2.0,1.0,1.0,-2.0,0.0,-3.0,0.0,0.625
1.0,2.0,1.0,1.0,-3.0,-2.0,-3.0,0.0,0.625
0.0,0.0,0.0,0.0,0.0,0.0,1.0,2.0,-0.21875
0.0,0.0,0.0,0.0,0.0,0.0,0.0,0.0,-0.21875
0.0,0.0,0.0,0.0,0.0,1.0,2.0,2.0,-0.21875
0.0,0.0,0.0,0.0,0.0,0.0,2.0,0.0,-0.21875
0.0,0.0,0.0,0.0,0.0,0.0,3.0,2.0,-0.21875
0.0,0.0,0.0,-1.0,0.0,-2.0,-1.0,2.0,-0.21875
0.0,0.0,1.0,-1.0,0.0,0.0,-1.0,4.0,-0.21875
0.0,0.0,1.0,-1.0,0.0,0.0,-2.0,0.0,-0.21875
0.0,1.0,1.0,1.0,0.0,2.0,2.0,0.0,-0.21875
0.0,1.0,1.0,1.0,0.0,2.0,1.0,-2.0,-0.21875
0.0,1.0,1.0,1.0,0.0,3.0,3.0,0.0,-0.21875
-1.0,1.0,-1.0,1.0,0.0,1.0,3.0,0.0,-0.21875
-1.0,1.0,-1.0,1.0,1.0,1.0,5.0,0.0,-0.21875
-1.0,1.0,-1.0,1.0,0.0,1.0,3.0,0.0,-0.21875
-1.0,2.0,-1.0,1.0,2.0,1.0,5.0,2.0,-0.21875
-1.0,2.0,-1.0,1.0,2.0,1.0,4.0,0.0,-0.21875
-1.0,2.0,-1.0,1.0,2.0,1.0,7.0,4.0,-0.21875
-1.0,2.0,-1.0,1.0,2.0,1.0,4.0,4.0,-0.21875
-1.0,2.0,-1.0,2.0,2.0,3.0,8.0,4.0,-0.21875
0.0,0.0,0.0,0.0,0.0,0.0,1.0,2.0,0.21875
0.0,0.0,0.0,0.0,0.0,-1.0,1.0,0.0,0.21875
0.0,0.0,0.0,1.0,0.0,1.0,1.0,0.0,0.21875
0.0,0.0,0.0,1.0,0.0,1.0,0.0,-2.0,0.21875
0.0,0.0,0.0,1.0,0.0,2.0,2.0,0.0,0.21875
0.0,0.0,0.0,1.0,-1.0,2.0,0.0,-2.0,0.21875
0.0,0.0,0.0,1.0,-1.0,2.0,1.0,2.0,0.21875
0.0,-1.0,0.0,-1.0,-1.0,0.0,-1.0,2.0,0.21875
0.0,0.0,0.0,-1.0,1.0,0.0,1.0,2.0,0.21875
0.0,0.0,0.0,-2.0,1.0,0.0,-1.0,0.0,0.21875
0.0,0.0,0.0,-2.0,2.0,0.0,1.0,2.0,0.21875
0.0,0.0,0.0,-3.0,2.0,-2.0,-3.0,2.0,0.21875
0.0,0.0,1.0,-3.0,2.0,0.0,-3.0,2.0,0.21875
0.0,-1.0,1.0,-3.0,-2.0,0.0,-3.0,2.0,0.21875
0.0,2.0,1.0,-3.0,-2.0,0.0,-3.0,2.0,0.21875
0.0,2.0,1.0,-3.0,-2.0,0.0,-4.0,-2.0,0.21875
0.0,3.0,1.0,-1.0,-2.0,2.0,0.0,-2.0,0.21875
-1.0,3.0,-1.0,-1.0,-2.0,0.0,0.0,-2.0,0.21875
-1.0,4.0,-1.0,1.0,-2.0,0.0,2.0,0.0,0.21875
0.0,0.0,0.0,0.0,0.0,0.0,1.0,2.0,0.15625
0.0,0.0,0.0,0.0,0.0,-1.0,1.0,0.0,0.15625
0.0,0.0,0.0,1.0,0.0,1.0,1.0,0.0,0.15625
0.0,0.0,0.0,1.0,0.0,1.0,0.0,-2.0,0.15625
0.0,0.0,0.0,1.0,0.0,2.0,2.0,0.0,0.15625
0.0,0.0,-1.0,1.0,0.0,0.0,2.0,0.0,0.15625
0.0,0.0,-1.0,1.0,0.0,0.0,3.0,2.0,0.15625
0.0,-1.0,-1.0,-1.0,0.0,0.0,3.0,2.0,0.15625
1.0,-1.0,1.0,-1.0,0.0,2.0,3.0,4.0,0.15625
1.0,-2.0,-1.0,-1.0,0.0,2.0,3.0,4.0,0.15625
1.0,-2.0,-1.0,-1.0,0.0,-1.0,3.0,0.0,0.15625
1.0,-2.0,2.0,-1.0,0.0,3.0,3.0,4.0,0.15625
1.0,-2.0,2.0,-2.0,0.0,-1.0,-1.0,4.0,0.15625
1.0,-2.0,2.0,0.0,1.0,-1.0,-1.0,4.0,0.15625
0.0,-2.0,0.0,0.0,1.0,-3.0,-1.0,0.0,0.15625
0.0,-1.0,0.0,2.0,1.0,1.0,3.0,0.0,0.15625
0.0,-1.0,0.0,2.0,0.0,1.0,1.0,0.0,0.15625
0.0,-1.0,0.0,3.0,0.0,3.0,1.0,0.0,0.15625
0.0,-1.0,0.0,2.0,0.0,3.0,-1.0,0.0,0.15625
0.0,0.0,0.0,0.0,0.0,0.0,1.0,2.0,-0.03125
0.0,0.0,0.0,0.0,0.0,-1.0,1.0,0.0,-0.03125
0.0,0.0,0.0,1.0,0.0,1.0,1.0,0.0,-0.03125
0.0,0.0,0.0,1.0,0.0,1.0,0.0,-2.0,-0.03125
0.0,0.0,0.0,1.0,0.0,2.0,2.0,0.0,-0.03125
0.0,0.0,-1.0,1.0,0.0,0.0,2.0,0.0,-0.03125
0.0,0.0,-1.0,1.0,0.0,0.0,3.0,2.0,-0.03125
0.0,-1.0,-1.0,-1.0,0.0,0.0,3.0,2.0,-0.03125
1.0,-1.0,1.0,-1.0,0.0,2.0,3.0,4.0,-0.03125
1.0,-1.0,1.0,-2.0,0.0,-2.0,-1.0,4.0,-0.03125
1.0,-1.0,1.0,0.0,1.0,-2.0,-1.0,4.0,-0.03125
1.0,-2.0,-1.0,0.0,1.0,-2.0,-1.0,4.0,-0.03125
1.0,-1.0,1.0,0.0,1.0,-2.0,-1.0,4.0,-0.03125
1.0,-1.0,1.0,0.0,-1.0,-2.0,-2.0,2.0,-0.03125
1.0,0.0,1.0,2.0,-1.0,2.0,2.0,2.0,-0.03125
1.0,0.0,1.0,1.0,-1.0,2.0,0.0,2.0,-0.03125
1.0,3.0,1.0,1.0,-1.0,2.0,0.0,2.0,-0.03125
1.0,3.0,1.0,1.0,-2.0,2.0,-2.0,-2.0,-0.03125
1.0,3.0,1.0,1.0,-2.0,2.0,-1.0,2.0,-0.03125
0.0,0.0,0.0,0.0,0.0,0.0,1.0,2.0,-0.390625
0.0,0.0,0.0,0.0,0.0,0.0,0.0,0.0,-0.390625
0.0,0.0,0.0,0.0,0.0,1.0,2.0,2.0,-0.390625
0.0,0.0,0.0,0.0,0.0,0.0,2.0,0.0,-0.390625
0.0,0.0,0.0,0.0,0.0,0.0,3.0,2.0,-0.390625
0.0,0.0,0.0,-1.0,0.0,-2.0,-1.0,2.0,-0.390625
0.0,0.0,0.0,-1.0,1.0,-2.0,1.0,4.0,-0.390625
0.0,0.0,0.0,-1.0,1.0,-3.0,1.0,0.0,-0.390625
0.0,1.0,0.0,1.0,1.0,-1.0,3.0,0.0,-0.390625
0.0,0.0,0.0,1.0,-1.0,-1.0,1.0,-2.0,-0.390625
0.0,0.0,0.0,1.0,-1.0,-1.0,2.0,2.0,-0.390625
0.0,0.0,0.0,1.0,-1.0,-1.0,-1.0,0.0,-0.390625
0.0,0.0,0.0,2.0,-1.0,1.0,3.0,0.0,-0.390625
0.0,0.0,0.0,1.0,-1.0,1.0,1.0,0.0,-0.390625
0.0,1.0,0.0,3.0,-1.0,1.0,1.0,0.0,-0.390625
0.0,0.0,0.0,1.0,-1.0,-1.0,-1.0,0.0,-0.390625
0.0,0.0,0.0,1.0,0.0,-1.0,3.0,2.0,-0.390625
0.0,0.0,0.0,1.0,-3.0,-3.0,3.0,2.0,-0.390625
0.0,0.0,0.0,2.0,1.0,-1.0,3.0,2.0,-0.390625
0.0,0.0,0.0,0.0,0.0,0.0,1.0,2.0,0.21875
0.0,0.0,0.0,0.0,0.0,-1.0,1.0,0.0,0.21875
0.0,0.0,0.0,1.0,0.0,1.0,1.0,0.0,0.21875
0.0,0.0,0.0,1.0,0.0,1.0,0.0,-2.0,0.21875
0.0,0.0,0.0,1.0,0.0,2.0,2.0,0.0,0.21875
0.0,0.0,-1.0,1.0,0.0,0.0,2.0,0.0,0.21875
0.0,0.0,-1.0,1.0,0.0,0.0,3.0,2.0,0.21875
0.0,0.0,-1.0,1.0,0.0,0.0,2.0,0.0,0.21875
1.0,0.0,1.0,1.0,0.0,2.0,2.0,2.0,0.21875
1.0,0.0,1.0,1.0,0.0,2.0,1.0,0.0,0.21875
1.0,0.0,1.0,1.0,1.0,2.0,3.0,2.0,0.21875
1.0,0.0,1.0,1.0,0.0,2.0,1.0,-2.0,0.21875
1.0,1.0,1.0,1.0,2.0,2.0,1.0,-2.0,0.21875
1.0,0.0,1.0,-1.0,2.0,0.0,1.0,-2.0,0.21875
1.0,0.0,1.0,1.0,3.0,2.0,1.0,-2.0,0.21875
1.0,-1.0,1.0,1.0,1.0,2.0,-1.0,-4.0,0.21875
1.0,-1.0,1.0,1.0,1.0,3.0,-1.0,0.0,0.21875
1.0,-1.0,1.0,1.0,1.0,3.0,-2.0,-2.0,0.21875
1.0,0.0,1.0,1.0,3.0,3.0,-2.0,-2.0,0.21875
0.0,0.0,0.0,0.0,0.0,0.0,1.0,2.0,0.09375
0.0,0.0,0.0,0.0,0.0,0.0,0.0,0.0,0.09375
0.0,0.0,0.0,0.0,0.0,0.0,1.0,2.0,0.09375
0.0,0.0,0.0,0.0,0.0,-1.0,1.0,0.0,0.09375
0.0,0.0,0.0,0.0,1.0,-1.0,3.0,2.0,0.09375
0.0,0.0,0.0,0.0,1.0,-2.0,3.0,0.0,0.09375
0.0,0.0,0.0,0.0,1.0,-2.0,4.0,2.0,0.09375
0.0,-1.0,0.0,0.0,-1.0,-2.0,4.0,2.0,0.09375
0.0,-1.0,1.0,0.0,-1.0,0.0,4.0,2.0,0.09375
-1.0,-1.0,-1.0,0.0,-1.0,-2.0,4.0,0.0,0.09375
-1.0,-1.0,-1.0,1.0,-1.0,0.0,4.0,0.0,0.09375
-1.0,-1.0,-1.0,0.0,-1.0,0.0,2.0,0.0,0.09375
-1.0,-1.0,-1.0,0.0,-1.0,0.0,3.0,2.0,0.09375
-1.0,-1.0,-1.0,0.0,-1.0,0.0,0.0,-2.0,0.09375
-1.0,-1.0,-1.0,0.0,0.0,0.0,2.0,-2.0,0.09375
-1.0,-2.0,-1.0,0.0,-2.0,0.0,0.0,-4.0,0.09375
-1.0,-2.0,-1.0,0.0,-1.0,0.0,2.0,-4.0,0.09375
-1.0,-3.0,-1.0,-2.0,-1.0,0.0,0.0,-4.0,0.09375
-1.0,-2.0,-1.0,0.0,-1.0,0.0,2.0,-2.0,0.09375
0.0,0.0,0.0,0.0,0.0,0.0,1.0,2.0,0.4375
0.0,0.0,0.0,0.0,0.0,-1.0,1.0,0.0,0.4375
0.0,0.0,0.0,1.0,0.0,1.0,1.0,0.0,0.4375
0.0,0.0,0.0,1.0,0.0,1.0,0.0,-2.0,0.4375
0.0,0.0,0.0,1.0,0.0,2.0,2.0,0.0,0.4375
0.0,0.0,-1.0,1.0,0.0,0.0,2.0,0.0,0.4375
0.0,0.0,-1.0,1.0,0.0,0.0,3.0,2.0,0.4375
0.0,-1.0,-1.0,-1.0,0.0,0.0,3.0,2.0,0.4375
1.0,-1.0,1.0,-1.0,0.0,2.0,3.0,4.0,0.4375
1.0,-2.0,-1.0,-1.0,0.0,2.0,3.0,4.0,0.4375
1.0,-2.0,-1.0,-1.0,0.0,-1.0,3.0,0.0,0.4375
1.0,-2.0,2.0,-1.0,0.0,3.0,3.0,4.0,0.4375
1.0,-2.0,2.0,-2.0,0.0,-1.0,-1.0,4.0,0.4375
1.0,-2.0,2.0,0.0,1.0,-1.0,-1.0,4.0,0.4375
0.0,-2.0,0.0,0.0,1.0,-3.0,-1.0,0.0,0.4375
0.0,-1.0,0.0,2.0,1.0,1.0,3.0,0.0,0.4375
0.0,-1.0,0.0,2.0,0.0,1.0,1.0,0.0,0.4375
0.0,-1.0,0.0,3.0,0.0,3.0,1.0,0.0,0.4375
0.0,-2.0,0.0,3.0,-2.0,1.0,1.0,0.0,0.4375
0.0,0.0,0.0,0.0,0.0,0.0,1.0,2.0,0.28125
0.0,0.0,0.0,0.0,0.0,-1.0,1.0,0.0,0.28125
0.0,0.0,0.0,1.0,0.0,1.0,1.0,0.0,0.28125
0.0,0.0,0.0,1.0,0.0,1.0,0.0,-2.0,0.28125
0.0,0.0,0.0,1.0,0.0,2.0,2.0,0.0,0.28125
0.0,0.0,-1.0,1.0,0.0,0.0,2.0,0.0,0.28125
0.0,0.0,-1.0,1.0,0.0,0.0,3.0,2.0,0.28125
0.0,-1.0,-1.0,-1.0,0.0,0.0,3.0,2.0,0.28125
1.0,-1.0,1.0,-1.0,0.0,2.0,3.0,4.0,0.28125
1.0,-2.0,-1.0,-1.0,0.0,2.0,3.0,4.0,0.28125
1.0,-2.0,-1.0,-1.0,0.0,-1.0,3.0,0.0,0.28125
1.0,-2.0,2.0,-1.0,0.0,3.0,3.0,4.0,0.28125
1.0,-2.0,2.0,-2.0,0.0,-1.0,-1.0,4.0,0.28125
1.0,-2.0,2.0,0.0,1.0,-1.0,-1.0,4.0,0.28125
0.0,-2.0,0.0,0.0,1.0,-3.0,-1.0,0.0,0.28125
0.0,-1.0,0.0,2.0,1.0,1.0,3.0,0.0,0.28125
0.0,-1.0,0.0,2.0,0.0,1.0,1.0,0.0,0.28125
0.0,-1.0,0.0,2.0,0.0,1.0,2.0,2.0,0.28125
0.0,-2.0,0.0,2.0,-2.0,-1.0,2.0,2.0,0.28125
0.0,0.0,0.0,0.0,0.0,0.0,1.0,2.0,-0.5625
0.0,0.0,0.0,0.0,0.0,-1.0,1.0,0.0,-0.5625
0.0,0.0,0.0,1.0,0.0,1.0,1.0,0.0,-0.5625
0.0,0.0,0.0,1.0,0.0,1.0,0.0,-2.0,-0.5625
0.0,0.0,0.0,1.0,0.0,2.0,0.0,2.0,-0.5625
0.0,-1.0,0.0,-1.0,0.0,0.0,-2.0,2.0,-0.5625
0.0,-1.0,0.0,-1.0,0.0,1.0,-2.0,4.0,-0.5625
0.0,-1.0,0.0,-1.0,0.0,1.0,-3.0,0.0,-0.5625
0.0,-1.0,0.0,-1.0,0.0,2.0,-3.0,2.0,-0.5625
0.0,-1.0,0.0,-2.0,0.0,0.0,-3.0,2.0,-0.5625
0.0,-1.0,0.0,-2.0,1.0,0.0,-1.0,2.0,-0.5625
0.0,-1.0,0.0,-2.0,1.0,0.0,-2.0,0.0,-0.5625
0.0,-1.0,0.0,-1.0,1.0,0.0,0.0,0.0,-0.5625
0.0,-2.0,0.0,-3.0,1.0,0.0,0.0,0.0,-0.5625
0.0,-2.0,0.0,-3.0,1.0,0.0,3.0,0.0,-0.5625
0.0,-3.0,0.0,-3.0,-1.0,0.0,1.0,0.0,-0.5625
0.0,-3.0,0.0,-3.0,-1.0,0.0,4.0,4.0,-0.5625
0.0,-3.0,0.0,-3.0,-1.0,0.0,1.0,2.0,-0.5625
0.0,-2.0,0.0,-3.0,1.0,0.0,1.0,2.0,-0.5625
0.0,0.0,0.0,0.0,0.0,0.0,1.0,2.0,-0.21875
0.0,0.0,0.0,0.0,0.0,-1.0,1.0,0.0,-0.21875
0.0,0.0,0.0,1.0,0.0,1.0,1.0,0.0,-0.21875
0.0,0.0,0.0,1.0,0.0,1.0,0.0,-2.0,-0.21875
0.0,0.0,0.0,1.0,0.0,2.0,2.0,0.0,-0.21875
0.0,0.0,-1.0,1.0,0.0,0.0,2.0,0.0,-0.21875
0.0,1.0,1.0,1.0,0.0,0.0,2.0,0.0,-0.21875
-1.0,1.0,-1.0,1.0,0.0,0.0,2.0,0.0,-0.21875
-1.0,1.0,-1.0,1.0,0.0,0.0,3.0,2.0,-0.21875
-1.0,-2.0,-1.0,1.0,0.0,0.0,3.0,2.0,-0.21875
-1.0,-2.0,-1.0,1.0,0.0,1.0,3.0,4.0,-0.21875
-1.0,-3.0,-1.0,-1.0,0.0,1.0,3.0,4.0,-0.21875
-1.0,-3.0,-1.0,-2.0,0.0,-1.0,-1.0,4.0,-0.21875
-1.0,-3.0,-1.0,-1.0,0.0,-1.0,1.0,4.0,-0.21875
-1.0,-4.0,-1.0,-3.0,0.0,-1.0,1.0,4.0,-0.21875
-1.0,-3.0,-1.0,-1.0,0.0,1.0,1.0,4.0,-0.21875
-1.0,-3.0,-1.0,-1.0,0.0,-1.0,0.0,4.0,-0.21875
-1.0,-3.0,-1.0,-1.0,1.0,-1.0,2.0,4.0,-0.21875
-1.0,-3.0,-1.0,-2.0,1.0,-1.0,-2.0,2.0,-0.21875
0.0,0.0,0.0,0.0,0.0,0.0,1.0,2.0,-0.125
0.0,0.0,0.0,0.0,0.0,-1.0,1.0,0.0,-0.125
0.0,0.0,0.0,1.0,0.0,1.0,1.0,0.0,-0.125
0.0,0.0,0.0,1.0,0.0,1.0,0.0,-2.0,-0.125
0.0,0.0,0.0,1.0,0.0,2.0,2.0,0.0,-0.125
0.0,0.0,-1.0,1.0,0.0,0.0,2.0,0.0,-0.125
0.0,0.0,-1.0,1.0,0.0,0.0,3.0,2.0,-0.125
0.0,-1.0,-1.0,-1.0,0.0,0.0,3.0,2.0,-0.125
1.0,-1.0,1.0,-1.0,0.0,2.0,3.0,2.0,-0.125
1.0,-1.0,1.0,-1.0,0.0,2.0,0.0,0.0,-0.125
1.0,-1.0,1.0,-1.0,0.0,2.0,1.0,2.0,-0.125
1.0,-1.0,1.0,-1.0,0.0,2.0,0.0,0.0,-0.125
1.0,-1.0,1.0,-1.0,0.0,3.0,4.0,2.0,-0.125
1.0,-1.0,1.0,-1.0,-1.0,3.0,2.0,0.0,-0.125
1.0,0.0,1.0,1.0,-1.0,3.0,2.0,0.0,-0.125
1.0,0.0,1.0,0.0,-1.0,1.0,-2.0,-2.0,-0.125
1.0,1.0,1.0,0.0,1.0,1.0,-2.0,-2.0,-0.125
1.0,1.0,1.0,0.0,0.0,1.0,-4.0,-2.0,-0.125
1.0,4.0,1.0,0.0,0.0,1.0,-4.0,-2.0,-0.125
0.0,0.0,0.0,0.0,0.0,0.0,1.0,2.0,0.15625
0.0,0.0,0.0,0.0,0.0,-1.0,1.0,0.0,0.15625
0.0,0.0,0.0,0.0,0.0,-1.0,2.0,2.0,0.15625
0.0,0.0,0.0,0.0,0.0,-1.0,-1.0,2.0,0.15625
0.0,0.0,0.0,0.0,0.0,-1.0,0.0,4.0,0.15625
0.0,0.0,0.0,0.0,0.0,-1.0,-3.0,2.0,0.15625
0.0,0.0,0.0,0.0,1.0,-1.0,-1.0,2.0,0.15625
0.0,-1.0,0.0,0.0,-1.0,-1.0,-1.0,2.0,0.15625
0.0,-1.0,1.0,0.0,-1.0,1.0,-1.0,4.0,0.15625
0.0,-1.0,1.0,0.0,-1.0,1.0,-4.0,-2.0,0.15625
0.0,-1.0,1.0,0.0,0.0,1.0,-2.0,2.0,0.15625
0.0,-2.0,1.0,0.0,-2.0,1.0,-2.0,2.0,0.15625
0.0,-2.0,1.0,0.0,-2.0,2.0,2.0,4.0,0.15625
0.0,-2.0,1.0,0.0,-3.0,2.0,-2.0,0.0,0.15625
0.0,-2.0,1.0,0.0,-3.0,3.0,-2.0,2.0,0.15625
0.0,-2.0,1.0,-1.0,-3.0,1.0,-2.0,2.0,0.15625
0.0,-1.0,1.0,-1.0,-1.0,1.0,0.0,2.0,0.15625
-1.0,-1.0,-1.0,-1.0,-1.0,-1.0,0.0,-2.0,0.15625
-1.0,0.0,-1.0,1.0,-1.0,1.0,0.0,-2.0,0.15625
0.0,0.0,0.0,0.0,0.0,0.0,1.0,2.0,0.53125
0.0,0.0,0.0,0.0,0.0,-1.0,1.0,0.0,0.53125
0.0,0.0,0.0,1.0,0.0,1.0,1.0,0.0,0.53125
0.0,0.0,0.0,1.0,0.0,1.0,0.0,-2.0,0.53125
0.0,0.0,0.0,1.0,0.0,2.0,2.0,0.0,0.53125
0.0,0.0,-1.0,1.0,0.0,0.0,2.0,0.0,0.53125
0.0,0.0,-1.0,1.0,0.0,0.0,3.0,2.0,0.53125
0.0,-1.0,-1.0,-1.0,0.0,0.0,3.0,2.0,0.53125
1.0,-1.0,1.0,-1.0,0.0,2.0,3.0,4.0,0.53125
1.0,-1.0,1.0,-2.0,0.0,-2.0,-1.0,4.0,0.53125
1.0,-1.0,1.0,0.0,1.0,-2.0,-1.0,4.0,0.53125
1.0,-2.0,-1.0,0.0,1.0,-2.0,-1.0,4.0,0.53125
1.0,-1.0,1.0,0.0,1.0,-2.0,-1.0,4.0,0.53125
1.0,-1.0,1.0,0.0,-1.0,-2.0,-2.0,2.0,0.53125
1.0,0.0,1.0,2.0,-1.0,2.0,2.0,2.0,0.53125
1.0,0.0,1.0,1.0,-1.0,2.0,0.0,2.0,0.53125
1.0,3.0,1.0,1.0,-1.0,2.0,0.0,2.0,0.53125
1.0,3.0,1.0,1.0,-2.0,2.0,-2.0,-2.0,0.53125
1.0,3.0,1.0,1.0,-2.0,2.0,-1.0,2.0,0.53125
0.0,0.0,0.0,0.0,0.0,0.0,1.0,2.0,-0.1875
0.0,0.0,0.0,0.0,0.0,-1.0,1.0,0.0,-0.1875
0.0,0.0,0.0,1.0,0.0,1.0,1.0,0.0,-0.1875
0.0,0.0,0.0,1.0,0.0,1.0,0.0,-2.0,-0.1875
0.0,0.0,0.0,1.0,0.0,1.0,1.0,2.0,-0.1875
0.0,-1.0,0.0,-1.0,0.0,-1.0,-1.0,2.0,-0.1875
0.0,-1.0,0.0,-1.0,1.0,-1.0,1.0,4.0,-0.1875
0.0,-2.0,0.0,-1.0,-1.0,-1.0,1.0,4.0,-0.1875
0.0,-2.0,0.0,-1.0,0.0,-1.0,3.0,4.0,-0.1875
0.0,-2.0,0.0,-1.0,0.0,-1.0,0.0,0.0,-0.1875
0.0,-2.0,0.0,-1.0,0.0,0.0,0.0,2.0,-0.1875
0.0,-3.0,0.0,-1.0,-2.0,0.0,0.0,2.0,-0.1875
0.0,-3.0,0.0,-1.0,-2.0,0.0,3.0,2.0,-0.1875
0.0,-3.0,0.0,-1.0,-3.0,0.0,1.0,0.0,-0.1875
0.0,-3.0,0.0,-1.0,-3.0,0.0,2.0,4.0,-0.1875
0.0,-3.0,0.0,-2.0,-3.0,0.0,0.0,2.0,-0.1875
0.0,-2.0,0.0,-2.0,-1.0,0.0,2.0,2.0,-0.1875
0.0,-5.0,0.0,-2.0,-3.0,0.0,2.0,2.0,-0.1875
0.0,-4.0,0.0,0.0,-3.0,0.0,4.0,4.0,-0.1875
0.0,0.0,0.0,0.0,0.0,0.0,1.0,2.0,0.4375
0.0,0.0,0.0,0.0,0.0,-1.0,1.0,0.0,0.4375
0.0,0.0,0.0,1.0,0.0,1.0,1.0,0.0,0.4375
0.0,0.0,0.0,1.0,0.0,1.0,0.0,-2.0,0.4375
0.0,0.0,0.0,1.0,0.0,2.0,2.0,0.0,0.4375
0.0,0.0,-1.0,1.0,0.0,0.0,2.0,0.0,0.4375
0.0,0.0,-1.0,1.0,0.0,0.0,3.0,2.0,0.4375
0.0,-1.0,-1.0,-1.0,0.0,0.0,3.0,2.0,0.4375
1.0,-1.0,1.0,-1.0,0.0,2.0,3.0,4.0,0.4375
1.0,-2.0,-1.0,-1.0,0.0,2.0,3.0,4.0,0.4375
1.0,-2.0,-1.0,-1.0,0.0,-1.0,3.0,0.0,0.4375
1.0,-2.0,2.0,-1.0,0.0,3.0,3.0,4.0,0.4375
1.0,-2.0,2.0,-2.0,0.0,-1.0,-1.0,4.0,0.4375
1.0,-2.0,2.0,0.0,1.0,-1.0,-1.0,4.0,0.4375
0.0,-2.0,0.0,0.0,1.0,-3.0,-1.0,0.0,0.4375
0.0,-1.0,0.0,2.0,1.0,1.0,3.0,0.0,0.4375
0.0,-1.0,0.0,2.0,0.0,1.0,1.0,0.0,0.4375
0.0,-1.0,0.0,3.0,0.0,3.0,1.0,0.0,0.4375
0.0,-2.0,0.0,3.0,-2.0,1.0,1.0,0.0,0.4375
0.0,0.0,0.0,0.0,0.0,0.0,1.0,2.0,0.5625
0.0,0.0,0.0,0.0,0.0,-1.0,1.0,0.0,0.5625
0.0,0.0,0.0,1.0,0.0,1.0,1.0,0.0,0.5625
0.0,0.0,0.0,1.0,0.0,1.0,0.0,-2.0,0.5625
0.0,0.0,0.0,1.0,0.0,2.0,2.0,0.0,0.5625
0.0,0.0,-1.0,1.0,0.0,0.0,2.0,0.0,0.5625
0.0,0.0,-1.0,1.0,0.0,0.0,3.0,2.0,0.5625
0.0,0.0,-1.0,1.0,0.0,0.0,2.0,0.0,0.5625
1.0,0.0,1.0,1.0,0.0,2.0,2.0,2.0,0.5625
1.0,0.0,1.0,1.0,0.0,2.0,1.0,0.0,0.5625
1.0,0.0,1.0,1.0,1.0,2.0,3.0,0.0,0.5625
1.0,0.0,1.0,1.0,0.0,2.0,1.0,-2.0,0.5625
1.0,1.0,1.0,1.0,2.0,2.0,1.0,-2.0,0.5625
1.0,0.0,1.0,1.0,0.0,2.0,-1.0,-2.0,0.5625
1.0,0.0,1.0,1.0,0.0,2.0,2.0,2.0,0.5625
1.0,0.0,1.0,1.0,0.0,1.0,-2.0,2.0,0.5625
1.0,1.0,1.0,1.0,2.0,1.0,-2.0,2.0,0.5625
1.0,-2.0,1.0,1.0,2.0,1.0,-2.0,2.0,0.5625
1.0,-2.0,1.0,1.0,3.0,1.0,4.0,4.0,0.5625
0.0,0.0,0.0,0.0,0.0,0.0,1.0,2.0,0.625
0.0,0.0,0.0,0.0,0.0,-1.0,1.0,0.0,0.625
0.0,0.0,0.0,1.0,0.0,1.0,1.0,0.0,0.625
0.0,0.0,0.0,1.0,0.0,1.0,0.0,-2.0,0.625
0.0,0.0,0.0,1.0,0.0,2.0,2.0,0.0,0.625
0.0,0.0,-1.0,1.0,0.0,0.0,2.0,0.0,0.625
0.0,0.0,-1.0,1.0,0.0,0.0,3.0,2.0,0.625
0.0,-1.0,-1.0,-1.0,0.0,0.0,3.0,2.0,0.625
1.0,-1.0,1.0,-1.0,0.0,2.0,3.0,4.0,0.625
1.0,-2.0,-1.0,-1.0,0.0,2.0,3.0,4.0,0.625
1.0,-2.0,-1.0,-1.0,0.0,-1.0,3.0,0.0,0.625
1.0,-2.0,2.0,-1.0,0.0,3.0,3.0,4.0,0.625
1.0,-2.0,2.0,-2.0,0.0,-1.0,-1.0,4.0,0.625
1.0,-2.0,2.0,0.0,1.0,-1.0,-1.0,4.0,0.625
0.0,-2.0,0.0,0.0,1.0,-3.0,-1.0,0.0,0.625
0.0,-1.0,0.0,2.0,1.0,1.0,3.0,0.0,0.625
0.0,-1.0,0.0,2.0,0.0,1.0,1.0,0.0,0.625
0.0,-1.0,0.0,3.0,0.0,3.0,1.0,0.0,0.625
0.0,-2.0,0.0,3.0,-2.0,1.0,1.0,0.0,0.625
0.0,0.0,0.0,0.0,0.0,0.0,1.0,2.0,0.5
0.0,0.0,0.0,0.0,0.0,-1.0,1.0,0.0,0.5
0.0,0.0,0.0,1.0,0.0,1.0,1.0,0.0,0.5
0.0,0.0,0.0,1.0,0.0,1.0,0.0,-2.0,0.5
0.0,0.0,0.0,1.0,0.0,2.0,2.0,0.0,0.5
0.0,0.0,-1.0,1.0,0.0,0.0,2.0,0.0,0.5
0.0,0.0,-1.0,1.0,0.0,0.0,3.0,2.0,0.5
0.0,0.0,-1.0,-1.0,-1.0,0.0,3.0,2.0,0.5
0.0,1.0,-1.0,1.0,-1.0,2.0,3.0,2.0,0.5
0.0,1.0,-1.0,1.0,-2.0,0.0,1.0,2.0,0.5
1.0,1.0,1.0,1.0,-2.0,2.0,1.0,4.0,0.5
1.0,1.0,1.0,1.0,-2.0,2.0,0.0,0.0,0.5
1.0,2.0,1.0,1.0,0.0,2.0,0.0,0.0,0.5
1.0,2.0,1.0,0.0,0.0,2.0,-2.0,0.0,0.5
1.0,3.0,1.0,2.0,0.0,2.0,-2.0,0.0,0.5
1.0,3.0,1.0,2.0,0.0,1.0,-4.0,-2.0,0.5
1.0,3.0,1.0,2.0,0.0,1.0,-1.0,0.0,0.5
1.0,3.0,1.0,2.0,-1.0,1.0,-3.0,-2.0,0.5
1.0,3.0,1.0,2.0,-1.0,1.0,-2.0,2.0,0.5
0.0,0.0,0.0,0.0,0.0,0.0,1.0,2.0,-0.09375
0.0,0.0,0.0,0.0,0.0,-1.0,1.0,0.0,-0.09375
0.0,0.0,0.0,1.0,0.0,1.0,1.0,0.0,-0.09375
0.0,0.0,0.0,1.0,0.0,1.0,0.0,-2.0,-0.09375
0.0,0.0,0.0,1.0,0.0,2.0,2.0,0.0,-0.09375
0.0,0.0,0.0,1.0,0.0,2.0,1.0,-2.0,-0.09375
0.0,0.0,0.0,1.0,0.0,2.0,2.0,0.0,-0.09375
0.0,0.0,0.0,0.0,0.0,2.0,0.0,0.0,-0.09375
0.0,0.0,0.0,0.0,1.0,2.0,2.0,2.0,-0.09375
0.0,0.0,0.0,0.0,0.0,2.0,0.0,2.0,-0.09375
0.0,1.0,0.0,2.0,0.0,2.0,2.0,4.0,-0.09375
0.0,0.0,0.0,0.0,0.0,0.0,2.0,4.0,-0.09375
0.0,1.0,0.0,0.0,2.0,0.0,4.0,4.0,-0.09375
0.0,1.0,0.0,0.0,2.0,-1.0,4.0,0.0,-0.09375
0.0,1.0,0.0,0.0,2.0,-1.0,5.0,2.0,-0.09375
0.0,0.0,0.0,0.0,0.0,-1.0,5.0,2.0,-0.09375
0.0,3.0,0.0,0.0,0.0,-1.0,5.0,2.0,-0.09375
0.0,3.0,0.0,0.0,0.0,-1.0,2.0,0.0,-0.09375
0.0,4.0,0.0,0.0,2.0,-1.0,2.0,0.0,-0.09375
0.0,0.0,0.0,0.0,0.0,0.0,1.0,2.0,-0.0625
0.0,0.0,0.0,0.0,0.0,-1.0,1.0,0.0,-0.0625
0.0,0.0,0.0,1.0,0.0,1.0,1.0,0.0,-0.0625
0.0,0.0,0.0,1.0,0.0,1.0,0.0,-2.0,-0.0625
0.0,0.0,0.0,1.0,0.0,2.0,2.0,0.0,-0.0625
0.0,0.0,-1.0,1.0,0.0,0.0,2.0,0.0,-0.0625
0.0,0.0,-1.0,1.0,0.0,0.0,3.0,2.0,-0.0625
0.0,-1.0,-1.0,-1.0,0.0,0.0,3.0,2.0,-0.0625
0.0,-1.0,-1.0,-1.0,0.0,0.0,4.0,4.0,-0.0625
0.0,-1.0,-1.0,-1.0,0.0,0.0,1.0,2.0,-0.0625
1.0,-1.0,1.0,-1.0,0.0,2.0,1.0,2.0,-0.0625
1.0,-1.0,1.0,-1.0,-1.0,2.0,-1.0,2.0,-0.0625
1.0,-1.0,1.0,-1.0,-1.0,2.0,2.0,4.0,-0.0625
1.0,-1.0,1.0,-1.0,-2.0,0.0,0.0,0.0,-0.0625
1.0,0.0,1.0,1.0,-2.0,0.0,0.0,0.0,-0.0625
1.0,0.0,1.0,1.0,-2.0,-1.0,0.0,-2.0,-0.0625
1.0,3.0,1.0,1.0,-2.0,-1.0,0.0,-2.0,-0.0625
1.0,3.0,1.0,0.0,-2.0,-1.0,-2.0,-4.0,-0.0625
1.0,3.0,1.0,0.0,-2.0,0.0,-2.0,0.0,-0.0625
0.0,0.0,0.0,0.0,0.0,0.0,1.0,2.0,-0.90625
0.0,0.0,0.0,0.0,0.0,-1.0,1.0,0.0,-0.90625
0.0,0.0,0.0,1.0,0.0,1.0,1.0,0.0,-0.90625
0.0,0.0,0.0,1.0,0.0,1.0,0.0,-2.0,-0.90625
0.0,0.0,0.0,1.0,0.0,2.0,2.0,0.0,-0.90625
0.0,0.0,-1.0,1.0,0.0,0.0,2.0,0.0,-0.90625
0.0,0.0,-1.0,1.0,0.0,0.0,3.0,2.0,-0.90625
0.0,-1.0,-1.0,-1.0,0.0,0.0,3.0,2.0,-0.90625
1.0,-1.0,1.0,-1.0,0.0,2.0,3.0,4.0,-0.90625
1.0,-2.0,-1.0,-1.0,0.0,2.0,3.0,4.0,-0.90625
1.0,-2.0,-1.0,-1.0,0.0,-1.0,3.0,0.0,-0.90625
1.0,-2.0,2.0,-1.0,0.0,3.0,3.0,4.0,-0.90625
1.0,-2.0,2.0,-2.0,0.0,-1.0,-1.0,4.0,-0.90625
1.0,-2.0,2.0,0.0,1.0,-1.0,-1.0,4.0,-0.90625
1.0,-2.0,2.0,0.0,1.0,-1.0,-2.0,0.0,-0.90625
1.0,-1.0,2.0,2.0,1.0,3.0,2.0,0.0,-0.90625
0.0,-1.0,0.0,2.0,1.0,1.0,2.0,0.0,-0.90625
0.0,-1.0,0.0,3.0,1.0,3.0,4.0,0.0,-0.90625
0.0,-1.0,0.0,2.0,1.0,3.0,2.0,0.0,-0.90625
0.0,0.0,0.0,0.0,0.0,0.0,1.0,2.0,0.46875
0.0,0.0,0.0,0.0,0.0,-1.0,1.0,0.0,0.46875
0.0,0.0,0.0,1.0,0.0,1.0,1.0,0.0,0.46875
0.0,0.0,0.0,1.0,0.0,1.0,0.0,-2.0,0.46875
0.0,0.0,0.0,1.0,0.0,2.0,2.0,0.0,0.46875
0.0,0.0,-1.0,1.0,0.0,0.0,2.0,0.0,0.46875
0.0,0.0,-1.0,1.0,0.0,0.0,3.0,2.0,0.46875
0.0,-1.0,-1.0,-1.0,0.0,0.0,3.0,2.0,0.46875
1.0,-1.0,1.0,-1.0,0.0,2.0,3.0,4.0,0.46875
1.0,-2.0,-1.0,-1.0,0.0,2.0,3.0,4.0,0.46875
1.0,-2.0,-1.0,-1.0,0.0,-1.0,3.0,0.0,0.46875
1.0,-2.0,2.0,-1.0,0.0,3.0,3.0,4.0,0.46875
1.0,-2.0,2.0,-2.0,0.0,-1.0,-1.0,4.0,0.46875
1.0,-2.0,2.0,0.0,1.0,-1.0,-1.0,4.0,0.46875
0.0,-2.0,0.0,0.0,1.0,-3.0,-1.0,0.0,0.46875
0.0,-1.0,0.0,2.0,1.0,1.0,3.0,0.0,0.46875
0.0,-1.0,0.0,2.0,0.0,1.0,1.0,0.0,0.46875
0.0,-1.0,0.0,3.0,0.0,3.0,1.0,0.0,0.46875
0.0,-2.0,0.0,3.0,-2.0,1.0,1.0,0.0,0.46875
0.0,0.0,0.0,0.0,0.0,0.0,1.0,2.0,-0.40625
0.0,0.0,0.0,0.0,0.0,0.0,0.0,0.0,-0.40625
0.0,0.0,0.0,0.0,0.0,1.0,2.0,2.0,-0.40625
0.0,0.0,0.0,0.0,0.0,0.0,2.0,0.0,-0.40625
0.0,0.0,0.0,0.0,0.0,0.0,3.0,2.0,-0.40625
0.0,0.0,0.0,-1.0,0.0,-2.0,-1.0,2.0,-0.40625
0.0,0.0,1.0,-1.0,0.0,0.0,-1.0,4.0,-0.40625
0.0,0.0,1.0,-1.0,0.0,0.0,-2.0,0.0,-0.40625
0.0,1.0,1.0,1.0,0.0,2.0,2.0,0.0,-0.40625
0.0,1.0,1.0,1.0,0.0,1.0,0.0,-2.0,-0.40625
0.0,1.0,2.0,1.0,0.0,3.0,0.0,2.0,-0.40625
0.0,1.0,2.0,1.0,-1.0,3.0,-2.0,-2.0,-0.40625
0.0,1.0,2.0,1.0,-1.0,3.0,-1.0,0.0,-0.40625
-1.0,1.0,0.0,1.0,-1.0,1.0,-1.0,-2.0,-0.40625
-1.0,2.0,0.0,1.0,1.0,1.0,1.0,-2.0,-0.40625
-2.0,2.0,-2.0,1.0,1.0,-1.0,1.0,-2.0,-0.40625
-2.0,2.0,-2.0,1.0,2.0,-1.0,5.0,2.0,-0.40625
-2.0,2.0,-2.0,1.0,2.0,-2.0,1.0,2.0,-0.40625
-2.0,2.0,-2.0,2.0,2.0,0.0,3.0,2.0,-0.40625
0.0,0.0,0.0,0.0,0.0,0.0,1.0,2.0,-0.40625
0.0,0.0,0.0,0.0,0.0,-1.0,1.0,0.0,-0.40625
0.0,0.0,0.0,0.0,0.0,-1.0,2.0,2.0,-0.40625
0.0,0.0,0.0,0.0,0.0,-1.0,-1.0,2.0,-0.40625
0.0,0.0,0.0,0.0,1.0,-1.0,1.0,2.0,-0.40625
0.0,-1.0,0.0,0.0,-1.0,-1.0,1.0,2.0,-0.40625
0.0,-1.0,0.0,0.0,-1.0,-1.0,2.0,4.0,-0.40625
0.0,-1.0,0.0,0.0,-1.0,-1.0,-1.0,4.0,-0.40625
0.0,-1.0,0.0,1.0,-1.0,-1.0,1.0,4.0,-0.40625
0.0,-2.0,0.0,-1.0,-1.0,-1.0,1.0,4.0,-0.40625
0.0,-2.0,0.0,0.0,-1.0,1.0,3.0,4.0,-0.40625
0.0,-2.0,0.0,0.0,-1.0,1.0,0.0,0.0,-0.40625
0.0,-2.0,0.0,0.0,-1.0,2.0,2.0,0.0,-0.40625
0.0,-3.0,0.0,-2.0,-1.0,2.0,0.0,-2.0,-0.40625
0.0,-3.0,0.0,-2.0,0.0,2.0,2.0,-2.0,-0.40625
0.0,-3.0,0.0,-3.0,0.0,2.0,0.0,-2.0,-0.40625
0.0,-3.0,0.0,-3.0,0.0,3.0,0.0,0.0,-0.40625
0.0,-4.0,0.0,-3.0,-2.0,3.0,0.0,0.0,-0.40625
0.0,-3.0,0.0,-3.0,0.0,3.0,0.0,0.0,-0.40625
0.0,0.0,0.0,0.0,0.0,0.0,1.0,2.0,0.03125
0.0,0.0,0.0,0.0,0.0,-1.0,1.0,0.0,0.03125
0.0,0.0,0.0,1.0,0.0,1.0,1.0,0.0,0.03125
0.0,0.0,0.0,1.0,0.0,1.0,0.0,-2.0,0.03125
0.0,0.0,0.0,1.0,0.0,2.0,2.0,0.0,0.03125
0.0,0.0,-1.0,1.0,0.0,0.0,2.0,0.0,0.03125
0.0,0.0,-1.0,1.0,0.0,0.0,3.0,2.0,0.03125
0.0,-1.0,-1.0,-1.0,0.0,0.0,3.0,2.0,0.03125
1.0,-1.0,1.0,-1.0,0.0,2.0,3.0,4.0,0.03125
1.0,-2.0,-1.0,-1.0,0.0,2.0,3.0,4.0,0.03125
1.0,-2.0,-1.0,-1.0,0.0,-1.0,3.0,0.0,0.03125
1.0,-2.0,2.0,-1.0,0.0,3.0,3.0,4.0,0.03125
1.0,-2.0,2.0,-2.0,0.0,-1.0,-1.0,4.0,0.03125
1.0,-2.0,2.0,0.0,1.0,-1.0,-1.0,4.0,0.03125
0.0,-2.0,0.0,0.0,1.0,-3.0,-1.0,0.0,0.03125
0.0,-1.0,0.0,2.0,1.0,1.0,3.0,0.0,0.03125
0.0,-1.0,0.0,2.0,0.0,1.0,1.0,0.0,0.03125
0.0,-1.0,0.0,3.0,0.0,3.0,1.0,0.0,0.03125
0.0,-1.0,0.0,3.0,-1.0,3.0,-1.0,0.0,0.03125
